# Blender 4.0.0
# www.blender.org
mtllib Peachette.mtl
o Body__m_Body
v 0.313042 12.049459 1.095123
v 0.000000 12.357579 1.225536
v 1.197696 11.517870 1.207215
v 0.000000 12.357579 1.225536
v -0.313042 12.049459 1.095123
v -1.197696 11.517870 1.207215
v -3.354782 12.655429 -0.570631
v -2.992292 12.518689 -0.628656
v -3.354782 12.663889 -0.588635
v -3.354782 12.675309 0.101636
v -3.354782 12.665009 0.181725
v -3.212902 12.450599 0.027813
v -3.354782 12.663889 -0.588635
v -2.988487 12.808719 -0.629916
v -3.354782 12.655429 -0.570631
v 3.354782 12.663890 -0.588635
v 2.992292 12.518690 -0.628656
v 3.354782 12.655430 -0.570631
v 3.354782 12.675310 0.101636
v 3.212902 12.450600 0.027813
v 3.354782 12.665009 0.181725
v 3.354782 12.655430 -0.570631
v 2.988487 12.808720 -0.629916
v 3.354782 12.663890 -0.588635
v 0.000000 17.050310 -2.103715
v 0.000000 17.562569 -1.316888
v 0.000000 17.606730 -0.252444
v 0.000000 17.606730 -0.252444
v 0.000000 17.562569 -1.316888
v 0.000000 17.050310 -2.103715
v 0.789000 0.000002 -0.060782
v 0.789000 0.489868 -0.060782
v 0.123634 0.000002 -0.060782
v 0.123634 0.489868 -0.060782
v -0.789000 0.000002 -0.060782
v -0.123634 0.000002 -0.060782
v -0.788999 0.489868 -0.060782
v -0.123634 0.489868 -0.060782
v -2.992292 12.518689 -0.628656
v -3.354782 12.655429 -0.570631
v -3.251127 12.449169 -0.452463
v -2.825251 12.283298 -0.504303
v -3.322435 12.343859 -0.207044
v -2.752056 12.134628 -0.196200
v -2.833540 12.280239 0.115306
v -3.212902 12.450599 0.027813
v -2.984314 12.517869 0.226436
v -3.354782 12.665009 0.181725
v -3.354782 12.675309 0.101636
v -2.988846 12.798139 0.228020
v -3.218826 12.892789 0.007298
v -2.833199 13.026579 0.116513
v -3.322435 12.983239 -0.207044
v -2.748898 13.175669 -0.206660
v -2.824837 13.068139 -0.503851
v -3.250092 12.877949 -0.460331
v -2.988487 12.808719 -0.629916
v -3.354782 12.655429 -0.570631
v -1.045859 14.011530 0.614050
v -0.951738 13.736320 0.766079
v -1.115586 13.987820 0.382657
v -1.161255 14.413460 0.453508
v -1.276433 14.319940 0.215686
v -1.185701 14.539330 0.710092
v -1.085508 14.185309 0.727054
v -1.085916 14.272389 0.854242
v -0.989355 14.061490 0.985092
v -1.315253 14.580689 0.757962
v -1.223241 14.687170 0.675364
v -1.146347 14.228399 0.895306
v -1.179983 14.158589 0.852565
v -1.400305 15.046439 0.680585
v -1.287942 15.054319 0.595841
v -1.393367 15.459789 0.619890
v -1.369066 14.402510 0.714810
v -1.125471 14.131010 0.749134
v -1.085508 14.185309 0.727054
v -1.480747 15.451349 0.732371
v -1.178111 15.786180 0.979638
v -1.346503 14.347001 0.560500
v -1.161255 14.413460 0.453508
v -1.045859 14.011530 0.614050
v -1.645988 15.288520 0.445386
v -1.146958 13.917270 0.633283
v -0.951738 13.736320 0.766079
v -1.405171 14.297859 0.443202
v -1.185740 13.953059 0.440085
v -1.115586 13.987820 0.382657
v -1.382011 14.296789 0.275090
v -1.276433 14.319940 0.215686
v -1.562421 15.141270 0.102347
v -1.655149 15.161530 0.140820
v -1.510045 15.185659 -0.038776
v -1.688634 15.239779 -0.303408
v -1.952282 15.175380 -0.246944
v -1.832389 15.195709 0.177630
v -2.119804 15.572880 -0.104922
v -2.021864 15.345030 -0.415604
v -1.981325 15.582490 0.413849
v -1.682119 15.617339 0.883211
v -2.511047 15.845240 -0.343869
v -2.102092 15.759150 -0.411967
v -1.228299 15.841060 1.133030
v -0.910280 16.306480 1.319845
v -2.492976 15.722660 0.162312
v -0.971074 16.323450 1.390604
v -0.447424 15.936490 1.506131
v -2.242815 15.900559 0.702670
v -2.759688 16.000559 -0.039899
v -2.736514 16.053709 -0.356949
v -2.882268 16.343460 -0.246310
v -2.613519 16.060629 0.242600
v -2.564517 16.337179 0.020938
v -2.616615 16.255329 -0.411239
v -2.736514 16.053709 -0.356949
v -2.511047 15.845240 -0.343869
v -2.102092 15.759150 -0.411967
v -2.049162 16.246109 -0.375642
v -1.973534 16.469650 -0.096981
v -2.299663 16.449850 0.359585
v -2.111517 16.448900 0.841584
v -2.193843 16.525799 0.352918
v -1.604867 16.362789 1.296451
v -1.992971 16.786749 0.642935
v -1.228017 16.200439 1.384148
v -2.435464 16.676559 -0.023122
v -2.364556 16.642900 -0.200375
v -2.546020 16.984819 -0.212710
v -1.122457 16.630079 1.526415
v -2.283277 16.850950 0.371975
v -2.448939 16.839109 0.116392
v -2.267344 16.991039 0.013412
v -1.647970 17.063009 -0.261330
v -1.988369 17.107859 0.157685
v -1.802057 17.078369 0.710400
v -2.309164 16.821020 -0.303150
v -2.364556 16.642900 -0.200375
v -1.855584 16.727499 -0.267228
v -1.973534 16.469650 -0.096981
v -1.277424 17.617920 0.357726
v -0.821093 17.549379 -0.002057
v -1.679256 17.074810 1.107600
v -1.217372 17.616550 1.114904
v -0.512576 17.781120 0.626223
v 0.000000 17.606730 -0.252444
v 0.000000 17.564510 1.462681
v -0.567564 17.783550 1.284811
v -1.072810 17.456730 1.463592
v -1.275721 17.045490 1.508142
v -0.790749 17.584190 1.698211
v -0.726770 17.168001 1.951837
v -0.300471 17.555019 1.905570
v -0.720495 16.648460 1.961805
v 0.000000 17.165159 2.199713
v 0.000000 17.416239 1.950038
v -0.501776 16.073380 1.837943
v 0.000000 16.651340 2.257333
v -0.267761 15.820280 1.730975
v 0.300471 17.555019 1.905570
v 0.000000 15.649309 1.635102
v 0.000000 15.867670 1.572988
v 0.447424 15.936490 1.506131
v 0.000000 16.073380 2.073555
v 0.000000 15.820280 1.853294
v 0.267761 15.820280 1.730975
v 0.501776 16.073380 1.837943
v 0.971074 16.323450 1.390604
v 0.910280 16.306480 1.319845
v 0.720495 16.648460 1.961805
v 1.122457 16.630079 1.526415
v 1.228299 15.841060 1.133030
v 1.178111 15.786180 0.979638
v 1.228017 16.200439 1.384148
v 1.604867 16.362789 1.296451
v 1.275721 17.045490 1.508142
v 0.726770 17.168001 1.951837
v 1.072810 17.456730 1.463592
v 0.790749 17.584190 1.698211
v 0.567564 17.783550 1.284811
v 1.679256 17.074810 1.107600
v 1.217372 17.616550 1.114904
v 0.512576 17.781120 0.626223
v 0.000000 17.606730 -0.252444
v 0.821093 17.549379 -0.002057
v 1.277424 17.617920 0.357726
v 1.647970 17.063009 -0.261330
v 1.802057 17.078369 0.710400
v 1.988369 17.107859 0.157685
v 2.267344 16.991039 0.013412
v 2.283277 16.850950 0.371975
v 1.992971 16.786749 0.642935
v 2.111517 16.448900 0.841584
v 2.193843 16.525799 0.352918
v 2.299663 16.449850 0.359585
v 2.242815 15.900559 0.702670
v 2.613519 16.060629 0.242600
v 1.973534 16.469650 -0.096981
v 1.682119 15.617339 0.883211
v 2.435464 16.676559 -0.023122
v 2.448939 16.839109 0.116392
v 2.364556 16.642900 -0.200375
v 2.546020 16.984819 -0.212710
v 2.309164 16.821020 -0.303150
v 1.855584 16.727499 -0.267228
v 2.364556 16.642900 -0.200375
v 1.973534 16.469650 -0.096981
v 2.564517 16.337179 0.020938
v 2.616615 16.255329 -0.411239
v 2.049162 16.246109 -0.375642
v 2.511047 15.845240 -0.343869
v 2.102092 15.759150 -0.411967
v 2.736514 16.053709 -0.356949
v 2.882268 16.343460 -0.246310
v 2.759688 16.000559 -0.039899
v 2.736514 16.053709 -0.356949
v 2.511047 15.845240 -0.343869
v 2.492976 15.722660 0.162312
v 2.119804 15.572880 -0.104922
v 2.102092 15.759150 -0.411967
v 1.981325 15.582490 0.413849
v 1.952282 15.175380 -0.246944
v 2.021864 15.345030 -0.415604
v 1.832389 15.195709 0.177630
v 1.645988 15.288520 0.445386
v 1.655149 15.161530 0.140820
v 1.688634 15.239779 -0.303408
v 1.510045 15.185659 -0.038776
v 1.562421 15.141270 0.102347
v 1.382011 14.296789 0.275090
v 1.276433 14.319940 0.215686
v 1.115586 13.987820 0.382657
v 1.405171 14.297859 0.443202
v 1.185740 13.953059 0.440085
v 0.951738 13.736320 0.766079
v 1.146958 13.917270 0.633283
v 1.045859 14.011530 0.614050
v 1.346503 14.347001 0.560500
v 1.161255 14.413460 0.453508
v 1.085508 14.185309 0.727054
v 1.125471 14.131010 0.749134
v 0.989355 14.061490 0.985092
v 1.369066 14.402510 0.714810
v 1.179983 14.158589 0.852565
v 1.146347 14.228399 0.895306
v 1.085916 14.272389 0.854242
v 1.085508 14.185309 0.727054
v 1.315253 14.580689 0.757962
v 1.185701 14.539330 0.710092
v 1.161255 14.413460 0.453508
v 1.223241 14.687170 0.675364
v 1.276433 14.319940 0.215686
v 1.115586 13.987820 0.382657
v 1.045859 14.011530 0.614050
v 0.951738 13.736320 0.766079
v 1.400305 15.046439 0.680585
v 1.287942 15.054319 0.595841
v 1.393367 15.459789 0.619890
v 1.480747 15.451349 0.732371
v 2.992292 12.518690 -0.628656
v 3.251127 12.449170 -0.452463
v 3.354782 12.655430 -0.570631
v 2.825251 12.283299 -0.504303
v 3.322435 12.343860 -0.207044
v 2.752056 12.134629 -0.196200
v 2.833540 12.280240 0.115306
v 3.212902 12.450600 0.027813
v 2.984314 12.517870 0.226436
v 3.354782 12.665009 0.181725
v 2.988846 12.798140 0.228020
v 3.354782 12.675310 0.101636
v 3.218826 12.892790 0.007298
v 2.833199 13.026580 0.116513
v 3.322435 12.983240 -0.207044
v 2.748898 13.175670 -0.206660
v 2.824837 13.068140 -0.503851
v 3.250092 12.877950 -0.460331
v 2.988487 12.808720 -0.629916
v 3.354782 12.655430 -0.570631
v 0.039781 2.442157 4.189544
v 0.918501 2.123348 5.573923
v 0.014229 2.039762 5.816822
v 1.696695 2.493723 4.987681
v -0.000005 4.152592 0.064960
v 2.580933 2.436015 3.474765
v 2.671067 2.142245 5.148511
v 3.535584 2.031651 4.819852
v 4.127011 2.119931 4.114039
v 4.329957 2.489733 3.088028
v 4.154858 2.433873 1.314232
v 5.224838 2.117959 2.605731
v 5.714932 2.028423 1.825441
v 5.776547 2.118583 0.907346
v 5.350943 2.487834 -0.047164
v 4.158964 2.431321 -1.361239
v 5.778664 2.116117 -0.961312
v 5.718514 2.024647 -1.880189
v 5.227280 2.116707 -2.658050
v 4.333390 2.485548 -3.186069
v 2.587575 2.429327 -3.529583
v 4.128205 2.114796 -4.173344
v 3.541380 2.021758 -4.881422
v 2.686579 2.115119 -5.220724
v 1.664186 2.484087 -5.126880
v 0.039781 2.428595 -4.358730
v 0.904479 2.114397 -5.800354
v 0.014229 2.020778 -6.028496
v 0.014229 2.020778 -6.028496
v 0.039781 2.428595 -4.358730
v -0.876723 2.114397 -5.800354
v -1.636429 2.484089 -5.126881
v -0.000005 4.152592 0.064960
v -2.508013 2.429327 -3.529583
v -2.658821 2.115119 -5.220723
v -3.512922 2.021758 -4.881422
v -4.100448 2.114796 -4.173340
v -4.305630 2.485548 -3.186067
v -4.079400 2.431321 -1.361238
v -5.199521 2.116707 -2.658051
v -5.690054 2.024647 -1.880188
v -5.750909 2.116117 -0.961311
v -5.323192 2.487834 -0.047164
v -4.075295 2.433873 1.314231
v -5.748796 2.118583 0.907346
v -5.686473 2.028423 1.825441
v -5.197080 2.117959 2.605731
v -4.302201 2.489733 3.088028
v -2.501374 2.436015 3.474764
v -4.110076 2.148298 4.075436
v -3.507129 2.031651 4.819851
v -2.633961 2.146441 5.149834
v -1.668486 2.493723 4.987681
v 0.039781 2.442157 4.189544
v -0.890746 2.123348 5.573923
v 0.014229 2.039762 5.816822
v 0.916901 10.724410 0.307928
v 0.704747 10.895450 -0.578278
v 0.949061 11.227090 0.272864
v 0.731258 11.350619 -0.503025
v -0.000000 10.932230 -0.844359
v 0.000000 11.359750 -0.729899
v -0.731258 11.350619 -0.503025
v -0.704747 10.895450 -0.578278
v -0.949061 11.227090 0.272864
v -0.916901 10.724410 0.307928
v 0.525134 11.081510 0.873544
v 0.916901 10.724410 0.307928
v 0.949061 11.227090 0.272864
v 0.407544 10.493529 1.036591
v 0.000000 10.936270 1.061653
v 0.000000 10.397400 1.188572
v -0.407544 10.493529 1.036591
v -0.525134 11.081510 0.873544
v -0.916901 10.724410 0.307928
v -0.949061 11.227090 0.272864
v 0.789000 0.000002 -0.060782
v 0.727653 0.000001 -0.379669
v 0.789000 0.489868 -0.060782
v 0.727653 0.489868 -0.380617
v 0.444417 0.000001 -0.521420
v 0.444417 0.489868 -0.521420
v 0.183016 0.489868 -0.380617
v 0.183016 0.000001 -0.379669
v 0.123634 0.489868 -0.060782
v 0.123634 0.000002 -0.060782
v 0.123634 0.000002 -0.060782
v 0.183016 0.000001 -0.379669
v 0.789000 0.000002 -0.060782
v 0.727653 0.000001 -0.379669
v 0.444417 0.000001 -0.521420
v -0.788999 0.489868 -0.060782
v -0.727653 0.000001 -0.379669
v -0.789000 0.000002 -0.060782
v -0.727653 0.489868 -0.380617
v -0.444416 0.000001 -0.521420
v -0.444416 0.489868 -0.521420
v -0.183016 0.489868 -0.380617
v -0.183016 0.000001 -0.379669
v -0.123634 0.489868 -0.060782
v -0.123634 0.000002 -0.060782
v -0.444416 0.000001 -0.521420
v -0.183016 0.000001 -0.379669
v -0.727653 0.000001 -0.379669
v -0.789000 0.000002 -0.060782
v -0.123634 0.000002 -0.060782
v 0.313042 12.049459 1.095123
v 1.197696 11.517870 1.207215
v 0.358299 11.157440 1.499870
v 0.000000 12.170380 1.169083
v 0.589480 12.484850 0.776235
v 0.000000 12.625750 1.014244
v 0.205449 12.880739 0.920518
v 0.674555 11.931240 1.231650
v 0.687892 13.256670 0.724860
v 1.198725 12.106250 0.926254
v 1.189241 11.821950 1.168693
v 1.463856 11.858979 1.244405
v 1.442837 12.189110 1.122810
v 1.314942 12.431620 1.036646
v 1.128795 12.429410 0.770073
v 1.516739 12.867189 0.889314
v 1.253938 12.946380 0.551324
v 1.520690 13.148860 0.781463
v 1.182308 13.416659 0.676398
v 1.452502 13.412320 0.681328
v -0.313042 12.049459 1.095123
v -0.358299 11.157440 1.499870
v -1.197696 11.517870 1.207215
v 0.000000 12.170380 1.169083
v -0.589480 12.484850 0.776235
v 0.000000 12.625750 1.014244
v -0.205449 12.880739 0.920518
v -0.674555 11.931240 1.231650
v -0.687892 13.256670 0.724860
v -1.198725 12.106250 0.926254
v -1.189241 11.821950 1.168693
v -1.463856 11.858979 1.244405
v -1.442837 12.189110 1.122810
v -1.314942 12.431620 1.036646
v -1.128795 12.429410 0.770073
v -1.516739 12.867189 0.889314
v -1.253938 12.946380 0.551324
v -1.520690 13.148860 0.781463
v -1.182308 13.416659 0.676398
v -1.452502 13.412320 0.681328
v -3.212902 12.450599 0.027813
v -3.322435 12.343859 -0.207044
v -2.219999 12.236639 -0.195779
v -2.219999 12.387809 0.121936
v -2.219999 12.683299 0.193128
v -3.354782 12.675309 0.101636
v -3.218826 12.892789 0.007298
v -2.219999 12.967359 0.060253
v -2.219999 13.067159 -0.215717
v -3.322435 12.983239 -0.207044
v -3.250092 12.877949 -0.460331
v -2.220001 12.981249 -0.499535
v -2.219999 12.708718 -0.652702
v -3.354782 12.655429 -0.570631
v -3.251127 12.449169 -0.452463
v -2.219999 12.422878 -0.555096
v -2.219999 12.236639 -0.195779
v -3.322435 12.343859 -0.207044
v 3.212902 12.450600 0.027813
v 2.219999 12.236640 -0.195779
v 3.322435 12.343860 -0.207044
v 2.219999 12.387810 0.121936
v 2.219999 12.683300 0.193128
v 3.354782 12.675310 0.101636
v 3.218826 12.892790 0.007298
v 2.219999 12.967360 0.060253
v 2.219999 13.067160 -0.215717
v 3.322435 12.983240 -0.207044
v 3.250092 12.877950 -0.460331
v 2.220001 12.981250 -0.499535
v 2.219999 12.708719 -0.652702
v 3.354782 12.655430 -0.570631
v 3.251127 12.449170 -0.452463
v 2.219999 12.422879 -0.555096
v 2.219999 12.236640 -0.195779
v 3.322435 12.343860 -0.207044
v 0.608671 17.315149 0.932073
v 0.952709 17.291470 0.683266
v 1.067853 17.766479 0.720195
v 0.668037 17.860729 0.959151
v 0.235120 18.054270 1.129200
v -0.002130 17.327600 1.062880
v -0.007097 18.425560 1.222969
v -0.243258 18.064770 1.127612
v -0.612931 17.315149 0.932074
v -0.656539 17.858980 0.956809
v -1.054191 17.767939 0.720367
v -0.956968 17.291470 0.683266
v -1.206926 17.258869 0.340811
v -1.301426 17.797300 0.314966
v -1.513684 17.986990 -0.140135
v -1.315620 17.200409 -0.273418
v -1.668638 18.259470 -0.380854
v -1.514191 17.927090 -0.598695
v -1.184210 17.141960 -0.887646
v -1.303804 17.671780 -1.004101
v -1.053925 17.563259 -1.387158
v -0.956968 17.109360 -1.230101
v -0.612930 17.087839 -1.456298
v -0.680122 17.612570 -1.674689
v -0.244839 17.727360 -1.850670
v -0.002129 17.075390 -1.587104
v 0.002528 18.080479 -2.035547
v 0.251401 17.761530 -1.840399
v 0.608673 17.074289 -1.477800
v 0.655514 17.613390 -1.662400
v 1.028344 17.561890 -1.313003
v 0.965923 17.097969 -1.271321
v 1.202667 17.141949 -0.887646
v 1.329311 17.689260 -0.992674
v 1.499224 17.925060 -0.602037
v 1.334077 17.200420 -0.273418
v 1.632230 18.235880 -0.389573
v 1.498859 17.973209 -0.146166
v 1.202666 17.258869 0.340810
v 1.328407 17.800650 0.299086
v 1.067853 17.766479 0.720195
v 0.952709 17.291470 0.683266
v 0.789000 0.489868 -0.060782
v 0.100590 0.150781 0.428235
v 0.123634 0.489868 -0.060782
v 0.885475 0.150781 0.428235
v 1.032431 0.000002 0.837274
v -0.108942 0.000002 0.837274
v 1.062277 0.000002 1.289729
v -0.139169 0.000002 1.289729
v 0.443367 0.000002 1.856337
v 0.885732 0.000002 1.702101
v 0.019943 0.000002 1.702101
v -0.123634 0.489868 -0.060782
v -0.100590 0.150781 0.428235
v -0.788999 0.489868 -0.060782
v -0.885475 0.150781 0.428235
v -1.032431 0.000002 0.837274
v 0.108942 0.000002 0.837274
v -1.062277 0.000002 1.289729
v 0.139169 0.000002 1.289729
v -0.443367 0.000002 1.856337
v -0.885731 0.000002 1.702101
v -0.019943 0.000002 1.702101
v -0.181902 1.091847 -0.281041
v -0.186891 1.474612 0.189221
v -0.105700 0.848797 0.221422
v -0.206520 1.572188 -0.199047
v -0.211730 1.919945 0.161865
v -0.421546 1.154915 -0.435954
v -0.239239 1.919945 -0.208352
v -0.136838 4.152590 0.283002
v -0.421547 1.592145 -0.271994
v -0.120392 4.150877 -0.357224
v -0.127948 5.150811 0.232271
v -0.427291 1.919945 -0.278815
v -0.604606 1.572188 -0.194718
v -0.661190 1.091847 -0.281041
v -0.619942 1.919945 -0.199359
v -0.514536 4.150877 -0.537567
v -0.640622 1.478112 0.181405
v -0.755581 0.848797 0.221422
v -0.642739 1.919945 0.161195
v -0.414471 1.411663 0.295047
v -0.410565 0.793044 0.602866
v -0.105700 0.848797 0.221422
v -0.186891 1.474612 0.189221
v -0.431110 1.919946 0.256572
v -0.211730 1.919945 0.161865
v -0.136838 4.152590 0.283002
v -0.927841 4.152590 0.286486
v -0.511341 4.332706 0.423953
v -0.525211 4.881760 0.394490
v -0.127948 5.150811 0.232271
v -0.944633 4.150877 -0.336204
v -0.919875 5.150278 0.233884
v -0.545436 5.166654 0.563146
v -0.555686 5.523338 0.578657
v -0.092387 5.506345 0.282127
v -0.979128 5.506345 0.282127
v -0.921483 5.507828 -0.212419
v -0.887177 5.311141 -0.204763
v -0.526370 5.507828 -0.351136
v -0.512278 5.311141 -0.336415
v -0.108364 5.507828 -0.214934
v -0.110484 5.311142 -0.212309
v -0.092387 5.506345 0.282127
v 0.181903 1.090750 -0.281428
v 0.105700 0.848947 0.221636
v 0.186890 1.474614 0.189221
v 0.206519 1.572190 -0.199047
v 0.211729 1.919947 0.161865
v 0.421546 1.154915 -0.435954
v 0.239239 1.919946 -0.208352
v 0.136838 4.152593 0.283002
v 0.421546 1.592147 -0.271994
v 0.604605 1.572190 -0.194718
v 0.661190 1.090750 -0.281428
v 0.427290 1.919946 -0.278815
v 0.640621 1.478114 0.181405
v 0.755581 0.848947 0.221636
v 0.619942 1.919946 -0.199359
v 0.642738 1.919946 0.161195
v 0.414470 1.411665 0.295047
v 0.410565 0.794141 0.603217
v 0.105700 0.848947 0.221636
v 0.186890 1.474614 0.189221
v 0.431109 1.919947 0.256572
v 0.211729 1.919947 0.161865
v 0.136838 4.152593 0.283002
v 0.927841 4.152593 0.286486
v 0.511340 4.332709 0.423953
v 0.525210 4.881762 0.394490
v 0.127947 5.150812 0.232271
v 0.944633 4.150879 -0.336204
v 0.545436 5.166654 0.563146
v 0.919874 5.150280 0.233884
v 0.555686 5.523338 0.578657
v 0.092387 5.506345 0.282127
v 0.979128 5.506345 0.282127
v 0.921483 5.507828 -0.212419
v 0.887177 5.311142 -0.204763
v 0.526370 5.507828 -0.351136
v 0.512278 5.311142 -0.336415
v 0.108364 5.507828 -0.214934
v 0.514535 4.150879 -0.537567
v 0.110484 5.311143 -0.212309
v 0.120392 4.150879 -0.357224
v 0.127947 5.150812 0.232271
v 0.092387 5.506345 0.282127
v -5.044188 12.686969 -0.517801
v -5.044188 12.460719 -0.295450
v -5.298762 12.477229 -0.286620
v -5.284317 12.725558 -0.525640
v -5.044188 12.905409 -0.303583
v -5.602901 12.503919 -0.615003
v -5.294975 12.922909 -0.286536
v -5.044188 12.864399 0.032136
v -5.786809 12.732308 -0.666348
v -6.105506 12.573000 -0.694317
v -6.168608 12.767249 -0.705352
v -6.346862 12.718379 -0.684500
v -6.237592 12.899299 -0.575492
v -6.374500 12.877938 -0.580775
v -6.577960 12.728209 -0.646639
v -6.277841 13.009569 -0.342848
v -6.575295 12.834649 -0.592642
v -6.363955 12.835659 -0.468612
v -6.569107 12.848689 -0.496508
v -6.767118 12.821399 -0.586302
v -6.775682 12.731489 -0.619092
v -6.564978 12.766768 -0.443179
v -6.779514 12.819529 -0.586130
v -6.912764 12.740358 -0.598128
v -6.765893 12.833309 -0.471874
v -6.764102 12.763529 -0.442616
v -6.905065 12.764949 -0.445693
v -6.913413 12.809739 -0.579005
v -7.027281 12.809528 -0.554792
v -6.907118 12.823278 -0.462293
v -7.021523 12.816138 -0.470299
v -6.411658 12.992819 -0.328090
v -6.695903 12.958169 -0.374470
v -6.706139 12.827008 -0.436971
v -6.415699 12.916439 -0.213076
v -6.714609 12.957019 -0.373512
v -6.964458 12.842539 -0.405686
v -6.693223 12.967849 -0.257601
v -6.962481 12.943889 -0.359930
v -7.140093 12.851269 -0.380577
v -6.708858 12.966779 -0.256392
v -6.698246 12.871629 -0.204487
v -6.957102 12.871379 -0.204227
v -6.958353 12.952739 -0.244531
v -7.140619 12.930609 -0.350975
v -7.270000 12.902678 -0.340498
v -7.267494 12.907529 -0.239333
v -7.137417 12.940139 -0.232089
v -7.135915 12.875799 -0.209063
v -6.265254 13.072739 -0.092378
v -6.417206 13.058259 -0.077429
v -5.302128 12.873539 0.027831
v -5.044188 12.656718 0.089578
v -5.293636 12.566829 0.156231
v -6.743392 13.015149 -0.132013
v -6.751879 12.889579 -0.193697
v -5.630709 12.781209 0.308560
v -6.762694 13.013498 -0.131911
v -7.033584 12.893909 -0.177300
v -6.742480 13.019849 -0.021294
v -6.389431 12.928119 0.053883
v -6.227709 13.057619 0.173452
v -6.749061 12.907808 0.040049
v -6.760798 13.018249 -0.020808
v -7.031454 12.908019 0.028469
v -7.030840 12.997199 -0.008621
v -7.031972 12.991919 -0.140270
v -7.230353 12.973749 -0.013110
v -7.228434 12.904078 0.013804
v -7.342546 12.953029 -0.024522
v -7.231760 12.970259 -0.133280
v -7.230340 12.896799 -0.160932
v -7.342493 12.952199 -0.123724
v -6.391483 13.023338 0.166476
v -6.641018 12.980429 0.095806
v -6.647365 12.869328 0.047338
v -6.365547 12.876299 0.307499
v -6.666532 12.977638 0.093434
v -6.928168 12.858899 0.048074
v -6.648604 12.984348 0.197037
v -6.054360 12.781689 0.363775
v -6.663970 12.882349 0.277193
v -6.673050 12.981688 0.195407
v -6.942209 12.878139 0.232048
v -6.931912 12.950378 0.083947
v -7.103831 12.868359 0.047824
v -6.940924 12.955938 0.202697
v -7.113690 12.936929 0.175718
v -7.115744 12.877539 0.200831
v -7.232137 12.917989 0.157483
v -7.106099 12.933979 0.077389
v -7.225176 12.913019 0.074416
v -5.957798 12.667479 0.528754
v -6.114184 12.709859 0.460805
v -5.560661 12.579089 0.335607
v -5.551508 12.430439 0.279997
v -5.962637 12.493789 0.512384
v -6.030264 12.662879 0.578853
v -6.235636 12.695289 0.584398
v -6.038785 12.508979 0.567853
v -6.042489 12.469089 0.462156
v -6.129181 12.658319 0.662922
v -6.156558 12.658039 0.686154
v -6.316531 12.671699 0.697623
v -6.134320 12.506139 0.655128
v -6.306076 12.633079 0.796058
v -6.374637 12.578419 0.733064
v -6.306350 12.536069 0.796479
v -6.159068 12.506669 0.680347
v -6.343928 12.497478 0.692182
v -6.374637 12.578419 0.733064
v -6.224542 12.475228 0.594955
v -6.151917 12.572399 0.382285
v -6.368793 12.573278 0.653291
v -6.316531 12.671699 0.697623
v -6.314485 12.571439 0.555547
v -6.235636 12.695289 0.584398
v -6.282352 12.572089 0.514743
v -6.114184 12.709859 0.460805
v -3.329063 12.286589 -0.206716
v -2.752056 12.134628 -0.196200
v -2.833540 12.280239 0.115306
v -3.354782 12.402349 0.072279
v -2.984314 12.517869 0.226436
v -3.624966 12.314109 -0.207327
v -3.354782 12.665009 0.181725
v -3.595819 12.398869 0.090546
v -3.908962 12.404018 0.113352
v -3.907532 12.323019 -0.207887
v -3.591560 12.675309 0.189745
v -5.044188 12.479689 0.023914
v -5.044188 12.460719 -0.295450
v -3.915981 12.668098 0.175054
v -5.044188 12.656718 0.089578
v -5.044188 12.864399 0.032136
v -3.913151 12.942888 0.107143
v -3.354782 12.920169 0.063637
v -2.988846 12.798139 0.228020
v -2.833199 13.026579 0.116513
v -3.596052 12.946448 0.096005
v -3.913151 13.012098 -0.207717
v -5.044188 12.905409 -0.303583
v -3.624966 13.017979 -0.207327
v -3.344070 13.034319 -0.207044
v -2.748898 13.175669 -0.206660
v -2.824837 13.068139 -0.503851
v -3.910568 12.910028 -0.484095
v -5.044188 12.686969 -0.517801
v -3.354782 12.929619 -0.450826
v -2.988487 12.808719 -0.629916
v -3.354782 12.663889 -0.588635
v -3.539240 12.881979 -0.495311
v -3.654388 12.898609 -0.492782
v -3.665249 12.648949 -0.585372
v -3.541070 12.651269 -0.584516
v -3.551025 12.426888 -0.492936
v -3.909319 12.413259 -0.480057
v -5.044188 12.460719 -0.295450
v -3.907532 12.323019 -0.207887
v -3.651297 12.414759 -0.492970
v -3.624966 12.314109 -0.207327
v -3.329063 12.286589 -0.206716
v -3.331072 12.401069 -0.466866
v -2.992292 12.518689 -0.628656
v -2.825251 12.283298 -0.504303
v -2.752056 12.134628 -0.196200
v 5.298762 12.477230 -0.286620
v 5.044189 12.460720 -0.295449
v 5.044189 12.686970 -0.517800
v 5.284317 12.725559 -0.525640
v 5.602901 12.503920 -0.615003
v 5.044189 12.905410 -0.303582
v 5.786809 12.732309 -0.666348
v 6.105506 12.573001 -0.694317
v 5.294975 12.922910 -0.286536
v 5.044189 12.864400 0.032136
v 6.168608 12.767250 -0.705352
v 6.346863 12.718380 -0.684500
v 6.237592 12.899300 -0.575492
v 6.374501 12.877939 -0.580775
v 6.577960 12.728209 -0.646638
v 6.277841 13.009570 -0.342848
v 6.575296 12.834650 -0.592641
v 6.363955 12.835660 -0.468612
v 6.569107 12.848690 -0.496507
v 6.767118 12.821400 -0.586300
v 6.775683 12.731490 -0.619090
v 6.564978 12.766769 -0.443179
v 6.779515 12.819530 -0.586129
v 6.912764 12.740359 -0.598127
v 6.765893 12.833310 -0.471872
v 6.764102 12.763530 -0.442615
v 6.905065 12.764950 -0.445691
v 6.913413 12.809740 -0.579003
v 7.027282 12.809529 -0.554790
v 6.907119 12.823279 -0.462292
v 7.021523 12.816139 -0.470298
v 6.411659 12.992820 -0.328090
v 6.695904 12.958170 -0.374470
v 6.706192 12.827009 -0.436971
v 6.415700 12.916440 -0.213076
v 6.714610 12.957020 -0.373510
v 6.964459 12.842540 -0.405684
v 6.693223 12.967850 -0.257601
v 6.962482 12.943890 -0.359928
v 7.140094 12.851270 -0.380576
v 6.708858 12.966780 -0.256391
v 6.698247 12.871630 -0.204487
v 6.957103 12.871380 -0.204225
v 6.958353 12.952740 -0.244529
v 7.140620 12.930610 -0.350973
v 7.270000 12.902679 -0.340497
v 7.267494 12.907530 -0.239331
v 7.137418 12.940140 -0.232087
v 7.135916 12.875800 -0.209061
v 6.265254 13.072740 -0.092378
v 6.417207 13.058260 -0.077429
v 5.302128 12.873540 0.027831
v 5.044189 12.656719 0.089578
v 5.293636 12.566830 0.156231
v 6.743392 13.015150 -0.132013
v 6.751879 12.889580 -0.193697
v 5.630709 12.781210 0.308560
v 6.762695 13.013499 -0.131909
v 7.033584 12.893909 -0.177298
v 6.742481 13.019850 -0.021294
v 6.389431 12.928120 0.053883
v 6.227709 13.057620 0.173452
v 6.749061 12.907809 0.040049
v 6.760798 13.018250 -0.020806
v 7.031454 12.908020 0.028470
v 7.030841 12.997200 -0.008619
v 7.031973 12.991920 -0.140268
v 7.230354 12.973750 -0.013108
v 7.228434 12.904079 0.013805
v 7.342546 12.953030 -0.024520
v 7.231760 12.970260 -0.133278
v 7.230340 12.896800 -0.160931
v 7.342493 12.952200 -0.123723
v 5.551508 12.430440 0.279997
v 5.560661 12.579090 0.335607
v 5.962637 12.493790 0.512384
v 5.957797 12.667480 0.528754
v 6.054360 12.781690 0.363775
v 6.114183 12.709860 0.460805
v 6.365547 12.876300 0.307499
v 6.030263 12.662880 0.578853
v 6.235634 12.695290 0.584398
v 6.391484 13.023339 0.166476
v 6.648605 12.984349 0.197037
v 6.663971 12.882350 0.277193
v 6.641019 12.980430 0.095806
v 6.647377 12.869329 0.047338
v 6.673033 12.981689 0.195408
v 6.942210 12.878139 0.232049
v 6.666604 12.977639 0.093435
v 6.928169 12.858900 0.048076
v 6.940924 12.955939 0.202698
v 6.931913 12.950379 0.083948
v 7.103832 12.868360 0.047825
v 7.113691 12.936930 0.175719
v 7.115744 12.877540 0.200832
v 7.232137 12.917990 0.157485
v 7.106100 12.933980 0.077390
v 7.225177 12.913020 0.074417
v 6.038784 12.508980 0.567853
v 6.042488 12.469090 0.462156
v 6.129180 12.658319 0.662922
v 6.224540 12.475229 0.594956
v 6.151916 12.572400 0.382286
v 6.134319 12.506140 0.655128
v 6.156555 12.658040 0.686155
v 6.316528 12.671700 0.697624
v 6.159065 12.506670 0.680349
v 6.306073 12.633080 0.796059
v 6.374634 12.578420 0.733065
v 6.306347 12.536070 0.796480
v 6.343925 12.497479 0.692183
v 6.374634 12.578420 0.733065
v 6.368790 12.573279 0.653292
v 6.316528 12.671700 0.697624
v 6.314482 12.571440 0.555548
v 6.235634 12.695290 0.584398
v 6.282351 12.572090 0.514743
v 6.114183 12.709860 0.460805
v 2.833540 12.280240 0.115306
v 2.752056 12.134629 -0.196200
v 3.329063 12.286590 -0.206716
v 3.354782 12.402349 0.072279
v 2.984314 12.517870 0.226436
v 3.624966 12.314110 -0.207326
v 3.354782 12.665009 0.181725
v 3.595819 12.398870 0.090547
v 3.908962 12.404019 0.113353
v 3.907532 12.323020 -0.207886
v 3.591560 12.675310 0.189745
v 5.044189 12.479690 0.023915
v 5.044189 12.460720 -0.295449
v 3.915981 12.668099 0.175054
v 5.044189 12.656719 0.089578
v 5.044189 12.864400 0.032136
v 3.913151 12.942889 0.107143
v 3.354782 12.920170 0.063637
v 2.988846 12.798140 0.228020
v 2.833199 13.026580 0.116513
v 3.596052 12.946449 0.096006
v 3.913151 13.012099 -0.207716
v 5.044189 12.905410 -0.303582
v 3.624966 13.017980 -0.207326
v 3.344070 13.034320 -0.207044
v 2.748898 13.175670 -0.206660
v 2.824837 13.068140 -0.503851
v 3.354782 12.929620 -0.450826
v 2.988487 12.808720 -0.629916
v 3.354782 12.663890 -0.588635
v 3.539240 12.881980 -0.495310
v 3.654388 12.898610 -0.492781
v 3.910568 12.910029 -0.484095
v 5.044189 12.686970 -0.517800
v 3.665249 12.648950 -0.585372
v 3.909319 12.413260 -0.480056
v 5.044189 12.460720 -0.295449
v 3.907532 12.323020 -0.207886
v 3.541070 12.651270 -0.584516
v 3.651297 12.414760 -0.492970
v 3.624966 12.314110 -0.207326
v 3.551025 12.426889 -0.492936
v 3.329063 12.286590 -0.206716
v 3.331072 12.401070 -0.466866
v 2.992292 12.518690 -0.628656
v 2.825251 12.283299 -0.504303
v 2.752056 12.134629 -0.196200
v -1.620944 13.035620 -2.039726
v -1.841377 13.360310 -2.061672
v -1.852058 13.020610 -1.864223
v -1.947920 12.639810 -1.846922
v -1.547619 12.665810 -2.150901
v -2.103277 12.319950 -2.014403
v -1.544744 13.202140 -2.265351
v -1.841377 13.360310 -2.061672
v -1.641049 12.349970 -2.365407
v -2.276500 12.146729 -2.321790
v -1.415636 12.954220 -2.541696
v -1.668094 13.422609 -2.408932
v -1.841377 13.360310 -2.061672
v -1.876198 12.172729 -2.625769
v -2.421175 12.166570 -2.686719
v -1.488648 12.683001 -2.816658
v -1.629285 13.336090 -2.790384
v -1.918738 13.567900 -2.386360
v -1.841377 13.360310 -2.061672
v -2.498536 12.374149 -3.011407
v -2.190061 12.181580 -2.862221
v -1.841377 13.360310 -2.061672
v -2.149852 13.552890 -2.210858
v -1.744215 12.461140 -3.016563
v -2.498536 12.374149 -3.011407
v -2.113860 12.348089 -3.087846
v -1.735348 13.123950 -3.103819
v -1.957864 12.843010 -3.265252
v -2.237211 12.568570 -3.231426
v -2.498536 12.374149 -3.011407
v -2.063413 13.587740 -2.751288
v -2.236636 13.414519 -3.058675
v -2.391992 13.094660 -3.226156
v -2.487854 12.713860 -3.208854
v -2.498536 12.374149 -3.011407
v -2.463714 13.561740 -2.447310
v -2.698864 13.384500 -2.707671
v -2.226053 13.386370 -1.985232
v -1.841377 13.360310 -2.061672
v -2.792293 13.068660 -2.922177
v -2.718968 12.698850 -3.033352
v -2.498536 12.374149 -3.011407
v -2.595697 13.273330 -2.056515
v -2.851265 13.051470 -2.256420
v -2.102702 13.165899 -1.841652
v -1.841377 13.360310 -2.061672
v -1.852058 13.020610 -1.864223
v -1.841377 13.360310 -2.061672
v -2.382048 12.891459 -1.807826
v -1.947920 12.639810 -1.846922
v -2.604565 12.610519 -1.969259
v -2.103277 12.319950 -2.014403
v -2.924277 12.780250 -2.531383
v -2.710628 12.398370 -2.282694
v -2.276500 12.146729 -2.321790
v -2.795169 12.532330 -2.807727
v -2.498536 12.374149 -3.011407
v -2.671818 12.311860 -2.664147
v -2.498536 12.374149 -3.011407
v -2.421175 12.166570 -2.686719
v -2.498536 12.374149 -3.011407
v -1.339407 13.545051 -1.693465
v -1.494592 13.866370 -1.695730
v -1.608830 13.580781 -1.514843
v -1.776919 13.278251 -1.570461
v -1.382457 13.225941 -1.831981
v -1.902153 13.147460 -1.870605
v -1.293235 13.730090 -1.956906
v -1.494592 13.866370 -1.695730
v -1.632730 13.111730 -2.049227
v -1.924046 13.231940 -2.216601
v -1.314857 13.496851 -2.217686
v -1.516486 13.950850 -2.041726
v -1.494592 13.866370 -1.695730
v -1.586558 13.296770 -2.312668
v -1.924046 13.231940 -2.216601
v -1.641719 13.820061 -2.341870
v -1.494592 13.866370 -1.695730
v -1.785909 13.986581 -1.863104
v -1.924046 13.231940 -2.216601
v -1.809809 13.517529 -2.397488
v -2.036181 13.872371 -2.080350
v -1.832081 13.801540 -1.599663
v -1.494592 13.866370 -1.695730
v -1.924046 13.231940 -2.216601
v -2.079232 13.553260 -2.218866
v -1.608830 13.580781 -1.514843
v -1.494592 13.866370 -1.695730
v -2.103781 13.601460 -1.694645
v -1.776919 13.278251 -1.570461
v -2.125404 13.368219 -1.955425
v -1.924046 13.231940 -2.216601
v -1.902153 13.147460 -1.870605
v -1.924046 13.231940 -2.216601
v -1.809491 13.945770 -1.590485
v -1.565613 13.773400 -1.768326
v -1.683859 13.778280 -1.441505
v -1.683025 13.917781 -1.123138
v -1.900624 14.207891 -1.381179
v -1.563332 14.154521 -0.898532
v -1.766664 14.052100 -1.820469
v -1.565613 13.773400 -1.768326
v -1.814595 14.489501 -1.196492
v -1.356855 14.425051 -0.827870
v -1.826446 14.392060 -1.779523
v -1.580466 14.034981 -1.996736
v -1.565613 13.773400 -1.768326
v -1.574454 14.715171 -1.085911
v -1.118916 14.656911 -0.930085
v -1.728942 14.702161 -1.656460
v -1.503942 14.362401 -2.084827
v -1.359970 13.904441 -2.016031
v -1.565613 13.773400 -1.768326
v -1.244548 14.824401 -1.079065
v -0.913273 14.787951 -1.177790
v -1.500276 14.899330 -1.484255
v -1.201721 14.930731 -1.309050
v -0.913273 14.787951 -1.177790
v -1.356546 14.667920 -2.008994
v -1.177772 14.869671 -1.789558
v -0.913273 14.787951 -1.177790
v -1.015523 14.913610 -1.485317
v -1.122032 14.136291 -2.118246
v -0.915554 14.406831 -2.047584
v -1.234339 13.736940 -1.867051
v -1.565613 13.773400 -1.768326
v -0.795861 14.643571 -1.822978
v -0.904432 13.846181 -1.860205
v -0.913273 14.787951 -1.177790
v -0.795027 14.783061 -1.504611
v -1.277166 13.630610 -1.637067
v -1.565613 13.773400 -1.768326
v -0.913273 14.787951 -1.177790
v -0.669395 14.615571 -1.355631
v -0.978610 13.662010 -1.461861
v -0.578262 14.353460 -1.564938
v -1.463363 13.647731 -1.460800
v -1.565613 13.773400 -1.768326
v -1.683859 13.778280 -1.441505
v -1.565613 13.773400 -1.768326
v -1.301114 13.691670 -1.156558
v -1.683025 13.917781 -1.123138
v -0.664291 14.071840 -1.749624
v -0.749945 13.859180 -1.289656
v -1.122340 13.893431 -0.937122
v -1.563332 14.154521 -0.898532
v -0.652440 14.169291 -1.166593
v -0.974944 14.198951 -0.861290
v -1.356855 14.425051 -0.827870
v -0.712222 14.509240 -1.125647
v -0.913273 14.787951 -1.177790
v -0.898420 14.526361 -0.949380
v -0.913273 14.787951 -1.177790
v -1.118916 14.656911 -0.930085
v -0.913273 14.787951 -1.177790
v 1.696919 13.792521 -1.450727
v 1.563558 13.773971 -1.771179
v 1.809937 13.959110 -1.610433
v 1.706686 13.941650 -1.136909
v 1.902439 14.230201 -1.413527
v 1.590242 14.181411 -0.913811
v 1.752896 14.056961 -1.841095
v 1.563558 13.773971 -1.771179
v 1.816278 14.514601 -1.233222
v 1.378789 14.447560 -0.841213
v 1.803641 14.399680 -1.813045
v 1.559210 14.028741 -2.007595
v 1.563558 13.773971 -1.771179
v 1.574542 14.736111 -1.117831
v 1.128984 14.668780 -0.938567
v 1.702196 14.710300 -1.694546
v 1.242002 14.835381 -1.098273
v 0.907764 14.785801 -1.179788
v 1.468167 14.350801 -2.101432
v 1.563558 13.773971 -1.771179
v 1.342337 13.890990 -2.012399
v 1.475744 14.905591 -1.517350
v 1.314824 14.653861 -2.027546
v 1.184961 14.933221 -1.328935
v 0.907764 14.785801 -1.179788
v 1.092533 14.112210 -2.109753
v 1.140270 14.856721 -1.805736
v 1.563558 13.773971 -1.771179
v 1.229319 13.724391 -1.852694
v 0.907764 14.785801 -1.179788
v 0.991275 14.905010 -1.495435
v 0.881079 14.378361 -2.037155
v 0.896780 13.823661 -1.833135
v 1.563558 13.773971 -1.771179
v 1.286361 13.626540 -1.622031
v 0.764636 14.618120 -1.814058
v 0.655043 14.045171 -1.717744
v 0.774403 14.767251 -1.500239
v 0.907764 14.785801 -1.179788
v 0.995578 13.654181 -1.433617
v 0.568883 14.329571 -1.537440
v 1.480047 13.654760 -1.455532
v 1.563558 13.773971 -1.771179
v 0.661385 14.600660 -1.340534
v 0.907764 14.785801 -1.179788
v 1.696919 13.792521 -1.450727
v 1.563558 13.773971 -1.771179
v 1.331052 13.703051 -1.145230
v 1.706686 13.941650 -1.136909
v 0.769125 13.849470 -1.256420
v 1.156497 13.905910 -0.923420
v 1.590242 14.181411 -0.913811
v 0.667681 14.160090 -1.137921
v 1.003155 14.208971 -0.849535
v 1.378789 14.447560 -0.841213
v 0.718426 14.502810 -1.109872
v 0.907764 14.785801 -1.179788
v 0.912112 14.531031 -0.943372
v 0.907764 14.785801 -1.179788
v 1.128984 14.668780 -0.938567
v 0.907764 14.785801 -1.179788
v 0.862215 13.248879 -0.245296
v 0.843261 13.223940 -0.598561
v 0.680872 13.301310 -0.312977
v 0.498617 13.347640 -0.636102
v 0.599753 13.097449 -0.948916
v 0.000000 13.384860 -0.816493
v 0.875777 13.024360 -0.844786
v 1.074399 12.689690 -0.835815
v 0.000000 13.108410 -1.041588
v 0.720330 12.464740 -1.082003
v -0.599753 13.097449 -0.948916
v -0.498617 13.347640 -0.636102
v 0.000000 12.467930 -1.154764
v -0.843261 13.223940 -0.598561
v -0.680872 13.301310 -0.312977
v -0.862215 13.248879 -0.245296
v -0.875777 13.024360 -0.844786
v -1.074399 12.689690 -0.835815
v -0.720330 12.464740 -1.082003
v -1.186105 12.095309 -0.698554
v -1.377155 12.097779 -0.150388
v -0.652447 11.692110 -0.799150
v -1.104312 11.649230 -0.514626
v -1.247850 11.643360 -0.011046
v -0.731258 11.350619 -0.503025
v -0.949061 11.227090 0.272864
v 0.000000 11.359750 -0.729899
v 0.000000 11.689340 -0.870926
v 0.652447 11.692110 -0.799150
v 0.731258 11.350619 -0.503025
v 1.186105 12.095309 -0.698554
v 1.377155 12.097779 -0.150388
v 1.104312 11.649230 -0.514625
v 1.247850 11.643360 -0.011046
v 0.949061 11.227090 0.272864
v 1.629562 13.030231 -2.023229
v 1.869083 13.027700 -1.858720
v 1.838208 13.360681 -2.065276
v 1.977791 12.650721 -1.834931
v 1.562929 12.655110 -2.119869
v 2.135204 12.330750 -2.000283
v 1.537483 13.187321 -2.249690
v 1.838208 13.360681 -2.065276
v 1.656162 12.335820 -2.329301
v 2.299142 12.153541 -2.310471
v 1.403442 12.927200 -2.512110
v 1.646784 13.406951 -2.405444
v 1.838208 13.360681 -2.065276
v 1.884279 12.157930 -2.595409
v 2.425678 12.166560 -2.682380
v 1.472002 12.650001 -2.782222
v 1.592757 13.307590 -2.781885
v 1.893438 13.560451 -2.399254
v 1.838208 13.360681 -2.065276
v 2.186157 12.169101 -2.846889
v 2.480908 12.366331 -3.016358
v 1.838208 13.360681 -2.065276
v 2.132959 13.557911 -2.234745
v 1.724792 12.430020 -2.987650
v 2.094078 12.326180 -3.073350
v 2.480908 12.366331 -3.016358
v 1.690604 13.089251 -3.093731
v 1.914107 12.810410 -3.257425
v 2.203378 12.545811 -3.229104
v 2.480908 12.366331 -3.016358
v 2.019974 13.573471 -2.771163
v 2.183912 13.396251 -3.081351
v 2.341325 13.076291 -3.246703
v 2.450033 12.699310 -3.222914
v 2.480908 12.366331 -3.016358
v 2.434837 13.569080 -2.486225
v 2.662954 13.391181 -2.752333
v 1.838208 13.360681 -2.065276
v 2.225038 13.400821 -2.008284
v 2.756187 13.071900 -2.961765
v 2.594323 13.296990 -2.093984
v 2.689553 12.696771 -3.058405
v 2.480908 12.366331 -3.016358
v 1.838208 13.360681 -2.065276
v 2.115737 13.181201 -1.852530
v 1.838208 13.360681 -2.065276
v 1.869083 13.027700 -1.858720
v 2.405009 12.916600 -1.824209
v 1.977791 12.650721 -1.834931
v 2.847114 13.077010 -2.299412
v 2.628512 12.637760 -1.987903
v 2.135204 12.330750 -2.000283
v 2.915674 12.799810 -2.569524
v 2.726359 12.419420 -2.299749
v 2.299142 12.153541 -2.310471
v 2.781633 12.539691 -2.831944
v 2.480908 12.366331 -3.016358
v 2.672332 12.320061 -2.676190
v 2.480908 12.366331 -3.016358
v 2.425678 12.166560 -2.682380
v 2.480908 12.366331 -3.016358
v 1.348569 13.541230 -1.678840
v 1.624861 13.590651 -1.514550
v 1.493113 13.866920 -1.697991
v 1.799724 13.291831 -1.569338
v 1.395205 13.219471 -1.809876
v 1.914735 13.155761 -1.871220
v 1.284087 13.716580 -1.945047
v 1.493113 13.866920 -1.697991
v 1.638444 13.106340 -2.035511
v 1.917519 13.230201 -2.220193
v 1.300797 13.476201 -2.199630
v 1.495897 13.941351 -2.046964
v 1.493113 13.866920 -1.697991
v 1.573962 13.281691 -2.301718
v 1.917519 13.230201 -2.220193
v 1.610908 13.805281 -2.348845
v 1.493113 13.866920 -1.697991
v 1.772189 13.990770 -1.882673
v 1.785772 13.506460 -2.403634
v 1.917519 13.230201 -2.220193
v 2.015427 13.877641 -2.108309
v 1.493113 13.866920 -1.697991
v 1.836671 13.815420 -1.616466
v 2.062064 13.555881 -2.239344
v 1.917519 13.230201 -2.220193
v 1.493113 13.866920 -1.697991
v 1.624861 13.590651 -1.514550
v 2.109835 13.620911 -1.718555
v 1.799724 13.291831 -1.569338
v 2.126545 13.380530 -1.973137
v 1.917519 13.230201 -2.220193
v 1.914735 13.155761 -1.871220
v 1.917519 13.230201 -2.220193
v 1.566772 18.619080 -0.623551
v 1.347884 18.618359 -0.630965
v 1.450878 18.727179 -0.447259
v 1.305223 18.392679 -0.689677
v 1.614777 18.393700 -0.679192
v 1.347884 18.182350 -0.589001
v 1.450878 18.727179 -0.447259
v 1.669765 18.637600 -0.431154
v 1.566772 18.183060 -0.581587
v 1.450878 18.110569 -0.387913
v 1.760432 18.419880 -0.407101
v 1.450878 18.727179 -0.447259
v 1.553871 18.655399 -0.246171
v 1.669765 18.201580 -0.389189
v 1.450878 18.110569 -0.387913
v 1.596532 18.445059 -0.145495
v 1.450878 18.727179 -0.447259
v 1.334983 18.654690 -0.253585
v 1.553871 18.219379 -0.204206
v 1.450878 18.110569 -0.387913
v 1.286978 18.444050 -0.155980
v 1.450878 18.727179 -0.447259
v 1.231990 18.636169 -0.445982
v 1.334983 18.218670 -0.211620
v 1.450878 18.110569 -0.387913
v 1.450878 18.727179 -0.447259
v 1.347884 18.618359 -0.630965
v 1.141324 18.417870 -0.428071
v 1.305223 18.392679 -0.689677
v 1.231990 18.200150 -0.404018
v 1.450878 18.110569 -0.387913
v 1.347884 18.182350 -0.589001
v 1.450878 18.110569 -0.387913
v 0.120975 18.771830 0.866374
v -0.097912 18.771109 0.858960
v 0.005081 18.879929 1.042667
v -0.140574 18.545429 0.800248
v 0.168981 18.546450 0.810734
v -0.097912 18.335100 0.900925
v 0.005081 18.879929 1.042667
v 0.223969 18.790350 1.058772
v 0.120975 18.335810 0.908339
v 0.005081 18.263319 1.102013
v 0.314635 18.572630 1.082825
v 0.005081 18.879929 1.042667
v 0.108074 18.808149 1.243756
v 0.223969 18.354330 1.100737
v 0.005081 18.263319 1.102013
v 0.150735 18.597809 1.344431
v 0.005081 18.879929 1.042667
v -0.110813 18.807440 1.236341
v 0.108074 18.372129 1.285720
v 0.005081 18.263319 1.102013
v -0.158819 18.596800 1.333946
v 0.005081 18.879929 1.042667
v -0.213807 18.788919 1.043944
v -0.110813 18.371420 1.278306
v 0.005081 18.263319 1.102013
v 0.005081 18.879929 1.042667
v -0.097912 18.771109 0.858960
v -0.304473 18.570620 1.061855
v -0.140574 18.545429 0.800248
v -0.213807 18.352900 1.085908
v 0.005081 18.263319 1.102013
v -0.097912 18.335100 0.900925
v 0.005081 18.263319 1.102013
v -1.383490 18.584160 -0.596077
v -1.602378 18.583450 -0.603492
v -1.499385 18.692259 -0.419785
v -1.645039 18.357769 -0.662203
v -1.335485 18.358780 -0.651718
v -1.602378 18.147430 -0.561527
v -1.499385 18.692259 -0.419785
v -1.280497 18.602680 -0.403680
v -1.383490 18.148149 -0.554113
v -1.499385 18.075649 -0.360439
v -1.189831 18.384970 -0.379627
v -1.499385 18.692259 -0.419785
v -1.396392 18.620480 -0.218697
v -1.280497 18.166660 -0.361715
v -1.499385 18.075649 -0.360439
v -1.353730 18.410139 -0.118021
v -1.499385 18.692259 -0.419785
v -1.615279 18.619770 -0.226111
v -1.396392 18.184469 -0.176732
v -1.499385 18.075649 -0.360439
v -1.663285 18.409140 -0.128506
v -1.499385 18.692259 -0.419785
v -1.718273 18.601250 -0.418508
v -1.615279 18.183750 -0.184146
v -1.499385 18.075649 -0.360439
v -1.499385 18.692259 -0.419785
v -1.602378 18.583450 -0.603492
v -1.808939 18.382950 -0.400597
v -1.645039 18.357769 -0.662203
v -1.718273 18.165239 -0.376544
v -1.499385 18.075649 -0.360439
v -1.602378 18.147430 -0.561527
v -1.499385 18.075649 -0.360439
v 0.110178 18.480289 -2.105191
v -0.108710 18.479580 -2.112605
v -0.005716 18.588400 -1.928899
v -0.151371 18.253899 -2.171317
v 0.158183 18.254910 -2.160831
v -0.108710 18.043570 -2.070641
v -0.005716 18.588400 -1.928899
v 0.213171 18.498810 -1.912794
v 0.110178 18.044279 -2.063227
v -0.005716 17.971779 -1.869553
v 0.303838 18.281099 -1.888741
v -0.005716 18.588400 -1.928899
v 0.097277 18.516609 -1.727810
v 0.213171 18.062799 -1.870829
v -0.005716 17.971779 -1.869553
v 0.139938 18.306280 -1.627135
v -0.005716 18.588400 -1.928899
v -0.121611 18.515900 -1.735225
v 0.097277 18.080599 -1.685846
v -0.005716 17.971779 -1.869553
v -0.169616 18.305269 -1.637620
v -0.005716 18.588400 -1.928899
v -0.224604 18.497379 -1.927622
v -0.121611 18.079889 -1.693260
v -0.005716 17.971779 -1.869553
v -0.005716 18.588400 -1.928899
v -0.108710 18.479580 -2.112605
v -0.315271 18.279079 -1.909711
v -0.151371 18.253899 -2.171317
v -0.224604 18.061369 -1.885658
v -0.005716 17.971779 -1.869553
v -0.108710 18.043570 -2.070641
v -0.005716 17.971779 -1.869553
v -5.044188 12.479689 0.023914
v -5.044188 12.656718 0.089578
v -5.293636 12.566829 0.156231
v -5.295126 12.481938 0.053253
v -5.551508 12.430439 0.279997
v -5.298762 12.477229 -0.286620
v -5.044188 12.460719 -0.295450
v -5.962637 12.493789 0.512384
v -6.042489 12.469089 0.462156
v -5.666512 12.400139 0.020717
v -6.110150 12.549628 0.268088
v -6.151917 12.572399 0.382285
v -5.696541 12.437569 -0.487846
v -5.602901 12.503919 -0.615003
v -6.105506 12.573000 -0.694317
v -6.114184 12.709859 0.460805
v -6.054360 12.781689 0.363775
v -6.145679 12.496609 -0.553924
v -6.334918 12.691059 0.193141
v -6.365547 12.876299 0.307499
v -6.174408 12.570299 -0.179668
v -6.628675 12.716989 0.169497
v -6.663970 12.882349 0.277193
v -6.350277 12.722349 -0.076172
v -6.686133 12.723309 0.163473
v -6.942209 12.878139 0.232048
v -6.389431 12.928119 0.053883
v -6.647365 12.869328 0.047338
v -6.928168 12.858899 0.048074
v -6.941182 12.748249 0.140890
v -7.115744 12.877539 0.200831
v -7.103831 12.868359 0.047824
v -7.152485 12.800669 0.120746
v -7.232137 12.917989 0.157483
v -7.225176 12.913019 0.074416
v -6.727911 12.744928 -0.076198
v -6.749061 12.907808 0.040049
v -6.415699 12.916439 -0.213076
v -6.771380 12.750118 -0.076211
v -7.031454 12.908019 0.028469
v -6.751879 12.889579 -0.193697
v -7.033584 12.893909 -0.177300
v -7.033471 12.772319 -0.075085
v -7.228434 12.904078 0.013804
v -7.230340 12.896799 -0.160932
v -7.285389 12.822709 -0.073444
v -7.342546 12.953029 -0.024522
v -7.342493 12.952199 -0.123724
v -6.353911 12.677079 -0.334105
v -6.682181 12.713359 -0.319644
v -6.698246 12.871629 -0.204487
v -6.342109 12.577269 -0.566394
v -6.346862 12.718379 -0.684500
v -6.577960 12.728209 -0.646639
v -6.363955 12.835659 -0.468612
v -6.706139 12.827008 -0.436971
v -6.564978 12.766768 -0.443179
v -6.724697 12.717608 -0.317644
v -6.964458 12.842539 -0.405686
v -6.957102 12.871379 -0.204227
v -6.967548 12.738358 -0.303835
v -7.140093 12.851269 -0.380577
v -7.135915 12.875799 -0.209063
v -7.196502 12.795118 -0.289963
v -7.270000 12.902678 -0.340498
v -7.267494 12.907529 -0.239333
v -6.571593 12.600908 -0.538532
v -6.756704 12.622879 -0.526092
v -6.764102 12.763529 -0.442616
v -6.775682 12.731489 -0.619092
v -6.780365 12.625669 -0.523807
v -6.905065 12.764949 -0.445693
v -6.912764 12.740358 -0.598128
v -6.967992 12.681719 -0.514449
v -7.021523 12.816138 -0.470299
v -7.027281 12.809528 -0.554792
v 5.044189 12.479690 0.023915
v 5.293636 12.566830 0.156231
v 5.044189 12.656719 0.089578
v 5.295126 12.481939 0.053253
v 5.551508 12.430440 0.279997
v 5.298762 12.477230 -0.286620
v 5.044189 12.460720 -0.295449
v 6.042488 12.469090 0.462156
v 5.962637 12.493790 0.512384
v 5.666512 12.400140 0.020717
v 6.110150 12.549629 0.268088
v 6.151916 12.572400 0.382286
v 5.696541 12.437570 -0.487846
v 5.602901 12.503920 -0.615003
v 6.105506 12.573001 -0.694317
v 6.054360 12.781690 0.363775
v 6.114183 12.709860 0.460805
v 6.145680 12.496610 -0.553924
v 6.334919 12.691060 0.193141
v 6.365547 12.876300 0.307499
v 6.174409 12.570300 -0.179668
v 6.628676 12.716990 0.169497
v 6.663971 12.882350 0.277193
v 6.350278 12.722350 -0.076172
v 6.686134 12.723310 0.163475
v 6.942210 12.878139 0.232049
v 6.389431 12.928120 0.053883
v 6.647377 12.869329 0.047338
v 6.928169 12.858900 0.048076
v 6.941182 12.748250 0.140892
v 7.115744 12.877540 0.200832
v 7.103832 12.868360 0.047825
v 7.152486 12.800670 0.120748
v 7.232137 12.917990 0.157485
v 7.225177 12.913020 0.074417
v 6.727877 12.744929 -0.076198
v 6.749061 12.907809 0.040049
v 6.415700 12.916440 -0.213076
v 6.771381 12.750119 -0.076209
v 7.031454 12.908020 0.028470
v 6.751879 12.889580 -0.193697
v 7.033584 12.893909 -0.177298
v 7.033471 12.772320 -0.075083
v 7.228434 12.904079 0.013805
v 7.230340 12.896800 -0.160931
v 7.285390 12.822710 -0.073443
v 7.342546 12.953030 -0.024520
v 7.342493 12.952200 -0.123723
v 6.353912 12.677080 -0.334105
v 6.682182 12.713360 -0.319644
v 6.698247 12.871630 -0.204487
v 6.342110 12.577270 -0.566394
v 6.346863 12.718380 -0.684500
v 6.577960 12.728209 -0.646638
v 6.363955 12.835660 -0.468612
v 6.706192 12.827009 -0.436971
v 6.564978 12.766769 -0.443179
v 6.724675 12.717609 -0.317643
v 6.964459 12.842540 -0.405684
v 6.957103 12.871380 -0.204225
v 6.967549 12.738359 -0.303833
v 7.140094 12.851270 -0.380576
v 7.135916 12.875800 -0.209061
v 7.196502 12.795119 -0.289962
v 7.270000 12.902679 -0.340497
v 7.267494 12.907530 -0.239331
v 6.571594 12.600909 -0.538531
v 6.756705 12.622880 -0.526091
v 6.764102 12.763530 -0.442615
v 6.775683 12.731490 -0.619090
v 6.780365 12.625669 -0.523806
v 6.905065 12.764950 -0.445691
v 6.912764 12.740359 -0.598127
v 6.967993 12.681720 -0.514447
v 7.021523 12.816139 -0.470298
v 7.027282 12.809529 -0.554790
v -2.049162 16.246109 -0.375642
v -1.973534 16.469650 -0.096981
v -1.855584 16.727499 -0.267228
v -1.924304 16.236439 -0.911649
v -2.102092 15.759150 -0.411967
v -1.536343 17.073839 -0.775110
v -1.647970 17.063009 -0.261330
v -0.821093 17.549379 -0.002057
v -1.934673 15.750919 -0.960380
v -0.690646 17.620539 -0.978277
v 0.000000 17.606730 -0.252444
v -2.021864 15.345030 -0.415604
v -2.119804 15.572880 -0.104922
v 0.000000 17.562569 -1.316888
v -1.005526 17.069530 -1.643562
v 0.000000 17.050310 -2.103715
v -1.558588 16.457119 -1.560493
v -0.816337 16.556080 -2.106740
v -1.485840 15.530960 -1.655083
v -0.842278 15.681840 -2.138709
v -1.664414 14.926670 -1.031292
v -1.011632 14.934939 -1.865231
v -1.598248 14.837330 -0.302709
v -1.952282 15.175380 -0.246944
v -1.688634 15.239779 -0.303408
v -1.510045 15.185659 -0.038776
v -1.331325 14.587020 -0.183730
v -0.885733 14.226279 -0.366439
v -1.125629 14.502520 -1.144999
v -0.558886 14.063359 -0.495116
v -0.482992 14.242970 -1.259205
v 0.000000 13.909450 -0.672532
v 0.000000 14.814360 -2.013819
v 0.000000 14.182179 -1.296378
v 0.482992 14.242970 -1.259205
v 0.558886 14.063359 -0.495116
v 0.000000 15.736059 -2.319512
v 1.125629 14.502520 -1.144999
v 0.885733 14.226279 -0.366439
v 1.011632 14.934939 -1.865231
v 0.842278 15.681840 -2.138709
v 0.000000 16.571159 -2.302845
v 0.816337 16.556080 -2.106740
v 1.005526 17.069530 -1.643562
v 0.000000 17.562569 -1.316888
v 1.558588 16.457119 -1.560493
v 1.485840 15.530960 -1.655083
v 0.690646 17.620539 -0.978277
v 0.821093 17.549379 -0.002057
v 1.536343 17.073839 -0.775110
v 1.647970 17.063009 -0.261330
v 1.855584 16.727499 -0.267228
v 1.924304 16.236439 -0.911649
v 2.049162 16.246109 -0.375642
v 1.973534 16.469650 -0.096981
v 2.102092 15.759150 -0.411967
v 1.934673 15.750919 -0.960380
v 2.021864 15.345030 -0.415604
v 2.119804 15.572880 -0.104922
v 1.664414 14.926670 -1.031292
v 1.598248 14.837330 -0.302709
v 1.952282 15.175380 -0.246944
v 1.688634 15.239779 -0.303408
v 1.331325 14.587020 -0.183730
v 1.510045 15.185659 -0.038776
v 5.776547 2.118583 0.907346
v 5.350943 2.487834 -0.047164
v 5.503876 3.334427 -0.056167
v 5.950599 2.916596 0.890526
v 5.819846 4.684862 0.009602
v 5.854456 2.766839 1.863829
v 5.714932 2.028423 1.825441
v 5.224838 2.117959 2.605731
v 5.730534 4.663023 1.860322
v 5.072919 6.400093 -0.010054
v 5.359386 2.917638 2.708351
v 4.449326 3.326091 3.198560
v 4.329957 2.489733 3.088028
v 4.127011 2.119931 4.114039
v 4.724866 4.684863 3.511281
v 4.268365 2.916844 4.210397
v 3.616531 2.766661 4.943447
v 3.535584 2.031651 4.819852
v 2.671067 2.142245 5.148511
v 3.541667 4.663023 4.873038
v 2.852648 2.940315 5.366489
v 1.828249 3.339725 5.380324
v 1.696695 2.493723 4.987681
v 0.918501 2.123348 5.573923
v 1.893847 4.763280 5.538539
v 1.039891 2.917117 5.887242
v -0.000006 2.790624 6.106135
v 0.014229 2.039762 5.816822
v -0.890746 2.123348 5.573923
v 0.000000 4.663023 6.008537
v -1.039896 2.917117 5.887242
v -1.828261 3.339725 5.380324
v -1.668486 2.493723 4.987681
v -2.633961 2.146441 5.149834
v -1.893846 4.763280 5.538539
v -2.852659 2.940315 5.366485
v -3.616546 2.766661 4.943446
v -3.507129 2.031651 4.819851
v -4.110076 2.148298 4.075436
v -3.541665 4.663023 4.873038
v -4.268380 2.916844 4.210397
v -4.449326 3.326091 3.198560
v -4.302201 2.489733 3.088028
v -5.197080 2.117959 2.605731
v -4.724865 4.684863 3.511278
v -5.359395 2.917638 2.708351
v -5.854401 2.766827 1.863980
v -5.686473 2.028423 1.825441
v -5.748796 2.118583 0.907346
v -5.730534 4.663023 1.860322
v -5.504381 3.333954 -0.057705
v -5.323192 2.487834 -0.047164
v -5.945976 2.909241 0.938651
v -5.819854 4.684862 0.009602
v -5.072921 6.400093 -0.010054
v -4.741037 6.834444 1.565760
v -4.080246 7.970387 0.645751
v -4.131049 6.400093 2.984106
v -3.341106 7.921151 2.506082
v -3.122130 9.110785 0.466408
v -2.895478 6.834445 3.952334
v -2.427794 9.110785 1.963589
v -2.294408 9.887953 0.339315
v -1.800540 7.970388 3.669290
v -1.587221 6.400094 4.773017
v -1.755754 9.848996 1.421710
v -0.916901 10.724410 0.307928
v -0.407544 10.493529 1.036591
v -1.328804 9.110785 2.840679
v -0.864583 9.848996 2.087249
v 0.000000 10.397400 1.188572
v 0.000000 8.019625 4.169221
v 0.000000 9.110785 3.208681
v 0.000000 9.842290 2.317792
v 0.864583 9.848997 2.087248
v 0.407544 10.493529 1.036591
v 1.328805 9.110785 2.840679
v 1.755754 9.848996 1.421710
v 0.916901 10.724410 0.307928
v 2.294407 9.887953 0.391016
v 2.427794 9.110785 1.963589
v 3.122129 9.110785 0.466408
v 1.800540 7.970389 3.669289
v 3.341108 7.921152 2.506082
v 4.080246 7.970388 0.645750
v 1.587222 6.400094 4.773015
v 4.741035 6.834444 1.565760
v 2.895476 6.834445 3.952334
v 4.131049 6.400093 2.984102
v 0.000000 6.834445 4.899836
v -5.323192 2.487834 -0.047164
v -5.504381 3.333954 -0.057705
v -5.750909 2.116117 -0.961311
v -5.950283 2.917696 -0.966719
v -5.819854 4.684862 0.009602
v -5.854549 2.766630 -1.940658
v -5.690054 2.024647 -1.880188
v -5.199521 2.116707 -2.658051
v -5.804935 4.663023 -1.863605
v -5.072921 6.400093 -0.010054
v -5.360336 2.916593 -2.784245
v -4.452536 3.335380 -3.291097
v -4.305630 2.485548 -3.186067
v -4.100448 2.114796 -4.173340
v -4.819643 4.684862 -3.492073
v -4.267956 2.917462 -4.287314
v -3.618356 2.766428 -5.018646
v -3.512922 2.021758 -4.881422
v -2.658821 2.115119 -5.220723
v -3.541665 4.663023 -5.044734
v -2.722730 2.916775 -5.410439
v -1.700640 3.336311 -5.290153
v -1.636429 2.484089 -5.126881
v -0.876723 2.114397 -5.800354
v -1.840938 4.684862 -5.656231
v -0.955020 2.917116 -5.984690
v -0.000005 2.766320 -6.194358
v 0.014229 2.020778 -6.028496
v 0.904479 2.114397 -5.800354
v 0.000000 4.663023 -6.195491
v 0.955009 2.917116 -5.984690
v 1.700630 3.336311 -5.290153
v 1.664186 2.484087 -5.126880
v 2.686579 2.115119 -5.220724
v 1.840941 4.684862 -5.656232
v 2.722722 2.916775 -5.410443
v 3.618345 2.766428 -5.018646
v 3.541380 2.021758 -4.881422
v 4.128205 2.114796 -4.173344
v 3.541670 4.663023 -5.044734
v 4.267945 2.917462 -4.287316
v 4.452524 3.335380 -3.291099
v 4.333390 2.485548 -3.186069
v 5.227280 2.116707 -2.658050
v 4.819648 4.684861 -3.492075
v 5.360328 2.916593 -2.784246
v 5.854542 2.766630 -1.940659
v 5.718514 2.024647 -1.880189
v 5.778664 2.116117 -0.961312
v 5.804938 4.663023 -1.863606
v 5.503876 3.334427 -0.056167
v 5.350943 2.487834 -0.047164
v 5.950269 2.917696 -0.966719
v 5.819846 4.684862 0.009602
v 5.072919 6.400093 -0.010054
v 4.844695 6.834444 -1.588658
v 4.171465 6.400093 -3.228529
v 4.088395 8.019625 -1.373778
v 4.080246 7.970388 0.645750
v 3.002532 6.834444 -4.355168
v 3.239917 9.110785 -1.067355
v 3.122129 9.110785 0.466408
v 3.035177 7.970388 -3.295694
v 2.353610 9.178366 -2.563646
v 2.297855 9.993513 -0.742747
v 2.294407 9.887953 0.391016
v 0.916901 10.724410 0.307928
v 0.704747 10.895450 -0.578278
v 1.127719 10.189680 -2.106436
v -0.000000 10.932230 -0.844359
v 0.986135 9.288782 -3.549240
v 0.000000 10.214600 -2.461816
v -1.127719 10.189680 -2.106435
v -0.704747 10.895450 -0.578278
v 0.000000 9.315542 -3.703838
v -2.297854 9.994000 -0.743001
v -0.916901 10.724410 0.307928
v -2.294408 9.887953 0.339315
v -3.122130 9.110785 0.466408
v -0.986135 9.288782 -3.549240
v -3.239917 9.110785 -1.067355
v -4.080246 7.970387 0.645751
v -2.353609 9.178366 -2.563645
v -4.088392 8.019625 -1.373778
v -3.035176 7.970388 -3.295693
v -4.844686 6.834444 -1.588658
v -4.171464 6.400093 -3.228526
v -3.002532 6.834444 -4.355167
v -1.329375 7.921152 -4.485531
v -1.563766 6.400093 -5.174030
v 0.000000 8.019625 -4.674764
v 0.000000 6.834444 -5.364554
v 1.329375 7.921152 -4.485531
v 1.563767 6.400093 -5.174034
v 0.000000 12.669760 1.175801
v 0.205449 12.880739 0.920518
v 0.000000 12.625750 1.014244
v 0.670784 13.183459 1.027847
v 0.687892 13.256670 0.724860
v 0.798112 12.980780 1.230866
v 1.284106 13.314980 0.938858
v 1.182308 13.416659 0.676398
v 1.452502 13.412320 0.681328
v 1.520690 13.148860 0.781463
v 1.375404 12.910700 1.087111
v 1.516739 12.867189 0.889314
v 1.314942 12.431620 1.036646
v 1.220461 12.494590 1.216050
v 0.755717 12.235149 1.433915
v 0.000000 12.357579 1.225536
v 0.313042 12.049459 1.095123
v 0.674555 11.931240 1.231650
v 1.189241 11.821950 1.168693
v 1.311631 12.230869 1.335580
v 1.442837 12.189110 1.122810
v 1.365228 11.973450 1.395202
v 1.463856 11.858979 1.244405
v 0.000000 12.669760 1.175801
v 0.000000 12.625750 1.014244
v -0.205449 12.880739 0.920518
v -0.670784 13.183459 1.027847
v -0.687892 13.256670 0.724860
v -0.798112 12.980780 1.230866
v -1.284106 13.314980 0.938858
v -1.182308 13.416659 0.676398
v -1.452502 13.412320 0.681328
v -1.520690 13.148860 0.781463
v -1.375404 12.910700 1.087111
v -1.516739 12.867189 0.889314
v -1.314942 12.431620 1.036646
v -1.220461 12.494590 1.216050
v -0.755717 12.235149 1.433915
v 0.000000 12.357579 1.225536
v -0.313042 12.049459 1.095123
v -0.674555 11.931240 1.231650
v -1.189241 11.821950 1.168693
v -1.311631 12.230869 1.335580
v -1.442837 12.189110 1.122810
v -1.365228 11.973450 1.395202
v -1.463856 11.858979 1.244405
v 0.712434 13.230269 0.040659
v 0.862215 13.248879 -0.245296
v 0.680872 13.301310 -0.312977
v 0.926080 13.150949 0.136032
v 0.843261 13.223940 -0.598561
v 1.074399 12.689690 -0.835815
v 1.015405 12.927839 0.440847
v 1.254071 12.582160 0.394122
v 1.377155 12.097779 -0.150388
v 0.945151 12.744390 0.677504
v 0.453267 13.097110 0.411097
v 1.308662 12.111740 0.476211
v 1.247850 11.643360 -0.011046
v 1.170544 12.257470 0.904758
v 0.576606 12.685760 0.845448
v 0.000000 13.053410 0.605313
v 0.715632 12.223269 1.048776
v 1.141406 11.959160 0.869807
v 0.000000 12.630700 0.970022
v 0.739298 11.919340 1.037903
v 1.086900 11.615330 0.493663
v 0.949061 11.227090 0.272864
v 0.525134 11.081510 0.873544
v 0.657846 11.582590 0.842096
v 0.000000 11.542350 0.988190
v 0.000000 10.936270 1.061653
v -0.525134 11.081510 0.873544
v 0.000000 11.899350 1.130488
v 0.000000 12.212709 1.157922
v -0.739298 11.919340 1.037903
v -0.576606 12.685760 0.845448
v -0.453267 13.097110 0.411097
v -0.715632 12.223269 1.048776
v -0.945151 12.744390 0.677505
v -0.712434 13.230269 0.040658
v -1.170544 12.257470 0.904758
v -0.657846 11.582590 0.842095
v -1.141406 11.959160 0.869808
v -1.086900 11.615330 0.493663
v -0.949061 11.227090 0.272864
v -1.247850 11.643360 -0.011046
v -1.308662 12.111740 0.476211
v -1.377155 12.097779 -0.150388
v -1.254071 12.582160 0.394122
v -1.074399 12.689690 -0.835815
v -1.015405 12.927839 0.440847
v -0.926080 13.150949 0.136032
v -0.843261 13.223940 -0.598561
v -0.862215 13.248879 -0.245296
v -0.680872 13.301310 -0.312977
v -2.568819 12.880858 0.373478
v -2.429114 13.254189 0.193930
v -2.429114 12.473289 0.447657
v -2.568819 13.309579 -0.216609
v -2.429114 13.254189 -0.627148
v -2.013732 12.685678 -0.216609
v -2.429114 11.990679 -0.216609
v -2.568819 12.187169 0.148085
v -2.429114 12.473289 -0.880875
v -2.568819 12.880858 -0.806696
v -2.568819 12.187169 -0.581303
v 2.568819 12.880859 0.373478
v 2.429114 12.473289 0.447657
v 2.429114 13.254189 0.193930
v 2.568819 12.187170 0.148085
v 2.429114 11.990680 -0.216609
v 2.013732 12.685679 -0.216609
v 2.429114 13.254189 -0.627148
v 2.568819 13.309580 -0.216609
v 2.429114 12.473289 -0.880875
v 2.568819 12.187170 -0.581303
v 2.568819 12.880859 -0.806696
v -2.429114 11.963649 0.310481
v -2.568819 12.187169 0.148085
v -2.429114 11.990679 -0.216609
v -2.078729 11.553019 -0.216609
v -2.429114 12.473289 0.447657
v -2.078729 11.769329 0.449153
v -1.444227 11.530128 -0.216609
v -2.078729 12.335659 0.860616
v -1.444227 11.750819 0.462606
v -0.729937 11.982718 -0.216609
v -1.444227 12.328588 0.882384
v -0.729937 12.468449 0.451945
v -0.482885 12.685678 -0.216609
v -1.444227 13.042759 0.882384
v -0.729937 13.254378 0.196580
v -2.429114 12.966228 0.636240
v -2.568819 12.880858 0.373478
v -2.429114 13.254189 0.193930
v -2.078729 13.035688 0.860616
v -1.444227 13.620539 0.462606
v -2.078729 13.602018 0.449153
v -2.429114 13.585869 -0.216609
v -2.568819 13.309579 -0.216609
v -2.429114 13.254189 -0.627148
v -2.078729 13.818338 -0.216609
v -1.444227 13.841228 -0.216609
v -0.729937 13.254378 -0.629798
v -1.444227 13.620539 -0.895824
v -2.078729 13.602018 -0.882371
v -0.729937 12.468449 -0.885163
v -0.729937 11.982718 -0.216609
v -1.444227 13.042759 -1.315602
v -2.078729 13.035688 -1.293833
v -2.429114 12.966228 -1.069457
v -2.568819 12.880858 -0.806696
v -2.429114 12.473289 -0.880875
v -1.444227 12.328588 -1.315602
v -2.078729 12.335659 -1.293833
v -1.444227 11.750819 -0.895824
v -1.444227 11.530128 -0.216609
v -2.078729 11.769329 -0.882370
v -2.078729 11.553019 -0.216609
v -2.429114 11.963649 -0.743698
v -2.429114 11.990679 -0.216609
v -2.568819 12.187169 -0.581303
v 2.429114 11.963650 0.310481
v 2.429114 11.990680 -0.216609
v 2.568819 12.187170 0.148085
v 2.078729 11.553020 -0.216609
v 2.429114 12.473289 0.447657
v 2.078729 11.769330 0.449153
v 1.444227 11.530129 -0.216609
v 2.078729 12.335660 0.860616
v 1.444227 11.750820 0.462606
v 0.729937 11.982719 -0.216609
v 1.444227 12.328589 0.882384
v 0.729937 12.468450 0.451945
v 0.482885 12.685670 -0.216609
v 1.444227 13.042760 0.882384
v 0.729937 13.254379 0.196580
v 2.429114 12.966229 0.636240
v 2.568819 12.880859 0.373478
v 2.429114 13.254189 0.193930
v 2.078729 13.035689 0.860616
v 1.444227 13.620540 0.462606
v 2.078729 13.602019 0.449153
v 1.444227 13.841229 -0.216609
v 2.429114 13.585870 -0.216609
v 2.568819 13.309580 -0.216609
v 2.078729 13.818339 -0.216609
v 2.429114 13.254189 -0.627148
v 2.078729 13.602019 -0.882371
v 1.444227 13.620540 -0.895824
v 0.729937 13.254379 -0.629798
v 2.429114 12.966229 -1.069457
v 2.568819 12.880859 -0.806696
v 2.429114 12.473289 -0.880875
v 2.078729 13.035689 -1.293833
v 2.078729 12.335660 -1.293833
v 1.444227 13.042760 -1.315602
v 1.444227 12.328589 -1.315602
v 0.729937 12.468450 -0.885163
v 0.729937 11.982719 -0.216609
v 1.444227 11.750820 -0.895824
v 1.444227 11.530129 -0.216609
v 2.078729 11.769330 -0.882370
v 2.078729 11.553020 -0.216609
v 2.429114 11.963650 -0.743698
v 2.429114 11.990680 -0.216609
v 2.568819 12.187170 -0.581303
v 0.251401 17.761530 -1.840399
v 0.002528 18.080479 -2.035547
v 0.014547 17.695179 -1.539493
v -0.244839 17.727360 -1.850670
v 0.655514 17.613390 -1.662400
v -0.680122 17.612570 -1.674689
v -0.002608 17.525059 -0.290805
v 1.028344 17.561890 -1.313003
v -1.053925 17.563259 -1.387158
v 1.329311 17.689260 -0.992674
v -1.303804 17.671780 -1.004101
v 1.196484 17.808390 -0.362936
v 1.499224 17.925060 -0.602037
v 1.632230 18.235880 -0.389573
v 1.498859 17.973209 -0.146166
v 1.328407 17.800650 0.299086
v 1.067853 17.766479 0.720195
v 0.668037 17.860729 0.959151
v 0.007235 17.947910 0.898958
v 0.235120 18.054270 1.129200
v -0.007097 18.425560 1.222969
v -0.243258 18.064770 1.127612
v -0.656539 17.858980 0.956809
v -1.054191 17.767939 0.720367
v -1.301426 17.797300 0.314966
v -1.254030 17.827139 -0.356399
v -1.513684 17.986990 -0.140135
v -1.514191 17.927090 -0.598695
v -1.668638 18.259470 -0.380854
v 0.420046 13.443450 -0.625247
v 0.000000 13.384860 -0.816493
v 0.000000 13.468149 -0.764050
v 0.000000 13.706100 -0.849835
v 0.535719 13.674740 -0.680927
v 0.498617 13.347640 -0.636102
v 0.729984 13.585810 -0.322734
v 0.606863 13.378329 -0.305223
v 0.680872 13.301310 -0.312977
v 0.756717 13.492710 0.064132
v 0.629087 13.302489 0.033615
v 0.712434 13.230269 0.040659
v 0.535369 13.384419 0.447873
v 0.419749 13.207850 0.351206
v 0.453267 13.097110 0.411097
v 0.000000 13.296090 0.670801
v 0.000000 13.140039 0.536770
v 0.000000 13.053410 0.605313
v -0.453267 13.097110 0.411097
v -0.419748 13.207850 0.351206
v -0.535369 13.384419 0.447873
v -0.712434 13.230269 0.040658
v -0.629087 13.302489 0.033615
v -0.771220 13.552159 -0.130524
v -0.680872 13.301310 -0.312977
v -0.606863 13.378329 -0.305223
v -0.729984 13.585810 -0.322734
v -0.498617 13.347640 -0.636102
v -0.420046 13.443450 -0.625247
v -0.535720 13.674740 -0.680927
v 0.000000 13.384860 -0.816493
v 0.000000 13.706100 -0.849835
v 0.000000 13.468149 -0.764050
v 0.000000 12.170380 1.169083
v 0.494020 11.334680 1.695721
v 0.000000 12.357579 1.225536
v 0.358299 11.157440 1.499870
v 0.933804 11.522719 1.444632
v 1.197696 11.517870 1.207215
v 0.000000 12.170380 1.169083
v -0.494020 11.334680 1.695721
v -0.358299 11.157440 1.499870
v 0.000000 12.357579 1.225536
v -0.933804 11.522719 1.444632
v -1.197696 11.517870 1.207215
v 0.756717 13.492710 0.064132
v -0.001450 12.970160 -0.135700
v 0.535369 13.384419 0.447873
v 0.000000 13.296090 0.670801
v 0.729984 13.585810 -0.322734
v -0.535369 13.384419 0.447873
v 0.535719 13.674740 -0.680927
v -0.771220 13.552159 -0.130524
v 0.000000 13.706100 -0.849835
v -0.729984 13.585810 -0.322734
v -0.535720 13.674740 -0.680927
v 0.000000 13.030430 1.362251
v 0.291693 12.968679 1.131522
v 0.000000 13.057019 1.104358
v -0.291693 12.968679 1.131522
v 0.261990 12.977340 1.347889
v 0.477938 12.718220 1.208537
v -0.261990 12.977340 1.347889
v -0.477938 12.718220 1.208537
v 0.385782 12.664160 1.455985
v 0.480020 12.480410 1.281664
v 0.000000 12.695980 1.559458
v 0.278136 12.335020 1.545400
v 0.303110 12.220620 1.361549
v -0.385782 12.664160 1.455985
v -0.480020 12.480410 1.281664
v 0.000000 12.299180 1.587107
v 0.000000 12.132850 1.388537
v -0.303110 12.220620 1.361549
v -0.278136 12.335020 1.545400
v 1.528305 18.180099 -0.393414
v 1.200340 17.610260 0.107569
v 1.303337 17.567789 -0.333646
v 1.200340 17.525330 -0.774862
v 1.430279 18.288879 0.175320
v 0.878838 17.652649 0.547973
v 1.430278 18.178570 -0.970798
v 0.878838 17.482950 -1.215266
v 1.429035 18.514179 -0.425568
v 1.072061 18.337090 0.676215
v 1.072061 18.130360 -1.471693
v 0.568851 18.371410 1.032785
v 0.436399 17.683449 0.867997
v 1.004100 18.765949 0.566664
v 1.219005 18.849850 -0.002768
v -0.007688 18.327250 1.135515
v -0.006856 17.693319 0.970520
v -0.450110 17.683439 0.867995
v 1.224362 18.812740 -0.454043
v -0.582563 18.371410 1.032784
v -0.892549 17.652649 0.547973
v 1.219005 18.763210 -0.902970
v 0.731138 19.130249 -0.484458
v 1.004100 18.572250 -1.445948
v 0.783141 18.987530 -1.263937
v 0.568850 18.096039 -1.828263
v 0.436398 17.452139 -1.535290
v 0.445325 18.689089 -1.673091
v -0.007688 18.032949 -1.922343
v -0.006856 17.442270 -1.637813
v -0.450111 17.452150 -1.535290
v -0.007688 18.376539 -1.855682
v -0.582563 18.096039 -1.828263
v -0.892549 17.482939 -1.215266
v -0.007430 18.694740 -1.680169
v -1.085774 18.130360 -1.471694
v -0.459037 18.689089 -1.673091
v -0.007286 19.059509 -1.219486
v -1.017813 18.572250 -1.445949
v 0.475867 19.178959 -0.973667
v -0.006856 19.029100 -0.474290
v -0.796853 18.987530 -1.263937
v -0.489579 19.178949 -0.973666
v -0.006856 19.029100 -0.474290
v -0.745711 19.130249 -0.484458
v -1.232717 18.763210 -0.902970
v -1.443990 18.178570 -0.970798
v -1.214052 17.525330 -0.774862
v -1.543682 18.180099 -0.393415
v -1.317048 17.567789 -0.333647
v -1.214052 17.610260 0.107569
v -1.444411 18.514179 -0.425568
v -1.443990 18.288879 0.175319
v -1.239222 18.812740 -0.454044
v -1.232717 18.849850 -0.002768
v -1.085773 18.337090 0.676214
v -1.017812 18.765949 0.566664
v -0.796854 19.138889 0.308789
v -0.489579 19.271439 -0.012663
v -0.006856 19.029100 -0.474290
v -0.007286 19.200989 0.250570
v -0.459037 18.923969 0.767353
v -0.007687 18.651819 1.004548
v -0.007430 18.930750 0.772083
v 0.445325 18.923969 0.767354
v 0.783141 19.138899 0.308790
v 0.475867 19.271450 -0.012662
v -0.006856 19.029100 -0.474290
v 0.885475 0.150781 0.428235
v 1.140231 0.459409 0.837274
v 1.032431 0.000002 0.837274
v 1.062277 0.000002 1.289729
v 0.950796 0.605184 0.474865
v 0.789000 0.489868 -0.060782
v 1.188855 0.448529 1.289729
v 0.885732 0.000002 1.702101
v 0.920089 0.915175 0.817316
v 1.025271 0.721283 0.090964
v 0.974513 0.462299 1.801748
v 0.443367 0.000002 1.856337
v 0.869653 0.748394 -0.456332
v 0.727653 0.489868 -0.380617
v 0.870456 1.076775 0.489413
v 0.979889 1.077879 0.032351
v 0.444417 0.748394 -0.671461
v 0.444417 0.489868 -0.521420
v 0.183016 0.489868 -0.380617
v 0.848502 1.122088 -0.400512
v 0.026759 0.748394 -0.456332
v 0.444417 1.122088 -0.584417
v 0.123634 0.489868 -0.060782
v 0.873388 1.277792 0.002917
v -0.103869 0.721283 0.090964
v 0.754752 1.308130 -0.327901
v 0.819353 1.269166 0.337245
v 0.440372 1.159347 0.019264
v 0.444417 1.338004 -0.413600
v 0.054356 1.122088 -0.402994
v 0.106766 1.308130 -0.327901
v 0.008104 1.277792 0.002917
v -0.081485 1.077879 0.034393
v 0.074847 1.269166 0.337245
v 0.444417 1.343488 0.483209
v 0.066932 1.076775 0.489413
v 0.443367 1.209350 0.543732
v -0.028134 0.605981 0.474865
v 0.100590 0.150781 0.428235
v 0.444560 1.069531 0.817316
v 0.028471 0.915175 0.817316
v -0.213924 0.459409 0.837274
v -0.108942 0.000002 0.837274
v -0.139169 0.000002 1.289729
v -0.038201 0.967237 1.342834
v -0.282674 0.448529 1.289729
v 0.019943 0.000002 1.702101
v 0.443812 1.148021 1.389419
v -0.053902 0.462299 1.801748
v -0.007794 0.848756 1.662205
v 0.443367 0.479525 2.030110
v 0.443367 0.970576 1.811534
v 0.944636 0.848756 1.662205
v 0.983773 0.967237 1.342834
v -0.727653 0.489868 -0.380617
v -0.444416 0.748394 -0.671461
v -0.444416 0.489868 -0.521420
v -0.183016 0.489868 -0.380617
v -0.869653 0.748394 -0.456332
v -0.788999 0.489868 -0.060782
v -0.026759 0.748394 -0.456332
v -0.123634 0.489868 -0.060782
v -0.444416 1.122088 -0.584417
v -1.025271 0.721283 0.090964
v 0.103869 0.721283 0.090964
v -0.950796 0.605184 0.474865
v -0.885475 0.150781 0.428235
v 0.028134 0.605981 0.474865
v -0.100590 0.150781 0.428235
v -1.140231 0.459409 0.837274
v -1.032431 0.000002 0.837274
v -1.062277 0.000002 1.289729
v -1.188855 0.448529 1.289729
v -0.885731 0.000002 1.702101
v -0.920089 0.915175 0.817316
v -0.974513 0.462299 1.801748
v -0.443367 0.000002 1.856337
v -0.983773 0.967237 1.342834
v -0.944635 0.848756 1.662205
v -0.443367 0.479525 2.030110
v 0.053902 0.462299 1.801748
v -0.019943 0.000002 1.702101
v -0.443367 0.970576 1.811534
v 0.282674 0.448529 1.289729
v 0.139169 0.000002 1.289729
v 0.007794 0.848756 1.662205
v -0.443812 1.148021 1.389419
v 0.038202 0.967237 1.342834
v 0.213924 0.459409 0.837274
v 0.108942 0.000002 0.837274
v -0.028470 0.915175 0.817316
v -0.444560 1.069531 0.817316
v -0.066932 1.076775 0.489413
v -0.870455 1.076775 0.489413
v -0.443367 1.209350 0.543732
v 0.081485 1.077879 0.034393
v -0.979889 1.077879 0.032351
v -0.054355 1.122088 -0.402994
v -0.074846 1.269166 0.337245
v -0.008104 1.277792 0.002917
v -0.106766 1.308130 -0.327901
v -0.444416 1.343488 0.483209
v -0.444416 1.338004 -0.413600
v -0.440372 1.159347 0.019264
v -0.754752 1.308130 -0.327901
v -0.819352 1.269166 0.337245
v -0.873388 1.277792 0.002917
v -0.848501 1.122088 -0.400512
v -0.172351 19.262430 -0.296350
v -0.259688 19.007339 -0.184058
v 0.109135 19.015919 -0.094871
v -0.349287 18.972010 -0.551185
v 0.089410 19.268400 -0.234244
v 0.349566 18.992889 -0.334197
v -0.234744 19.237350 -0.556906
v 0.235023 19.254459 -0.379188
v -0.089130 19.223400 -0.701850
v -0.108856 18.948969 -0.790510
v 0.000140 19.355019 -0.478549
v 0.172630 19.229380 -0.639744
v 0.259968 18.957560 -0.701324
v 1.042068 14.242290 -0.004578
v 1.129541 14.046519 -0.280562
v 0.979332 14.046519 -0.004728
v 1.042068 13.850760 -0.004578
v 1.163000 14.245250 -0.247103
v 1.198038 14.385600 -0.003709
v 1.163000 13.847790 -0.247103
v 1.198038 13.707450 -0.003709
v 1.267968 14.385600 -0.142136
v 1.406394 14.443979 -0.003709
v 1.267968 13.707450 -0.142135
v 1.406394 13.649059 -0.003708
v 1.405525 13.850760 -0.368036
v 1.544821 13.707450 -0.142135
v 1.405525 14.242290 -0.368036
v 1.405375 14.046519 -0.430771
v 1.649789 13.847790 -0.247103
v 1.683248 14.046519 -0.280562
v 1.614751 13.707450 -0.003709
v 1.544821 14.385600 -0.142136
v 1.649789 14.245250 -0.247103
v 1.614751 14.385600 -0.003709
v 1.770721 14.242290 -0.002839
v 1.770721 13.850760 -0.002839
v 1.833457 14.046519 -0.002690
v 1.649789 14.245250 0.239686
v 1.683248 14.046519 0.273145
v 1.649789 13.847790 0.239686
v 1.544821 13.707450 0.134718
v 1.407264 13.850760 0.360618
v 1.267968 13.707450 0.134718
v 1.198038 13.707450 -0.003709
v 1.163000 13.847790 0.239686
v 1.042068 13.850760 -0.004578
v 1.407414 14.046519 0.423354
v 1.129541 14.046519 0.273145
v 0.979332 14.046519 -0.004728
v 1.042068 14.242290 -0.004578
v 1.407264 14.242290 0.360618
v 1.163000 14.245250 0.239686
v 1.198038 14.385600 -0.003709
v 1.544821 14.385600 0.134717
v 1.267968 14.385600 0.134717
v -1.042068 14.242290 -0.004578
v -1.129541 14.046519 0.273145
v -0.979332 14.046519 -0.004728
v -1.042068 13.850760 -0.004578
v -1.163000 14.245250 0.239686
v -1.198038 14.385600 -0.003709
v -1.163000 13.847790 0.239686
v -1.198038 13.707450 -0.003709
v -1.267968 14.385600 0.134717
v -1.406394 14.443979 -0.003709
v -1.267968 13.707450 0.134718
v -1.406394 13.649059 -0.003708
v -1.407264 13.850760 0.360618
v -1.544821 13.707450 0.134718
v -1.407264 14.242290 0.360618
v -1.407414 14.046519 0.423354
v -1.649789 13.847790 0.239686
v -1.683248 14.046519 0.273145
v -1.614751 13.707450 -0.003709
v -1.544821 14.385600 0.134717
v -1.649789 14.245250 0.239686
v -1.614751 14.385600 -0.003709
v -1.770721 14.242290 -0.002839
v -1.770721 13.850760 -0.002839
v -1.833457 14.046519 -0.002690
v -1.649789 14.245250 -0.247103
v -1.683248 14.046519 -0.280562
v -1.649789 13.847790 -0.247103
v -1.544821 13.707450 -0.142135
v -1.405525 13.850760 -0.368036
v -1.267968 13.707450 -0.142135
v -1.198038 13.707450 -0.003709
v -1.163000 13.847790 -0.247103
v -1.042068 13.850760 -0.004578
v -1.129541 14.046519 -0.280562
v -0.979332 14.046519 -0.004728
v -1.042068 14.242290 -0.004578
v -1.405375 14.046519 -0.430771
v -1.405525 14.242290 -0.368036
v -1.163000 14.245250 -0.247103
v -1.198038 14.385600 -0.003709
v -1.544821 14.385600 -0.142136
v -1.267968 14.385600 -0.142136
v -2.882268 16.343460 -0.246310
v -1.750249 15.276130 -0.139623
v -2.589790 15.876630 0.131832
v -0.825435 17.642239 0.000904
v 0.000000 17.606730 -0.252443
v 0.000000 17.562569 -1.316887
v -1.324704 16.596189 -1.463529
v 0.000000 17.562569 -1.316887
v 0.000000 16.810730 -2.203280
v -1.324704 16.596189 -1.463529
v -0.825435 17.642239 0.000904
v 0.000000 17.562569 -1.316887
v -1.324704 16.596189 -1.463529
v 0.000000 15.275209 -2.166665
v -1.087846 15.270670 -1.881063
v -1.324704 16.596189 -1.463529
v 0.000000 16.810730 -2.203280
v 0.000000 15.275209 -2.166665
v 2.589790 15.876630 0.131832
v 1.750249 15.276130 -0.139623
v 2.882268 16.343460 -0.246310
v 0.000000 17.562569 -1.316887
v 0.000000 17.606730 -0.252443
v 0.825435 17.642239 0.000904
v 0.000000 16.810730 -2.203280
v 0.000000 17.562569 -1.316887
v 1.324704 16.596189 -1.463529
v 0.000000 17.562569 -1.316887
v 0.825435 17.642239 0.000904
v 1.324704 16.596189 -1.463529
v 1.087846 15.270670 -1.881063
v 0.000000 15.275209 -2.166665
v 1.324704 16.596189 -1.463529
v 0.000000 15.275209 -2.166665
v 0.000000 16.810730 -2.203280
v 1.324704 16.596189 -1.463529
v -0.414470 0.871253 0.295047
v -0.196705 0.982990 -0.004913
v -0.100375 5.507087 0.033597
v 0.100375 5.507087 0.033597
v 0.196705 0.954357 -0.004913
v 0.414470 0.842620 0.295047
v -1.405525 13.850760 -0.368035
v -1.310939 13.713340 0.091747
v -1.597305 13.777619 -0.194619
v 1.597305 13.777619 -0.194619
v 1.310939 13.713340 0.091747
v 1.405525 13.850760 -0.368035
v -0.443964 1.139440 0.680524
v 0.026059 0.917411 -0.183492
v -0.066141 1.281063 0.087376
v -0.444417 -0.000000 -0.521420
v -0.123634 0.000001 -0.060782
v -0.789000 0.000001 -0.060782
v -0.026059 0.917411 -0.183492
v 0.443964 1.139440 0.680524
v 0.066141 1.281063 0.087376
v 0.789000 0.000001 -0.060782
v 0.123634 0.000001 -0.060782
v 0.444417 -0.000000 -0.521420
v -7.294425 12.931438 -0.078290
v -6.346861 12.718379 -0.684500
v -7.027280 12.809528 -0.554791
v -7.027280 12.809528 -0.554791
v -6.346861 12.718379 -0.684500
v -7.294425 12.931438 -0.078290
v -6.374636 12.578419 0.733064
v -6.054360 12.781689 0.363775
v -6.151917 12.572399 0.382286
v 7.027281 12.809529 -0.554790
v 6.346862 12.718380 -0.684500
v 7.294426 12.931439 -0.078290
v 7.294426 12.931439 -0.078290
v 6.346862 12.718380 -0.684500
v 7.027281 12.809529 -0.554790
v 6.151916 12.572400 0.382286
v 6.054360 12.781690 0.363775
v 6.374634 12.578420 0.733065
v 1.314942 12.431620 1.036646
v 1.463856 11.858979 1.244405
v 0.931898 11.876590 1.200172
v 0.313042 12.049459 1.095123
v 0.000000 12.357579 1.225536
v 1.197696 11.517870 1.207215
v -0.931898 11.876590 1.200172
v -1.463856 11.858979 1.244405
v -1.314942 12.431620 1.036646
v 0.000000 12.357579 1.225536
v -0.313042 12.049459 1.095123
v -1.197696 11.517870 1.207215
v -0.722310 14.144819 -0.430777
v -1.361131 14.623870 -0.203084
v -0.804311 14.372749 -1.202102
v -1.361131 14.623870 -0.203084
v -1.750249 15.276130 -0.139623
v 0.722310 14.144819 -0.430777
v 0.804311 14.372749 -1.202102
v 1.361131 14.623870 -0.203084
v 1.750249 15.276130 -0.139623
v 1.361131 14.623870 -0.203084
v -1.533353 18.178570 -0.970798
v -0.936952 17.327860 -1.158961
v -0.955774 17.657450 0.679572
v -0.582563 18.096039 -1.992111
v 0.919344 17.327860 -1.158961
v 0.568850 18.096039 -1.992111
v 1.519640 18.178570 -0.970798
v 0.938168 17.657450 0.679573
v 0.000000 16.490820 2.092136
v -0.910280 16.306480 1.319846
v 0.000000 15.649309 1.635102
v -1.199089 16.837790 1.517279
v -0.910280 16.306480 1.319846
v -0.606297 17.582630 1.647975
v 0.000000 17.416239 1.950039
v -0.910280 16.306480 1.319846
v -1.909868 16.684330 0.815486
v -1.405063 15.459780 0.619890
v -0.910280 16.306480 1.319846
v -0.825435 17.642239 0.000904
v 0.000000 17.606730 -0.252443
v -2.589790 15.876630 0.131832
v -1.405063 15.459780 0.619890
v -2.246982 16.947239 0.164866
v -1.751777 16.895260 -0.264279
v -2.246753 16.487820 0.356252
v -2.882268 16.343460 -0.246310
v -2.546020 16.984819 -0.212710
v -1.973534 16.469650 -0.096981
v -1.973534 16.469650 -0.096981
v -1.973534 16.469650 -0.096981
v -1.750249 15.276130 -0.139623
v 0.000000 16.490820 2.092136
v 0.000000 15.649309 1.635102
v 0.910280 16.306480 1.319846
v 1.199089 16.837790 1.517279
v 0.910280 16.306480 1.319846
v 0.606297 17.582630 1.647975
v 0.000000 17.416239 1.950039
v 0.910280 16.306480 1.319846
v 1.909868 16.684330 0.815486
v 0.910280 16.306480 1.319846
v 1.405063 15.459780 0.619890
v 0.825435 17.642239 0.000904
v 0.000000 17.606730 -0.252443
v 1.405063 15.459780 0.619890
v 2.589790 15.876630 0.131832
v 2.246982 16.947239 0.164866
v 1.751777 16.895260 -0.264279
v 2.246753 16.487820 0.356252
v 2.882268 16.343460 -0.246310
v 2.546020 16.984819 -0.212710
v 1.973534 16.469650 -0.096981
v 1.973534 16.469650 -0.096981
v 1.973534 16.469650 -0.096981
v 1.750249 15.276130 -0.139623
v -1.459547 13.398571 -1.697343
v -1.494592 13.866370 -1.695730
v -1.962948 13.452081 -1.769482
v -1.404861 13.840470 -1.999316
v -1.494592 13.866370 -1.695730
v -1.494592 13.866370 -1.695730
v -1.945831 13.734831 -2.127986
v -1.314857 13.496851 -2.217686
v -1.632729 13.111730 -2.049227
v -1.962948 13.452081 -1.769482
v -1.924046 13.231940 -2.216601
v -1.698183 13.407149 -2.355078
v -1.924046 13.231940 -2.216601
v -1.924046 13.231940 -2.216601
v -1.962948 13.452081 -1.769482
v -1.494592 13.866370 -1.695730
v -1.924046 13.231940 -2.216601
v 1.473017 13.398440 -1.684224
v 1.970470 13.465060 -1.782105
v 1.493113 13.866920 -1.697991
v 1.389992 13.828971 -1.996005
v 1.493113 13.866920 -1.697991
v 1.493113 13.866920 -1.697991
v 1.927371 13.736002 -2.147485
v 1.300797 13.476201 -2.199630
v 1.638443 13.106351 -2.035511
v 1.970470 13.465060 -1.782105
v 1.917519 13.230201 -2.220193
v 1.679867 13.394080 -2.352676
v 1.917519 13.230201 -2.220193
v 1.917519 13.230201 -2.220193
v 1.493113 13.866920 -1.697991
v 1.970470 13.465060 -1.782105
v 1.917519 13.230201 -2.220193
v -3.354782 12.663889 -0.588634
v -3.322435 12.422249 -0.207044
v -2.752056 12.134628 -0.196200
v -3.354782 12.665009 0.181725
v -3.354782 12.868719 -0.203455
v -2.748898 13.175669 -0.206660
v -3.354782 12.663889 -0.588634
v 3.354782 12.663890 -0.588634
v 3.354782 12.844279 -0.203455
v 2.748898 13.175670 -0.206660
v 3.354782 12.665009 0.181725
v 3.322435 12.422250 -0.207044
v 2.752056 12.134629 -0.196200
v 3.354782 12.663890 -0.588634
v 0.000000 10.936270 1.061653
v 0.810824 10.809930 -0.135175
v 0.840159 11.288859 -0.115081
v 0.000000 10.397400 1.188572
v 0.000000 10.936270 1.061653
v -0.810824 10.809930 -0.135175
v -0.840159 11.288859 -0.115081
v 1.007600 13.736320 0.766079
v 1.196009 14.153879 0.299172
v 1.750249 15.276130 -0.139623
v 1.405063 15.459780 0.619890
v 2.589790 15.876630 0.131832
v 0.196705 0.954357 -0.004913
v 0.100375 5.507087 0.033597
v 0.421546 1.023102 -0.271994
v 0.526370 5.507828 -0.351136
v 0.622613 0.956107 -0.006657
v 0.950305 5.507087 0.034854
v 0.414470 0.842620 0.295047
v 0.555686 5.523338 0.578657
v 0.100375 5.507087 0.033597
v -0.123634 0.000001 -0.060782
v -0.123634 0.489868 -0.060782
v -0.789000 0.489868 -0.060782
v -0.789000 0.000001 -0.060782
v -0.444417 0.489868 -0.521420
v -0.444417 -0.000000 -0.521420
v -0.123634 0.489868 -0.060782
v -0.123634 0.000001 -0.060782
v -1.007600 13.736320 0.766079
v -1.750249 15.276130 -0.139623
v -1.196009 14.153879 0.299172
v -1.405063 15.459780 0.619890
v -2.589790 15.876630 0.131832
v -0.196705 0.982990 -0.004913
v -0.421546 1.051734 -0.271994
v -0.100375 5.507087 0.033597
v -0.526370 5.507828 -0.351136
v -0.622613 0.984739 -0.006657
v -0.950305 5.507087 0.034854
v -0.414470 0.871253 0.295047
v -0.555686 5.523338 0.578657
v -0.100375 5.507087 0.033597
v 0.123634 0.000001 -0.060782
v 0.789000 0.489868 -0.060782
v 0.123634 0.489868 -0.060782
v 0.789000 0.000001 -0.060782
v 0.444417 0.489868 -0.521420
v 0.444417 -0.000000 -0.521420
v 0.123634 0.489868 -0.060782
v 0.123634 0.000001 -0.060782
v -5.044188 12.686969 -0.517801
v -5.171475 12.468968 -0.291035
v -5.854203 12.538459 -0.654660
v -6.346861 12.718379 -0.684500
v -5.044188 12.884899 -0.135723
v -6.402444 13.000639 -0.046290
v -5.551507 12.430439 0.279997
v -5.169285 12.546299 0.080744
v -7.294425 12.931438 -0.078290
v -6.346861 12.718379 -0.684500
v -6.054360 12.781689 0.363775
v -6.374636 12.578419 0.733064
v -7.152484 12.800669 0.120747
v 5.044189 12.686970 -0.517800
v 5.854203 12.538460 -0.654660
v 5.171476 12.468969 -0.291035
v 6.346862 12.718380 -0.684500
v 5.044189 12.884900 -0.135723
v 6.402445 13.000640 -0.046290
v 7.294426 12.931439 -0.078290
v 6.346862 12.718380 -0.684500
v 5.551507 12.430440 0.279997
v 5.169285 12.546300 0.080744
v 6.054360 12.781690 0.363775
v 7.152485 12.800670 0.120747
v 6.374634 12.578420 0.733065
v 0.639535 13.607000 -0.405114
v 0.000000 13.384860 -0.816493
v 0.000000 13.706100 -0.849835
v 0.720448 13.265329 -0.492345
v 0.535369 13.384419 0.447873
v 0.453267 13.097110 0.411097
v 0.000000 13.296090 0.670802
v 0.000000 13.053410 0.605313
v -0.453267 13.097110 0.411097
v -0.535369 13.384419 0.447874
v -0.720448 13.265329 -0.492345
v -0.643161 13.621860 -0.453778
v 0.000000 13.384860 -0.816493
v 0.000000 13.706100 -0.849835
v -0.804311 14.372749 -1.202102
v 0.000000 13.909450 -0.672532
v -0.722310 14.144819 -0.430777
v 0.000000 15.275209 -2.166665
v -1.087846 15.270670 -1.881063
v -1.750249 15.276130 -0.139623
v -1.324704 16.596189 -1.463529
v -1.751777 16.895260 -0.264279
v -0.825435 17.642239 0.000904
v -1.973534 16.469650 -0.096981
v 0.804311 14.372749 -1.202102
v 0.722310 14.144819 -0.430777
v 0.000000 13.909450 -0.672532
v 0.000000 15.275209 -2.166665
v 1.087846 15.270670 -1.881063
v 1.750249 15.276130 -0.139623
v 1.324704 16.596189 -1.463529
v 1.751777 16.895260 -0.264279
v 0.825435 17.642239 0.000904
v 1.973534 16.469650 -0.096981
v 0.005081 18.239100 1.109455
v 0.014920 18.543919 0.738571
v 0.338951 18.572710 1.085455
v 0.005081 18.904150 1.035225
v -0.004013 18.599329 1.406110
v 0.005081 18.239100 1.109455
v -0.327991 18.570539 1.059226
v 0.005081 18.239100 1.109455
v 0.014920 18.543919 0.738571
v 0.005081 18.239100 1.109455
v 0.000228 17.904430 -1.855680
v 0.000287 18.248789 -2.290824
v 0.345627 18.281319 -1.883838
v 0.000228 18.655750 -1.942771
v 0.017704 18.311380 -1.507627
v 0.000228 17.904430 -1.855680
v -0.360394 18.278860 -1.914613
v 0.000228 17.904430 -1.855680
v 0.000287 18.248789 -2.290824
v 0.000228 17.904430 -1.855680
v 1.450878 18.055149 -0.379608
v 1.461640 18.388569 -0.778284
v 1.816072 18.420059 -0.405407
v 1.450878 18.782600 -0.459401
v 1.440115 18.449169 -0.060724
v 1.450878 18.055149 -0.379608
v 1.085683 18.417679 -0.433601
v 1.450878 18.055149 -0.379608
v 1.461640 18.388569 -0.778284
v 1.450878 18.055149 -0.379608
v -1.508104 18.013960 -0.342669
v -1.497342 18.347380 -0.741346
v -1.142909 18.378870 -0.368468
v -1.508104 18.741409 -0.422462
v -1.518866 18.407980 -0.023785
v -1.508104 18.013960 -0.342669
v -1.873299 18.376490 -0.396663
v -1.508104 18.013960 -0.342669
v -1.497342 18.347380 -0.741346
v -1.508104 18.013960 -0.342669
v -5.171475 12.468968 -0.291035
v -5.169285 12.546299 0.080744
v -5.551507 12.430439 0.279997
v -5.854203 12.538459 -0.654660
v -6.151917 12.572399 0.382286
v -6.374636 12.578419 0.733064
v -6.346861 12.718379 -0.684500
v -7.152484 12.800669 0.120747
v -6.054360 12.781689 0.363775
v -7.294425 12.931438 -0.078290
v 5.551507 12.430440 0.279997
v 5.169285 12.546300 0.080744
v 5.171476 12.468969 -0.291035
v 5.854203 12.538460 -0.654660
v 6.151916 12.572400 0.382286
v 6.374634 12.578420 0.733065
v 6.346862 12.718380 -0.684500
v 7.152485 12.800670 0.120747
v 7.294426 12.931439 -0.078290
v 6.054360 12.781690 0.363775
v 0.000000 12.170380 1.169083
v 0.358299 11.157440 1.499870
v 0.000000 12.357579 1.225536
v 1.197696 11.517870 1.207215
v 0.313042 12.049459 1.095123
v 0.755717 12.235149 1.433915
v 0.931898 11.876590 1.200172
v 1.463856 11.858979 1.244405
v 1.314942 12.431620 1.036646
v 0.000000 12.669760 1.175801
v 1.452502 13.412320 0.681328
v 0.935100 13.336659 0.700629
v 0.000000 12.170380 1.169083
v 0.000000 12.357579 1.225536
v -0.358299 11.157440 1.499870
v -1.197696 11.517870 1.207215
v -0.755717 12.235149 1.433915
v -0.313042 12.049459 1.095123
v -0.931898 11.876590 1.200172
v -1.463856 11.858979 1.244405
v -1.314942 12.431620 1.036646
v 0.000000 12.669760 1.175801
v -1.452502 13.412320 0.681328
v -0.935100 13.336659 0.700629
v -0.007097 18.425560 1.222969
v 0.952709 17.291470 0.683266
v 1.067853 17.766479 0.720195
v -0.002130 17.327600 1.062880
v -0.956968 17.291470 0.683266
v -1.054191 17.767939 0.720367
v -1.668638 18.259470 -0.380854
v -1.315620 17.200409 -0.273418
v -0.956968 17.109360 -1.230101
v -1.092798 17.563259 -1.482393
v 0.002528 18.080479 -2.035547
v -0.002129 17.075390 -1.587104
v 0.965923 17.097969 -1.271320
v 1.067216 17.561890 -1.408238
v 1.632230 18.235880 -0.389573
v 1.334077 17.200420 -0.273418
v 0.952709 17.291470 0.683266
v 1.067853 17.766479 0.720195
v -4.427424 2.115685 -3.253356
v 0.013878 2.114397 -5.800354
v -0.000005 4.150879 0.064960
v -5.472938 2.118271 1.756538
v -3.372019 2.147370 4.612635
v 0.013878 2.123348 5.573923
v 3.399039 2.131088 4.631275
v 0.013878 2.123348 5.573923
v -0.000005 4.150879 0.064960
v 5.500692 2.118271 1.756539
v 4.455182 2.115685 -3.253357
v 0.013878 2.114397 -5.800354
v 0.810824 10.809930 -0.135175
v -0.000000 10.932230 -0.844359
v 0.840159 11.288859 -0.115081
v 0.000000 11.359750 -0.729899
v -0.840159 11.288859 -0.115081
v -0.810824 10.809930 -0.135175
v -1.317248 13.851821 -1.171848
v -1.087283 14.451820 -0.892156
v -1.688964 14.322011 -1.047512
v -0.749945 13.859180 -1.289656
v -0.913273 14.787951 -1.177790
v -1.565613 13.773400 -1.768326
v -0.789922 14.239330 -1.898604
v -0.946046 14.802481 -1.650616
v -1.356546 14.667920 -2.008994
v -1.728942 14.702161 -1.656460
v -0.913273 14.787951 -1.177790
v -1.688964 14.322011 -1.047512
v -1.317248 13.851821 -1.171848
v -1.087283 14.451820 -0.892156
v 1.105760 14.464081 -0.893172
v 1.341312 13.863081 -1.165960
v 1.703260 14.348011 -1.073517
v 0.769125 13.849470 -1.256420
v 0.907764 14.785801 -1.179788
v 1.563558 13.773971 -1.771179
v 0.768061 14.211761 -1.877450
v 0.917646 14.786771 -1.653867
v 1.314824 14.653861 -2.027546
v 1.702196 14.710300 -1.694546
v 0.907764 14.785801 -1.179788
v 1.563558 13.773971 -1.771179
v 1.703260 14.348011 -1.073517
v 1.105760 14.464081 -0.893172
v 1.341312 13.863081 -1.165960
v -2.498966 12.330229 -0.731089
v -1.761478 11.793839 0.223541
v -2.498966 12.088919 -0.034262
v -1.761478 12.046099 -1.096907
v -2.498966 13.067519 -0.716922
v -0.729937 11.982718 -0.216609
v -1.761478 13.325249 -1.096907
v -0.729937 12.468449 -0.885163
v -0.482885 12.685669 -0.216609
v -2.498966 13.281878 -0.011339
v -0.729937 13.415810 -0.381890
v -1.761478 13.829779 -0.216609
v -1.761478 13.325249 0.663690
v -2.498966 12.677079 0.410568
v -0.729937 12.468449 0.451945
v -0.729937 11.982718 -0.216609
v -1.761478 11.793839 0.223541
v -2.498966 12.088919 -0.034262
v 2.498966 12.330230 -0.731089
v 2.498966 12.088920 -0.034262
v 1.761478 11.793839 0.223541
v 1.761478 12.046100 -1.096907
v 2.498966 13.067520 -0.716922
v 0.729937 11.982719 -0.216609
v 1.761478 13.325250 -1.096907
v 0.729937 12.468450 -0.885163
v 0.482885 12.685670 -0.216609
v 2.498966 13.281879 -0.011339
v 0.729937 13.415810 -0.381890
v 1.761478 13.829780 -0.216609
v 1.761478 13.325250 0.663690
v 2.498966 12.677080 0.410568
v 0.729937 12.468450 0.451945
v 0.729937 11.982719 -0.216609
v 1.761478 11.793839 0.223541
v 2.498966 12.088920 -0.034262
v -5.169285 12.546299 0.080744
v -5.171475 12.468968 -0.291035
v -3.329063 12.286589 -0.206716
v -3.354782 12.665009 0.181725
v -2.752056 12.134628 -0.196200
v -5.044188 12.884899 -0.135723
v -3.354782 12.924899 -0.193595
v -2.748898 13.175669 -0.206660
v -5.044188 12.686969 -0.517801
v -3.354782 12.663889 -0.588634
v -5.171475 12.468968 -0.291035
v -3.329063 12.286589 -0.206716
v -2.752056 12.134628 -0.196200
v 5.169285 12.546300 0.080744
v 3.329063 12.286590 -0.206716
v 5.171476 12.468969 -0.291035
v 3.354782 12.665009 0.181725
v 2.752056 12.134629 -0.196200
v 5.044189 12.884900 -0.135723
v 3.354782 12.924900 -0.193595
v 2.748898 13.175670 -0.206660
v 5.044189 12.686970 -0.517800
v 3.354782 12.663890 -0.588634
v 5.171476 12.468969 -0.291035
v 3.329063 12.286590 -0.206716
v 2.752056 12.134629 -0.196200
v -0.123634 0.489868 -0.060782
v 0.011732 0.075391 0.745868
v -0.789000 0.489868 -0.060782
v -0.966415 0.075391 0.745868
v -0.885732 0.000002 1.702101
v -0.443367 0.000002 1.856337
v -0.019943 0.000002 1.702101
v -3.354782 12.665009 0.181725
v -3.322435 12.422249 -0.207044
v -2.219999 12.236639 -0.195779
v -2.219999 12.683299 0.193128
v -2.219999 13.067159 -0.215717
v -3.354782 12.663889 -0.588634
v -3.354782 12.868719 -0.203455
v -2.219999 12.708718 -0.652702
v -2.219999 12.236639 -0.195779
v -3.322435 12.422249 -0.207044
v 3.354782 12.663890 -0.588634
v 3.322435 12.422250 -0.207044
v 2.219999 12.236640 -0.195779
v 2.219999 12.708719 -0.652702
v 2.219999 13.067160 -0.215717
v 3.354782 12.665009 0.181725
v 3.354782 12.844279 -0.203455
v 2.219999 12.683300 0.193128
v 2.219999 12.236640 -0.195779
v 3.322435 12.422250 -0.207044
v 0.766562 12.689690 -0.835815
v 0.720448 13.265329 -0.492345
v 1.377155 12.097779 -0.150388
v 0.453267 13.097110 0.411097
v 1.170544 12.257470 0.904759
v 0.000000 10.936270 1.061653
v 0.840159 11.288859 -0.115081
v 0.000000 12.365450 1.234063
v 0.000000 13.053410 0.605313
v -1.170544 12.257470 0.904759
v -0.453267 13.097110 0.411097
v -1.377155 12.097779 -0.150388
v -0.840159 11.288859 -0.115081
v -0.720448 13.265329 -0.492345
v -0.766562 12.689690 -0.835815
v 0.789000 0.489868 -0.060782
v -0.011732 0.075391 0.745868
v 0.123634 0.489868 -0.060782
v 0.966415 0.075391 0.745868
v 0.885732 0.000002 1.702101
v 0.443367 0.000002 1.856337
v 0.019943 0.000002 1.702101
v 0.840159 11.288859 -0.115081
v 0.766562 12.689690 -0.835815
v 1.377155 12.097779 -0.150388
v 0.000000 11.359750 -0.729899
v 0.000000 13.384860 -0.816493
v 0.720448 13.265329 -0.492345
v -0.766562 12.689690 -0.835815
v -0.720448 13.265329 -0.492345
v -0.840159 11.288859 -0.115081
v -1.377155 12.097779 -0.150388
v 0.000000 12.132850 1.456595
v 0.391565 12.350510 1.389665
v -0.391565 12.350510 1.389665
v -0.291693 12.968679 1.199581
v -0.477938 12.718220 1.276596
v 0.291693 12.968679 1.199581
v 0.477938 12.718220 1.276596
v 0.000000 13.057019 1.172417
v -5.472938 2.118271 1.756538
v -5.819854 4.684862 0.009602
v -4.427424 2.115685 -3.253356
v -4.426977 4.668481 -3.861286
v -3.658598 8.362829 -0.231949
v 0.000000 4.663023 -6.195491
v 0.013878 2.114397 -5.800354
v -2.387920 8.827206 -2.815366
v -0.810824 10.809930 -0.135175
v 4.455182 2.115685 -3.253357
v -0.000000 10.932230 -0.844359
v 5.819846 4.684862 0.009602
v 5.500692 2.118271 1.756539
v 0.000000 8.913052 -3.905045
v 4.426981 4.668481 -3.861287
v 3.658598 8.361654 -0.212602
v 2.387921 8.827206 -2.815368
v 0.810824 10.809930 -0.135175
v -0.582563 18.096039 -1.992111
v -0.936952 17.327860 -1.158961
v -1.533353 18.178570 -0.970798
v -0.907333 18.779890 -1.354942
v 0.568850 18.096039 -1.992111
v 0.919344 17.327860 -1.158961
v 1.519640 18.178570 -0.970798
v 0.893620 18.779890 -1.354942
v -0.007286 19.130249 -0.484458
v 0.893621 18.952419 0.437727
v -0.907333 18.952419 0.437727
v 1.240446 18.337090 0.676215
v 0.938168 17.657450 0.679573
v 0.568851 18.371410 1.127823
v -0.582563 18.371410 1.127822
v -0.955774 17.657450 0.679572
v -1.254158 18.337090 0.676214
v -2.358829 13.443580 -2.174978
v -2.071182 12.929440 -1.840156
v -1.686806 13.162379 -2.155545
v -2.851264 13.051470 -2.256420
v -2.353920 12.465240 -1.991831
v -2.520030 12.255879 -2.488837
v -2.679129 12.515220 -2.840481
v -2.698863 13.384500 -2.707671
v -2.597777 12.894001 -3.097635
v -2.236635 13.414519 -3.058675
v -1.686806 13.162379 -2.155545
v -1.819882 13.478580 -2.584241
v -1.735347 13.123950 -3.103819
v -2.023208 12.366179 -2.947133
v -2.679129 12.515220 -2.840481
v -1.488647 12.683001 -2.816658
v -1.686806 13.162379 -2.155545
v -2.520030 12.255879 -2.488837
v -2.679129 12.515220 -2.840481
v -1.641048 12.349970 -2.365407
v -2.071182 12.929440 -1.840156
v -2.353920 12.465240 -1.991831
v 2.346789 13.456201 -2.205810
v 1.685781 13.155331 -2.145751
v 2.091905 12.944051 -1.842598
v 2.847113 13.077010 -2.299413
v 2.381858 12.484261 -1.994094
v 2.530877 12.264900 -2.492198
v 2.664781 12.518041 -2.858546
v 2.662954 13.391181 -2.752333
v 2.559275 12.886070 -3.122447
v 2.183912 13.396251 -3.081351
v 1.685781 13.155331 -2.145751
v 1.788238 13.462111 -2.589437
v 1.690603 13.089251 -3.093732
v 2.664781 12.518041 -2.858546
v 2.009653 12.345811 -2.929016
v 1.472002 12.650001 -2.782223
v 1.685781 13.155331 -2.145751
v 2.664781 12.518041 -2.858546
v 2.530877 12.264900 -2.492198
v 1.656161 12.335831 -2.329301
v 2.091905 12.944051 -1.842598
v 2.381858 12.484261 -1.994094
v -2.498966 12.677079 0.410568
v -2.013732 12.685678 -0.216609
v -2.498966 12.088919 -0.034262
v -2.498966 13.281878 -0.011339
v -2.498966 12.330229 -0.731089
v -2.498966 13.067519 -0.716922
v 2.498966 12.677080 0.410568
v 2.498966 12.088920 -0.034262
v 2.013732 12.685679 -0.216609
v 2.498966 13.281879 -0.011339
v 2.498966 12.330230 -0.731089
v 2.498966 13.067520 -0.716922
v -3.972727 4.693547 3.945795
v -5.819854 4.684862 0.009602
v -5.472938 2.118271 1.756538
v -3.372019 2.147370 4.612635
v -3.658598 8.362829 -0.231949
v 0.000000 4.663023 6.008537
v 0.013878 2.123348 5.573923
v -2.384116 8.116008 3.161063
v -0.810824 10.809930 -0.135175
v 3.399039 2.131088 4.631275
v 0.000000 10.397400 1.188572
v 3.972728 4.693547 3.945796
v 5.500692 2.118271 1.756539
v 5.819846 4.684862 0.009602
v 3.658598 8.361654 -0.212602
v 0.000000 8.208370 3.855977
v 2.384116 8.116008 3.161062
v 0.810824 10.809930 -0.135175
v -1.111102 13.912439 -0.121013
v -1.120053 14.313940 -0.004144
v -1.129541 14.046519 0.273145
v -1.310939 13.713340 0.091747
v -1.215484 14.315430 0.187202
v -1.406394 14.443979 -0.003709
v -1.545275 14.070990 0.324724
v -1.645021 14.314680 0.091964
v -1.645021 13.778359 0.091964
v -1.477623 14.239059 -0.275334
v -1.120053 14.313940 -0.004144
v -1.111102 13.912439 -0.121013
v -1.597305 13.777619 -0.194619
v -1.405525 13.850760 -0.368035
v -1.758352 14.046519 -0.141625
v 1.129541 14.046519 0.273145
v 1.120053 14.313940 -0.004144
v 1.111102 13.912439 -0.121013
v 1.310939 13.713340 0.091747
v 1.215484 14.315430 0.187202
v 1.406394 14.443979 -0.003709
v 1.545275 14.070990 0.324724
v 1.645021 14.314680 0.091964
v 1.645021 13.778359 0.091964
v 1.477623 14.239059 -0.275334
v 1.120053 14.313940 -0.004144
v 1.111102 13.912439 -0.121013
v 1.758352 14.046519 -0.141625
v 1.405525 13.850760 -0.368035
v 1.597305 13.777619 -0.194619
v 0.026059 0.917411 -0.183492
v 0.011732 0.075391 0.745868
v -0.123634 0.489868 -0.060782
v -0.444417 0.489868 -0.521420
v 0.095642 0.681705 1.524129
v -0.019943 0.000002 1.702101
v -0.443367 0.000002 1.856337
v -0.444417 1.338004 -0.413600
v -0.443590 1.059298 1.600477
v -0.066141 1.281063 0.087376
v -0.443964 1.139440 0.680524
v -0.816712 1.281063 0.087376
v -0.969359 0.685147 1.652134
v -0.885732 0.000002 1.702101
v -0.966415 0.075391 0.745868
v -0.930829 0.917411 -0.183382
v -0.789000 0.489868 -0.060782
v 0.966415 0.075391 0.745868
v 0.969359 0.685147 1.652134
v 0.885732 0.000002 1.702101
v 0.443367 0.000002 1.856337
v 0.930829 0.917411 -0.183382
v 0.789000 0.489868 -0.060782
v 0.444417 0.489868 -0.521420
v 0.443590 1.059298 1.600477
v 0.443964 1.139440 0.680524
v -0.095642 0.681705 1.524129
v 0.019943 0.000002 1.702101
v -0.011732 0.075391 0.745868
v -0.026059 0.917411 -0.183492
v 0.123634 0.489868 -0.060782
v 0.444417 1.338004 -0.413600
v 0.066141 1.281063 0.087376
v 0.816712 1.281063 0.087376
v -0.089130 19.223400 -0.701850
v -0.108856 18.948969 -0.790510
v -0.304488 18.989670 -0.367621
v 0.304767 18.975220 -0.517760
v -0.203547 19.249889 -0.426628
v 0.203827 19.241919 -0.509466
v 0.089410 19.268400 -0.234244
v 0.109135 19.015919 -0.094871
v 0.000140 19.355019 -0.478549
v -0.414470 0.871253 0.295047
v -0.196705 0.982990 -0.004913
v -0.100375 5.507087 0.033597
v 0.100375 5.507087 0.033597
v 0.196705 0.954357 -0.004913
v 0.414470 0.842620 0.295047
v -0.444417 0.489868 -0.521420
v -0.444417 1.338004 -0.413600
v -0.123634 0.489868 -0.060782
v 0.123634 0.489868 -0.060782
v 0.444417 1.338004 -0.413600
v 0.444417 0.489868 -0.521420
v -0.821093 17.549379 -0.002057
v -0.690646 17.620539 -0.978276
v -1.738477 16.379580 -1.051908
v -2.075627 16.002630 -0.393805
v -1.843139 15.135850 -0.723448
v -2.119804 15.572889 -0.104922
v -1.750249 15.276130 -0.139623
v -2.119804 15.572889 -0.104922
v -1.843139 15.135850 -0.723448
v -2.882268 16.343460 -0.246310
v -2.075627 16.002630 -0.393805
v -2.119804 15.572889 -0.104922
v -1.738477 16.379580 -1.051908
v -0.910932 16.812809 -1.875151
v -1.087846 15.270670 -1.881063
v -1.361131 14.623870 -0.203084
v -1.750249 15.276130 -0.139623
v -1.843139 15.135850 -0.723448
v 1.738477 16.379580 -1.051908
v 0.690646 17.620539 -0.978276
v 0.821093 17.549379 -0.002057
v 2.119804 15.572889 -0.104922
v 1.843139 15.135850 -0.723448
v 2.075627 16.002630 -0.393805
v 1.843139 15.135850 -0.723448
v 2.119804 15.572889 -0.104922
v 1.750249 15.276130 -0.139623
v 2.119804 15.572889 -0.104922
v 2.075627 16.002630 -0.393805
v 2.882268 16.343460 -0.246310
v 1.087846 15.270670 -1.881063
v 0.910932 16.812809 -1.875151
v 1.738477 16.379580 -1.051908
v 1.843139 15.135850 -0.723448
v 1.750249 15.276130 -0.139623
v 1.361131 14.623870 -0.203084
v -0.729937 11.982718 -0.216609
v -0.729937 13.254378 -0.629798
v -1.761478 13.325249 0.663690
v -6.346861 12.718379 -0.684500
v -5.044188 12.686969 -0.517801
v -5.171475 12.468968 -0.291035
v -6.054360 12.781689 0.363775
v -7.232135 12.917989 0.157484
v -6.374636 12.578419 0.733064
v 5.171476 12.468969 -0.291035
v 5.044189 12.686970 -0.517800
v 6.346862 12.718380 -0.684500
v 6.374634 12.578420 0.733065
v 7.232136 12.917990 0.157484
v 6.054360 12.781690 0.363775
v 0.000000 12.170380 1.169083
v 1.452502 13.412320 0.681328
v 1.463856 11.858979 1.244405
v 0.000000 12.170380 1.169083
v -1.463856 11.858979 1.244405
v -0.921709 12.715610 0.663780
v -0.936952 17.327860 -1.158961
v -0.582563 18.096039 -1.992111
v 0.919344 17.327860 -1.158961
v -0.840159 11.288859 -0.115081
v -0.000000 10.932230 -0.844359
v -0.810824 10.809930 -0.135175
v -0.690646 17.620539 -0.978276
v -0.910932 16.812809 -1.875151
v -1.738477 16.379580 -1.051908
v 0.000000 17.562569 -1.316887
v 0.000000 16.810730 -2.203280
v -0.910932 16.812809 -1.875151
v -0.690646 17.620539 -0.978276
v 0.000000 16.810730 -2.203280
v 0.000000 15.275209 -2.166665
v 0.000000 17.606730 -0.252443
v 0.000000 17.562569 -1.316887
v -0.821093 17.549379 -0.002057
v 0.000000 17.606730 -0.252443
v 0.000000 16.073380 1.955749
v -0.910280 16.306480 1.319846
v 0.000000 15.649309 1.635102
v -0.910280 16.306480 1.319846
v 0.000000 17.416239 1.950039
v 0.000000 17.606730 -0.252443
v -0.895000 17.699520 0.491975
v -1.973534 16.469650 -0.096981
v -2.017679 16.290289 0.920572
v 0.000000 17.606730 -0.252443
v -0.821093 17.549379 -0.002057
v -0.910280 16.306480 1.319846
v -1.405063 15.459780 0.619890
v -2.075627 16.002630 -0.393805
v -2.882268 16.343460 -0.246310
v -2.589790 15.876630 0.131832
v -1.405063 15.459780 0.619890
v -2.119804 15.572889 -0.104922
v -1.405063 15.459780 0.619890
v -2.589790 15.876630 0.131832
v -2.882268 16.343460 -0.246310
v -2.119804 15.572889 -0.104922
v 0.690646 17.620539 -0.978276
v 1.738477 16.379580 -1.051908
v 0.910932 16.812809 -1.875151
v 0.000000 16.810730 -2.203280
v 0.000000 17.562569 -1.316887
v 0.690646 17.620539 -0.978276
v 0.910932 16.812809 -1.875151
v 0.000000 15.275209 -2.166665
v 0.000000 16.810730 -2.203280
v 0.000000 17.562569 -1.316887
v 0.000000 17.606730 -0.252443
v 0.000000 17.606730 -0.252443
v 0.821093 17.549379 -0.002057
v 0.000000 16.073380 1.955749
v 0.000000 15.649309 1.635102
v 0.910280 16.306480 1.319846
v 0.910280 16.306480 1.319846
v 0.000000 17.416239 1.950039
v 0.895000 17.699520 0.491975
v 0.000000 17.606730 -0.252443
v 1.973534 16.469650 -0.096981
v 2.017679 16.290289 0.920572
v 0.821093 17.549379 -0.002057
v 0.000000 17.606730 -0.252443
v 0.910280 16.306480 1.319846
v 1.405063 15.459780 0.619890
v 2.882268 16.343460 -0.246310
v 2.075627 16.002630 -0.393805
v 2.589790 15.876630 0.131832
v 1.405063 15.459780 0.619890
v 2.119804 15.572889 -0.104922
v 2.589790 15.876630 0.131832
v 1.405063 15.459780 0.619890
v 2.119804 15.572889 -0.104922
v 2.882268 16.343460 -0.246310
v -2.748898 13.175669 -0.206660
v -3.354782 12.665009 0.181725
v -3.354782 12.663889 -0.588634
v -2.752056 12.134628 -0.196200
v -3.322435 12.422249 -0.207044
v -3.354782 12.663889 -0.588634
v 3.354782 12.665009 0.181725
v 2.748898 13.175670 -0.206660
v 3.354782 12.663890 -0.588634
v 2.752056 12.134629 -0.196200
v 3.322435 12.422250 -0.207044
v 3.354782 12.663890 -0.588634
v 1.197696 11.517870 1.207215
v 0.000000 12.170380 1.169083
v 1.463856 11.858979 1.244405
v 0.000000 12.669760 1.175801
v 1.452502 13.412320 0.681328
v -6.374636 12.578419 0.733064
v -7.232135 12.917989 0.157484
v -7.027280 12.809528 -0.554791
v -5.171475 12.468968 -0.291035
v -7.027280 12.809528 -0.554791
v -6.346861 12.718379 -0.684500
v -5.551507 12.430439 0.279997
v -5.169285 12.546299 0.080744
v -1.087846 15.270670 -1.881063
v -0.910932 16.812809 -1.875151
v 0.000000 15.275209 -2.166665
v 0.000000 15.275209 -2.166665
v -0.804311 14.372749 -1.202102
v 0.000000 13.909450 -0.672532
v -0.722310 14.144819 -0.430777
v -1.843139 15.135850 -0.723448
v -1.738477 16.379580 -1.051908
v -2.075627 16.002630 -0.393805
v -1.973534 16.469650 -0.096981
v -0.821093 17.549379 -0.002057
v 1.087846 15.270670 -1.881063
v 0.000000 15.275209 -2.166665
v 0.910932 16.812809 -1.875151
v 0.804311 14.372749 -1.202102
v 0.000000 15.275209 -2.166665
v 0.000000 13.909450 -0.672532
v 0.722310 14.144819 -0.430777
v 1.843139 15.135850 -0.723448
v 1.738477 16.379580 -1.051908
v 2.075627 16.002630 -0.393805
v 1.973534 16.469650 -0.096981
v 0.821093 17.549379 -0.002057
v -1.459547 13.398571 -1.697343
v -1.494592 13.866370 -1.695730
v -1.962948 13.452081 -1.769482
v -1.404861 13.840470 -1.999316
v -1.494592 13.866370 -1.695730
v -1.494592 13.866370 -1.695730
v -1.945831 13.734831 -2.127986
v -1.314857 13.496851 -2.217686
v -1.632729 13.111730 -2.049227
v -1.962948 13.452081 -1.769482
v -1.924046 13.231940 -2.216601
v -1.698183 13.407149 -2.355078
v -1.924046 13.231940 -2.216601
v -1.924046 13.231940 -2.216601
v -1.962948 13.452081 -1.769482
v -1.494592 13.866370 -1.695730
v -1.924046 13.231940 -2.216601
v 1.473017 13.398440 -1.684224
v 1.970470 13.465060 -1.782105
v 1.493113 13.866920 -1.697991
v 1.389992 13.828971 -1.996005
v 1.493113 13.866920 -1.697991
v 1.493113 13.866920 -1.697991
v 1.927371 13.736002 -2.147485
v 1.300797 13.476201 -2.199630
v 1.638443 13.106351 -2.035511
v 1.970470 13.465060 -1.782105
v 1.917519 13.230201 -2.220193
v 1.679867 13.394080 -2.352676
v 1.917519 13.230201 -2.220193
v 1.917519 13.230201 -2.220193
v 1.493113 13.866920 -1.697991
v 1.970470 13.465060 -1.782105
v 1.917519 13.230201 -2.220193
v -0.444417 0.489868 -0.521420
v -0.123634 0.489868 -0.060782
v -0.885732 0.000002 1.702101
v -0.019943 0.000002 1.702101
v 0.444417 0.489868 -0.521420
v 0.885732 0.000002 1.702101
v 0.123634 0.489868 -0.060782
v 0.019943 0.000002 1.702101
v -0.722310 14.144819 -0.430777
v -1.361131 14.623870 -0.203084
v -0.804311 14.372749 -1.202102
v -1.843139 15.135850 -0.723448
v 0.722310 14.144819 -0.430777
v 0.804311 14.372749 -1.202102
v 1.361131 14.623870 -0.203084
v 1.843139 15.135850 -0.723448
v 0.000000 12.669760 1.175801
v -0.921709 12.715610 0.663780
v -1.452502 13.412320 0.681328
v -1.463856 11.858979 1.244405
v 0.196705 0.954357 -0.004913
v 0.100375 5.507087 0.033597
v 0.421546 1.023102 -0.271994
v 0.950305 5.507087 0.034854
v 0.414470 0.842620 0.295047
v 0.555686 5.523338 0.578657
v 0.100375 5.507087 0.033597
v -0.444417 0.489868 -0.521420
v -0.885732 0.000002 1.702101
v -0.444417 1.338004 -0.413600
v -0.019943 0.000002 1.702101
v -0.123634 0.489868 -0.060782
v -2.498966 12.677079 0.410568
v -2.498966 13.281878 -0.011339
v -2.498966 12.088919 -0.034262
v -2.498966 13.067519 -0.716922
v -2.498966 12.330229 -0.731089
v 2.752056 12.134629 -0.196200
v 5.171476 12.468969 -0.291035
v 5.169285 12.546300 0.080744
v 3.354782 12.665009 0.181725
v 5.044189 12.686970 -0.517800
v 2.748898 13.175670 -0.206660
v 3.354782 12.663890 -0.588634
v 5.171476 12.468969 -0.291035
v 2.752056 12.134629 -0.196200
v 0.535369 13.384419 0.447873
v 0.639535 13.607000 -0.405114
v -0.535369 13.384419 0.447874
v 0.000000 13.706100 -0.849835
v -0.643161 13.621860 -0.453778
v -0.196705 0.982990 -0.004913
v -0.421546 1.051734 -0.271994
v -0.100375 5.507087 0.033597
v -0.950305 5.507087 0.034854
v -0.414470 0.871253 0.295047
v -0.555686 5.523338 0.578657
v -0.100375 5.507087 0.033597
v 0.444417 0.489868 -0.521420
v 0.444417 1.338004 -0.413600
v 0.885732 0.000002 1.702101
v 0.019943 0.000002 1.702101
v 0.123634 0.489868 -0.060782
v -1.750249 15.276130 -0.139623
v -1.405063 15.459780 0.619890
v -2.119804 15.572889 -0.104922
v -1.375837 14.322430 0.501851
v -1.196009 14.153879 0.299172
v -0.951738 13.736320 0.766079
v -1.405063 15.459780 0.619890
v 1.750249 15.276130 -0.139623
v 2.119804 15.572889 -0.104922
v 1.405063 15.459780 0.619890
v 1.375837 14.322430 0.501851
v 1.196009 14.153879 0.299172
v 0.951738 13.736320 0.766079
v 1.405063 15.459780 0.619890
v 2.498966 12.677080 0.410568
v 2.498966 12.088920 -0.034262
v 2.498966 13.281879 -0.011339
v 2.498966 13.067520 -0.716922
v 2.498966 12.330230 -0.731089
v -5.169285 12.546299 0.080744
v -5.171475 12.468968 -0.291035
v -2.752056 12.134628 -0.196200
v -3.354782 12.665009 0.181725
v -5.044188 12.686969 -0.517801
v -2.748898 13.175669 -0.206660
v -3.354782 12.663889 -0.588634
v -5.171475 12.468968 -0.291035
v -2.752056 12.134628 -0.196200
v -3.354782 12.665009 0.181725
v -3.322435 12.422249 -0.207044
v -2.219999 12.236639 -0.195779
v -2.219999 13.067159 -0.215717
v -3.354782 12.663889 -0.588634
v -2.219999 12.708718 -0.652702
v -2.219999 12.236639 -0.195779
v -3.322435 12.422249 -0.207044
v 7.027281 12.809529 -0.554790
v 6.346862 12.718380 -0.684500
v 7.232136 12.917990 0.157484
v 6.054360 12.781690 0.363775
v 5.044189 12.686970 -0.517800
v 5.551507 12.430440 0.279997
v 5.169285 12.546300 0.080744
v 6.374634 12.578420 0.733065
v 3.354782 12.665009 0.181725
v 2.219999 12.236640 -0.195779
v 3.322435 12.422250 -0.207044
v 2.219999 13.067160 -0.215717
v 3.354782 12.663890 -0.588634
v 2.219999 12.708719 -0.652702
v 2.219999 12.236640 -0.195779
v 3.322435 12.422250 -0.207044
v 0.000000 12.357579 1.225536
v 1.197696 11.517870 1.207215
v 0.000000 12.669760 1.175801
v 1.452502 13.412320 0.681328
v 1.463856 11.858979 1.244405
v -0.243258 18.064770 1.127613
v 0.952709 17.291470 0.683266
v 1.067853 17.766479 0.720195
v -0.956968 17.291470 0.683266
v -1.054191 17.767939 0.720367
v -0.956968 17.109360 -1.230101
v -1.514191 17.927090 -0.598694
v 0.251401 17.761530 -1.840398
v 0.965923 17.097969 -1.271320
v 1.499224 17.925060 -0.602037
v 1.067853 17.766479 0.720195
v 0.952709 17.291470 0.683266
v 1.377155 12.097779 -0.150388
v 1.074399 12.689690 -0.835815
v 0.720448 13.265329 -0.492345
v 0.453267 13.097110 0.411097
v 0.840159 11.288859 -0.115081
v -0.840159 11.288859 -0.115081
v 0.000000 10.936270 1.061653
v -0.453267 13.097110 0.411097
v -1.377155 12.097779 -0.150388
v -0.720448 13.265329 -0.492345
v -1.074399 12.689690 -0.835815
v 0.639535 13.607000 -0.405114
v 0.000000 13.384860 -0.816493
v 0.000000 13.706100 -0.849835
v 0.720448 13.265329 -0.492345
v 0.535369 13.384419 0.447873
v 0.453267 13.097110 0.411097
v -0.535369 13.384419 0.447874
v -0.453267 13.097110 0.411097
v -0.720448 13.265329 -0.492345
v -0.643161 13.621860 -0.453778
v 0.000000 13.384860 -0.816493
v 0.000000 13.706100 -0.849835
v 0.810824 10.809930 -0.135175
v -0.000000 10.932230 -0.844359
v 0.840159 11.288859 -0.115081
v 0.000000 11.359750 -0.729899
v -0.840159 11.288859 -0.115081
v -2.498966 12.330229 -0.731089
v -1.761478 11.541569 -0.216609
v -2.498966 12.088919 -0.034262
v -0.729937 11.982718 -0.216609
v -0.729937 13.254378 -0.629798
v -2.498966 13.067519 -0.716922
v -1.761478 13.325249 0.663690
v -2.498966 13.281878 -0.011339
v -2.498966 12.677079 0.410568
v -1.761478 11.541569 -0.216609
v -2.498966 12.088919 -0.034262
v -0.729937 11.982718 -0.216609
v 2.498966 12.330230 -0.731089
v 2.498966 12.088920 -0.034262
v 1.761478 11.541570 -0.216609
v 0.729937 11.982719 -0.216609
v 0.729937 13.254379 -0.629798
v 2.498966 13.067520 -0.716922
v 1.761478 13.325250 0.663690
v 2.498966 13.281879 -0.011339
v 0.729937 11.982719 -0.216609
v 2.498966 12.677080 0.410568
v 1.761478 11.541570 -0.216609
v 2.498966 12.088920 -0.034262
v 5.171476 12.468969 -0.291035
v 5.551507 12.430440 0.279997
v 5.169285 12.546300 0.080744
v 6.374634 12.578420 0.733065
v 7.027281 12.809529 -0.554790
v 7.232136 12.917990 0.157484
v 6.346862 12.718380 -0.684500
v -1.197696 11.517870 1.207215
v 0.000000 12.357579 1.225536
v 0.000000 12.170380 1.169083
v -1.463856 11.858979 1.244405
v -1.452502 13.412320 0.681328
v 0.000000 12.669760 1.175801
v -3.379634 2.114958 -4.697032
v 0.013878 2.114397 -5.800354
v -0.000005 4.150879 0.064960
v -5.475215 2.116412 -1.809681
v -3.372019 2.147370 4.612635
v -5.472938 2.118271 1.756538
v 0.013878 2.123348 5.573923
v -0.000005 4.150879 0.064960
v 0.013878 2.114397 -5.800354
v 3.407392 2.114958 -4.697034
v 5.502972 2.116412 -1.809681
v 3.399039 2.131088 4.631275
v 5.500692 2.118271 1.756539
v 0.013878 2.123348 5.573923
v -0.840159 11.288859 -0.115081
v -0.810824 10.809930 -0.135175
v 0.000000 10.397400 1.188572
v 0.000000 10.936270 1.061653
v 0.840159 11.288859 -0.115081
v 0.810824 10.809930 -0.135175
v -5.551507 12.430439 0.279997
v -5.169285 12.546299 0.080744
v -5.044188 12.686969 -0.517801
v -6.054360 12.781689 0.363775
v -6.374636 12.578419 0.733064
v -6.346861 12.718379 -0.684500
v -7.027280 12.809528 -0.554791
v -7.232135 12.917989 0.157484
v -5.472938 2.118271 1.756538
v -5.819854 4.684862 0.009602
v -5.475215 2.116412 -1.809681
v -4.426977 4.668481 -3.861286
v -3.379634 2.114958 -4.697032
v -3.658598 8.362829 -0.231949
v 0.013878 2.114397 -5.800354
v 0.000000 8.913052 -3.905045
v -0.810824 10.809930 -0.135175
v -0.000000 10.932230 -0.844359
v 4.426981 4.668481 -3.861287
v 3.407392 2.114958 -4.697034
v 5.502972 2.116412 -1.809681
v 0.810824 10.809930 -0.135175
v 3.658598 8.361654 -0.212602
v 5.819846 4.684862 0.009602
v 5.500692 2.118271 1.756539
v 0.840159 11.288859 -0.115081
v 1.074399 12.689690 -0.835815
v 1.377155 12.097779 -0.150388
v 0.000000 11.359750 -0.729899
v 0.000000 13.384860 -0.816493
v 0.720448 13.265329 -0.492345
v -1.074399 12.689690 -0.835815
v -0.720448 13.265329 -0.492345
v -0.840159 11.288859 -0.115081
v -1.377155 12.097779 -0.150388
v -2.498535 12.374149 -3.011407
v -2.520030 12.255879 -2.488837
v -2.859722 12.656290 -2.669554
v -2.353920 12.465240 -1.991831
v -2.071182 12.929440 -1.840156
v -1.841376 13.360310 -2.061671
v -2.236635 13.414519 -3.058675
v -2.498535 12.374149 -3.011407
v -2.033129 12.177159 -2.743994
v -2.071182 12.929440 -1.840156
v -2.353920 12.465240 -1.991831
v -2.520030 12.255879 -2.488837
v -2.498535 12.374149 -3.011407
v 2.480908 12.366331 -3.016358
v 2.848653 12.669750 -2.700735
v 2.530877 12.264900 -2.492198
v 2.381858 12.484261 -1.994094
v 2.091905 12.944051 -1.842598
v 1.838208 13.360681 -2.065277
v 2.480908 12.366331 -3.016358
v 2.183912 13.396251 -3.081351
v 2.035218 12.163510 -2.721149
v 2.480908 12.366331 -3.016358
v 2.091905 12.944051 -1.842598
v 2.381858 12.484261 -1.994094
v 2.530877 12.264900 -2.492198
v 2.480908 12.366331 -3.016358
v -0.913273 14.787951 -1.177790
v -1.688964 14.322011 -1.047512
v -1.087283 14.451820 -0.892156
v -1.728942 14.702161 -1.656460
v -0.946046 14.802481 -1.650616
v -1.565613 13.773400 -1.768326
v -1.512157 13.810221 -1.406574
v -1.356546 14.667920 -2.008994
v -0.789922 14.239330 -1.898604
v -0.913273 14.787951 -1.177790
v -0.749945 13.859180 -1.289656
v -1.087283 14.451820 -0.892156
v -1.122340 13.893431 -0.937122
v -1.512157 13.810221 -1.406574
v -1.688964 14.322011 -1.047512
v 1.105760 14.464081 -0.893172
v 1.703260 14.348011 -1.073517
v 0.907764 14.785801 -1.179788
v 1.526127 13.820251 -1.408501
v 1.563558 13.773971 -1.771179
v 1.702196 14.710300 -1.694546
v 0.917646 14.786771 -1.653867
v 1.314824 14.653861 -2.027546
v 0.768061 14.211761 -1.877450
v 0.907764 14.785801 -1.179788
v 1.563558 13.773971 -1.771179
v 0.769125 13.849470 -1.256420
v 1.105760 14.464081 -0.893172
v 1.156497 13.905910 -0.923420
v 1.526127 13.820251 -1.408501
v 1.703260 14.348011 -1.073517
v 0.000000 12.132850 1.456595
v 0.391565 12.350510 1.389665
v -0.391565 12.350510 1.389665
v -0.291693 12.968679 1.199581
v -0.477938 12.718220 1.276596
v 0.291693 12.968679 1.199581
v 0.477938 12.718220 1.276596
v 0.000000 13.057019 1.172417
v 5.500692 2.118271 1.756539
v 2.384116 8.116008 3.161062
v 3.399039 2.131088 4.631275
v 5.819846 4.684862 0.009602
v 3.658598 8.361654 -0.212602
v 0.810824 10.809930 -0.135175
v 0.013878 2.123348 5.573923
v 0.000000 10.397400 1.188572
v -2.384116 8.116008 3.161063
v -3.372019 2.147370 4.612635
v -0.810824 10.809930 -0.135175
v -5.472938 2.118271 1.756538
v -3.658598 8.362829 -0.231949
v -5.819854 4.684862 0.009602
v -0.955774 17.657450 0.679572
v 0.938168 17.657450 0.679573
v -0.582563 18.371410 1.127822
v -0.936952 17.327860 -1.158961
v 0.893621 18.952419 0.437727
v 0.919344 17.327860 -1.158961
v -0.907333 18.779890 -1.354942
v -0.582563 18.096039 -1.992111
v 0.893620 18.779890 -1.354942
vn -0.2056 -0.5150 -0.8322
vn -0.2170 0.1270 0.9679
vn -0.1839 -0.3952 -0.9000
vn 0.2170 0.1270 0.9679
vn 0.2056 -0.5150 -0.8322
vn 0.1839 -0.3952 -0.9000
vn 0.3794 0.8374 0.3933
vn 0.6756 -0.5425 -0.4993
vn 0.7535 0.2231 -0.6185
vn 0.4211 0.6893 -0.5895
vn 0.2955 -0.8652 -0.4051
vn -0.3794 0.8374 0.3933
vn -0.6756 -0.5424 -0.4993
vn -0.4211 0.6893 -0.5895
vn -0.7535 0.2231 -0.6185
vn -0.2955 -0.8652 -0.4051
vn 1.0000 -0.0000 -0.0000
vn -1.0000 -0.0000 -0.0000
vn -0.0000 -0.0000 1.0000
vn 0.3304 0.6061 0.7235
vn 0.3404 0.5908 0.7315
vn 0.3601 0.7202 0.5930
vn 0.3327 0.8318 0.4443
vn 0.3955 0.9182 0.0215
vn 0.3442 0.9389 0.0059
vn 0.3700 0.8222 -0.4326
vn 0.4211 0.6894 -0.5895
vn 0.3987 0.6257 -0.6705
vn 0.7535 0.2231 -0.6184
vn 0.6756 -0.5424 -0.4994
vn 0.4147 -0.6103 -0.6749
vn 0.4185 -0.6727 -0.6102
vn 0.3408 -0.8325 -0.4368
vn 0.3795 -0.9252 0.0078
vn 0.3169 -0.9468 -0.0567
vn 0.3387 -0.8537 0.3955
vn 0.3819 -0.6952 0.6090
vn 0.3387 -0.5658 0.7518
vn 0.3500 -0.5438 0.7628
vn 0.8803 0.3345 0.3364
vn 0.9515 -0.2936 0.0920
vn 0.7555 -0.1566 -0.6361
vn 0.9842 0.1526 -0.0900
vn 0.1076 -0.2172 -0.9702
vn 0.8361 0.4269 0.3446
vn 0.8768 -0.1194 -0.4658
vn 0.8440 0.4621 0.2722
vn 0.8756 -0.3741 0.3056
vn -0.2642 0.1703 0.9493
vn 0.4913 0.2447 0.8359
vn -0.3383 0.1838 0.9229
vn -0.7416 -0.6223 0.2505
vn -0.4851 0.0098 0.8744
vn 0.5828 0.1897 0.7901
vn 0.7297 -0.3697 0.5752
vn -0.9062 -0.2799 0.3171
vn -0.3153 -0.8714 -0.3759
vn -0.0607 -0.6910 0.7203
vn 0.5497 -0.7160 0.4304
vn -0.8452 -0.3620 0.3933
vn 0.8803 0.3345 0.3365
vn -0.7826 -0.4363 0.4441
vn -0.6847 -0.3384 0.6455
vn -0.9284 -0.3291 0.1724
vn -0.6369 -0.7212 -0.2724
vn -0.7846 -0.4070 -0.4677
vn 0.1076 -0.2171 -0.9702
vn -0.4250 -0.3604 -0.8304
vn -0.7870 -0.6167 -0.0176
vn -0.6344 -0.6618 0.3994
vn -0.2133 -0.6967 0.6849
vn -0.6690 -0.7336 0.1193
vn -0.6654 -0.6693 0.3307
vn -0.6811 -0.7320 -0.0157
vn -0.8965 -0.3915 -0.2075
vn -0.5657 -0.7360 0.3719
vn -0.3936 -0.5581 0.7305
vn -0.3679 -0.5734 -0.7320
vn -0.8253 -0.1721 -0.5378
vn -0.0274 -0.5866 0.8094
vn 0.0332 -0.9742 0.2230
vn -0.5950 -0.7770 0.2055
vn -0.4348 -0.6757 0.5954
vn -0.6125 -0.7847 0.0959
vn -0.6439 -0.3562 0.6771
vn -0.9027 -0.3642 0.2291
vn -0.6870 -0.4385 -0.5794
vn -0.7365 0.6739 0.0588
vn -0.8544 0.0391 0.5181
vn -0.4635 0.8780 0.1193
vn -0.0978 0.5890 -0.8022
vn -0.6908 0.4247 -0.5851
vn -0.6558 0.4033 -0.6382
vn -0.6792 0.7144 0.1683
vn -0.7570 0.1741 0.6298
vn -0.9533 -0.2584 0.1566
vn -0.5425 -0.1391 0.8285
vn -0.8127 0.3721 0.4484
vn -0.1685 -0.4447 0.8797
vn -0.7297 -0.6808 0.0645
vn -0.4053 -0.7087 -0.5775
vn -0.4995 0.7776 -0.3819
vn -0.5656 -0.2818 0.7750
vn -0.7730 0.3816 0.5068
vn -0.8359 0.2839 0.4698
vn -0.2601 0.9582 0.1193
vn -0.4817 0.8107 -0.3329
vn -0.5071 0.8595 -0.0646
vn -0.6909 0.6889 0.2192
vn -0.1253 0.0509 -0.9908
vn -0.7671 0.3170 -0.5577
vn -0.4207 0.8884 -0.1839
vn -0.2662 0.9473 -0.1781
vn -0.7441 0.3642 0.5600
vn -0.5071 0.8380 0.2017
vn 0.1173 0.9912 -0.0606
vn -0.0000 0.9993 -0.0372
vn -0.0000 0.9938 0.1115
vn 0.0137 0.9920 0.1252
vn -0.5851 0.5793 0.5675
vn -0.6478 0.1565 0.7456
vn -0.4269 0.7206 0.5463
vn -0.4697 0.1859 0.8630
vn -0.0391 0.7708 0.6358
vn -0.5170 -0.1919 0.8342
vn -0.0000 0.2269 0.9739
vn -0.0000 0.8542 0.5200
vn -0.5264 -0.5010 0.6869
vn -0.0000 -0.1076 0.9942
vn -0.4755 -0.7593 0.4442
vn 0.0391 0.7708 0.6358
vn -0.0000 -0.9321 -0.3623
vn -0.0000 -0.2736 -0.9618
vn 0.6125 -0.7847 0.0959
vn -0.0000 -0.3956 0.9184
vn -0.0000 -0.7061 0.7081
vn 0.4755 -0.7593 0.4442
vn 0.5265 -0.5010 0.6869
vn 0.4348 -0.6757 0.5954
vn -0.0332 -0.9742 0.2230
vn 0.5170 -0.1919 0.8342
vn 0.5656 -0.2818 0.7750
vn 0.0274 -0.5866 0.8094
vn -0.5497 -0.7160 0.4304
vn 0.1685 -0.4447 0.8797
vn 0.5425 -0.1391 0.8285
vn 0.6478 0.1565 0.7456
vn 0.4697 0.1859 0.8630
vn 0.5851 0.5793 0.5675
vn 0.4269 0.7206 0.5463
vn -0.0137 0.9920 0.1252
vn 0.7441 0.3642 0.5600
vn 0.5071 0.8380 0.2017
vn -0.1173 0.9912 -0.0606
vn 0.2662 0.9473 -0.1781
vn 0.4207 0.8884 -0.1839
vn 0.4817 0.8107 -0.3329
vn 0.6909 0.6889 0.2192
vn 0.5071 0.8595 -0.0646
vn 0.2601 0.9582 0.1193
vn 0.7730 0.3816 0.5068
vn 0.8127 0.3721 0.4484
vn 0.7570 0.1741 0.6298
vn 0.9533 -0.2584 0.1566
vn 0.6792 0.7144 0.1683
vn 0.6439 -0.3562 0.6771
vn 0.8544 0.0391 0.5181
vn 0.6558 0.4033 -0.6382
vn 0.3936 -0.5581 0.7305
vn 0.7297 -0.6808 0.0646
vn 0.8359 0.2839 0.4698
vn 0.4053 -0.7087 -0.5775
vn 0.4995 0.7776 -0.3819
vn 0.1253 0.0509 -0.9908
vn 0.7671 0.3170 -0.5577
vn 0.4635 0.8780 0.1193
vn 0.0978 0.5890 -0.8022
vn 0.6908 0.4247 -0.5851
vn 0.3679 -0.5734 -0.7320
vn 0.8253 -0.1721 -0.5378
vn 0.6870 -0.4385 -0.5794
vn 0.7365 0.6739 0.0588
vn 0.9027 -0.3642 0.2291
vn 0.5950 -0.7770 0.2055
vn 0.6811 -0.7320 -0.0157
vn 0.5657 -0.7360 0.3719
vn 0.6690 -0.7336 0.1193
vn 0.8965 -0.3915 -0.2075
vn 0.6654 -0.6693 0.3307
vn 0.7826 -0.4363 0.4441
vn 0.7870 -0.6167 -0.0177
vn 0.2133 -0.6967 0.6849
vn 0.6344 -0.6618 0.3994
vn 0.4250 -0.3604 -0.8304
vn 0.7846 -0.4070 -0.4677
vn -0.1076 -0.2171 -0.9702
vn -0.7555 -0.1566 -0.6361
vn 0.9284 -0.3291 0.1724
vn 0.6369 -0.7212 -0.2724
vn -0.9515 -0.2936 0.0920
vn 0.6847 -0.3384 0.6455
vn -0.8803 0.3345 0.3365
vn 0.8452 -0.3620 0.3933
vn -0.9842 0.1526 -0.0900
vn -0.8768 -0.1194 -0.4658
vn 0.3153 -0.8714 -0.3760
vn -0.8756 -0.3741 0.3056
vn 0.9062 -0.2799 0.3171
vn 0.7416 -0.6223 0.2505
vn 0.3383 0.1838 0.9229
vn -0.8440 0.4621 0.2722
vn 0.2642 0.1703 0.9493
vn -0.8361 0.4269 0.3446
vn -0.4913 0.2447 0.8359
vn -0.1076 -0.2172 -0.9702
vn -0.8803 0.3345 0.3364
vn 0.4851 0.0098 0.8744
vn -0.5828 0.1897 0.7901
vn -0.7297 -0.3697 0.5752
vn 0.0607 -0.6910 0.7203
vn -0.3304 0.6061 0.7235
vn -0.3601 0.7202 0.5930
vn -0.3404 0.5908 0.7315
vn -0.3327 0.8318 0.4443
vn -0.3955 0.9182 0.0215
vn -0.3442 0.9389 0.0059
vn -0.3700 0.8222 -0.4326
vn -0.4211 0.6894 -0.5895
vn -0.3987 0.6257 -0.6705
vn -0.7535 0.2231 -0.6184
vn -0.4147 -0.6104 -0.6749
vn -0.6756 -0.5424 -0.4994
vn -0.4185 -0.6727 -0.6102
vn -0.3408 -0.8325 -0.4368
vn -0.3795 -0.9252 0.0078
vn -0.3169 -0.9468 -0.0567
vn -0.3387 -0.8537 0.3955
vn -0.3819 -0.6952 0.6090
vn -0.3387 -0.5658 0.7518
vn -0.3500 -0.5438 0.7628
vn 0.0020 -0.9275 -0.3737
vn 0.1174 -0.9488 -0.2934
vn -0.0000 -0.9706 -0.2407
vn -0.0919 -0.9563 -0.2777
vn -0.0020 -1.0000 -0.0039
vn -0.2115 -0.9322 -0.2938
vn -0.2543 -0.9547 -0.1546
vn -0.1487 -0.9709 -0.1879
vn -0.0763 -0.9547 -0.2876
vn -0.2369 -0.9572 -0.1664
vn -0.3405 -0.9336 -0.1116
vn -0.3033 -0.9527 0.0176
vn -0.2272 -0.9710 -0.0744
vn -0.2330 -0.9537 -0.1900
vn -0.2879 -0.9577 0.0039
vn -0.3383 -0.9347 0.1095
vn -0.2328 -0.9527 0.1956
vn -0.2289 -0.9706 0.0743
vn -0.3032 -0.9528 -0.0176
vn -0.2289 -0.9588 0.1683
vn -0.2074 -0.9350 0.2876
vn -0.0704 -0.9528 0.2954
vn -0.1409 -0.9709 0.1938
vn -0.2582 -0.9524 0.1623
vn -0.0881 -0.9588 0.2700
vn 0.0019 -0.9352 0.3541
vn 0.1175 -0.9534 0.2780
vn -0.0000 -0.9715 0.2370
vn -0.1154 -0.9526 0.2817
vn 0.0842 -0.9591 0.2701
vn 0.2115 -0.9340 0.2879
vn 0.2561 -0.9542 0.1545
vn 0.1389 -0.9720 0.1897
vn 0.0685 -0.9529 0.2955
vn 0.2270 -0.9589 0.1703
vn 0.3424 -0.9332 0.1096
vn 0.2973 -0.9544 -0.0254
vn 0.2230 -0.9721 0.0724
vn 0.2272 -0.9539 0.1959
vn 0.2856 -0.9584 0.0039
vn 0.3446 -0.9319 -0.1135
vn 0.2270 -0.9548 -0.1918
vn 0.2211 -0.9726 -0.0724
vn 0.2955 -0.9550 0.0235
vn 0.2351 -0.9579 -0.1645
vn 0.2134 -0.9318 -0.2936
vn 0.0645 -0.9562 -0.2855
vn 0.1367 -0.9723 -0.1898
vn 0.2524 -0.9567 -0.1448
vn 0.0860 -0.9562 -0.2796
vn 0.0020 -0.9275 -0.3738
vn -0.1174 -0.9475 -0.2975
vn 0.9711 -0.0430 0.2349
vn 0.7625 0.0469 -0.6452
vn 0.9968 -0.0470 0.0646
vn 0.7592 0.0822 -0.6457
vn -0.0000 0.2172 -0.9761
vn -0.0000 0.2586 -0.9660
vn -0.7592 0.0822 -0.6457
vn -0.7625 0.0469 -0.6452
vn -0.9968 -0.0470 0.0646
vn -0.9711 -0.0430 0.2349
vn 0.7120 0.0509 0.7003
vn 0.9711 -0.0431 0.2350
vn 0.5633 0.1193 0.8176
vn -0.0000 0.2189 0.9757
vn -0.0000 0.2293 0.9734
vn -0.5633 0.1193 0.8176
vn -0.7120 0.0509 0.7003
vn -0.9711 -0.0431 0.2350
vn 0.9822 -0.0000 -0.1879
vn 0.8007 -0.0000 -0.5990
vn 0.9822 -0.0000 -0.1878
vn 0.8007 -0.0000 -0.5991
vn -0.0000 -0.0000 -1.0000
vn -0.8204 -0.0000 -0.5717
vn -0.8204 -0.0000 -0.5718
vn -0.9833 -0.0000 -0.1821
vn -0.0000 -1.0000 -0.0000
vn -0.9822 -0.0000 -0.1878
vn -0.8007 -0.0000 -0.5990
vn -0.9822 -0.0000 -0.1880
vn -0.8007 -0.0000 -0.5991
vn 0.8204 -0.0000 -0.5717
vn 0.8204 -0.0000 -0.5718
vn 0.9833 -0.0000 -0.1822
vn 0.9833 -0.0000 -0.1821
vn -0.1977 -0.4131 -0.8889
vn -0.2191 -0.4206 -0.8804
vn -0.2446 -0.3013 -0.9216
vn -0.6716 0.1880 -0.7166
vn -0.6573 0.4578 -0.5986
vn -0.3346 -0.9156 -0.2230
vn -0.3955 0.4425 -0.8048
vn 0.0216 -0.5577 -0.8297
vn -0.2174 -0.9321 -0.2898
vn 0.4073 -0.7735 0.4856
vn 0.9661 0.1486 -0.2112
vn 0.9470 -0.1859 -0.2622
vn 0.3661 -0.4209 -0.8300
vn 0.9606 -0.2563 -0.1076
vn 0.0352 -0.1114 -0.9931
vn 0.9834 0.1665 0.0725
vn -0.3034 0.5755 -0.7595
vn 0.5773 0.5852 -0.5695
vn 0.1977 -0.4131 -0.8889
vn 0.2191 -0.4206 -0.8804
vn 0.2446 -0.3013 -0.9216
vn 0.6716 0.1880 -0.7166
vn 0.6573 0.4578 -0.5986
vn 0.3346 -0.9156 -0.2230
vn 0.3955 0.4425 -0.8048
vn -0.0216 -0.5577 -0.8297
vn 0.2174 -0.9321 -0.2898
vn -0.4073 -0.7735 0.4856
vn -0.9661 0.1486 -0.2112
vn -0.9470 -0.1859 -0.2622
vn -0.3661 -0.4209 -0.8300
vn -0.9606 -0.2563 -0.1076
vn -0.0352 -0.1115 -0.9931
vn -0.9834 0.1665 0.0725
vn 0.3034 0.5755 -0.7595
vn -0.5773 0.5852 -0.5695
vn -0.0920 -0.6639 0.7422
vn -0.0958 -0.9952 -0.0176
vn -0.0920 -0.9946 -0.0470
vn -0.1116 -0.6500 0.7517
vn -0.0960 0.0979 0.9906
vn -0.0802 0.0469 0.9957
vn -0.0783 0.7030 0.7069
vn -0.0901 0.7283 0.6793
vn -0.0979 0.9951 0.0098
vn -0.0763 0.9957 -0.0528
vn -0.0861 0.7342 -0.6735
vn -0.1017 0.7747 -0.6241
vn -0.0960 0.0940 -0.9909
vn -0.0705 -0.0352 -0.9969
vn -0.0684 -0.7388 -0.6704
vn -0.0899 -0.6844 -0.7235
vn 0.0920 -0.6639 0.7422
vn 0.0920 -0.9946 -0.0470
vn 0.0958 -0.9952 -0.0176
vn 0.1116 -0.6500 0.7517
vn 0.0959 0.0979 0.9906
vn 0.0802 0.0469 0.9957
vn 0.0783 0.7030 0.7069
vn 0.0901 0.7283 0.6793
vn 0.0979 0.9951 0.0098
vn 0.0763 0.9957 -0.0528
vn 0.0861 0.7342 -0.6735
vn 0.1017 0.7747 -0.6241
vn 0.0960 0.0940 -0.9909
vn 0.0705 -0.0352 -0.9969
vn 0.0684 -0.7388 -0.6704
vn 0.0899 -0.6844 -0.7235
vn 0.3951 -0.1428 0.9075
vn 0.6830 -0.1703 0.7103
vn 0.6926 -0.1722 0.7004
vn 0.4464 -0.1175 0.8871
vn 0.2014 -0.1368 0.9699
vn -0.0021 -0.1546 0.9880
vn -0.0078 -0.1447 0.9894
vn -0.2093 -0.1350 0.9685
vn -0.3990 -0.1310 0.9075
vn -0.4558 -0.1017 0.8842
vn -0.6926 -0.1467 0.7063
vn -0.6888 -0.1448 0.7103
vn -0.8916 -0.2033 0.4047
vn -0.8704 -0.1545 0.4675
vn -0.9302 -0.2585 0.2605
vn -0.9522 -0.3050 0.0176
vn -0.9492 -0.3131 0.0313
vn -0.9291 -0.3208 -0.1839
vn -0.8823 -0.3189 -0.3463
vn -0.8665 -0.2973 -0.4010
vn -0.6847 -0.3561 -0.6359
vn -0.6900 -0.3538 -0.6314
vn -0.3915 -0.4052 -0.8261
vn -0.4111 -0.3935 -0.8223
vn -0.1564 -0.4125 -0.8974
vn -0.0079 -0.4172 -0.9088
vn 0.0528 -0.4070 -0.9119
vn 0.1938 -0.3895 -0.9004
vn 0.4132 -0.3114 -0.8558
vn 0.4560 -0.2838 -0.8435
vn 0.7063 -0.2368 -0.6672
vn 0.6909 -0.2368 -0.6831
vn 0.8828 -0.2623 -0.3896
vn 0.8733 -0.2487 -0.4190
vn 0.9407 -0.2875 -0.1800
vn 0.9624 -0.2699 0.0293
vn 0.9615 -0.2742 0.0177
vn 0.9401 -0.2350 0.2468
vn 0.8849 -0.2114 0.4151
vn 0.8803 -0.1956 0.4323
vn 0.6926 -0.1722 0.7005
vn 0.6829 -0.1703 0.7104
vn -0.0000 -0.8218 -0.5698
vn -0.0000 -0.8940 -0.4480
vn -0.0000 -0.8948 -0.4464
vn -0.0000 -0.9924 -0.1233
vn -0.0000 -0.8948 -0.4465
vn 0.9422 0.1332 -0.3075
vn 0.9150 0.1038 0.3899
vn 0.8915 0.2386 0.3851
vn 0.9126 0.1175 -0.3917
vn 0.9248 -0.0293 0.3793
vn -0.0078 0.2563 -0.9666
vn 0.9176 -0.0430 -0.3952
vn 0.8710 -0.0450 0.4893
vn -0.0117 0.1976 -0.9802
vn 0.8925 -0.0293 -0.4502
vn 0.9164 -0.0470 0.3975
vn 0.0117 -0.0979 -0.9951
vn -0.9134 0.1056 -0.3931
vn -0.9330 0.1878 -0.3071
vn -0.8905 -0.1350 -0.4345
vn -0.0274 -0.0156 -0.9995
vn -0.9189 0.1212 0.3754
vn -0.8698 0.2737 0.4105
vn -0.9153 -0.1174 0.3853
vn -0.0118 0.2213 0.9751
vn -0.0078 0.4464 0.8948
vn 0.8915 0.2385 0.3851
vn 0.0020 -0.0607 0.9982
vn -0.8451 -0.0939 0.5262
vn -0.0039 -0.0352 0.9994
vn 0.0059 -0.0509 0.9987
vn -0.8807 -0.0744 -0.4677
vn -0.9347 -0.0313 0.3540
vn -0.0000 -0.2407 0.9706
vn -0.0098 -0.1194 0.9928
vn 0.8439 -0.1566 0.5131
vn -0.8762 -0.2053 0.4361
vn -0.8548 -0.1565 -0.4948
vn -0.7944 0.0587 -0.6046
vn -0.0117 -0.0762 -0.9970
vn -0.0098 0.1076 -0.9941
vn 0.8800 -0.0587 -0.4713
vn 0.8186 0.0529 -0.5719
vn 0.8440 -0.1567 0.5130
vn -0.9422 0.1332 -0.3075
vn -0.8922 0.2387 0.3835
vn -0.9153 0.1036 0.3892
vn -0.9126 0.1175 -0.3916
vn -0.9248 -0.0293 0.3793
vn 0.0078 0.2563 -0.9666
vn -0.9176 -0.0430 -0.3952
vn -0.8710 -0.0450 0.4893
vn 0.0117 0.1976 -0.9802
vn 0.9134 0.1056 -0.3931
vn 0.9330 0.1878 -0.3071
vn -0.0117 -0.0979 -0.9951
vn 0.9196 0.1213 0.3737
vn 0.8705 0.2739 0.4088
vn 0.8905 -0.1350 -0.4345
vn 0.9153 -0.1174 0.3853
vn 0.0118 0.2213 0.9751
vn 0.0078 0.4464 0.8948
vn -0.0020 -0.0607 0.9982
vn 0.8451 -0.0939 0.5262
vn 0.0039 -0.0352 0.9994
vn -0.0059 -0.0509 0.9987
vn -0.9164 -0.0470 0.3975
vn 0.8807 -0.0744 -0.4677
vn 0.9347 -0.0313 0.3540
vn 0.0098 -0.1194 0.9928
vn -0.8439 -0.1566 0.5131
vn 0.8762 -0.2053 0.4361
vn 0.8548 -0.1565 -0.4948
vn 0.7944 0.0587 -0.6046
vn 0.0117 -0.0762 -0.9970
vn 0.0098 0.1076 -0.9941
vn -0.8800 -0.0587 -0.4713
vn 0.0274 -0.0156 -0.9995
vn -0.8186 0.0529 -0.5719
vn -0.8925 -0.0294 -0.4502
vn -0.8440 -0.1567 0.5130
vn -0.1271 -0.0254 -0.9916
vn -0.1311 -0.9274 -0.3503
vn 0.1780 -0.9468 -0.2680
vn 0.3011 0.2170 -0.9286
vn -0.0822 0.9493 -0.3034
vn 0.2937 -0.5033 -0.8127
vn 0.1486 0.9698 -0.1935
vn -0.0822 0.8259 0.5578
vn 0.1879 0.5578 -0.8084
vn -0.0333 -0.4934 -0.8692
vn 0.0313 0.4090 -0.9120
vn -0.2365 -0.0880 -0.9676
vn 0.0528 0.8533 -0.5187
vn -0.1037 0.8592 -0.5010
vn -0.1410 -0.1821 -0.9731
vn 0.0176 0.9408 -0.3384
vn -0.0977 0.7644 -0.6373
vn -0.7082 0.3678 -0.6026
vn -0.0724 0.9097 0.4089
vn -0.1096 0.7964 -0.5948
vn -0.1467 -0.2993 -0.9428
vn 0.0842 -0.1958 0.9770
vn -0.1076 0.8373 -0.5360
vn -0.2894 -0.4029 -0.8683
vn -0.0548 0.9171 0.3950
vn -0.0059 -0.2407 0.9706
vn -0.1369 -0.3326 0.9331
vn -0.1036 0.8368 -0.5377
vn -0.8258 0.3033 -0.4755
vn -0.0548 0.9282 0.3681
vn -0.7754 0.2213 0.5914
vn -0.0118 0.9462 -0.3233
vn -0.0704 0.7489 -0.6589
vn -0.1038 -0.2232 -0.9692
vn -0.8837 0.1427 -0.4458
vn -0.0802 0.7882 -0.6102
vn -0.1291 -0.2465 -0.9605
vn -0.0606 0.8787 0.4736
vn -0.0861 0.8281 -0.5540
vn -0.2408 -0.3896 -0.8889
vn -0.0333 0.8864 0.4617
vn 0.0391 -0.2562 0.9658
vn -0.0059 -0.2760 0.9611
vn -0.0333 0.9065 0.4209
vn -0.1467 0.8508 -0.5046
vn -0.8370 0.2073 -0.5065
vn -0.8077 0.2699 0.5241
vn -0.1311 0.9175 0.3756
vn -0.1290 -0.3871 0.9130
vn 0.0606 0.9955 -0.0723
vn -0.0098 1.0000 -0.0020
vn 0.2386 0.8782 0.4146
vn -0.0215 0.0117 0.9997
vn 0.4702 0.0411 0.8816
vn -0.0783 0.7789 -0.6223
vn -0.0489 -0.2131 -0.9758
vn 0.3207 0.6629 0.6766
vn -0.0666 0.8123 -0.5794
vn -0.0606 -0.2719 -0.9604
vn -0.0705 0.8162 0.5735
vn -0.8567 0.1956 0.4773
vn 0.1096 0.9359 0.3348
vn -0.0333 -0.2035 0.9785
vn -0.0626 0.8492 0.5244
vn -0.0430 -0.2698 0.9620
vn -0.0744 0.8848 0.4600
vn -0.0764 0.8441 -0.5307
vn -0.1447 0.8975 0.4165
vn -0.1781 -0.3973 0.9003
vn -0.8369 0.2385 0.4927
vn -0.1369 0.8647 -0.4833
vn -0.1977 -0.4052 -0.8926
vn -0.8445 0.1857 -0.5023
vn -0.0881 0.9694 0.2291
vn -0.0802 0.7848 -0.6145
vn 0.0529 -0.2898 -0.9556
vn -0.1273 0.0725 0.9892
vn -0.0606 0.7806 -0.6221
vn -0.0019 -0.2879 -0.9577
vn -0.0880 0.8294 0.5516
vn -0.0568 0.5601 0.8265
vn -0.1292 -0.0979 0.9868
vn -0.1252 0.8862 0.4460
vn -0.1371 -0.2545 0.9573
vn -0.0606 0.8409 -0.5378
vn -0.1233 -0.3407 -0.9320
vn -0.1076 0.8825 0.4579
vn -0.1703 0.9026 0.3955
vn -0.2682 -0.3622 0.8927
vn -0.8681 0.1975 0.4555
vn -0.0899 0.8721 -0.4810
vn -0.7954 0.1313 -0.5916
vn 0.3153 0.4662 0.8266
vn -0.4602 0.8872 -0.0313
vn 0.5071 0.0255 0.8615
vn 0.2269 -0.8978 0.3775
vn 0.3447 -0.5053 0.7912
vn 0.4753 0.5849 0.6573
vn -0.3777 0.9062 -0.1899
vn 0.4930 -0.5654 0.6613
vn -0.2425 -0.9682 -0.0606
vn 0.5368 0.5467 0.6426
vn 0.4971 0.5010 0.7084
vn -0.4147 0.9077 0.0645
vn 0.5713 -0.5615 0.5986
vn 0.0999 0.4875 0.8674
vn -0.9409 0.0822 0.3286
vn 0.2014 -0.4888 0.8488
vn 0.4873 -0.5264 0.6967
vn -0.3890 -0.9187 0.0684
vn -0.9409 0.0821 0.3286
vn -0.2624 -0.9419 -0.2095
vn -0.8317 -0.1879 -0.5225
vn -0.9228 0.1411 -0.3585
vn -0.4147 0.9077 0.0646
vn -0.8163 -0.0489 -0.5755
vn -0.7328 -0.0783 -0.6760
vn -0.4603 0.8872 -0.0314
vn -0.2055 -0.9787 0.0020
vn -0.2545 -0.9671 -0.0059
vn -0.2388 -0.8377 0.4912
vn -0.1586 -0.7517 0.6401
vn -0.2074 -0.4754 0.8550
vn -0.0392 -0.9990 -0.0196
vn -0.1370 0.0176 0.9904
vn 0.0409 -0.7483 0.6621
vn -0.0802 -0.7354 0.6729
vn -0.0803 -0.9966 -0.0196
vn 0.0313 0.0137 0.9994
vn -0.0802 -0.8836 0.4613
vn -0.1311 -0.9274 -0.3502
vn -0.0783 0.0078 0.9969
vn -0.0782 0.7393 0.6689
vn -0.1293 0.7602 0.6367
vn -0.2113 0.5009 0.8393
vn -0.2172 0.8435 0.4912
vn 0.0803 0.7575 0.6479
vn -0.0627 0.9967 -0.0509
vn -0.0117 0.9976 -0.0685
vn -0.1976 0.9800 0.0235
vn -0.2310 0.9711 0.0607
vn -0.2387 0.8532 -0.4638
vn -0.0469 0.6473 -0.7608
vn -0.2133 0.7398 -0.6381
vn -0.2351 0.5113 -0.8266
vn -0.1761 0.0274 -0.9840
vn 0.0098 0.7022 -0.7120
vn 0.0215 0.7281 -0.6851
vn -0.0391 -0.0098 -0.9992
vn -0.0098 -0.0137 -0.9999
vn 0.0020 -0.7358 -0.6771
vn -0.0745 -0.6721 -0.7367
vn -0.0000 -0.7570 -0.6534
vn -0.1761 -0.7396 -0.6496
vn -0.2112 -0.5240 -0.8251
vn -0.2270 -0.8375 -0.4970
vn -0.1780 -0.9468 -0.2680
vn 0.1311 -0.9274 -0.3503
vn 0.1271 -0.0254 -0.9916
vn -0.3010 0.2170 -0.9286
vn -0.2937 -0.5033 -0.8127
vn 0.0822 0.9493 -0.3034
vn -0.1879 0.5578 -0.8084
vn 0.0333 -0.4934 -0.8692
vn -0.1486 0.9698 -0.1935
vn 0.0822 0.8259 0.5578
vn -0.0313 0.4090 -0.9120
vn 0.2365 -0.0880 -0.9676
vn -0.0528 0.8533 -0.5187
vn 0.1037 0.8592 -0.5010
vn 0.1410 -0.1821 -0.9731
vn -0.0176 0.9408 -0.3384
vn 0.0977 0.7644 -0.6373
vn 0.7082 0.3678 -0.6026
vn 0.0724 0.9097 0.4089
vn 0.1096 0.7964 -0.5948
vn 0.1467 -0.2993 -0.9428
vn -0.0842 -0.1958 0.9770
vn 0.1076 0.8373 -0.5360
vn 0.2894 -0.4029 -0.8683
vn 0.0539 0.9171 0.3949
vn 0.0059 -0.2407 0.9706
vn 0.1369 -0.3326 0.9331
vn 0.1036 0.8368 -0.5377
vn 0.8258 0.3033 -0.4755
vn 0.0548 0.9282 0.3681
vn 0.7754 0.2213 0.5914
vn 0.0118 0.9462 -0.3233
vn 0.0704 0.7489 -0.6589
vn 0.1038 -0.2232 -0.9692
vn 0.8837 0.1427 -0.4458
vn 0.0802 0.7882 -0.6102
vn 0.1291 -0.2465 -0.9605
vn 0.0607 0.8787 0.4736
vn 0.0861 0.8281 -0.5540
vn 0.2408 -0.3896 -0.8889
vn 0.0333 0.8864 0.4618
vn -0.0391 -0.2561 0.9659
vn 0.0059 -0.2760 0.9611
vn 0.0333 0.9065 0.4209
vn 0.1467 0.8508 -0.5046
vn 0.8370 0.2073 -0.5064
vn 0.8077 0.2699 0.5241
vn 0.1311 0.9175 0.3756
vn 0.1290 -0.3871 0.9130
vn -0.0606 0.9955 -0.0724
vn 0.0098 1.0000 -0.0020
vn -0.2386 0.8782 0.4146
vn 0.0215 0.0117 0.9997
vn -0.4702 0.0411 0.8816
vn 0.0783 0.7789 -0.6223
vn 0.0489 -0.2132 -0.9758
vn -0.3207 0.6629 0.6766
vn 0.0666 0.8123 -0.5794
vn 0.0606 -0.2719 -0.9604
vn 0.0705 0.8162 0.5735
vn 0.8567 0.1956 0.4773
vn -0.1096 0.9359 0.3348
vn 0.0333 -0.2035 0.9785
vn 0.0626 0.8492 0.5244
vn 0.0430 -0.2698 0.9619
vn 0.0744 0.8848 0.4600
vn 0.0764 0.8441 -0.5307
vn 0.1447 0.8975 0.4165
vn 0.1781 -0.3973 0.9003
vn 0.8369 0.2385 0.4927
vn 0.1370 0.8647 -0.4832
vn 0.1977 -0.4052 -0.8926
vn 0.8445 0.1857 -0.5023
vn -0.2269 -0.8978 0.3775
vn -0.5071 0.0255 0.8615
vn -0.3447 -0.5052 0.7912
vn -0.3153 0.4662 0.8266
vn 0.0568 0.5601 0.8265
vn 0.4603 0.8872 -0.0313
vn 0.1273 0.0725 0.9892
vn -0.4753 0.5849 0.6573
vn 0.3778 0.9062 -0.1899
vn 0.0881 0.9694 0.2291
vn 0.0880 0.8294 0.5516
vn 0.1292 -0.0979 0.9868
vn 0.0802 0.7848 -0.6145
vn -0.0529 -0.2898 -0.9556
vn 0.1252 0.8862 0.4460
vn 0.1371 -0.2545 0.9573
vn 0.0607 0.7806 -0.6221
vn 0.0019 -0.2879 -0.9577
vn 0.1076 0.8825 0.4579
vn 0.0606 0.8409 -0.5378
vn 0.1233 -0.3407 -0.9320
vn 0.1703 0.9025 0.3955
vn 0.2682 -0.3622 0.8927
vn 0.8681 0.1975 0.4555
vn 0.0900 0.8721 -0.4810
vn 0.7954 0.1313 -0.5916
vn -0.4930 -0.5654 0.6613
vn 0.2425 -0.9682 -0.0606
vn -0.5368 0.5467 0.6426
vn 0.2624 -0.9419 -0.2095
vn 0.8317 -0.1879 -0.5225
vn -0.5713 -0.5615 0.5986
vn -0.4971 0.5010 0.7084
vn 0.4147 0.9077 0.0646
vn -0.4873 -0.5264 0.6967
vn -0.0999 0.4875 0.8674
vn 0.9409 0.0822 0.3286
vn -0.2014 -0.4889 0.8487
vn 0.3890 -0.9187 0.0684
vn 0.9409 0.0821 0.3286
vn 0.9228 0.1411 -0.3585
vn 0.8163 -0.0489 -0.5755
vn 0.7328 -0.0784 -0.6760
vn 0.4603 0.8872 -0.0314
vn 0.2388 -0.8377 0.4912
vn 0.2545 -0.9671 -0.0059
vn 0.2055 -0.9787 0.0020
vn 0.1586 -0.7517 0.6401
vn 0.2074 -0.4754 0.8550
vn 0.0392 -0.9990 -0.0196
vn 0.1370 0.0176 0.9904
vn -0.0411 -0.7483 0.6621
vn 0.0802 -0.7354 0.6728
vn 0.0803 -0.9966 -0.0196
vn -0.0313 0.0137 0.9994
vn 0.0802 -0.8836 0.4613
vn 0.1311 -0.9274 -0.3502
vn 0.0783 0.0078 0.9969
vn 0.0782 0.7392 0.6689
vn 0.1293 0.7602 0.6367
vn 0.2113 0.5009 0.8393
vn 0.2172 0.8435 0.4912
vn -0.0803 0.7575 0.6479
vn 0.0627 0.9967 -0.0509
vn 0.0117 0.9976 -0.0685
vn 0.1976 0.9800 0.0235
vn 0.2310 0.9711 0.0607
vn 0.2387 0.8532 -0.4638
vn 0.2133 0.7398 -0.6381
vn 0.2351 0.5113 -0.8266
vn 0.1761 0.0274 -0.9840
vn -0.0098 0.7022 -0.7120
vn -0.0215 0.7281 -0.6851
vn 0.0469 0.6473 -0.7608
vn 0.0391 -0.0098 -0.9992
vn 0.0745 -0.6721 -0.7367
vn 0.0098 -0.0137 -0.9999
vn -0.0020 -0.7358 -0.6771
vn 0.1761 -0.7396 -0.6496
vn 0.2112 -0.5240 -0.8251
vn 0.2270 -0.8375 -0.4970
vn 0.7766 0.0704 0.6260
vn 0.4322 0.6493 0.6258
vn 0.3895 0.0450 0.9199
vn 0.2683 -0.3662 0.8910
vn 0.8155 -0.3305 0.4752
vn 0.0881 -0.7208 0.6875
vn 0.9039 0.3483 0.2485
vn 0.6965 -0.6812 0.2254
vn -0.1096 -0.9316 0.3464
vn 0.9961 0.0646 -0.0607
vn 0.6972 0.7168 0.0098
vn 0.4383 -0.8962 -0.0685
vn -0.2780 -0.9594 -0.0470
vn 0.8968 -0.2428 -0.3700
vn 0.7038 0.5865 -0.4008
vn 0.2780 0.9594 0.0470
vn -0.4322 -0.6493 -0.6258
vn 0.1077 -0.9340 -0.3407
vn -0.1077 0.9340 0.3407
vn 0.6199 -0.5006 -0.6043
vn 0.2348 -0.6553 -0.7179
vn 0.5716 0.3385 -0.7475
vn 0.3267 0.0215 -0.9449
vn 0.0294 -0.2878 -0.9572
vn 0.1096 0.9316 -0.3464
vn -0.0883 0.7208 -0.6875
vn -0.2683 0.3662 -0.8910
vn -0.3895 -0.0450 -0.9199
vn -0.4383 0.8962 0.0685
vn -0.6965 0.6812 -0.2254
vn -0.2348 0.6553 0.7179
vn -0.8155 0.3305 -0.4752
vn -0.7766 -0.0704 -0.6260
vn -0.6199 0.5006 0.6043
vn -0.8968 0.2428 0.3700
vn -0.0293 0.2878 0.9573
vn -0.3267 -0.0215 0.9449
vn -0.5716 -0.3385 0.7475
vn -0.9961 -0.0646 0.0607
vn -0.7038 -0.5865 0.4008
vn -0.9039 -0.3483 -0.2485
vn -0.6972 -0.7168 -0.0098
vn 0.8282 -0.1918 0.5266
vn 0.4639 0.6850 0.5618
vn 0.1350 -0.0997 0.9858
vn -0.1428 -0.5692 0.8097
vn 0.6866 -0.6788 0.2603
vn -0.3738 -0.8514 0.3680
vn 0.9470 0.2837 -0.1507
vn 0.3191 -0.9434 -0.0900
vn -0.4639 -0.6851 -0.5617
vn 0.8279 -0.1096 -0.5501
vn 0.3738 0.8514 -0.3680
vn 0.4639 0.6850 0.5617
vn 0.4385 -0.4679 -0.7674
vn -0.4639 -0.6850 -0.5618
vn 0.1428 0.5692 -0.8097
vn -0.3191 0.9434 0.0900
vn -0.4639 -0.6850 -0.5617
vn -0.1350 0.0997 -0.9858
vn -0.6867 0.6788 -0.2600
vn -0.4385 0.4679 0.7674
vn -0.8281 0.1918 -0.5267
vn -0.8279 0.1096 0.5500
vn -0.1428 -0.5691 0.8097
vn -0.9470 -0.2837 0.1506
vn -0.3739 -0.8514 0.3680
vn -0.9194 -0.3854 -0.0783
vn -0.4853 -0.7554 -0.4403
vn -0.6814 -0.7030 0.2037
vn -0.6459 -0.4971 0.5794
vn -0.9824 -0.0489 0.1800
vn -0.4818 -0.1880 0.8559
vn -0.8380 -0.1860 -0.5130
vn -0.8570 0.3111 0.4108
vn -0.2233 0.1587 0.9617
vn -0.8678 0.2370 -0.4368
vn -0.4859 -0.2175 -0.8465
vn -0.5599 0.6087 0.5621
vn 0.0685 0.4641 0.8831
vn -0.7290 0.6275 -0.2735
vn -0.3680 0.1899 -0.9102
vn -0.0685 -0.4641 -0.8831
vn -0.1684 0.7812 0.6011
vn 0.4853 0.7554 0.4403
vn -0.4442 0.8942 -0.0548
vn -0.0880 0.9821 0.1663
vn -0.1741 0.5770 -0.7980
vn 0.0548 0.8473 -0.5283
vn 0.2644 0.9499 -0.1665
vn 0.2233 -0.1587 -0.9618
vn 0.4817 0.1880 -0.8559
vn 0.1684 -0.7812 -0.6011
vn 0.6455 0.4975 -0.5795
vn 0.5600 -0.6089 -0.5619
vn 0.6814 0.7030 -0.2036
vn 0.0881 -0.9821 -0.1663
vn 0.9194 0.3854 0.0782
vn 0.4442 -0.8942 0.0548
vn 0.9824 0.0489 -0.1800
vn -0.2644 -0.9499 0.1665
vn -0.6814 -0.7030 0.2036
vn -0.0548 -0.8473 0.5283
vn -0.6459 -0.4972 0.5794
vn 0.8570 -0.3111 -0.4109
vn 0.7290 -0.6275 0.2735
vn 0.1740 -0.5771 0.7980
vn 0.8676 -0.2371 0.4371
vn 0.3680 -0.1899 0.9102
vn -0.2233 0.1587 0.9618
vn 0.8380 0.1860 0.5130
vn 0.4860 0.2175 0.8465
vn 0.7126 -0.6754 0.1899
vn 0.4890 -0.7531 -0.4401
vn 0.9261 -0.3603 -0.1116
vn 0.6883 -0.4596 0.5612
vn 0.9910 -0.0137 0.1332
vn 0.5286 -0.1468 0.8361
vn 0.8178 -0.1761 -0.5478
vn 0.8647 0.3503 0.3599
vn 0.2622 0.1957 0.9450
vn 0.8381 0.2487 -0.4856
vn 0.4517 -0.2288 -0.8623
vn 0.5659 0.6423 0.5169
vn -0.0430 0.4894 0.8710
vn 0.6943 0.6414 -0.3265
vn 0.1721 0.8040 0.5692
vn -0.4890 0.7531 0.4401
vn 0.3190 0.1742 -0.9316
vn 0.0430 -0.4893 -0.8710
vn 0.4133 0.9049 -0.1018
vn 0.1175 0.5575 -0.8218
vn 0.0627 0.9891 0.1332
vn -0.2622 -0.1957 -0.9450
vn -0.1057 0.8298 -0.5480
vn -0.1721 -0.8040 -0.5692
vn -0.3033 0.9354 -0.1820
vn -0.5284 0.1468 -0.8362
vn -0.5659 -0.6423 -0.5170
vn -0.0627 -0.9891 -0.1332
vn -0.6883 0.4596 -0.5612
vn -0.8647 -0.3503 -0.3599
vn -0.7126 0.6754 -0.1899
vn -0.4133 -0.9049 0.1019
vn -0.9910 0.0137 -0.1332
vn 0.3033 -0.9354 0.1820
vn -0.9261 0.3603 0.1116
vn 0.1057 -0.8298 0.5480
vn -0.6942 -0.6414 0.3266
vn -0.1176 -0.5574 0.8219
vn 0.5286 -0.1468 0.8360
vn -0.8381 -0.2487 0.4856
vn -0.3185 -0.1740 0.9318
vn -0.8178 0.1761 0.5478
vn -0.4517 0.2288 0.8623
vn -0.0431 0.4893 0.8710
vn 0.5737 0.8184 0.0333
vn 0.8413 0.5263 -0.1232
vn 0.4933 0.8692 -0.0352
vn 0.3170 0.7495 -0.5812
vn 0.2173 0.3817 -0.8984
vn -0.0000 0.6972 -0.7168
vn 0.5211 0.3722 -0.7680
vn 0.8624 0.3481 -0.3676
vn -0.0000 0.3859 -0.9226
vn 0.2213 -0.1058 -0.9694
vn -0.2173 0.3817 -0.8984
vn -0.3170 0.7495 -0.5812
vn -0.0000 -0.1134 -0.9935
vn -0.8413 0.5263 -0.1232
vn -0.4933 0.8692 -0.0352
vn -0.5737 0.8184 0.0333
vn -0.5211 0.3722 -0.7680
vn -0.8624 0.3481 -0.3676
vn -0.2213 -0.1058 -0.9695
vn -0.7842 -0.2132 -0.5828
vn -0.9887 0.0294 -0.1468
vn -0.2056 -0.4053 -0.8908
vn -0.7383 -0.5464 -0.3956
vn -0.8316 -0.5362 -0.1448
vn -0.5389 -0.6976 -0.4723
vn -0.7674 -0.6382 0.0607
vn -0.0000 -0.4974 -0.8675
vn -0.0000 -0.3541 -0.9352
vn 0.2056 -0.4053 -0.8908
vn 0.5389 -0.6976 -0.4723
vn 0.7842 -0.2132 -0.5828
vn 0.9887 0.0294 -0.1468
vn 0.7383 -0.5463 -0.3956
vn 0.8316 -0.5362 -0.1448
vn 0.7674 -0.6382 0.0607
vn -0.7474 0.0646 0.6613
vn -0.3483 0.0607 0.9354
vn -0.4226 0.6554 0.6260
vn -0.2132 -0.3463 0.9136
vn -0.7814 -0.3407 0.5229
vn -0.0313 -0.7019 0.7116
vn -0.9021 0.3268 0.2818
vn -0.6633 -0.6948 0.2780
vn 0.1548 -0.9167 0.3683
vn -0.9994 0.0313 -0.0137
vn -0.7186 0.6951 0.0216
vn -0.4131 -0.9104 -0.0215
vn 0.3072 -0.9511 -0.0313
vn -0.9057 -0.2817 -0.3169
vn -0.7401 0.5522 -0.3838
vn -0.3073 0.9511 0.0313
vn -0.4225 0.6554 0.6260
vn -0.0939 -0.9470 -0.3072
vn 0.4226 -0.6554 -0.6260
vn 0.0939 0.9470 0.3072
vn -0.6320 -0.5381 -0.5577
vn -0.2485 -0.6849 -0.6849
vn -0.6181 0.2973 -0.7277
vn -0.3720 -0.0176 -0.9281
vn -0.0646 -0.3173 -0.9461
vn -0.1548 0.9167 -0.3683
vn 0.0313 0.7018 -0.7116
vn 0.2132 0.3462 -0.9136
vn 0.3483 -0.0607 -0.9354
vn 0.4131 0.9104 0.0215
vn 0.6634 0.6947 -0.2779
vn 0.2485 0.6849 0.6849
vn 0.7814 0.3408 -0.5229
vn 0.6320 0.5381 0.5577
vn 0.7474 -0.0646 -0.6613
vn 0.0646 0.3173 0.9461
vn 0.3720 0.0176 0.9281
vn 0.9057 0.2817 0.3169
vn 0.6180 -0.2973 0.7278
vn 0.9994 -0.0313 0.0137
vn 0.7401 -0.5522 0.3838
vn 0.1547 -0.9168 0.3683
vn 0.9021 -0.3268 -0.2818
vn 0.7186 -0.6951 -0.0216
vn 0.3073 -0.9511 -0.0313
vn -0.7962 -0.1995 0.5712
vn -0.0861 -0.0724 0.9937
vn -0.4581 0.6872 0.5638
vn 0.1976 -0.5401 0.8180
vn -0.6517 -0.6909 0.3131
vn 0.4171 -0.8283 0.3740
vn -0.9614 0.2506 -0.1135
vn -0.2935 -0.9548 -0.0470
vn 0.4581 -0.6872 -0.5638
vn -0.8495 -0.1528 -0.5050
vn -0.4171 0.8283 -0.3740
vn -0.4581 0.6872 0.5639
vn -0.4579 -0.5048 -0.7318
vn -0.1977 0.5401 -0.8181
vn 0.2935 0.9548 0.0469
vn 0.0861 0.0724 -0.9937
vn 0.6517 0.6908 -0.3131
vn 0.4579 0.5048 0.7318
vn 0.7962 0.1995 -0.5712
vn 0.8495 0.1528 0.5050
vn 0.1977 -0.5401 0.8180
vn 0.9614 -0.2506 0.1136
vn 0.4525 0.4466 -0.7718
vn -0.4030 0.4441 -0.8002
vn -0.0000 0.9954 -0.0958
vn -0.4697 -0.0841 -0.8788
vn 0.5282 -0.0822 -0.8452
vn -0.4025 -0.5882 -0.7015
vn -0.0000 0.9954 -0.0959
vn 0.8549 0.5184 -0.0215
vn 0.4521 -0.5852 -0.6732
vn -0.0000 -0.9954 0.0958
vn 0.9994 0.0040 0.0332
vn 0.4025 0.5881 0.7015
vn 0.8550 -0.5126 0.0783
vn 0.4698 0.0842 0.8788
vn -0.4521 0.5852 0.6732
vn 0.4030 -0.4441 0.8002
vn -0.5282 0.0822 0.8451
vn -0.8550 0.5126 -0.0782
vn -0.4525 -0.4467 0.7718
vn -0.9994 -0.0039 -0.0333
vn -0.4697 -0.0842 -0.8788
vn -0.8549 -0.5184 0.0215
vn -0.0000 -0.9954 0.0959
vn -0.4025 -0.5881 -0.7015
vn 0.4525 0.4467 -0.7718
vn 0.8550 -0.5126 0.0782
vn 0.4698 0.0842 0.8787
vn -0.8550 0.5126 -0.0783
vn 0.4524 0.4467 -0.7719
vn 0.9994 0.0039 0.0332
vn 0.4699 0.0843 0.8787
vn -0.4521 0.5851 0.6732
vn -0.5282 0.0822 0.8452
vn 0.5282 -0.0822 -0.8451
vn 0.9994 0.0039 0.0333
vn 0.4702 0.0412 0.8816
vn 0.1859 -0.9727 0.1390
vn 0.3447 -0.5052 0.7912
vn -0.2425 -0.9682 -0.0607
vn -0.0999 -0.9949 -0.0157
vn -0.4915 -0.8694 0.0509
vn -0.0685 -0.9879 -0.1389
vn 0.2937 -0.5032 -0.8127
vn -0.0333 -0.4933 -0.8692
vn -0.4603 0.8872 -0.0313
vn -0.2291 -0.9730 -0.0274
vn -0.5443 -0.7949 0.2682
vn -0.3734 -0.9267 0.0411
vn -0.0294 -0.9986 -0.0431
vn -0.6478 -0.7594 0.0607
vn -0.0958 -0.9936 0.0606
vn -0.1370 -0.2545 0.9573
vn -0.8568 0.1956 0.4772
vn -0.0020 -0.2879 -0.9577
vn -0.1351 -0.9871 0.0862
vn -0.1234 -0.3407 -0.9320
vn -0.4108 -0.9116 0.0156
vn -0.7954 0.1312 -0.5917
vn -0.0293 -0.9963 0.0803
vn -0.0802 -0.9941 0.0724
vn -0.0489 -0.2132 -0.9758
vn -0.1038 -0.9926 0.0627
vn -0.1781 -0.3973 0.9002
vn -0.4169 -0.9080 0.0411
vn -0.8369 0.2386 0.4927
vn -0.8445 0.1857 -0.5024
vn -0.6221 -0.7708 0.1369
vn -0.0196 -0.9772 0.2115
vn -0.4500 -0.8922 -0.0392
vn -0.7083 0.3678 -0.6026
vn -0.0861 -0.9839 0.1565
vn -0.1136 -0.9829 0.1449
vn -0.4017 -0.9052 0.1391
vn -0.0861 -0.9749 0.2055
vn -0.0919 -0.9775 0.1897
vn -0.1918 -0.9651 0.1781
vn -0.1369 -0.3325 0.9331
vn -0.5031 -0.8516 0.1468
vn -0.4702 0.0412 0.8816
vn -0.1859 -0.9727 0.1389
vn 0.2425 -0.9682 -0.0607
vn 0.0999 -0.9949 -0.0157
vn 0.4915 -0.8694 0.0509
vn 0.0685 -0.9879 -0.1389
vn -0.2937 -0.5032 -0.8127
vn 0.0333 -0.4933 -0.8692
vn 0.4602 0.8872 -0.0313
vn 0.2291 -0.9730 -0.0274
vn 0.5443 -0.7949 0.2682
vn 0.3734 -0.9267 0.0411
vn 0.0294 -0.9986 -0.0431
vn 0.6478 -0.7594 0.0607
vn 0.0958 -0.9936 0.0606
vn 0.1370 -0.2545 0.9573
vn 0.8567 0.1955 0.4773
vn 0.0020 -0.2879 -0.9577
vn 0.1351 -0.9871 0.0862
vn 0.1234 -0.3407 -0.9320
vn 0.4108 -0.9116 0.0156
vn 0.7954 0.1312 -0.5917
vn 0.0294 -0.9963 0.0802
vn 0.0802 -0.9941 0.0724
vn 0.0430 -0.2698 0.9620
vn 0.1038 -0.9926 0.0627
vn 0.1781 -0.3973 0.9002
vn 0.4169 -0.9080 0.0411
vn 0.8369 0.2386 0.4927
vn 0.8445 0.1857 -0.5024
vn 0.6221 -0.7708 0.1369
vn 0.0196 -0.9772 0.2115
vn -0.0391 -0.2561 0.9658
vn 0.4500 -0.8922 -0.0392
vn 0.7083 0.3678 -0.6026
vn 0.0861 -0.9839 0.1565
vn 0.1136 -0.9829 0.1449
vn 0.4017 -0.9052 0.1391
vn 0.8370 0.2073 -0.5065
vn 0.0861 -0.9749 0.2055
vn 0.0919 -0.9775 0.1896
vn 0.1919 -0.9651 0.1781
vn 0.1369 -0.3325 0.9331
vn 0.5031 -0.8516 0.1468
vn -0.8980 0.2857 -0.3346
vn -0.6824 0.6902 -0.2405
vn -0.8929 -0.1097 -0.4367
vn -0.3034 0.9296 -0.2094
vn -0.0000 0.9993 -0.0371
vn -0.1332 0.9087 -0.3956
vn -0.4740 0.6777 -0.5622
vn -0.0000 0.7061 -0.7081
vn -0.7512 0.2739 -0.6006
vn -0.4250 0.2448 -0.8715
vn -0.7361 -0.1429 -0.6617
vn -0.3720 -0.1057 -0.9222
vn -0.7765 -0.5340 -0.3345
vn -0.4070 -0.5049 -0.7612
vn -0.7204 -0.6832 0.1194
vn -0.7066 -0.6988 0.1116
vn -0.5967 -0.7963 -0.0998
vn -0.5497 -0.7746 -0.3130
vn -0.3955 -0.8909 -0.2232
vn -0.2780 -0.8242 -0.4933
vn -0.0000 -0.9529 -0.3033
vn -0.0000 -0.5424 -0.8401
vn -0.0000 -0.8290 -0.5592
vn 0.2780 -0.8242 -0.4933
vn 0.3955 -0.8909 -0.2232
vn -0.0000 -0.1447 -0.9895
vn 0.5497 -0.7746 -0.3130
vn 0.5967 -0.7963 -0.0998
vn 0.4070 -0.5049 -0.7612
vn 0.3720 -0.1057 -0.9222
vn -0.0000 0.1584 -0.9874
vn 0.4250 0.2448 -0.8715
vn 0.4740 0.6777 -0.5622
vn 0.1332 0.9087 -0.3956
vn 0.7512 0.2739 -0.6006
vn 0.7361 -0.1429 -0.6617
vn 0.3034 0.9296 -0.2094
vn 0.6824 0.6902 -0.2405
vn 0.8980 0.2857 -0.3346
vn 0.8929 -0.1097 -0.4367
vn 0.7765 -0.5340 -0.3345
vn 0.7204 -0.6832 0.1194
vn 0.7066 -0.6988 0.1116
vn 0.9726 -0.2016 -0.1154
vn 0.9840 -0.1780 -0.0000
vn 0.9761 -0.2171 0.0098
vn 0.9951 -0.0489 -0.0860
vn 0.9694 0.2448 0.0156
vn 0.9492 -0.0685 0.3073
vn 0.9307 -0.2038 0.3037
vn 0.7181 -0.1976 0.6672
vn 0.9182 0.2702 0.2897
vn 0.8918 0.4518 0.0235
vn 0.7638 -0.0627 0.6424
vn 0.7748 -0.2622 0.5752
vn 0.7894 -0.1900 0.5837
vn 0.8564 -0.1975 0.4771
vn 0.7843 0.2425 0.5711
vn 0.8520 -0.0685 0.5190
vn 0.6126 -0.0940 0.7848
vn 0.5854 -0.2369 0.7753
vn 0.1643 -0.2895 0.9430
vn 0.5633 0.2875 0.7746
vn 0.2937 -0.0646 0.9537
vn 0.2683 -0.2017 0.9420
vn 0.2290 -0.4385 0.8691
vn 0.3797 -0.3797 0.8436
vn 0.2897 0.2838 0.9141
vn 0.3346 -0.1154 0.9353
vn -0.0020 -0.1606 0.9870
vn 0.0020 -0.3835 0.9235
vn -0.3776 -0.3913 0.8393
vn -0.0000 0.2760 0.9612
vn -0.3368 -0.1194 0.9340
vn -0.2664 -0.2037 0.9421
vn -0.2386 -0.4460 0.8626
vn -0.1545 -0.2954 0.9428
vn -0.2897 0.2838 0.9141
vn -0.2937 -0.0685 0.9534
vn -0.6161 -0.1075 0.7803
vn -0.5790 -0.2660 0.7707
vn -0.8573 -0.2349 0.4580
vn -0.5633 0.2876 0.7746
vn -0.8520 -0.0822 0.5171
vn -0.7712 -0.2681 0.5774
vn -0.7805 -0.2152 0.5869
vn -0.7079 -0.2210 0.6708
vn -0.7843 0.2425 0.5711
vn -0.7623 -0.0723 0.6431
vn -0.9471 -0.0861 0.3092
vn -0.9217 -0.2368 0.3072
vn -0.9650 -0.2271 -0.1312
vn -0.9182 0.2702 0.2897
vn -0.9743 -0.2250 0.0118
vn -0.9779 -0.2093 -0.0000
vn -0.9947 -0.0588 -0.0842
vn -0.9700 0.2425 0.0156
vn -0.8918 0.4518 0.0235
vn -0.8236 0.5008 0.2661
vn -0.7710 0.6183 0.1526
vn -0.7105 0.4580 0.5343
vn -0.6227 0.6285 0.4660
vn -0.7127 0.6774 0.1821
vn -0.4992 0.5070 0.7027
vn -0.5714 0.6888 0.4462
vn -0.5962 0.7858 0.1642
vn -0.3521 0.6122 0.7080
vn -0.2700 0.4754 0.8373
vn -0.4809 0.7838 0.3929
vn -0.4719 0.8654 0.1684
vn -0.1879 0.8709 0.4541
vn -0.3367 0.6851 0.6460
vn -0.2523 0.8058 0.5358
vn -0.0000 0.8820 0.4713
vn -0.0000 0.6081 0.7939
vn -0.0000 0.6903 0.7235
vn -0.0000 0.8107 0.5855
vn 0.2523 0.8058 0.5358
vn 0.1879 0.8709 0.4541
vn 0.3367 0.6851 0.6460
vn 0.4794 0.7826 0.3972
vn 0.4699 0.8673 0.1645
vn 0.5969 0.7848 0.1664
vn 0.5714 0.6888 0.4462
vn 0.7139 0.6767 0.1799
vn 0.3521 0.6122 0.7080
vn 0.6227 0.6285 0.4660
vn 0.7710 0.6183 0.1526
vn 0.2700 0.4754 0.8373
vn 0.8236 0.5008 0.2661
vn 0.4992 0.5070 0.7027
vn 0.7105 0.4580 0.5343
vn -0.0000 0.4851 0.8744
vn -0.9655 -0.2272 0.1273
vn -0.9924 -0.0744 0.0979
vn -0.9457 -0.0999 -0.3094
vn -0.9239 -0.2408 -0.2975
vn -0.7088 -0.2330 -0.6658
vn -0.9293 0.2563 -0.2661
vn -0.7581 -0.0862 -0.6465
vn -0.7824 -0.2738 -0.5594
vn -0.7926 -0.2074 -0.5734
vn -0.8524 -0.2307 -0.4692
vn -0.7974 0.2072 -0.5668
vn -0.8500 -0.0901 -0.5190
vn -0.5868 -0.1115 -0.8020
vn -0.5694 -0.2387 -0.7866
vn -0.1839 -0.2250 -0.9568
vn -0.5755 0.2154 -0.7889
vn -0.2173 -0.0998 -0.9710
vn -0.2993 -0.2621 -0.9175
vn -0.3074 -0.2017 -0.9300
vn -0.4111 -0.2271 -0.8829
vn -0.3050 0.1623 -0.9384
vn -0.3951 -0.0978 -0.9134
vn -0.0020 -0.1134 -0.9935
vn 0.0039 -0.2310 -0.9729
vn 0.4132 -0.2135 -0.8852
vn -0.0000 0.1957 -0.9807
vn 0.3913 -0.0920 -0.9156
vn 0.3032 -0.2582 -0.9173
vn 0.2991 -0.1916 -0.9348
vn 0.1917 -0.2191 -0.9567
vn 0.3050 0.1623 -0.9384
vn 0.2151 -0.0978 -0.9717
vn 0.5852 -0.1018 -0.8045
vn 0.5772 -0.2192 -0.7866
vn 0.8560 -0.2018 -0.4760
vn 0.5755 0.2153 -0.7889
vn 0.8490 -0.0802 -0.5223
vn 0.7848 -0.2662 -0.5597
vn 0.7946 -0.1820 -0.5793
vn 0.7202 -0.2094 -0.6614
vn 0.7974 0.2072 -0.5668
vn 0.7594 -0.0783 -0.6459
vn 0.9467 -0.0841 -0.3110
vn 0.9310 -0.2092 -0.2992
vn 0.9738 -0.1936 0.1193
vn 0.9293 0.2563 -0.2661
vn 0.9936 -0.0606 0.0958
vn 0.9694 0.2448 0.0157
vn 0.8473 0.4755 -0.2368
vn 0.7494 0.4285 -0.5048
vn 0.7707 0.6025 -0.2074
vn 0.5363 0.4463 -0.7164
vn 0.7227 0.6718 -0.1626
vn 0.6051 0.5934 -0.5307
vn 0.5633 0.6631 -0.4929
vn 0.5793 0.8102 -0.0900
vn 0.3715 0.9072 -0.1975
vn 0.3402 0.8506 -0.4009
vn -0.0000 0.9194 -0.3932
vn 0.3324 0.6570 -0.6766
vn -0.0000 0.8856 -0.4644
vn -0.3385 0.8512 -0.4011
vn -0.3698 0.9079 -0.1976
vn -0.0000 0.6576 -0.7534
vn -0.5792 0.8102 -0.0900
vn -0.3324 0.6570 -0.6766
vn -0.7227 0.6718 -0.1626
vn -0.5633 0.6631 -0.4929
vn -0.7707 0.6025 -0.2074
vn -0.6052 0.5934 -0.5307
vn -0.8473 0.4755 -0.2368
vn -0.7494 0.4285 -0.5048
vn -0.5363 0.4463 -0.7164
vn -0.3368 0.5640 -0.7540
vn -0.2917 0.3680 -0.8829
vn -0.0000 0.5659 -0.8244
vn -0.0000 0.4052 -0.9142
vn 0.3368 0.5640 -0.7540
vn 0.2917 0.3680 -0.8829
vn -0.2957 0.3740 0.8791
vn -0.3054 0.8144 0.4934
vn -0.3955 0.4426 -0.8048
vn -0.0411 0.3700 0.9281
vn 0.1762 0.7496 0.6380
vn 0.5773 0.5851 -0.5695
vn 0.5698 0.1841 0.8009
vn 0.9469 -0.1859 -0.2622
vn 0.4187 0.2583 0.8706
vn -0.0939 0.0137 0.9955
vn -0.2170 0.1271 0.9679
vn -0.3345 -0.9156 -0.2230
vn 0.4515 0.3401 0.8249
vn 0.1838 -0.4458 0.8760
vn 0.2957 0.3740 0.8791
vn 0.3054 0.8144 0.4934
vn 0.3955 0.4426 -0.8048
vn 0.0411 0.3700 0.9281
vn -0.1762 0.7496 0.6380
vn -0.5773 0.5851 -0.5695
vn -0.5698 0.1841 0.8009
vn -0.9469 -0.1859 -0.2622
vn -0.4187 0.2582 0.8706
vn 0.0939 0.0137 0.9955
vn 0.2170 0.1271 0.9679
vn 0.3345 -0.9156 -0.2230
vn -0.4515 0.3401 0.8249
vn -0.1838 -0.4458 0.8760
vn 0.3836 0.8200 0.4247
vn 0.4933 0.8691 -0.0353
vn 0.8615 0.5071 -0.0274
vn 0.8413 0.5263 -0.1233
vn 0.5206 0.7065 0.4795
vn 0.9167 0.3976 0.0392
vn 0.4070 0.6300 0.6614
vn 0.2798 0.7377 0.6144
vn 0.9750 -0.0979 0.1997
vn 0.8316 -0.5361 -0.1448
vn 0.6413 0.2914 0.7098
vn 0.1761 0.5420 0.8217
vn -0.0000 0.6832 0.7302
vn 0.1821 0.2408 0.9534
vn 0.6888 -0.4227 0.5890
vn -0.0000 0.4936 0.8697
vn 0.2269 -0.2523 0.9407
vn 0.7853 -0.4680 0.4053
vn 0.4457 -0.0821 0.8914
vn 0.4128 -0.3247 0.8510
vn -0.0000 -0.1587 0.9873
vn -0.0000 0.1194 0.9929
vn -0.4457 -0.0821 0.8914
vn -0.0000 -0.1799 0.9837
vn -0.0000 0.2250 0.9744
vn -0.2269 -0.2523 0.9407
vn -0.1761 0.5420 0.8217
vn -0.2798 0.7377 0.6144
vn -0.1821 0.2408 0.9534
vn -0.4070 0.6300 0.6614
vn -0.3836 0.8200 0.4247
vn -0.6413 0.2914 0.7098
vn -0.4128 -0.3247 0.8510
vn -0.6888 -0.4227 0.5890
vn -0.7853 -0.4680 0.4053
vn -0.8316 -0.5361 -0.1448
vn -0.9750 -0.0979 0.1997
vn -0.9167 0.3976 0.0392
vn -0.5206 0.7065 0.4795
vn -0.8615 0.5071 -0.0274
vn -0.8413 0.5263 -0.1233
vn -0.4933 0.8691 -0.0353
vn -0.9759 -0.0684 -0.2073
vn -1.0000 0.0078 0.0058
vn -0.9999 -0.0039 0.0098
vn -0.9757 -0.2190 -0.0000
vn -1.0000 0.0078 -0.0058
vn -1.0000 0.0019 -0.0000
vn -1.0000 -0.0098 -0.0000
vn -0.9759 0.1761 -0.1290
vn -0.9999 -0.0039 -0.0098
vn -0.9759 -0.0684 0.2073
vn -0.9759 0.1760 0.1291
vn 0.9759 -0.0684 -0.2073
vn 0.9999 -0.0039 0.0098
vn 1.0000 0.0078 0.0058
vn 0.9759 0.1761 -0.1290
vn 1.0000 -0.0098 -0.0000
vn 1.0000 0.0019 -0.0000
vn 1.0000 0.0078 -0.0058
vn 0.9757 -0.2190 -0.0000
vn 0.9999 -0.0039 -0.0098
vn 0.9759 0.1760 0.1291
vn 0.9759 -0.0684 0.2073
vn -0.7377 -0.5459 0.3972
vn -0.9759 0.1760 -0.1291
vn -0.2974 -0.9548 -0.0000
vn -0.2385 -0.7857 0.5707
vn 0.2897 -0.9571 -0.0000
vn -0.2958 -0.2938 0.9089
vn 0.3249 -0.7652 0.5558
vn 0.7570 -0.6534 -0.0000
vn 0.2897 -0.2956 0.9103
vn 0.7568 -0.2014 0.6218
vn 0.3251 0.2938 0.8989
vn 0.7574 0.5284 0.3836
vn -0.7338 0.2113 0.6457
vn -1.0000 0.0078 0.0059
vn -0.2368 0.3014 0.9236
vn 0.2896 0.7750 0.5617
vn -0.2937 0.7733 0.5619
vn -0.7321 0.6812 -0.0000
vn -1.0000 0.0078 -0.0059
vn -0.2329 0.9725 -0.0000
vn 0.3250 0.9457 -0.0000
vn 0.7574 0.5284 -0.3836
vn 0.2897 0.7750 -0.5617
vn -0.2937 0.7733 -0.5619
vn 0.7568 -0.2014 -0.6219
vn 0.3247 0.2914 -0.8998
vn -0.2351 0.2997 -0.9246
vn -0.7338 0.2113 -0.6457
vn 0.2897 -0.2956 -0.9103
vn -0.2974 -0.2955 -0.9079
vn 0.3249 -0.7652 -0.5558
vn -0.2385 -0.7857 -0.5707
vn -0.7377 -0.5459 -0.3972
vn 0.7377 -0.5459 0.3972
vn 0.9759 0.1760 -0.1291
vn 0.2974 -0.9548 -0.0000
vn 0.2385 -0.7857 0.5707
vn -0.2897 -0.9571 -0.0000
vn 0.2958 -0.2938 0.9089
vn -0.3249 -0.7652 0.5558
vn -0.7571 -0.6534 -0.0000
vn -0.2897 -0.2956 0.9103
vn -0.7568 -0.2014 0.6218
vn -0.3251 0.2938 0.8989
vn -0.7574 0.5284 0.3836
vn 0.7338 0.2113 0.6457
vn 1.0000 0.0078 0.0059
vn 0.2368 0.3014 0.9236
vn -0.2896 0.7750 0.5617
vn 0.2937 0.7733 0.5619
vn -0.3250 0.9457 -0.0000
vn 0.7321 0.6812 -0.0000
vn 0.2329 0.9725 -0.0000
vn 1.0000 0.0078 -0.0059
vn 0.2937 0.7733 -0.5619
vn -0.2896 0.7750 -0.5617
vn -0.7574 0.5284 -0.3836
vn 0.7338 0.2113 -0.6457
vn 0.2351 0.2997 -0.9246
vn 0.2974 -0.2955 -0.9079
vn -0.3247 0.2914 -0.8998
vn -0.2897 -0.2956 -0.9103
vn -0.7568 -0.2014 -0.6218
vn -0.3249 -0.7652 -0.5558
vn 0.2385 -0.7859 -0.5706
vn 0.7377 -0.5459 -0.3973
vn 0.2073 0.9507 0.2308
vn -0.0841 0.7862 0.6122
vn -0.0020 0.9826 0.1859
vn -0.2037 0.9576 0.2037
vn 0.1175 0.9827 0.1429
vn -0.1136 0.9853 0.1273
vn 0.0040 0.9950 -0.0999
vn -0.0744 0.9965 -0.0392
vn 0.0606 0.9979 -0.0234
vn -0.2661 0.9392 -0.2172
vn 0.2565 0.9436 -0.2095
vn -0.3133 0.9459 -0.0842
vn -0.3501 0.8940 -0.2797
vn -0.7002 0.7100 -0.0743
vn -0.3446 0.9319 0.1136
vn -0.2526 0.9672 0.0274
vn -0.0724 0.9847 -0.1586
vn 0.1154 0.9347 -0.3363
vn 0.0020 0.9160 -0.4012
vn 0.1995 0.8860 -0.4186
vn -0.0000 0.5615 -0.8275
vn -0.1956 0.8822 -0.4284
vn -0.1154 0.9332 -0.3404
vn 0.0704 0.9842 -0.1624
vn 0.2581 0.9658 0.0254
vn 0.3172 0.9437 -0.0940
vn 0.3520 0.9309 0.0978
vn 0.3482 0.8959 -0.2758
vn 0.7215 0.6863 -0.0919
vn 0.5238 -0.1701 -0.8347
vn -0.0000 -0.3524 -0.9358
vn 0.5031 -0.4229 -0.7537
vn 0.7786 -0.5028 -0.3756
vn 0.9205 -0.1802 -0.3466
vn 0.4933 0.8691 -0.0352
vn 0.8200 -0.5714 0.0333
vn 0.9466 -0.2230 0.2327
vn 0.3836 0.8201 0.4247
vn 0.6122 -0.6259 0.4831
vn 0.6285 -0.2623 0.7323
vn -0.0000 -0.6658 0.7461
vn -0.0000 -0.2467 0.9691
vn -0.6675 -0.2290 0.7085
vn -0.6842 -0.5533 0.4751
vn -0.9409 -0.1545 0.3013
vn -0.8414 -0.5381 -0.0509
vn -0.4933 0.8691 -0.0352
vn -0.9139 -0.1585 -0.3737
vn -0.7614 -0.5108 -0.3993
vn -0.5239 -0.1701 -0.8346
vn -0.5031 -0.4229 -0.7537
vn -0.8041 -0.1056 0.5850
vn -0.0686 -0.0392 0.9969
vn -0.3603 0.2761 0.8910
vn -0.4736 -0.4560 0.7535
vn 0.5634 0.1722 0.8080
vn 0.6708 0.2856 0.6845
vn 0.8041 -0.1056 0.5850
vn 0.0685 -0.0392 0.9969
vn 0.4736 -0.4560 0.7535
vn 0.3603 0.2761 0.8910
vn -0.5635 0.1722 0.8080
vn -0.6708 0.2856 0.6845
vn -0.5797 0.8108 0.0803
vn 0.0313 0.9805 0.1938
vn -0.4303 0.8742 -0.2249
vn -0.0000 0.9275 -0.3738
vn -0.5460 0.7574 0.3581
vn 0.4817 0.8596 -0.1704
vn -0.3189 0.7200 0.6163
vn 0.6028 0.7946 0.0724
vn -0.0001 0.6964 0.7177
vn 0.5301 0.7492 0.3971
vn 0.3189 0.7200 0.6163
vn -0.0000 0.6513 0.7589
vn 0.6716 0.7107 0.2095
vn -0.0000 0.9948 0.1018
vn -0.6716 0.7107 0.2095
vn 0.4580 0.6087 0.6479
vn 0.8413 0.4578 0.2876
vn -0.4580 0.6087 0.6479
vn -0.8413 0.4578 0.2876
vn 0.5437 0.2542 0.7999
vn 0.8590 -0.1898 0.4755
vn -0.0000 0.2939 0.9558
vn 0.4639 -0.1253 0.8770
vn 0.6843 -0.4633 0.5631
vn -0.5437 0.2542 0.7999
vn -0.8590 -0.1898 0.4755
vn -0.0000 -0.1018 0.9948
vn -0.0000 -0.7669 0.6418
vn -0.6843 -0.4633 0.5631
vn -0.4639 -0.1253 0.8770
vn 0.9970 -0.0764 0.0078
vn 0.8460 -0.3270 0.4210
vn 0.9360 -0.3505 0.0333
vn 0.8455 -0.4012 -0.3523
vn 0.9140 -0.0215 0.4051
vn 0.6552 -0.3110 0.6885
vn 0.9139 -0.0998 -0.3934
vn 0.6555 -0.4363 -0.6164
vn 0.9292 0.3678 -0.0352
vn 0.7051 -0.0079 0.7090
vn 0.7047 -0.1429 -0.6949
vn 0.4011 0.0274 0.9156
vn 0.3878 -0.2821 0.8775
vn 0.6508 0.4517 0.6103
vn 0.7616 0.6226 0.1801
vn -0.0000 0.0176 0.9998
vn -0.0000 -0.2604 0.9655
vn -0.3895 -0.2818 0.8769
vn 0.6630 0.7451 -0.0724
vn -0.4011 0.0274 0.9156
vn -0.6552 -0.3110 0.6885
vn 0.7612 0.5773 -0.2955
vn 0.3482 0.9331 -0.0900
vn 0.6515 0.3267 -0.6847
vn 0.3484 0.8336 -0.4286
vn 0.4027 -0.1486 -0.9032
vn 0.3896 -0.4444 -0.8066
vn 0.2406 0.5262 -0.8156
vn -0.0000 -0.1742 -0.9847
vn -0.0000 -0.4425 -0.8968
vn -0.3896 -0.4444 -0.8066
vn -0.0000 0.2778 -0.9606
vn -0.4027 -0.1486 -0.9032
vn -0.6555 -0.4363 -0.6164
vn -0.0000 0.6812 -0.7321
vn -0.7047 -0.1429 -0.6949
vn -0.2410 0.5270 -0.8150
vn -0.0000 0.8998 -0.4362
vn -0.6515 0.3267 -0.6847
vn 0.1525 0.9575 -0.2450
vn -0.1958 0.9751 0.1039
vn -0.3480 0.8330 -0.4302
vn -0.1527 0.9575 -0.2448
vn 0.1958 0.9751 0.1038
vn -0.3482 0.9331 -0.0900
vn -0.7608 0.5769 -0.2973
vn -0.9132 -0.0997 -0.3950
vn -0.8455 -0.4012 -0.3523
vn -0.9969 -0.0784 0.0078
vn -0.9353 -0.3522 0.0333
vn -0.8453 -0.3268 0.4227
vn -0.9292 0.3678 -0.0352
vn -0.9133 -0.0215 0.4068
vn -0.6630 0.7451 -0.0724
vn -0.7616 0.6226 0.1801
vn -0.7051 -0.0078 0.7090
vn -0.6511 0.4517 0.6100
vn -0.3483 0.9000 0.2622
vn -0.1527 0.9865 0.0587
vn 0.1958 0.9375 -0.2876
vn -0.0000 0.9666 0.2563
vn -0.2386 0.6729 0.7002
vn -0.0000 0.4558 0.8901
vn -0.0000 0.8082 0.5890
vn 0.2386 0.6728 0.7002
vn 0.3483 0.9000 0.2622
vn 0.1527 0.9865 0.0587
vn -0.1957 0.9375 -0.2877
vn 0.9073 -0.2209 -0.3578
vn 0.9720 0.0743 -0.2229
vn 0.9460 -0.2057 -0.2507
vn 0.9510 -0.2583 0.1702
vn 0.9839 -0.0156 -0.1780
vn 0.8593 -0.4658 -0.2114
vn 0.9928 0.0529 0.1077
vn 0.6540 -0.2937 0.6971
vn 0.7071 0.7032 -0.0744
vn 0.9911 -0.1077 -0.0784
vn 0.6698 0.0215 0.7422
vn -0.0000 -0.3092 0.9510
vn 0.7712 -0.1331 -0.6225
vn 0.6437 -0.5537 -0.5283
vn 0.7924 0.5380 0.2876
vn 0.9740 0.2230 -0.0411
vn 0.0020 -0.0704 -0.9975
vn -0.0020 -0.5050 -0.8631
vn -0.6501 -0.5659 -0.5071
vn 0.7464 0.2723 -0.6073
vn -0.7864 -0.1448 -0.6005
vn 0.0020 0.3168 -0.9485
vn -0.8457 -0.5031 -0.1781
vn 0.5319 0.8468 0.0020
vn -0.9884 -0.1449 -0.0450
vn 0.4167 0.8452 -0.3346
vn 0.4937 0.8327 0.2508
vn -0.0000 1.0000 0.0019
vn 0.0020 0.9036 -0.4284
vn -0.7491 0.2484 -0.6141
vn -0.4524 0.8265 -0.3349
vn -0.5716 0.8202 0.0215
vn -0.9840 0.1780 -0.0078
vn -0.5281 0.8077 0.2621
vn 0.0020 0.9477 0.3192
vn -0.8059 0.5027 0.3129
vn -0.0020 0.8007 0.5990
vn -0.9840 -0.0450 -0.1722
vn -0.8791 -0.2800 -0.3857
vn -0.0000 0.9975 0.0704
vn -0.7205 0.6892 -0.0763
vn -0.9632 0.0803 -0.2565
vn -0.9253 -0.2328 -0.2993
vn -0.9508 -0.2661 0.1585
vn -0.6793 0.7303 0.0724
vn -0.9922 0.0802 0.0959
vn -0.6749 -0.2895 0.6788
vn 0.0020 0.9956 0.0939
vn -0.6890 0.0294 0.7242
vn -0.6227 0.5424 0.5640
vn 0.0020 0.0490 0.9988
vn 0.0020 0.6751 0.7377
vn 0.6049 0.5442 0.5814
vn 0.6626 0.7447 0.0801
vn -0.6437 -0.5537 -0.5283
vn -0.0020 -0.0704 -0.9975
vn 0.0020 -0.5050 -0.8631
vn 0.6501 -0.5659 -0.5071
vn -0.7712 -0.1331 -0.6225
vn -0.8593 -0.4658 -0.2114
vn 0.7864 -0.1448 -0.6006
vn 0.8457 -0.5031 -0.1781
vn -0.0020 0.3168 -0.9485
vn -0.9911 -0.1077 -0.0783
vn 0.9884 -0.1449 -0.0450
vn -0.9839 -0.0156 -0.1780
vn -0.9073 -0.2209 -0.3578
vn 0.9840 -0.0450 -0.1722
vn 0.8791 -0.2800 -0.3857
vn -0.9720 0.0743 -0.2229
vn -0.9460 -0.2057 -0.2507
vn -0.9510 -0.2583 0.1702
vn -0.9928 0.0529 0.1077
vn -0.6540 -0.2937 0.6971
vn -0.7071 0.7032 -0.0744
vn -0.6698 0.0215 0.7422
vn -0.6626 0.7447 0.0801
vn -0.6049 0.5442 0.5814
vn -0.0020 0.0490 0.9988
vn 0.6890 0.0294 0.7242
vn 0.6749 -0.2895 0.6788
vn -0.0020 0.6751 0.7377
vn 0.9922 0.0802 0.0959
vn 0.9508 -0.2661 0.1585
vn 0.6227 0.5424 0.5640
vn -0.0020 0.9956 0.0939
vn 0.6793 0.7303 0.0724
vn 0.9632 0.0803 -0.2565
vn 0.9253 -0.2328 -0.2993
vn 0.7205 0.6892 -0.0763
vn 0.8059 0.5027 0.3129
vn -0.7924 0.5380 0.2876
vn 0.0019 0.8007 0.5990
vn 0.9840 0.1780 -0.0078
vn -0.9740 0.2230 -0.0411
vn 0.7491 0.2484 -0.6141
vn 0.5281 0.8077 0.2621
vn 0.5716 0.8202 0.0215
vn 0.4524 0.8265 -0.3349
vn -0.0020 0.9477 0.3192
vn -0.0020 0.9036 -0.4284
vn -0.4167 0.8452 -0.3346
vn -0.4937 0.8327 0.2508
vn -0.5319 0.8468 0.0020
vn -0.7464 0.2723 -0.6073
vn -0.5977 0.5892 0.5437
vn -0.6395 0.4850 0.5965
vn 0.1918 0.4852 0.8531
vn -0.8963 0.3797 -0.2290
vn 0.2015 0.5967 0.7767
vn 0.8961 0.4168 0.1526
vn -0.8304 0.4975 -0.2507
vn 0.8303 0.5365 0.1508
vn -0.2016 0.4365 -0.8768
vn -0.1919 0.3133 -0.9301
vn 0.5970 0.4757 -0.6460
vn 0.6402 0.3622 -0.6774
vn -0.8753 0.4837 -0.0000
vn -0.7071 -0.0000 -0.7071
vn -0.8753 -0.4837 -0.0000
vn -0.6203 0.4618 -0.6340
vn -0.5673 0.8235 -0.0000
vn -0.6203 -0.4618 -0.6340
vn -0.5673 -0.8235 -0.0000
vn -0.2486 0.8535 -0.4581
vn -0.0000 1.0000 -0.0000
vn -0.2486 -0.8535 -0.4581
vn -0.0000 -0.5342 -0.8453
vn 0.2486 -0.8535 -0.4581
vn -0.0000 0.5342 -0.8454
vn 0.6195 -0.4612 -0.6352
vn 0.7071 -0.0000 -0.7071
vn 0.5673 -0.8235 -0.0000
vn 0.2486 0.8535 -0.4581
vn 0.6195 0.4612 -0.6352
vn 0.5673 0.8235 -0.0000
vn 0.8753 0.4837 -0.0000
vn 0.8753 -0.4837 -0.0000
vn 0.6203 0.4618 0.6340
vn 0.7071 -0.0000 0.7071
vn 0.6203 -0.4618 0.6340
vn 0.2486 -0.8535 0.4581
vn -0.0000 -0.5342 0.8453
vn -0.2486 -0.8535 0.4581
vn -0.6195 -0.4612 0.6352
vn -0.8753 -0.4836 -0.0000
vn -0.7071 -0.0000 0.7071
vn -0.8753 0.4836 -0.0000
vn -0.0000 0.5342 0.8454
vn -0.6195 0.4612 0.6352
vn 0.2486 0.8535 0.4581
vn -0.2486 0.8535 0.4581
vn 0.8753 0.4836 -0.0000
vn 0.8753 -0.4836 -0.0000
vn 0.6195 0.4612 0.6352
vn 0.6195 -0.4612 0.6352
vn -0.6203 -0.4618 0.6340
vn -0.6203 0.4618 0.6340
vn -0.6195 0.4612 -0.6352
vn -0.6195 -0.4612 -0.6352
vn 0.6203 -0.4618 -0.6340
vn 0.6203 0.4618 -0.6340
vt 0.887251 0.866972
vt 0.865248 0.887678
vt 0.928557 0.811399
vt 0.128832 0.209903
vt 0.130221 0.219516
vt 0.129320 0.209827
vt 0.102724 0.210163
vt 0.103761 0.210178
vt 0.110582 0.215351
vt 0.076112 0.210117
vt 0.075517 0.219944
vt 0.076600 0.210025
vt 0.162875 0.568780
vt 0.162875 0.609644
vt 0.162875 0.661555
vt 0.932586 0.556298
vt 0.932738 0.577066
vt 0.904387 0.556298
vt 0.904540 0.577066
vt 0.124178 0.214344
vt 0.125444 0.225681
vt 0.117342 0.213703
vt 0.117342 0.228763
vt 0.109117 0.225803
vt 0.104402 0.219974
vt 0.101686 0.219974
vt 0.094545 0.215457
vt 0.096971 0.225681
vt 0.088441 0.213779
vt 0.088457 0.228794
vt 0.080797 0.226261
vt 0.081453 0.214649
vt 0.311543 0.689250
vt 0.320668 0.675837
vt 0.318029 0.699367
vt 0.296757 0.706020
vt 0.306615 0.714794
vt 0.284977 0.697139
vt 0.300893 0.688106
vt 0.293919 0.684260
vt 0.298436 0.670344
vt 0.277668 0.697093
vt 0.282109 0.704067
vt 0.291096 0.681086
vt 0.288075 0.677882
vt 0.271778 0.721401
vt 0.278950 0.721309
vt 0.279698 0.739681
vt 0.274327 0.687495
vt 0.284657 0.673457
vt 0.282765 0.670527
vt 0.273320 0.743618
vt 0.298772 0.756787
vt 0.267262 0.681941
vt 0.271870 0.674434
vt 0.270207 0.658122
vt 0.254185 0.733791
vt 0.262882 0.655955
vt 0.267109 0.641260
vt 0.260060 0.680797
vt 0.253529 0.660075
vt 0.248615 0.659022
vt 0.251286 0.680537
vt 0.245075 0.679164
vt 0.236652 0.718486
vt 0.238666 0.723690
vt 0.230365 0.713405
vt 0.213840 0.713008
vt 0.213092 0.727275
vt 0.235874 0.732265
vt 0.215534 0.749309
vt 0.203342 0.734859
vt 0.241169 0.755932
vt 0.270527 0.759213
vt 0.193606 0.761349
vt 0.198230 0.741283
vt 0.297734 0.765759
vt 0.320821 0.782025
vt 0.216907 0.772122
vt 0.320195 0.787137
vt 0.348562 0.765164
vt 0.244556 0.782437
vt 0.201144 0.781033
vt 0.186099 0.773541
vt 0.184741 0.790707
vt 0.215244 0.790250
vt 0.204135 0.803204
vt 0.180285 0.806683
vt 0.168978 0.801953
vt 0.162020 0.818479
vt 0.163561 0.840513
vt 0.187167 0.834714
vt 0.202991 0.832654
vt 0.226597 0.816205
vt 0.255985 0.809918
vt 0.228260 0.823972
vt 0.289128 0.799023
vt 0.254658 0.832532
vt 0.305760 0.786526
vt 0.212589 0.844511
vt 0.203235 0.844633
vt 0.207462 0.862257
vt 0.317601 0.807157
vt 0.235172 0.842802
vt 0.221530 0.849714
vt 0.226429 0.862882
vt 0.241184 0.898405
vt 0.244343 0.867399
vt 0.269551 0.846937
vt 0.209201 0.878492
vt 0.198703 0.881880
vt 0.219684 0.901350
vt 0.202319 0.904616
vt 0.287266 0.887846
vt 0.291066 0.919219
vt 0.287953 0.836454
vt 0.311589 0.861402
vt 0.326024 0.900801
vt 0.322988 0.959930
vt 0.375189 0.874235
vt 0.341131 0.872129
vt 0.324346 0.848890
vt 0.314153 0.829221
vt 0.340703 0.850553
vt 0.345922 0.832227
vt 0.361624 0.849531
vt 0.345724 0.810925
vt 0.375189 0.832105
vt 0.375189 0.846601
vt 0.354238 0.783459
vt 0.375189 0.813062
vt 0.363500 0.770459
vt 0.388739 0.849531
vt 0.375189 0.760006
vt 0.375189 0.750591
vt 0.401801 0.765164
vt 0.375189 0.788708
vt 0.375189 0.773724
vt 0.386862 0.770459
vt 0.396124 0.783459
vt 0.430182 0.787137
vt 0.429541 0.782025
vt 0.404639 0.810925
vt 0.432761 0.807157
vt 0.452628 0.765759
vt 0.451591 0.756787
vt 0.444602 0.786526
vt 0.461235 0.799023
vt 0.436210 0.829221
vt 0.404440 0.832227
vt 0.426017 0.848890
vt 0.409659 0.850553
vt 0.409247 0.872129
vt 0.462409 0.836454
vt 0.438773 0.861402
vt 0.424353 0.900801
vt 0.427375 0.959930
vt 0.459297 0.919219
vt 0.463096 0.887846
vt 0.509178 0.898405
vt 0.480812 0.846937
vt 0.506020 0.867399
vt 0.523934 0.862882
vt 0.515190 0.842786
vt 0.495720 0.832532
vt 0.494377 0.809918
vt 0.522103 0.823972
vt 0.523766 0.816205
vt 0.505821 0.782437
vt 0.535119 0.790250
vt 0.547372 0.832654
vt 0.479835 0.759213
vt 0.537774 0.844511
vt 0.528832 0.849714
vt 0.547127 0.844633
vt 0.542901 0.862257
vt 0.541161 0.878492
vt 0.530678 0.901350
vt 0.551659 0.881880
vt 0.548043 0.904616
vt 0.546227 0.803204
vt 0.570077 0.806683
vt 0.563195 0.834714
vt 0.588342 0.818479
vt 0.586801 0.840513
vt 0.581384 0.801953
vt 0.565621 0.790707
vt 0.549218 0.781033
vt 0.564279 0.773541
vt 0.556756 0.761349
vt 0.533455 0.772122
vt 0.534829 0.749309
vt 0.552148 0.741283
vt 0.509209 0.755932
vt 0.537270 0.727275
vt 0.547021 0.734859
vt 0.514489 0.732265
vt 0.496193 0.733791
vt 0.511696 0.723690
vt 0.536522 0.713008
vt 0.519997 0.713405
vt 0.513726 0.718486
vt 0.499077 0.680537
vt 0.505302 0.679164
vt 0.501747 0.659022
vt 0.490303 0.680797
vt 0.496834 0.660075
vt 0.483253 0.641260
vt 0.487480 0.655955
vt 0.480156 0.658122
vt 0.483116 0.681941
vt 0.478492 0.674434
vt 0.467598 0.670527
vt 0.465705 0.673457
vt 0.451926 0.670344
vt 0.476036 0.687495
vt 0.462287 0.677882
vt 0.459281 0.681086
vt 0.456443 0.684260
vt 0.449470 0.688106
vt 0.472694 0.697093
vt 0.465385 0.697139
vt 0.453605 0.706020
vt 0.468254 0.704067
vt 0.443748 0.714794
vt 0.432334 0.699367
vt 0.438819 0.689250
vt 0.429694 0.675837
vt 0.478584 0.721401
vt 0.471412 0.721309
vt 0.470665 0.739681
vt 0.477043 0.743618
vt 0.219471 0.703563
vt 0.223819 0.684077
vt 0.233692 0.689769
vt 0.212070 0.682429
vt 0.184299 0.739407
vt 0.191440 0.687831
vt 0.205066 0.672648
vt 0.194797 0.668040
vt 0.183627 0.669017
vt 0.173053 0.676112
vt 0.159289 0.692882
vt 0.161196 0.672557
vt 0.150271 0.675059
vt 0.141833 0.682429
vt 0.137270 0.694301
vt 0.136233 0.715877
vt 0.125719 0.698497
vt 0.118334 0.706920
vt 0.115862 0.717845
vt 0.119020 0.730083
vt 0.131090 0.748074
vt 0.112291 0.740353
vt 0.111238 0.751491
vt 0.115679 0.761776
vt 0.125292 0.769772
vt 0.145876 0.777142
vt 0.126024 0.782101
vt 0.131731 0.791730
vt 0.215885 0.967193
vt 0.258900 0.968139
vt 0.220081 0.992966
vt 0.255955 0.993957
vt 0.300282 0.967727
vt 0.300236 0.994064
vt 0.344564 0.993942
vt 0.341604 0.968673
vt 0.380484 0.991775
vt 0.384604 0.967056
vt 0.479103 0.992783
vt 0.510124 0.966217
vt 0.513756 0.992691
vt 0.469078 0.965972
vt 0.450370 0.993286
vt 0.450355 0.970169
vt 0.431693 0.965972
vt 0.421698 0.992783
vt 0.390753 0.966430
vt 0.387091 0.992706
vt 0.946349 0.556298
vt 0.946532 0.577066
vt 0.959777 0.556298
vt 0.959945 0.577066
vt 0.972519 0.577066
vt 0.972381 0.556298
vt 0.986313 0.577066
vt 0.986114 0.556298
vt 0.930694 0.438666
vt 0.935439 0.418891
vt 0.981994 0.437369
vt 0.975464 0.417975
vt 0.954437 0.408957
vt 0.845762 0.908095
vt 0.803388 0.845319
vt 0.845731 0.838331
vt 0.857054 0.904280
vt 0.823438 0.926772
vt 0.856184 0.933410
vt 0.846342 0.953231
vt 0.814923 0.887144
vt 0.814267 0.977218
vt 0.781155 0.892989
vt 0.784665 0.874189
vt 0.762478 0.874372
vt 0.763912 0.904509
vt 0.770489 0.938537
vt 0.787533 0.929534
vt 0.759243 0.961852
vt 0.776028 0.957321
vt 0.759991 0.972412
vt 0.775784 0.984939
vt 0.760739 0.982986
vt 0.131945 0.109529
vt 0.126375 0.123857
vt 0.179995 0.122728
vt 0.179995 0.106615
vt 0.179995 0.093629
vt 0.125765 0.093812
vt 0.132052 0.080217
vt 0.179995 0.079988
vt 0.179995 0.066178
vt 0.127825 0.066224
vt 0.130602 0.049928
vt 0.179995 0.051240
vt 0.179995 0.037919
vt 0.126085 0.035355
vt 0.130480 0.021073
vt 0.179995 0.024582
vt 0.179995 0.004608
vt 0.126421 0.006195
vt 0.952163 0.012207
vt 0.989761 0.005753
vt 0.992935 0.045182
vt 0.957397 0.060059
vt 0.921706 0.080217
vt 0.899123 0.015610
vt 0.901198 0.106874
vt 0.882231 0.080873
vt 0.846036 0.012940
vt 0.845029 0.059907
vt 0.804791 0.048661
vt 0.804791 0.007797
vt 0.764019 0.012207
vt 0.769268 0.060059
vt 0.733562 0.080217
vt 0.710979 0.015610
vt 0.713054 0.106874
vt 0.694087 0.080873
vt 0.657893 0.012940
vt 0.656886 0.059907
vt 0.616648 0.048661
vt 0.616648 0.007797
vt 0.575876 0.012207
vt 0.581125 0.060059
vt 0.545419 0.080217
vt 0.522835 0.015610
vt 0.524910 0.106874
vt 0.505943 0.080873
vt 0.469764 0.012940
vt 0.468757 0.059907
vt 0.428504 0.048661
vt 0.428504 0.007797
vt 0.387732 0.012207
vt 0.392981 0.060059
vt 0.357290 0.080217
vt 0.334691 0.015610
vt 0.336767 0.106874
vt 0.317800 0.080873
vt 0.281621 0.012940
vt 0.280613 0.059907
vt 0.240360 0.048661
vt 0.246174 0.007797
vt 0.975204 0.447837
vt 0.932158 0.477256
vt 0.930205 0.448920
vt 0.984543 0.475990
vt 0.993729 0.495522
vt 0.919188 0.497307
vt 0.996017 0.520760
vt 0.918303 0.522530
vt 0.956939 0.553109
vt 0.984848 0.543984
vt 0.929580 0.545007
vt 0.929213 0.448951
vt 0.974182 0.447868
vt 0.016098 0.152316
vt 0.025772 0.144976
vt 0.013626 0.140398
vt 0.026658 0.154101
vt 0.033417 0.146639
vt 0.016754 0.157671
vt 0.034287 0.155032
vt 0.078721 0.133898
vt 0.026841 0.159442
vt 0.080110 0.147234
vt 0.100343 0.135897
vt 0.034516 0.159670
vt 0.026322 0.164187
vt 0.015488 0.162249
vt 0.034501 0.164553
vt 0.080919 0.156252
vt 0.023102 0.173419
vt 0.008286 0.171298
vt 0.033967 0.173373
vt 0.021302 0.179187
vt 0.005447 0.182345
vt 0.011902 0.191928
vt 0.023651 0.184390
vt 0.033234 0.178622
vt 0.032441 0.183932
vt 0.078904 0.195972
vt 0.081483 0.178561
vt 0.084215 0.188144
vt 0.096666 0.187716
vt 0.100069 0.198657
vt 0.081529 0.165728
vt 0.103777 0.176730
vt 0.103716 0.188052
vt 0.110826 0.189319
vt 0.106905 0.200931
vt 0.112047 0.177401
vt 0.111910 0.165469
vt 0.107179 0.165652
vt 0.110704 0.155596
vt 0.106233 0.155932
vt 0.109132 0.145602
vt 0.104891 0.146044
vt 0.106783 0.134463
vt 0.013626 0.140414
vt 0.147128 0.199008
vt 0.144930 0.217502
vt 0.158389 0.216434
vt 0.161746 0.199283
vt 0.146044 0.182177
vt 0.178149 0.213748
vt 0.161456 0.181705
vt 0.146044 0.163836
vt 0.189776 0.204440
vt 0.207004 0.214160
vt 0.210437 0.204837
vt 0.220340 0.203677
vt 0.214267 0.197620
vt 0.221866 0.197101
vt 0.232776 0.203281
vt 0.216495 0.184710
vt 0.232822 0.200778
vt 0.221286 0.191684
vt 0.232837 0.194431
vt 0.243473 0.200641
vt 0.243824 0.202487
vt 0.232807 0.191959
vt 0.244160 0.200671
vt 0.250477 0.201770
vt 0.243839 0.194293
vt 0.243839 0.192676
vt 0.250614 0.193301
vt 0.250584 0.200717
vt 0.258000 0.199863
vt 0.250675 0.194217
vt 0.258000 0.195163
vt 0.223926 0.183886
vt 0.239582 0.187167
vt 0.239994 0.190784
vt 0.224155 0.177508
vt 0.240635 0.187152
vt 0.255711 0.189776
vt 0.239735 0.180926
vt 0.255711 0.187244
vt 0.266117 0.188876
vt 0.240619 0.180911
vt 0.240162 0.177874
vt 0.255818 0.178592
vt 0.255772 0.180819
vt 0.266224 0.187228
vt 0.274708 0.187045
vt 0.274830 0.181430
vt 0.266362 0.180636
vt 0.266331 0.179355
vt 0.215808 0.170810
vt 0.224247 0.169970
vt 0.162341 0.164126
vt 0.146044 0.151919
vt 0.159029 0.147112
vt 0.242939 0.172946
vt 0.243458 0.176425
vt 0.180575 0.148547
vt 0.244129 0.172946
vt 0.260395 0.175525
vt 0.242893 0.166903
vt 0.222705 0.162676
vt 0.213718 0.156039
vt 0.243305 0.163455
vt 0.244022 0.166888
vt 0.260288 0.164096
vt 0.260243 0.166613
vt 0.260304 0.173007
vt 0.271321 0.166400
vt 0.271214 0.164904
vt 0.279347 0.167040
vt 0.271397 0.173068
vt 0.271321 0.174609
vt 0.279347 0.172549
vt 0.222812 0.156268
vt 0.236912 0.158709
vt 0.237491 0.161929
vt 0.221378 0.148608
vt 0.238346 0.158724
vt 0.254383 0.160769
vt 0.236881 0.152316
vt 0.204089 0.145480
vt 0.237369 0.149126
vt 0.238254 0.152285
vt 0.254322 0.150515
vt 0.254429 0.158633
vt 0.264698 0.159930
vt 0.254383 0.152346
vt 0.264668 0.152255
vt 0.264668 0.151415
vt 0.271305 0.153292
vt 0.264683 0.158846
vt 0.271290 0.157916
vt 0.198734 0.136324
vt 0.207416 0.140093
vt 0.174579 0.140139
vt 0.170001 0.133776
vt 0.194827 0.128084
vt 0.202762 0.133547
vt 0.214160 0.133226
vt 0.199405 0.125994
vt 0.194034 0.122820
vt 0.208255 0.128878
vt 0.209766 0.127581
vt 0.218646 0.126940
vt 0.205631 0.122423
vt 0.218067 0.121477
vt 0.223072 0.122454
vt 0.217899 0.118074
vt 0.207385 0.121660
vt 0.212726 0.113115
vt 0.215503 0.112551
vt 0.205020 0.116823
vt 0.192615 0.115435
vt 0.211353 0.110948
vt 0.212268 0.105409
vt 0.205158 0.111376
vt 0.204532 0.106035
vt 0.202350 0.112016
vt 0.197589 0.108904
vt 0.089433 0.121981
vt 0.117525 0.124498
vt 0.115175 0.107393
vt 0.088334 0.106889
vt 0.105974 0.095811
vt 0.074754 0.121508
vt 0.087755 0.092500
vt 0.076371 0.106386
vt 0.061433 0.105547
vt 0.060914 0.121431
vt 0.076722 0.092134
vt 0.007233 0.108034
vt 0.007019 0.126924
vt 0.060883 0.092592
vt 0.007233 0.095918
vt 0.007233 0.084871
vt 0.061051 0.079072
vt 0.088045 0.077928
vt 0.104524 0.089052
vt 0.114565 0.079072
vt 0.076127 0.078309
vt 0.060380 0.063645
vt 0.007263 0.064088
vt 0.074388 0.063218
vt 0.088670 0.063340
vt 0.119631 0.062791
vt 0.114778 0.048432
vt 0.059953 0.049393
vt 0.007233 0.043091
vt 0.087144 0.050431
vt 0.103227 0.037812
vt 0.085908 0.035386
vt 0.077806 0.047486
vt 0.072297 0.048325
vt 0.071168 0.035477
vt 0.077134 0.035340
vt 0.075944 0.023514
vt 0.058610 0.023362
vt 0.007202 0.016922
vt 0.058305 0.009400
vt 0.071061 0.023346
vt 0.071717 0.008652
vt 0.086015 0.006775
vt 0.086732 0.020890
vt 0.103548 0.030930
vt 0.112657 0.018570
vt 0.113588 0.001480
vt 0.239582 0.187152
vt 0.239994 0.190845
vt 0.240635 0.187167
vt 0.255711 0.189761
vt 0.255711 0.187213
vt 0.240619 0.180880
vt 0.240162 0.177798
vt 0.255818 0.178576
vt 0.255772 0.180850
vt 0.274693 0.187015
vt 0.266316 0.179461
vt 0.724102 0.977447
vt 0.736034 0.997620
vt 0.749432 0.977447
vt 0.749432 0.960235
vt 0.724102 0.960235
vt 0.749432 0.943008
vt 0.701961 0.977447
vt 0.713085 0.999161
vt 0.724102 0.943008
vt 0.749432 0.925795
vt 0.701961 0.960235
vt 0.678431 0.977447
vt 0.690883 0.998459
vt 0.724102 0.925795
vt 0.749432 0.908568
vt 0.701961 0.943008
vt 0.678431 0.960235
vt 0.649195 0.977447
vt 0.664485 0.995514
vt 0.736843 0.889708
vt 0.724102 0.908568
vt 0.636805 0.998413
vt 0.625528 0.977447
vt 0.701961 0.925795
vt 0.712398 0.888167
vt 0.701961 0.908568
vt 0.678431 0.943008
vt 0.678431 0.925795
vt 0.678431 0.908568
vt 0.689174 0.888808
vt 0.649195 0.960235
vt 0.649195 0.943008
vt 0.649195 0.925795
vt 0.649195 0.908568
vt 0.663691 0.891356
vt 0.625528 0.960235
vt 0.625528 0.943008
vt 0.599161 0.977447
vt 0.612207 0.996994
vt 0.625528 0.925795
vt 0.625528 0.908568
vt 0.637568 0.888899
vt 0.599161 0.960235
vt 0.599161 0.943008
vt 0.574975 0.977447
vt 0.586557 0.998123
vt 0.552499 0.977447
vt 0.563409 0.998993
vt 0.574975 0.960235
vt 0.552499 0.960235
vt 0.574975 0.943008
vt 0.552499 0.943008
vt 0.599161 0.925795
vt 0.574975 0.925795
vt 0.552499 0.925795
vt 0.599161 0.908568
vt 0.612802 0.890166
vt 0.574975 0.908568
vt 0.588052 0.889098
vt 0.552499 0.908568
vt 0.563577 0.888335
vt 0.678416 0.872389
vt 0.686717 0.886183
vt 0.694667 0.872389
vt 0.694835 0.848768
vt 0.678584 0.848768
vt 0.694835 0.825162
vt 0.662379 0.872435
vt 0.670451 0.886183
vt 0.678752 0.825147
vt 0.686717 0.811353
vt 0.662318 0.848768
vt 0.645716 0.873152
vt 0.654200 0.886183
vt 0.662547 0.825071
vt 0.670451 0.811353
vt 0.645716 0.848768
vt 0.637247 0.886183
vt 0.628901 0.872450
vt 0.654200 0.811353
vt 0.645808 0.824414
vt 0.629114 0.848768
vt 0.612680 0.872389
vt 0.620981 0.886183
vt 0.637247 0.811353
vt 0.629114 0.825132
vt 0.596429 0.872389
vt 0.604730 0.886183
vt 0.612863 0.848768
vt 0.596597 0.848768
vt 0.612696 0.825147
vt 0.620981 0.811353
vt 0.596597 0.825162
vt 0.604730 0.811353
vt 0.328466 0.315129
vt 0.337942 0.297917
vt 0.339727 0.316579
vt 0.358190 0.305608
vt 0.356893 0.283650
vt 0.391012 0.303471
vt 0.339620 0.280507
vt 0.328557 0.262715
vt 0.391043 0.284840
vt 0.352346 0.252506
vt 0.425132 0.283833
vt 0.423850 0.305745
vt 0.390951 0.253300
vt 0.444083 0.298070
vt 0.442237 0.316869
vt 0.453452 0.315374
vt 0.442420 0.280690
vt 0.453468 0.262943
vt 0.429664 0.252674
vt 0.458671 0.231006
vt 0.487648 0.217914
vt 0.426673 0.218799
vt 0.455634 0.206622
vt 0.480797 0.192630
vt 0.435111 0.188220
vt 0.468452 0.159350
vt 0.391150 0.190768
vt 0.391043 0.219226
vt 0.355520 0.218769
vt 0.347234 0.188067
vt 0.323537 0.230839
vt 0.294682 0.217716
vt 0.326711 0.206470
vt 0.301533 0.192432
vt 0.313924 0.158984
vt 0.669047 0.147906
vt 0.691081 0.149310
vt 0.680247 0.169863
vt 0.697154 0.127062
vt 0.669993 0.126955
vt 0.691432 0.104585
vt 0.657328 0.169970
vt 0.646067 0.147631
vt 0.669169 0.105745
vt 0.680385 0.083452
vt 0.646235 0.126848
vt 0.634394 0.169863
vt 0.623056 0.147402
vt 0.646097 0.106096
vt 0.657374 0.083391
vt 0.623041 0.126879
vt 0.611444 0.169833
vt 0.600076 0.147555
vt 0.623056 0.106233
vt 0.634409 0.083513
vt 0.600000 0.126848
vt 0.588602 0.169741
vt 0.577386 0.147723
vt 0.600046 0.106172
vt 0.611444 0.083543
vt 0.566644 0.169726
vt 0.555535 0.149279
vt 0.576425 0.126955
vt 0.549477 0.127062
vt 0.577279 0.105943
vt 0.588556 0.083635
vt 0.555169 0.104616
vt 0.566506 0.083604
vt 0.577264 0.105943
vt 0.050965 0.343069
vt 0.066484 0.343069
vt 0.057618 0.326574
vt 0.051652 0.326482
vt 0.064759 0.311635
vt 0.031983 0.326391
vt 0.031586 0.343069
vt 0.076738 0.291386
vt 0.073213 0.287923
vt 0.049744 0.304982
vt 0.064073 0.279286
vt 0.070405 0.280949
vt 0.020310 0.303227
vt 0.012940 0.308659
vt 0.008347 0.279561
vt 0.078248 0.280995
vt 0.077195 0.274144
vt 0.016480 0.277226
vt 0.059739 0.266270
vt 0.066361 0.264500
vt 0.038148 0.275563
vt 0.059419 0.249348
vt 0.065797 0.247822
vt 0.044144 0.265385
vt 0.059342 0.246006
vt 0.064363 0.230137
vt 0.051667 0.263111
vt 0.052461 0.247700
vt 0.053681 0.230076
vt 0.059068 0.230045
vt 0.063432 0.219348
vt 0.054536 0.219318
vt 0.058976 0.216846
vt 0.061479 0.212436
vt 0.056641 0.212436
vt 0.044144 0.243000
vt 0.050874 0.241627
vt 0.036210 0.261601
vt 0.044144 0.240208
vt 0.050202 0.223926
vt 0.037339 0.241474
vt 0.038285 0.223804
vt 0.044205 0.223804
vt 0.049348 0.212512
vt 0.039231 0.212406
vt 0.044297 0.209217
vt 0.047135 0.204028
vt 0.041382 0.204028
vt 0.029206 0.265171
vt 0.029221 0.246174
vt 0.035828 0.244907
vt 0.015763 0.265858
vt 0.008911 0.265583
vt 0.009323 0.252613
vt 0.021424 0.264592
vt 0.022370 0.245090
vt 0.021134 0.252567
vt 0.029221 0.243687
vt 0.023407 0.228687
vt 0.035080 0.228580
vt 0.029313 0.228504
vt 0.024353 0.217823
vt 0.034287 0.217609
vt 0.029450 0.214328
vt 0.026261 0.208866
vt 0.032120 0.208743
vt 0.015595 0.252567
vt 0.015595 0.241810
vt 0.020401 0.241062
vt 0.010147 0.241077
vt 0.015641 0.240436
vt 0.019745 0.233997
vt 0.010910 0.234150
vt 0.015518 0.230625
vt 0.017792 0.226307
vt 0.012894 0.226291
vt 0.035752 0.244907
vt 0.022446 0.245090
vt 0.023423 0.228687
vt 0.035019 0.228580
vt 0.029297 0.228504
vt 0.024414 0.217838
vt 0.034226 0.217624
vt 0.026291 0.208896
vt 0.032090 0.208759
vt 0.297429 0.552285
vt 0.303685 0.574517
vt 0.289067 0.586480
vt 0.269322 0.544030
vt 0.298711 0.515816
vt 0.252293 0.594202
vt 0.276249 0.608942
vt 0.229160 0.662471
vt 0.268284 0.515892
vt 0.203143 0.618448
vt 0.293110 0.486671
vt 0.312062 0.500008
vt 0.208286 0.574884
vt 0.232822 0.547692
vt 0.195285 0.546090
vt 0.228397 0.505272
vt 0.195239 0.510704
vt 0.250553 0.470726
vt 0.203464 0.479240
vt 0.277699 0.443717
vt 0.295110 0.470634
vt 0.298970 0.454688
vt 0.301091 0.435981
vt 0.265965 0.422507
vt 0.232151 0.401526
vt 0.222187 0.446143
vt 0.207111 0.393515
vt 0.188434 0.431846
vt 0.162859 0.390982
vt 0.162859 0.473320
vt 0.162859 0.429343
vt 0.137270 0.431846
vt 0.118608 0.393515
vt 0.162859 0.511315
vt 0.103533 0.446143
vt 0.093553 0.401526
vt 0.122255 0.479240
vt 0.130480 0.510704
vt 0.162859 0.544839
vt 0.130449 0.546090
vt 0.117449 0.574884
vt 0.092897 0.547707
vt 0.097322 0.505272
vt 0.122637 0.618463
vt 0.096620 0.662501
vt 0.073442 0.594202
vt 0.049470 0.608942
vt 0.036652 0.586496
vt 0.056382 0.544030
vt 0.028290 0.552285
vt 0.022034 0.574533
vt 0.027008 0.515816
vt 0.057435 0.515892
vt 0.032609 0.486671
vt 0.013657 0.500008
vt 0.075151 0.470726
vt 0.048020 0.443717
vt 0.030610 0.470634
vt 0.026749 0.454688
vt 0.059754 0.422507
vt 0.024628 0.435981
vt 0.976120 0.631815
vt 0.993393 0.653987
vt 0.980438 0.671611
vt 0.964248 0.648447
vt 0.955795 0.698100
vt 0.946944 0.630808
vt 0.957732 0.615152
vt 0.935485 0.603479
vt 0.920363 0.668925
vt 0.924422 0.734615
vt 0.924392 0.620935
vt 0.897551 0.614069
vt 0.907713 0.595132
vt 0.883848 0.577035
vt 0.879881 0.644724
vt 0.876112 0.596201
vt 0.854566 0.584283
vt 0.860868 0.566491
vt 0.835905 0.560876
vt 0.839994 0.627466
vt 0.832410 0.582116
vt 0.803418 0.584100
vt 0.806745 0.559319
vt 0.779171 0.551202
vt 0.797589 0.620310
vt 0.778851 0.572564
vt 0.752438 0.569452
vt 0.752834 0.549020
vt 0.726436 0.551125
vt 0.752468 0.614115
vt 0.726329 0.573327
vt 0.701213 0.570321
vt 0.698863 0.559136
vt 0.669917 0.560769
vt 0.713619 0.625330
vt 0.672572 0.582208
vt 0.650431 0.584390
vt 0.644694 0.566323
vt 0.620829 0.577798
vt 0.664988 0.627482
vt 0.628901 0.596323
vt 0.607462 0.614023
vt 0.597528 0.594827
vt 0.569802 0.603265
vt 0.625086 0.644770
vt 0.580545 0.621042
vt 0.558205 0.631022
vt 0.547524 0.615137
vt 0.529015 0.631708
vt 0.584634 0.668910
vt 0.524651 0.671489
vt 0.511513 0.653803
vt 0.541695 0.647547
vt 0.549218 0.698085
vt 0.580697 0.734630
vt 0.618906 0.716671
vt 0.628946 0.756725
vt 0.644648 0.687175
vt 0.667308 0.723705
vt 0.658625 0.782895
vt 0.682994 0.682643
vt 0.690028 0.755169
vt 0.683589 0.800961
vt 0.710140 0.708080
vt 0.715007 0.663447
vt 0.705715 0.778775
vt 0.723384 0.817197
vt 0.740581 0.799634
vt 0.720836 0.741222
vt 0.730907 0.767651
vt 0.752377 0.795819
vt 0.752468 0.702174
vt 0.752453 0.735988
vt 0.752529 0.763470
vt 0.774014 0.767666
vt 0.764431 0.799634
vt 0.784146 0.741253
vt 0.799268 0.778866
vt 0.781491 0.817166
vt 0.820844 0.799893
vt 0.814939 0.755245
vt 0.846403 0.782971
vt 0.794812 0.708095
vt 0.837690 0.723736
vt 0.876082 0.756741
vt 0.789975 0.663447
vt 0.886152 0.716640
vt 0.822019 0.682612
vt 0.860365 0.687175
vt 0.752468 0.670604
vt 0.991486 0.334585
vt 0.976257 0.354192
vt 0.972595 0.309819
vt 0.958709 0.328237
vt 0.951171 0.386130
vt 0.939147 0.308705
vt 0.951171 0.291722
vt 0.926421 0.278050
vt 0.910933 0.352361
vt 0.913771 0.427070
vt 0.914168 0.297520
vt 0.883665 0.290211
vt 0.893965 0.268177
vt 0.868223 0.248371
vt 0.867262 0.325902
vt 0.859754 0.270222
vt 0.835950 0.256642
vt 0.842176 0.236606
vt 0.814313 0.230381
vt 0.817548 0.304372
vt 0.808164 0.252964
vt 0.777035 0.255192
vt 0.780743 0.231037
vt 0.749279 0.219867
vt 0.771435 0.293278
vt 0.747829 0.243290
vt 0.721279 0.238071
vt 0.720653 0.216770
vt 0.692226 0.219944
vt 0.721050 0.288685
vt 0.694026 0.243275
vt 0.665309 0.255222
vt 0.660655 0.231251
vt 0.627283 0.230579
vt 0.670863 0.293278
vt 0.633799 0.252949
vt 0.606439 0.256581
vt 0.599313 0.236820
vt 0.573526 0.248600
vt 0.624521 0.304372
vt 0.582132 0.270237
vt 0.558618 0.290318
vt 0.547906 0.268666
vt 0.515465 0.278355
vt 0.574945 0.325933
vt 0.527916 0.297475
vt 0.502983 0.308614
vt 0.490761 0.291905
vt 0.469535 0.310002
vt 0.531212 0.352407
vt 0.465843 0.354406
vt 0.450874 0.334829
vt 0.483238 0.328267
vt 0.491005 0.386267
vt 0.528450 0.427146
vt 0.569619 0.404440
vt 0.601678 0.368170
vt 0.595071 0.433799
vt 0.558938 0.478721
vt 0.643992 0.360800
vt 0.620829 0.462776
vt 0.599420 0.501045
vt 0.641108 0.399496
vt 0.658213 0.435355
vt 0.647623 0.488609
vt 0.631861 0.516442
vt 0.678676 0.533913
vt 0.697398 0.512612
vt 0.690684 0.463615
vt 0.721050 0.506737
vt 0.697276 0.421073
vt 0.721096 0.455726
vt 0.751522 0.463630
vt 0.744747 0.512581
vt 0.721080 0.419379
vt 0.793164 0.486152
vt 0.763470 0.534020
vt 0.809750 0.515251
vt 0.842878 0.501045
vt 0.744884 0.421057
vt 0.821424 0.462806
vt 0.883314 0.478691
vt 0.783932 0.435416
vt 0.847181 0.433753
vt 0.801053 0.399435
vt 0.872572 0.404364
vt 0.840452 0.368185
vt 0.798261 0.360769
vt 0.753338 0.380438
vt 0.761074 0.339544
vt 0.721111 0.379934
vt 0.721050 0.346990
vt 0.688869 0.380407
vt 0.681071 0.339544
vt 0.864408 0.912581
vt 0.871626 0.942748
vt 0.859266 0.918792
vt 0.913008 0.958206
vt 0.912352 0.980209
vt 0.923110 0.940322
vt 0.966232 0.971633
vt 0.961089 0.989609
vt 0.982330 0.984771
vt 0.985672 0.969604
vt 0.971984 0.947936
vt 0.988663 0.952743
vt 0.976638 0.912413
vt 0.960525 0.909896
vt 0.921401 0.881025
vt 0.910552 0.854536
vt 0.950729 0.834684
vt 0.966186 0.879088
vt 0.983734 0.880461
vt 0.969024 0.854582
vt 0.980713 0.840192
vt 0.266560 0.371176
vt 0.287724 0.371847
vt 0.284062 0.382361
vt 0.272084 0.358129
vt 0.305684 0.378363
vt 0.330663 0.352087
vt 0.263752 0.339834
vt 0.275837 0.321599
vt 0.311559 0.303578
vt 0.251713 0.329336
vt 0.235370 0.362417
vt 0.278370 0.298711
vt 0.303868 0.274098
vt 0.255680 0.303441
vt 0.230594 0.328512
vt 0.199374 0.356909
vt 0.233112 0.301381
vt 0.257206 0.290547
vt 0.199283 0.325216
vt 0.235126 0.288060
vt 0.271412 0.270619
vt 0.278614 0.248920
vt 0.235264 0.245029
vt 0.238438 0.266758
vt 0.199298 0.264408
vt 0.199344 0.232044
vt 0.163470 0.245258
vt 0.199252 0.285283
vt 0.199237 0.300801
vt 0.163378 0.288319
vt 0.167987 0.328756
vt 0.163394 0.362707
vt 0.165377 0.301640
vt 0.146944 0.329702
vt 0.132280 0.371618
vt 0.142886 0.303777
vt 0.160159 0.266987
vt 0.141344 0.290867
vt 0.127215 0.270924
vt 0.120180 0.249165
vt 0.094743 0.274479
vt 0.120287 0.299107
vt 0.087282 0.304143
vt 0.122911 0.322026
vt 0.068467 0.352560
vt 0.134981 0.340261
vt 0.126696 0.358572
vt 0.093385 0.378759
vt 0.111208 0.372244
vt 0.114763 0.382757
vt 0.119402 0.967773
vt 0.132067 0.986068
vt 0.119097 0.946151
vt 0.153063 0.992218
vt 0.174044 0.986068
vt 0.153307 0.954879
vt 0.153063 0.921492
vt 0.132265 0.928222
vt 0.187015 0.946151
vt 0.186709 0.967773
vt 0.173846 0.928222
vt 0.016175 0.966430
vt 0.007233 0.966674
vt 0.010376 0.996948
vt 0.032090 0.996948
vt 0.010452 0.935882
vt 0.032090 0.966537
vt 0.057465 0.996948
vt 0.032090 0.936110
vt 0.057450 0.966537
vt 0.094545 0.996948
vt 0.057450 0.936110
vt 0.094545 0.936110
vt 0.127565 0.844862
vt 0.057450 0.905699
vt 0.094545 0.875288
vt 0.016281 0.905516
vt 0.007111 0.905928
vt 0.010590 0.875135
vt 0.032090 0.905699
vt 0.057450 0.875288
vt 0.032090 0.875288
vt 0.014282 0.844862
vt 0.007050 0.844862
vt 0.010590 0.814588
vt 0.032090 0.844862
vt 0.057450 0.844862
vt 0.094545 0.814450
vt 0.057450 0.814450
vt 0.032090 0.814450
vt 0.094545 0.753613
vt 0.094545 0.692775
vt 0.057450 0.784024
vt 0.032090 0.784024
vt 0.016281 0.784207
vt 0.007111 0.783795
vt 0.010452 0.753842
vt 0.057450 0.753613
vt 0.032090 0.753613
vt 0.057450 0.723186
vt 0.057465 0.692775
vt 0.032090 0.723186
vt 0.032090 0.692775
vt 0.016175 0.723308
vt 0.010376 0.692775
vt 0.007233 0.723049
vt 0.937545 0.228367
vt 0.928237 0.241367
vt 0.928222 0.217563
vt 0.917922 0.228336
vt 0.951980 0.220584
vt 0.902510 0.220981
vt 0.927703 0.171084
vt 0.965240 0.207919
vt 0.889174 0.210498
vt 0.976593 0.196109
vt 0.879927 0.196475
vt 0.973114 0.172610
vt 0.985107 0.181216
vt 0.996048 0.172030
vt 0.985138 0.163790
vt 0.976226 0.148302
vt 0.966522 0.133471
vt 0.952224 0.124330
vt 0.927962 0.124346
vt 0.936797 0.115511
vt 0.927337 0.102495
vt 0.918364 0.115373
vt 0.903594 0.124544
vt 0.889418 0.133608
vt 0.880262 0.147936
vt 0.880247 0.172305
vt 0.869658 0.163638
vt 0.869856 0.180942
vt 0.857847 0.171511
vt 0.813687 0.191867
vt 0.857511 0.183505
vt 0.857511 0.191867
vt 0.857511 0.212650
vt 0.813687 0.212650
vt 0.813687 0.183505
vt 0.781277 0.212650
vt 0.781277 0.191867
vt 0.781277 0.183505
vt 0.751095 0.212650
vt 0.751095 0.191867
vt 0.751095 0.183505
vt 0.717723 0.212650
vt 0.717723 0.191867
vt 0.717723 0.183505
vt 0.674342 0.212650
vt 0.674250 0.191867
vt 0.674250 0.183505
vt 0.635401 0.183505
vt 0.635401 0.191867
vt 0.635401 0.212650
vt 0.599649 0.183505
vt 0.599649 0.191867
vt 0.599649 0.212650
vt 0.570916 0.183505
vt 0.570916 0.191867
vt 0.570916 0.212650
vt 0.541619 0.183505
vt 0.541619 0.191867
vt 0.541619 0.212650
vt 0.499611 0.183505
vt 0.499611 0.212650
vt 0.499611 0.191867
vt 0.856474 0.874189
vt 0.884260 0.806210
vt 0.873671 0.795392
vt 0.907927 0.812909
vt 0.600855 0.534234
vt 0.555886 0.538140
vt 0.588281 0.511101
vt 0.556252 0.497780
vt 0.599207 0.556878
vt 0.524193 0.511070
vt 0.586633 0.576913
vt 0.509865 0.546349
vt 0.555947 0.587228
vt 0.512352 0.557122
vt 0.525261 0.576913
vt 0.801938 0.171221
vt 0.840925 0.168887
vt 0.801434 0.182483
vt 0.761486 0.168811
vt 0.833402 0.163653
vt 0.865889 0.138537
vt 0.770367 0.163668
vt 0.736965 0.137789
vt 0.843183 0.122805
vt 0.866880 0.108736
vt 0.801785 0.122164
vt 0.835386 0.081666
vt 0.843031 0.073793
vt 0.760342 0.122637
vt 0.737148 0.107927
vt 0.801556 0.073671
vt 0.802029 0.059586
vt 0.761456 0.073640
vt 0.767834 0.081758
vt 0.492531 0.473075
vt 0.515129 0.435691
vt 0.522088 0.472358
vt 0.515328 0.509102
vt 0.484108 0.446860
vt 0.491249 0.398138
vt 0.484199 0.499458
vt 0.491508 0.546822
vt 0.478615 0.473686
vt 0.467842 0.422690
vt 0.467964 0.523812
vt 0.443610 0.407156
vt 0.453651 0.374701
vt 0.456581 0.433845
vt 0.463584 0.456626
vt 0.416999 0.398245
vt 0.417044 0.368399
vt 0.380423 0.374685
vt 0.464683 0.474311
vt 0.390463 0.407156
vt 0.342825 0.398138
vt 0.463661 0.491798
vt 0.443153 0.475044
vt 0.456657 0.514107
vt 0.445136 0.503075
vt 0.443687 0.539239
vt 0.453834 0.570474
vt 0.434287 0.520317
vt 0.416999 0.548089
vt 0.417044 0.576806
vt 0.380240 0.570474
vt 0.416999 0.535699
vt 0.390387 0.539254
vt 0.342565 0.546838
vt 0.417014 0.522423
vt 0.366094 0.523812
vt 0.399786 0.520317
vt 0.417014 0.501793
vt 0.377401 0.514107
vt 0.434180 0.492271
vt 0.417029 0.475608
vt 0.388937 0.503075
vt 0.399893 0.492271
vt 0.390890 0.475044
vt 0.370413 0.491798
vt 0.349874 0.499458
vt 0.318746 0.509102
vt 0.341527 0.473075
vt 0.311971 0.472358
vt 0.318929 0.435691
vt 0.355444 0.473686
vt 0.349966 0.446860
vt 0.369375 0.474311
vt 0.370489 0.456626
vt 0.366232 0.422690
vt 0.377493 0.433845
vt 0.388983 0.446250
vt 0.399893 0.457984
vt 0.417014 0.448310
vt 0.399847 0.428153
vt 0.416999 0.411673
vt 0.417014 0.426291
vt 0.434226 0.428153
vt 0.445090 0.446265
vt 0.434165 0.457984
vt 0.423712 0.660411
vt 0.411063 0.645792
vt 0.426596 0.637354
vt 0.417899 0.612314
vt 0.408621 0.664576
vt 0.408988 0.689097
vt 0.406531 0.629023
vt 0.402503 0.590875
vt 0.391928 0.652293
vt 0.402060 0.680049
vt 0.393805 0.611032
vt 0.375403 0.580713
vt 0.391333 0.701427
vt 0.395865 0.709560
vt 0.389441 0.662974
vt 0.392050 0.678187
vt 0.371252 0.709361
vt 0.371176 0.720699
vt 0.348364 0.709407
vt 0.385550 0.692012
vt 0.352316 0.700877
vt 0.371313 0.698833
vt 0.334066 0.689647
vt 0.385443 0.677775
vt 0.340200 0.679835
vt 0.381262 0.687678
vt 0.384360 0.667689
vt 0.370626 0.677104
vt 0.371222 0.690333
vt 0.357229 0.692378
vt 0.359793 0.687755
vt 0.355901 0.677714
vt 0.349828 0.678492
vt 0.356970 0.668070
vt 0.370016 0.662364
vt 0.352224 0.662028
vt 0.369863 0.657054
vt 0.333089 0.664607
vt 0.317174 0.661997
vt 0.369818 0.652110
vt 0.350240 0.651545
vt 0.330343 0.644846
vt 0.314626 0.636469
vt 0.326818 0.609705
vt 0.352636 0.635538
vt 0.335149 0.626871
vt 0.345525 0.588296
vt 0.369970 0.636591
vt 0.348928 0.609476
vt 0.354101 0.624125
vt 0.371191 0.603174
vt 0.370306 0.622583
vt 0.387671 0.624888
vt 0.389410 0.636057
vt 0.254887 0.092165
vt 0.242268 0.080308
vt 0.280583 0.070466
vt 0.232273 0.118807
vt 0.276417 0.088533
vt 0.305989 0.095232
vt 0.251591 0.113024
vt 0.286687 0.101030
vt 0.261860 0.125521
vt 0.257694 0.143572
vt 0.269139 0.107042
vt 0.283391 0.121889
vt 0.296010 0.133745
vt 0.479377 0.132128
vt 0.464393 0.120714
vt 0.479377 0.120714
vt 0.479377 0.109316
vt 0.464393 0.132296
vt 0.479423 0.140475
vt 0.464393 0.109148
vt 0.479423 0.100969
vt 0.464393 0.140475
vt 0.419287 0.146578
vt 0.464393 0.100969
vt 0.419287 0.094865
vt 0.449394 0.109316
vt 0.434302 0.100969
vt 0.449409 0.132128
vt 0.449394 0.120714
vt 0.434302 0.109148
vt 0.434302 0.120714
vt 0.419287 0.100969
vt 0.434302 0.140475
vt 0.434302 0.132296
vt 0.419287 0.140475
vt 0.419287 0.132128
vt 0.419287 0.109316
vt 0.419287 0.120714
vt 0.404257 0.132296
vt 0.404257 0.120714
vt 0.404257 0.109148
vt 0.404257 0.100969
vt 0.389273 0.109316
vt 0.374197 0.100969
vt 0.359167 0.100969
vt 0.374197 0.109148
vt 0.359121 0.109316
vt 0.389273 0.120714
vt 0.374197 0.120714
vt 0.359121 0.120714
vt 0.359121 0.132128
vt 0.389273 0.132128
vt 0.374197 0.132296
vt 0.359167 0.140475
vt 0.404257 0.140475
vt 0.374197 0.140475
s 1
usemtl m_Body
f 1/1/1 2/2/2 3/3/3
f 4/2/4 5/1/5 6/3/6
s 0
f 7/4/7 8/5/7 9/6/7
s 1
f 10/7/8 11/8/9 12/9/10
s 0
f 13/10/11 14/11/11 15/12/11
f 16/6/12 17/5/12 18/4/12
s 1
f 19/7/13 20/9/14 21/8/15
s 0
f 22/12/16 23/11/16 24/10/16
f 25/13/17 26/14/17 27/15/17
f 28/15/18 29/14/18 30/13/18
f 31/16/19 32/17/19 33/18/19
f 32/17/19 34/19/19 33/18/19
f 35/16/19 36/18/19 37/17/19
f 36/18/19 38/19/19 37/17/19
s 1
f 39/5/20 40/4/21 41/20/22
f 39/5/20 41/20/22 42/21/23
f 41/20/22 43/22/24 42/21/23
f 42/21/23 43/22/24 44/23/25
f 43/22/24 45/24/26 44/23/25
f 43/22/24 46/9/27 45/24/26
f 45/24/26 46/9/27 47/25/28
f 46/9/27 48/8/29 47/25/28
f 48/8/29 49/7/30 50/26/31
f 49/7/30 51/27/32 50/26/31
f 50/26/31 51/27/32 52/28/33
f 51/27/32 53/29/34 52/28/33
f 52/28/33 53/29/34 54/30/35
f 53/29/34 55/31/36 54/30/35
f 53/29/34 56/32/37 55/31/36
f 55/31/36 56/32/37 57/11/38
f 56/32/37 58/12/39 57/11/38
f 59/33/40 60/34/41 61/35/42
f 62/36/43 59/33/40 61/35/42
f 62/36/43 61/35/42 63/37/44
f 64/38/45 65/39/46 62/36/43
f 64/38/45 66/40/47 65/39/46
f 66/40/47 67/41/48 65/39/46
f 64/38/45 68/42/49 66/40/47
f 69/43/50 68/42/49 64/38/45
f 66/40/47 70/44/51 67/41/48
f 66/40/47 68/42/49 70/44/51
f 70/44/51 71/45/52 67/41/48
f 69/43/50 72/46/53 68/42/49
f 73/47/54 72/46/53 69/43/50
f 74/48/55 72/46/53 73/47/54
f 68/42/49 75/49/56 70/44/51
f 70/44/51 75/49/56 71/45/52
f 72/46/53 75/49/56 68/42/49
f 67/41/48 71/45/52 76/50/57
f 75/49/56 76/50/57 71/45/52
f 67/41/48 76/50/57 77/51/46
f 78/52/58 72/46/53 74/48/55
f 78/52/58 74/48/55 79/53/59
f 80/54/60 77/51/46 76/50/57
f 80/54/60 76/50/57 75/49/56
f 80/54/60 81/55/43 77/51/46
f 82/56/61 81/55/43 80/54/60
f 83/57/62 75/49/56 72/46/53
f 83/57/62 80/54/60 75/49/56
f 78/52/58 83/57/62 72/46/53
f 84/58/63 82/56/61 80/54/60
f 85/59/41 82/56/61 84/58/63
f 84/58/63 80/54/60 86/60/64
f 83/57/62 86/60/64 80/54/60
f 87/61/65 85/59/41 84/58/63
f 87/61/65 84/58/63 86/60/64
f 88/62/42 85/59/41 87/61/65
f 89/63/66 88/62/42 87/61/65
f 89/63/66 87/61/65 86/60/64
f 90/64/67 88/62/42 89/63/66
f 91/65/68 90/64/67 89/63/66
f 92/66/69 89/63/66 86/60/64
f 91/65/68 89/63/66 92/66/69
f 92/66/69 86/60/64 83/57/62
f 93/67/70 91/65/68 92/66/69
f 94/68/71 93/67/70 92/66/69
f 95/69/72 94/68/71 92/66/69
f 96/70/73 95/69/72 92/66/69
f 96/70/73 92/66/69 83/57/62
f 97/71/74 98/72/75 95/69/72
f 97/71/74 95/69/72 96/70/73
f 99/73/76 96/70/73 83/57/62
f 97/71/74 96/70/73 99/73/76
f 99/73/76 83/57/62 100/74/77
f 100/74/77 83/57/62 78/52/58
f 101/75/78 102/76/79 97/71/74
f 100/74/77 78/52/58 103/77/80
f 103/77/80 78/52/58 79/53/59
f 103/77/80 79/53/59 104/78/81
f 101/75/78 97/71/74 105/79/82
f 105/79/82 97/71/74 99/73/76
f 103/77/80 104/78/81 106/80/83
f 104/78/81 107/81/84 106/80/83
f 105/79/82 99/73/76 108/82/85
f 108/82/85 99/73/76 100/74/77
f 109/83/86 101/75/78 105/79/82
f 109/83/86 110/84/87 101/75/78
f 111/85/88 110/84/87 109/83/86
f 109/83/86 105/79/82 112/86/89
f 112/86/89 105/79/82 108/82/85
f 111/85/88 109/83/86 113/87/90
f 113/87/90 109/83/86 112/86/89
f 114/88/91 111/85/88 113/87/90
f 115/89/87 111/85/88 114/88/91
f 116/90/78 115/89/87 114/88/91
f 117/91/79 116/90/78 118/92/92
f 116/90/78 114/88/91 118/92/92
f 118/92/92 114/88/91 119/93/93
f 114/88/91 113/87/90 119/93/93
f 113/87/90 112/86/89 120/94/94
f 119/93/93 113/87/90 120/94/94
f 120/94/94 112/86/89 121/95/95
f 112/86/89 108/82/85 121/95/95
f 119/93/93 120/94/94 122/96/96
f 121/95/95 108/82/85 123/97/97
f 108/82/85 100/74/77 123/97/97
f 100/74/77 103/77/80 123/97/97
f 120/94/94 121/95/95 124/98/98
f 122/96/96 120/94/94 124/98/98
f 103/77/80 125/99/99 123/97/97
f 103/77/80 106/80/83 125/99/99
f 119/93/93 122/96/96 126/100/100
f 119/93/93 126/100/100 127/101/101
f 126/100/100 128/102/102 127/101/101
f 106/80/83 129/103/103 125/99/99
f 125/99/99 129/103/103 123/97/97
f 122/96/96 130/104/104 126/100/100
f 122/96/96 124/98/98 130/104/104
f 126/100/100 131/105/105 128/102/102
f 126/100/100 130/104/104 131/105/105
f 131/105/105 132/106/106 128/102/102
f 130/104/104 132/106/106 131/105/105
f 128/102/102 132/106/106 133/107/107
f 130/104/104 134/108/108 132/106/106
f 132/106/106 134/108/108 133/107/107
f 130/104/104 124/98/98 135/109/109
f 130/104/104 135/109/109 134/108/108
f 128/102/102 133/107/107 136/110/110
f 128/102/102 136/110/110 137/111/101
f 136/110/110 138/112/111 137/111/101
f 136/110/110 133/107/107 138/112/111
f 137/111/101 138/112/111 139/113/93
f 134/108/108 140/114/112 133/107/107
f 134/108/108 135/109/109 140/114/112
f 133/107/107 140/114/112 141/115/113
f 124/98/98 142/116/114 135/109/109
f 124/98/98 121/95/95 142/116/114
f 121/95/95 123/97/97 142/116/114
f 140/114/112 135/109/109 143/117/115
f 142/116/114 143/117/115 135/109/109
f 141/115/113 140/114/112 144/118/116
f 141/115/113 144/118/116 145/119/117
f 145/119/117 144/118/116 146/120/118
f 144/118/116 140/114/112 147/121/119
f 140/114/112 143/117/115 147/121/119
f 144/118/116 147/121/119 146/120/118
f 142/116/114 148/122/120 143/117/115
f 143/117/115 148/122/120 147/121/119
f 123/97/97 149/123/121 142/116/114
f 142/116/114 149/123/121 148/122/120
f 123/97/97 129/103/103 149/123/121
f 148/122/120 150/124/122 147/121/119
f 149/123/121 151/125/123 148/122/120
f 148/122/120 151/125/123 150/124/122
f 147/121/119 150/124/122 152/126/124
f 151/125/123 152/126/124 150/124/122
f 147/121/119 152/126/124 146/120/118
f 149/123/121 153/127/125 151/125/123
f 129/103/103 153/127/125 149/123/121
f 151/125/123 154/128/126 152/126/124
f 151/125/123 153/127/125 154/128/126
f 152/126/124 155/129/127 146/120/118
f 152/126/124 154/128/126 155/129/127
f 129/103/103 156/130/128 153/127/125
f 106/80/83 156/130/128 129/103/103
f 106/80/83 107/81/84 156/130/128
f 153/127/125 156/130/128 157/131/129
f 154/128/126 153/127/125 157/131/129
f 107/81/84 158/132/130 156/130/128
f 155/129/127 154/128/126 159/133/131
f 155/129/127 159/133/131 146/120/118
f 107/81/84 160/134/132 158/132/130
f 107/81/84 161/135/133 160/134/132
f 161/135/133 162/136/134 160/134/132
f 156/130/128 158/132/130 163/137/135
f 156/130/128 163/137/135 157/131/129
f 158/132/130 160/134/132 164/138/136
f 163/137/135 158/132/130 164/138/136
f 164/138/136 160/134/132 165/139/137
f 163/137/135 164/138/136 165/139/137
f 165/139/137 160/134/132 162/136/134
f 163/137/135 165/139/137 166/140/138
f 166/140/138 165/139/137 162/136/134
f 157/131/129 163/137/135 166/140/138
f 166/140/138 162/136/134 167/141/139
f 167/141/139 162/136/134 168/142/140
f 157/131/129 166/140/138 169/143/141
f 154/128/126 157/131/129 169/143/141
f 170/144/142 166/140/138 167/141/139
f 170/144/142 169/143/141 166/140/138
f 167/141/139 168/142/140 171/145/143
f 171/145/143 168/142/140 172/146/144
f 170/144/142 167/141/139 173/147/145
f 167/141/139 171/145/143 173/147/145
f 170/144/142 173/147/145 174/148/146
f 174/148/146 173/147/145 171/145/143
f 175/149/147 169/143/141 170/144/142
f 175/149/147 170/144/142 174/148/146
f 154/128/126 169/143/141 176/150/148
f 176/150/148 169/143/141 175/149/147
f 159/133/131 154/128/126 176/150/148
f 176/150/148 175/149/147 177/151/149
f 159/133/131 176/150/148 178/152/150
f 178/152/150 176/150/148 177/151/149
f 179/153/151 159/133/131 178/152/150
f 179/153/151 178/152/150 177/151/149
f 146/120/118 159/133/131 179/153/151
f 177/151/149 175/149/147 180/154/152
f 175/149/147 174/148/146 180/154/152
f 181/155/153 179/153/151 177/151/149
f 181/155/153 177/151/149 180/154/152
f 146/120/118 179/153/151 182/156/154
f 146/120/118 182/156/154 183/157/117
f 182/156/154 184/158/155 183/157/117
f 182/156/154 179/153/151 185/159/156
f 182/156/154 185/159/156 184/158/155
f 185/159/156 179/153/151 181/155/153
f 184/158/155 185/159/156 186/160/157
f 185/159/156 181/155/153 187/161/158
f 187/161/158 181/155/153 180/154/152
f 185/159/156 188/162/159 186/160/157
f 185/159/156 187/161/158 188/162/159
f 186/160/157 188/162/159 189/163/160
f 187/161/158 190/164/161 188/162/159
f 188/162/159 190/164/161 189/163/160
f 187/161/158 180/154/152 191/165/162
f 187/161/158 191/165/162 190/164/161
f 191/165/162 180/154/152 192/166/163
f 192/166/163 180/154/152 174/148/146
f 190/164/161 191/165/162 193/167/164
f 191/165/162 192/166/163 194/168/165
f 191/165/162 194/168/165 193/167/164
f 192/166/163 174/148/146 195/169/166
f 192/166/163 196/170/167 194/168/165
f 192/166/163 195/169/166 196/170/167
f 193/167/164 194/168/165 197/171/168
f 195/169/166 174/148/146 198/172/169
f 174/148/146 171/145/143 198/172/169
f 190/164/161 193/167/164 199/173/170
f 199/173/170 193/167/164 197/171/168
f 190/164/161 199/173/170 200/174/171
f 189/163/160 190/164/161 200/174/171
f 199/173/170 197/171/168 201/175/172
f 202/176/173 199/173/170 201/175/172
f 202/176/173 200/174/171 199/173/170
f 202/176/173 189/163/160 200/174/171
f 186/160/157 189/163/160 202/176/173
f 186/160/157 202/176/173 203/177/174
f 186/160/157 203/177/174 204/178/175
f 203/177/174 202/176/173 205/179/172
f 203/177/174 205/179/172 204/178/175
f 204/178/175 205/179/172 206/180/168
f 194/168/165 207/181/176 197/171/168
f 194/168/165 196/170/167 207/181/176
f 197/171/168 207/181/176 208/182/177
f 197/171/168 208/182/177 209/183/178
f 209/183/178 210/184/179 211/185/180
f 209/183/178 208/182/177 210/184/179
f 210/184/179 208/182/177 212/186/181
f 213/187/182 212/186/181 208/182/177
f 207/181/176 213/187/182 208/182/177
f 207/181/176 214/188/183 213/187/182
f 196/170/167 214/188/183 207/181/176
f 214/188/183 215/189/181 213/187/182
f 214/188/183 216/190/179 215/189/181
f 196/170/167 217/191/184 214/188/183
f 214/188/183 217/191/184 216/190/179
f 195/169/166 217/191/184 196/170/167
f 216/190/179 218/192/185 219/193/180
f 216/190/179 217/191/184 218/192/185
f 195/169/166 220/194/186 217/191/184
f 217/191/184 220/194/186 218/192/185
f 195/169/166 198/172/169 220/194/186
f 218/192/185 221/195/187 222/196/188
f 220/194/186 223/197/189 218/192/185
f 223/197/189 221/195/187 218/192/185
f 198/172/169 224/198/190 220/194/186
f 220/194/186 224/198/190 223/197/189
f 223/197/189 225/199/191 221/195/187
f 224/198/190 225/199/191 223/197/189
f 221/195/187 225/199/191 226/200/192
f 226/200/192 225/199/191 227/201/193
f 225/199/191 228/202/194 227/201/193
f 225/199/191 229/203/195 228/202/194
f 229/203/195 230/204/196 228/202/194
f 229/203/195 231/205/197 230/204/196
f 225/199/191 232/206/198 229/203/195
f 224/198/190 232/206/198 225/199/191
f 229/203/195 233/207/199 231/205/197
f 232/206/198 233/207/199 229/203/195
f 234/208/200 231/205/197 233/207/199
f 235/209/201 234/208/200 233/207/199
f 235/209/201 233/207/199 232/206/198
f 236/210/202 234/208/200 235/209/201
f 237/211/203 235/209/201 232/206/198
f 237/211/203 236/210/202 235/209/201
f 224/198/190 237/211/203 232/206/198
f 237/211/203 238/212/204 236/210/202
f 239/213/205 238/212/204 237/211/203
f 240/214/206 239/213/205 237/211/203
f 240/214/206 241/215/207 239/213/205
f 242/216/208 240/214/206 237/211/203
f 224/198/190 242/216/208 237/211/203
f 243/217/209 241/215/207 240/214/206
f 242/216/208 243/217/209 240/214/206
f 244/218/210 241/215/207 243/217/209
f 242/216/208 244/218/210 243/217/209
f 244/218/210 245/219/211 241/215/207
f 245/219/211 246/220/205 241/215/207
f 242/216/208 247/221/212 244/218/210
f 247/221/212 245/219/211 244/218/210
f 248/222/213 246/220/205 245/219/211
f 247/221/212 248/222/213 245/219/211
f 248/222/213 249/223/204 246/220/205
f 250/224/214 248/222/213 247/221/212
f 249/223/204 251/225/215 252/226/197
f 249/223/204 252/226/197 253/227/216
f 252/226/197 254/228/200 253/227/216
f 255/229/217 250/224/214 247/221/212
f 255/229/217 247/221/212 242/216/208
f 255/229/217 256/230/218 250/224/214
f 224/198/190 255/229/217 242/216/208
f 257/231/219 256/230/218 255/229/217
f 258/232/220 255/229/217 224/198/190
f 258/232/220 257/231/219 255/229/217
f 198/172/169 258/232/220 224/198/190
f 172/146/144 257/231/219 258/232/220
f 171/145/143 258/232/220 198/172/169
f 171/145/143 172/146/144 258/232/220
f 259/5/221 260/20/222 261/4/223
f 259/5/221 262/21/224 260/20/222
f 260/20/222 262/21/224 263/22/225
f 262/21/224 264/23/226 263/22/225
f 263/22/225 264/23/226 265/24/227
f 263/22/225 265/24/227 266/9/228
f 265/24/227 267/25/229 266/9/228
f 266/9/228 267/25/229 268/8/230
f 268/8/230 269/26/231 270/7/232
f 269/26/231 271/27/233 270/7/232
f 269/26/231 272/28/234 271/27/233
f 272/28/234 273/29/235 271/27/233
f 272/28/234 274/30/236 273/29/235
f 274/30/236 275/31/237 273/29/235
f 273/29/235 275/31/237 276/32/238
f 275/31/237 277/11/239 276/32/238
f 276/32/238 277/11/239 278/12/240
f 279/233/241 280/234/242 281/235/243
f 282/236/244 280/234/242 279/233/241
f 282/236/244 279/233/241 283/237/245
f 284/238/246 282/236/244 283/237/245
f 285/239/247 282/236/244 284/238/246
f 285/239/247 284/238/246 286/240/248
f 284/238/246 287/241/249 286/240/248
f 284/238/246 288/242/250 287/241/249
f 284/238/246 283/237/245 288/242/250
f 288/242/250 283/237/245 289/243/251
f 288/242/250 289/243/251 290/244/252
f 289/243/251 291/245/253 290/244/252
f 289/243/251 292/246/254 291/245/253
f 289/243/251 293/247/255 292/246/254
f 289/243/251 283/237/245 293/247/255
f 293/247/255 283/237/245 294/248/256
f 293/247/255 294/248/256 295/249/257
f 294/248/256 296/250/258 295/249/257
f 294/248/256 297/251/259 296/250/258
f 294/248/256 298/252/260 297/251/259
f 294/248/256 283/237/245 298/252/260
f 298/252/260 283/237/245 299/253/261
f 298/252/260 299/253/261 300/254/262
f 299/253/261 301/255/263 300/254/262
f 299/253/261 302/256/264 301/255/263
f 299/253/261 303/257/265 302/256/264
f 283/237/245 303/257/265 299/253/261
f 283/237/245 304/258/266 303/257/265
f 303/257/265 304/258/266 305/259/267
f 304/258/266 306/260/268 305/259/267
f 307/260/268 308/258/266 309/259/269
f 308/258/266 310/257/270 309/259/269
f 308/258/266 311/237/245 310/257/270
f 310/257/270 311/237/245 312/253/271
f 310/257/270 312/253/271 313/256/272
f 312/253/271 314/255/273 313/256/272
f 312/253/271 315/254/274 314/255/273
f 312/253/271 316/252/275 315/254/274
f 312/253/271 311/237/245 316/252/275
f 316/252/275 311/237/245 317/248/276
f 316/252/275 317/248/276 318/251/277
f 317/248/276 319/250/278 318/251/277
f 317/248/276 320/249/279 319/250/278
f 317/248/276 321/247/280 320/249/279
f 317/248/276 311/237/245 321/247/280
f 321/247/280 311/237/245 322/243/281
f 321/247/280 322/243/281 323/246/282
f 322/243/281 324/245/283 323/246/282
f 322/243/281 325/244/284 324/245/283
f 322/243/281 326/242/285 325/244/284
f 322/243/281 311/237/245 326/242/285
f 326/242/285 311/237/245 327/238/286
f 326/242/285 327/238/286 328/241/287
f 327/238/286 329/240/288 328/241/287
f 327/238/286 330/239/289 329/240/288
f 327/238/286 331/236/290 330/239/289
f 311/237/245 331/236/290 327/238/286
f 311/237/245 332/233/291 331/236/290
f 331/236/290 332/233/291 333/234/292
f 332/233/291 334/235/243 333/234/292
f 335/261/293 336/262/294 337/263/295
f 336/262/294 338/264/296 337/263/295
f 336/262/294 339/265/297 338/264/296
f 338/264/296 339/265/297 340/266/298
f 339/265/297 341/267/299 340/266/298
f 339/265/297 342/268/300 341/267/299
f 341/267/299 342/268/300 343/269/301
f 342/268/300 344/270/302 343/269/301
f 345/271/303 346/272/304 347/273/295
f 345/271/303 348/274/305 346/272/304
f 345/271/303 349/275/306 348/274/305
f 348/274/305 349/275/306 350/276/307
f 349/275/306 351/277/308 350/276/307
f 349/275/306 352/278/309 351/277/308
f 351/277/308 352/278/309 353/279/310
f 352/278/309 354/280/301 353/279/310
f 355/16/311 356/281/312 357/17/313
f 356/281/312 358/282/314 357/17/313
f 356/281/312 359/283/315 358/282/314
f 359/283/315 360/284/315 358/282/314
f 359/283/315 361/285/316 360/284/315
f 359/283/315 362/286/317 361/285/316
f 361/285/316 362/286/317 363/287/318
f 362/286/317 364/288/318 363/287/318
s 0
f 365/289/319 366/290/319 367/291/319
f 366/290/319 368/292/319 367/291/319
f 366/290/319 369/293/319 368/292/319
s 1
f 370/17/320 371/281/321 372/16/322
f 370/17/320 373/282/323 371/281/321
f 371/281/321 373/282/323 374/283/315
f 373/282/323 375/284/315 374/283/315
f 374/283/315 375/284/315 376/285/324
f 374/283/315 376/285/324 377/286/325
f 376/285/324 378/287/326 377/286/325
f 377/286/325 378/287/326 379/288/327
s 0
f 380/293/319 381/290/319 382/292/319
f 381/290/319 383/291/319 382/292/319
f 381/290/319 384/289/319 383/291/319
s 1
f 385/294/1 386/295/3 387/296/328
f 388/297/329 385/294/1 387/296/328
f 389/298/330 385/294/1 388/297/329
f 389/298/330 388/297/329 390/299/331
f 389/298/330 390/299/331 391/300/332
f 389/298/330 392/301/333 385/294/1
f 389/298/330 391/300/332 393/302/334
f 389/298/330 394/303/335 392/301/333
f 394/303/335 395/304/336 392/301/333
f 394/303/335 396/305/337 395/304/336
f 397/306/338 396/305/337 394/303/335
f 398/307/339 397/306/338 394/303/335
f 398/307/339 394/303/335 399/308/340
f 399/308/340 394/303/335 389/298/330
f 400/309/341 398/307/339 399/308/340
f 401/310/342 399/308/340 389/298/330
f 400/309/341 399/308/340 401/310/342
f 401/310/342 389/298/330 393/302/334
f 402/311/343 400/309/341 401/310/342
f 401/310/342 393/302/334 403/312/344
f 402/311/343 401/310/342 404/313/345
f 401/310/342 403/312/344 404/313/345
f 405/294/5 406/296/346 407/295/6
f 408/297/347 406/296/346 405/294/5
f 409/298/348 408/297/347 405/294/5
f 409/298/348 410/299/349 408/297/347
f 409/298/348 411/300/350 410/299/349
f 409/298/348 405/294/5 412/301/351
f 413/302/352 411/300/350 409/298/348
f 409/298/348 412/301/351 414/303/353
f 414/303/353 412/301/351 415/304/354
f 414/303/353 415/304/354 416/305/355
f 414/303/353 416/305/355 417/306/356
f 418/307/357 414/303/353 417/306/356
f 419/308/358 414/303/353 418/307/357
f 419/308/358 409/298/348 414/303/353
f 420/309/359 419/308/358 418/307/357
f 421/310/360 409/298/348 419/308/358
f 421/310/360 419/308/358 420/309/359
f 421/310/360 413/302/352 409/298/348
f 422/311/361 421/310/360 420/309/359
f 421/310/360 423/312/362 413/302/352
f 422/311/361 424/313/363 421/310/360
f 421/310/360 424/313/363 423/312/362
f 425/314/364 426/315/365 427/316/366
f 425/314/364 427/316/366 428/317/367
f 429/318/368 425/314/364 428/317/367
f 429/318/368 430/319/369 425/314/364
f 429/318/368 431/320/370 430/319/369
f 429/318/368 432/321/371 431/320/370
f 431/320/370 432/321/371 433/322/372
f 431/320/370 433/322/372 434/323/373
f 433/322/372 435/324/374 434/323/373
f 433/322/372 436/325/375 435/324/374
f 435/324/374 436/325/375 437/326/376
f 435/324/374 437/326/376 438/327/377
f 437/326/376 439/328/378 438/327/377
f 437/326/376 440/329/379 439/328/378
f 439/328/378 440/329/379 441/330/366
f 439/328/378 441/330/366 442/331/365
f 443/314/380 444/316/381 445/315/382
f 443/314/380 446/317/383 444/316/381
f 447/318/384 446/317/383 443/314/380
f 447/318/384 443/314/380 448/319/385
f 447/318/384 448/319/385 449/320/386
f 447/318/384 449/320/386 450/321/387
f 449/320/386 451/322/388 450/321/387
f 449/320/386 452/323/389 451/322/388
f 452/323/389 453/324/390 451/322/388
f 451/322/388 453/324/390 454/325/391
f 453/324/390 455/326/392 454/325/391
f 453/324/390 456/327/393 455/326/392
f 456/327/393 457/328/394 455/326/392
f 455/326/392 457/328/394 458/329/395
f 457/328/394 459/330/381 458/329/395
f 457/328/394 460/331/382 459/330/381
f 461/332/396 462/333/397 463/334/398
f 461/332/396 463/334/398 464/335/399
f 465/336/400 461/332/396 464/335/399
f 466/337/401 461/332/396 465/336/400
f 466/337/401 465/336/400 467/338/402
f 468/339/403 466/337/401 467/338/402
f 469/340/404 466/337/401 468/339/403
f 469/340/404 468/339/403 470/341/405
f 471/342/406 469/340/404 470/341/405
f 472/343/407 469/340/404 471/342/406
f 473/344/408 472/343/407 471/342/406
f 473/344/408 471/342/406 474/345/409
f 475/346/410 473/344/408 474/345/409
f 475/346/410 476/347/411 473/344/408
f 475/346/410 477/348/412 476/347/411
f 477/348/412 478/349/413 476/347/411
f 476/347/411 478/349/413 479/350/414
f 478/349/413 480/351/415 479/350/414
f 479/350/414 480/351/415 481/352/416
f 479/350/414 481/352/416 482/353/417
f 481/352/416 483/354/418 482/353/417
f 481/352/416 484/355/419 483/354/418
f 483/354/418 484/355/419 485/356/420
f 483/354/418 485/356/420 486/357/421
f 485/356/420 487/358/422 486/357/421
f 486/357/421 487/358/422 488/359/423
f 486/357/421 488/359/423 489/360/424
f 488/359/423 490/361/425 489/360/424
f 489/360/424 490/361/425 491/362/426
f 489/360/424 491/362/426 492/363/427
f 491/362/426 493/364/428 492/363/427
f 491/362/426 494/365/429 493/364/428
f 493/364/428 494/365/429 495/366/430
f 493/364/428 495/366/430 496/367/431
f 495/366/430 497/368/432 496/367/431
f 496/367/431 497/368/432 498/369/433
f 496/367/431 498/369/433 499/370/434
f 498/369/433 500/371/435 499/370/434
f 499/370/434 500/371/435 501/372/436
f 499/370/434 501/372/436 502/373/437
f 503/374/438 504/375/439 505/376/438
f 503/374/438 506/377/440 504/375/439
f 504/375/439 506/377/440 507/378/441
f 504/375/439 507/378/441 508/379/441
f 507/378/441 509/380/319 508/379/441
f 508/379/441 509/380/319 510/381/319
s 0
f 509/380/319 511/382/319 510/381/319
f 509/380/319 512/383/319 511/382/319
f 510/381/319 511/382/319 513/384/319
s 1
f 514/385/438 515/375/439 516/386/438
f 515/375/439 517/377/442 516/386/438
f 515/375/439 518/378/441 517/377/442
f 515/375/439 519/379/441 518/378/441
f 519/379/441 520/380/319 518/378/441
f 519/379/441 521/381/319 520/380/319
s 0
f 520/380/319 521/381/319 522/382/319
f 520/380/319 522/382/319 523/383/319
f 521/381/319 524/384/319 522/382/319
s 1
f 525/387/443 526/388/444 527/389/445
f 528/390/446 526/388/444 525/387/443
f 528/390/446 529/391/447 526/388/444
f 530/392/448 528/390/446 525/387/443
f 531/393/449 529/391/447 528/390/446
f 531/393/449 532/394/450 529/391/447
f 533/395/451 528/390/446 530/392/448
f 533/395/451 531/393/449 528/390/446
f 531/393/449 534/396/452 532/394/450
f 534/396/452 535/397/453 532/394/450
f 533/395/451 536/398/454 531/393/449
f 536/398/454 534/396/452 531/393/449
f 537/399/455 533/395/451 530/392/448
f 537/399/455 530/392/448 538/400/456
f 539/401/457 536/398/454 533/395/451
f 537/399/455 539/401/457 533/395/451
f 540/402/458 534/396/452 536/398/454
f 539/401/457 540/402/458 536/398/454
f 541/403/459 537/399/455 538/400/456
f 541/403/459 538/400/456 542/404/460
f 543/405/461 539/401/457 537/399/455
f 541/403/459 543/405/461 537/399/455
f 544/406/462 541/403/459 542/404/460
f 544/406/462 542/404/460 545/407/463
f 546/408/464 544/406/462 545/407/463
f 546/408/464 547/409/444 544/406/462
f 544/406/462 548/410/465 541/403/459
f 544/406/462 547/409/444 548/410/465
f 548/410/465 543/405/461 541/403/459
f 547/409/444 549/411/447 548/410/465
f 548/410/465 549/411/447 550/412/450
f 548/410/465 551/413/466 543/405/461
f 551/413/466 539/401/457 543/405/461
f 548/410/465 550/412/450 552/414/467
f 548/410/465 552/414/467 551/413/466
f 552/414/467 550/412/450 553/415/468
f 552/414/467 553/415/468 551/413/466
f 550/412/450 554/416/453 553/415/468
f 551/413/466 555/417/469 539/401/457
f 555/417/469 540/402/458 539/401/457
f 551/413/466 553/415/468 556/418/470
f 551/413/466 556/418/470 555/417/469
f 553/415/468 554/416/453 557/419/471
f 553/415/468 557/419/471 556/418/470
f 554/416/453 558/420/472 557/419/471
f 554/416/453 559/421/473 558/420/472
f 557/419/471 558/420/472 556/418/470
f 558/420/472 560/422/474 556/418/470
f 556/418/470 560/422/474 561/423/475
f 562/424/476 556/418/470 561/423/475
f 555/417/469 556/418/470 562/424/476
f 562/424/476 561/423/475 563/425/477
f 555/417/469 562/424/476 564/426/478
f 562/424/476 563/425/477 564/426/478
f 555/417/469 564/426/478 540/402/458
f 563/425/477 565/427/479 564/426/478
f 540/402/458 564/426/478 534/396/452
f 534/396/452 564/426/478 566/428/480
f 565/427/479 566/428/480 564/426/478
f 534/396/452 566/428/480 535/397/453
f 565/427/479 535/397/453 566/428/480
f 565/427/479 567/429/481 535/397/453
f 568/387/482 569/430/483 570/388/484
f 571/390/485 568/387/482 570/388/484
f 571/390/485 570/388/484 572/391/486
f 573/392/487 568/387/482 571/390/485
f 571/390/485 572/391/486 574/393/488
f 574/393/488 572/391/486 575/394/489
f 573/392/487 571/390/485 576/395/490
f 576/395/490 571/390/485 574/393/488
f 577/399/491 573/392/487 576/395/490
f 578/400/492 573/392/487 577/399/491
f 576/395/490 574/393/488 579/398/493
f 580/403/494 578/400/492 577/399/491
f 581/404/495 578/400/492 580/403/494
f 577/399/491 576/395/490 582/401/496
f 576/395/490 579/398/493 582/401/496
f 580/403/494 577/399/491 583/405/497
f 577/399/491 582/401/496 583/405/497
f 584/406/498 581/404/495 580/403/494
f 585/407/499 581/404/495 584/406/498
f 586/408/483 585/407/499 584/406/498
f 586/408/483 584/406/498 587/409/484
f 584/406/498 580/403/494 588/410/500
f 584/406/498 588/410/500 587/409/484
f 580/403/494 583/405/497 588/410/500
f 587/409/484 588/410/500 589/411/486
f 588/410/500 590/412/489 589/411/486
f 588/410/500 583/405/497 591/413/501
f 583/405/497 582/401/496 591/413/501
f 588/410/500 592/414/502 590/412/489
f 588/410/500 591/413/501 592/414/502
f 592/414/502 593/415/503 590/412/489
f 591/413/501 593/415/503 592/414/502
f 590/412/489 593/415/503 594/416/504
f 591/413/501 582/401/496 595/417/505
f 593/415/503 596/419/471 594/416/504
f 591/413/501 597/418/506 593/415/503
f 593/415/503 597/418/506 596/419/471
f 591/413/501 595/417/505 597/418/506
f 594/416/504 596/419/471 598/420/507
f 594/416/504 598/420/507 599/421/508
f 596/419/471 597/418/506 598/420/507
f 598/420/507 597/418/506 600/422/509
f 601/423/510 600/422/509 597/418/506
f 602/424/511 601/423/510 597/418/506
f 595/417/505 602/424/511 597/418/506
f 602/424/511 603/425/512 601/423/510
f 602/424/511 604/426/513 603/425/512
f 595/417/505 604/426/513 602/424/511
f 603/425/512 604/426/513 605/427/514
f 582/401/496 606/402/515 595/417/505
f 595/417/505 606/402/515 604/426/513
f 582/401/496 579/398/493 606/402/515
f 607/428/516 605/427/514 604/426/513
f 579/398/493 608/396/517 606/402/515
f 606/402/515 608/396/517 604/426/513
f 608/396/517 607/428/516 604/426/513
f 579/398/493 574/393/488 608/396/517
f 574/393/488 575/394/489 608/396/517
f 608/396/517 575/394/489 609/397/504
f 608/396/517 609/397/504 607/428/516
f 609/397/504 605/427/514 607/428/516
f 609/397/504 610/429/518 605/427/514
f 611/431/519 612/432/520 613/433/521
f 614/434/522 611/431/519 613/433/521
f 615/435/523 611/431/519 614/434/522
f 614/434/522 613/433/521 616/436/524
f 617/437/525 615/435/523 614/434/522
f 618/438/526 615/435/523 617/437/525
f 614/434/522 616/436/524 619/439/527
f 617/437/525 614/434/522 619/439/527
f 619/439/527 616/436/524 620/440/528
f 619/439/527 620/440/528 621/441/529
f 621/441/529 620/440/528 622/442/530
f 619/439/527 621/441/529 623/443/531
f 623/443/531 621/441/529 622/442/530
f 617/437/525 619/439/527 623/443/531
f 623/443/531 622/442/530 624/444/532
f 624/444/532 622/442/530 625/445/533
f 626/446/534 617/437/525 623/443/531
f 624/444/532 625/445/533 627/447/535
f 623/443/531 624/444/532 628/448/536
f 626/446/534 623/443/531 628/448/536
f 624/444/532 627/447/535 629/449/537
f 624/444/532 629/449/537 628/448/536
f 625/445/533 630/450/538 627/447/535
f 629/449/537 627/447/535 630/450/538
f 625/445/533 631/451/539 630/450/538
f 628/448/536 629/449/537 632/452/540
f 630/450/538 631/451/539 633/453/541
f 631/451/539 634/454/542 633/453/541
f 629/449/537 630/450/538 635/455/543
f 629/449/537 635/455/543 632/452/540
f 635/455/543 630/450/538 633/453/541
f 632/452/540 635/455/543 636/456/544
f 635/455/543 637/457/545 636/456/544
f 633/453/541 634/454/542 638/458/546
f 634/454/542 639/459/547 638/458/546
f 635/455/543 633/453/541 640/460/548
f 633/453/541 638/458/546 640/460/548
f 635/455/543 640/460/548 637/457/545
f 638/458/546 639/459/547 640/460/548
f 637/457/545 640/460/548 641/461/549
f 641/461/549 640/460/548 639/459/547
f 642/462/550 626/446/534 628/448/536
f 642/462/550 628/448/536 643/463/551
f 643/463/551 628/448/536 644/464/552
f 645/465/553 626/446/534 642/462/550
f 643/463/551 644/464/552 646/466/554
f 644/464/552 647/467/555 646/466/554
f 642/462/550 643/463/551 648/468/556
f 643/463/551 646/466/554 648/468/556
f 645/465/553 642/462/550 648/468/556
f 646/466/554 647/467/555 649/469/557
f 647/467/555 650/470/558 649/469/557
f 648/468/556 646/466/554 651/471/559
f 646/466/554 649/469/557 651/471/559
f 652/472/560 648/468/556 651/471/559
f 645/465/553 648/468/556 652/472/560
f 652/472/560 651/471/559 653/473/561
f 651/471/559 649/469/557 654/474/562
f 653/473/561 651/471/559 654/474/562
f 649/469/557 650/470/558 655/475/563
f 649/469/557 655/475/563 654/474/562
f 655/475/563 650/470/558 656/476/564
f 657/477/565 655/475/563 656/476/564
f 653/473/561 654/474/562 658/478/566
f 658/478/566 654/474/562 655/475/563
f 658/478/566 655/475/563 657/477/565
f 653/473/561 658/478/566 659/479/567
f 658/478/566 657/477/565 659/479/567
f 645/465/553 660/480/568 626/446/534
f 660/480/568 617/437/525 626/446/534
f 645/465/553 661/481/569 660/480/568
f 660/480/568 662/482/570 617/437/525
f 662/482/570 618/438/526 617/437/525
f 662/482/570 663/483/571 618/438/526
f 662/482/570 664/484/572 663/483/571
f 665/485/573 661/481/569 645/465/553
f 666/486/574 665/485/573 645/465/553
f 662/482/570 667/487/575 664/484/572
f 668/488/576 665/485/573 666/486/574
f 669/489/577 668/488/576 666/486/574
f 665/485/573 670/490/578 661/481/569
f 668/488/576 670/490/578 665/485/573
f 670/490/578 671/491/579 661/481/569
f 661/481/569 671/491/579 660/480/568
f 660/480/568 672/492/580 662/482/570
f 671/491/579 672/492/580 660/480/568
f 672/492/580 667/487/575 662/482/570
f 670/490/578 673/493/581 671/491/579
f 670/490/578 674/494/582 673/493/581
f 668/488/576 674/494/582 670/490/578
f 675/495/583 673/493/581 674/494/582
f 668/488/576 676/496/584 674/494/582
f 676/496/584 675/495/583 674/494/582
f 677/497/585 676/496/584 668/488/576
f 677/497/585 668/488/576 669/489/577
f 678/498/586 675/495/583 676/496/584
f 677/497/585 678/498/586 676/496/584
f 678/498/586 679/499/587 675/495/583
f 680/500/588 679/499/587 678/498/586
f 681/501/589 677/497/585 669/489/577
f 681/501/589 678/498/586 677/497/585
f 681/501/589 680/500/588 678/498/586
f 681/501/589 669/489/577 682/502/590
f 683/503/591 680/500/588 681/501/589
f 683/503/591 681/501/589 682/502/590
f 671/491/579 684/504/592 672/492/580
f 671/491/579 685/505/593 684/504/592
f 671/491/579 686/506/594 685/505/593
f 684/504/592 687/507/595 672/492/580
f 686/506/594 688/508/596 685/505/593
f 686/506/594 689/509/597 688/508/596
f 684/504/592 685/505/593 690/510/598
f 684/504/592 690/510/598 687/507/595
f 687/507/595 691/511/599 672/492/580
f 690/510/598 692/512/600 687/507/595
f 691/511/599 667/487/575 672/492/580
f 690/510/598 693/513/601 692/512/600
f 690/510/598 685/505/593 693/513/601
f 685/505/593 688/508/596 693/513/601
f 692/512/600 693/513/601 694/514/602
f 688/508/596 689/509/597 695/515/603
f 688/508/596 695/515/603 693/513/601
f 689/509/597 696/516/604 695/515/603
f 694/514/602 693/513/601 697/517/605
f 693/513/601 695/515/603 697/517/605
f 694/514/602 697/517/605 698/518/606
f 697/517/605 695/515/603 698/518/606
f 694/514/602 698/518/606 699/519/607
f 698/518/606 700/520/608 699/519/607
f 695/515/603 696/516/604 701/521/609
f 698/518/606 695/515/603 701/521/609
f 698/518/606 701/521/609 700/520/608
f 701/521/609 696/516/604 702/522/610
f 701/521/609 702/522/610 700/520/608
f 691/511/599 703/523/611 667/487/575
f 691/511/599 704/524/612 703/523/611
f 667/487/575 703/523/611 705/525/613
f 664/484/572 667/487/575 705/525/613
f 664/484/572 705/525/613 706/526/614
f 705/525/613 707/527/615 706/526/614
f 705/525/613 703/523/611 707/527/615
f 703/523/611 704/524/612 708/528/616
f 708/528/616 704/524/612 709/529/617
f 703/523/611 710/530/618 707/527/615
f 703/523/611 708/528/616 710/530/618
f 707/527/615 710/530/618 711/531/619
f 708/528/616 709/529/617 712/532/620
f 708/528/616 712/532/620 710/530/618
f 709/529/617 713/533/621 712/532/620
f 709/529/617 714/534/622 713/533/621
f 710/530/618 712/532/620 715/535/623
f 714/534/622 716/536/624 713/533/621
f 714/534/622 717/537/625 716/536/624
f 716/536/624 717/537/625 718/538/626
f 713/533/621 716/536/624 718/538/626
f 712/532/620 713/533/621 719/539/627
f 713/533/621 718/538/626 719/539/627
f 712/532/620 719/539/627 715/535/623
f 719/539/627 718/538/626 720/540/628
f 718/538/626 721/541/629 720/540/628
f 715/535/623 719/539/627 722/542/630
f 710/530/618 715/535/623 722/542/630
f 719/539/627 720/540/628 722/542/630
f 710/530/618 722/542/630 711/531/619
f 711/531/619 722/542/630 723/543/631
f 720/540/628 721/541/629 724/544/632
f 721/541/629 725/545/633 724/544/632
f 720/540/628 724/544/632 726/546/634
f 726/546/634 724/544/632 725/545/633
f 720/540/628 726/546/634 722/542/630
f 726/546/634 725/545/633 727/547/617
f 723/543/631 722/542/630 728/548/635
f 728/548/635 722/542/630 726/546/634
f 728/548/635 726/546/634 727/547/617
f 723/543/631 728/548/635 729/549/636
f 728/548/635 727/547/617 729/549/636
f 730/550/637 731/551/638 732/552/639
f 733/553/640 730/550/637 732/552/639
f 733/553/640 732/552/639 734/554/641
f 733/553/640 735/555/642 730/550/637
f 736/556/643 733/553/640 734/554/641
f 737/557/644 735/555/642 733/553/640
f 736/556/643 737/557/644 733/553/640
f 737/557/644 738/558/645 735/555/642
f 738/558/645 739/559/646 735/555/642
f 736/556/643 740/560/647 737/557/644
f 740/560/647 738/558/645 737/557/644
f 741/561/648 742/562/649 739/559/646
f 738/558/645 741/561/648 739/559/646
f 743/563/650 741/561/648 738/558/645
f 740/560/647 743/563/650 738/558/645
f 743/563/650 744/564/571 741/561/648
f 745/565/526 744/564/571 743/563/650
f 740/560/647 746/566/651 743/563/650
f 746/566/651 745/565/526 743/563/650
f 747/567/652 740/560/647 736/556/643
f 747/567/652 736/556/643 748/568/653
f 747/567/652 748/568/653 749/569/654
f 750/570/655 746/566/651 740/560/647
f 747/567/652 750/570/655 740/560/647
f 751/571/656 745/565/526 746/566/651
f 751/571/656 752/572/523 745/565/526
f 750/570/655 753/573/657 746/566/651
f 747/567/652 753/573/657 750/570/655
f 751/571/656 746/566/651 753/573/657
f 754/574/658 747/567/652 749/569/654
f 754/574/658 753/573/657 747/567/652
f 754/574/658 749/569/654 755/575/659
f 754/574/658 755/575/659 756/576/660
f 757/577/661 752/572/523 751/571/656
f 758/578/519 752/572/523 757/577/661
f 759/579/662 754/574/658 756/576/660
f 759/579/662 756/576/660 760/580/663
f 761/581/664 759/579/662 760/580/663
f 762/582/665 754/574/658 759/579/662
f 761/581/664 762/582/665 759/579/662
f 762/582/665 753/573/657 754/574/658
f 763/583/666 751/571/656 753/573/657
f 762/582/665 763/583/666 753/573/657
f 763/583/666 757/577/661 751/571/656
f 764/584/667 757/577/661 763/583/666
f 762/582/665 764/584/667 763/583/666
f 764/584/667 758/578/519 757/577/661
f 761/581/664 765/585/668 762/582/665
f 765/585/668 764/584/667 762/582/665
f 761/581/664 766/586/669 765/585/668
f 766/586/669 764/584/667 765/585/668
f 764/584/667 767/587/670 758/578/519
f 767/587/670 768/588/649 758/578/519
f 769/589/646 768/588/649 767/587/670
f 770/590/671 767/587/670 764/584/667
f 770/590/671 769/589/646 767/587/670
f 766/586/669 770/590/671 764/584/667
f 771/591/642 769/589/646 770/590/671
f 766/586/669 771/591/642 770/590/671
f 772/592/637 771/591/642 766/586/669
f 773/593/672 766/586/669 761/581/664
f 773/593/672 772/592/637 766/586/669
f 774/594/673 773/593/672 761/581/664
f 774/594/673 775/595/674 773/593/672
f 775/595/674 772/592/637 773/593/672
f 775/595/674 776/596/638 772/592/637
f 777/433/675 778/432/676 779/431/677
f 780/434/678 777/433/675 779/431/677
f 781/436/679 777/433/675 780/434/678
f 780/434/678 779/431/677 782/435/680
f 783/439/681 781/436/679 780/434/678
f 784/440/682 781/436/679 783/439/681
f 785/437/683 780/434/678 782/435/680
f 783/439/681 780/434/678 785/437/683
f 785/437/683 782/435/680 786/438/684
f 787/441/685 784/440/682 783/439/681
f 788/442/686 784/440/682 787/441/685
f 789/443/687 787/441/685 783/439/681
f 788/442/686 787/441/685 789/443/687
f 789/443/687 783/439/681 785/437/683
f 790/444/688 788/442/686 789/443/687
f 790/444/688 791/445/689 788/442/686
f 792/446/690 789/443/687 785/437/683
f 793/447/691 791/445/689 790/444/688
f 794/448/692 790/444/688 789/443/687
f 792/446/690 794/448/692 789/443/687
f 795/449/693 793/447/691 790/444/688
f 794/448/692 795/449/693 790/444/688
f 793/447/691 796/450/694 791/445/689
f 795/449/693 796/450/694 793/447/691
f 797/451/695 791/445/689 796/450/694
f 794/448/692 798/452/696 795/449/693
f 799/453/697 797/451/695 796/450/694
f 799/453/697 800/454/698 797/451/695
f 801/455/699 796/450/694 795/449/693
f 798/452/696 801/455/699 795/449/693
f 801/455/699 799/453/697 796/450/694
f 798/452/696 802/456/700 801/455/699
f 802/456/700 803/457/701 801/455/699
f 799/453/697 804/458/702 800/454/698
f 805/459/703 800/454/698 804/458/702
f 801/455/699 806/460/704 799/453/697
f 806/460/704 804/458/702 799/453/697
f 801/455/699 803/457/701 806/460/704
f 806/460/704 805/459/703 804/458/702
f 803/457/701 807/461/705 806/460/704
f 806/460/704 807/461/705 805/459/703
f 808/462/706 794/448/692 792/446/690
f 808/462/706 809/597/707 794/448/692
f 809/597/707 810/598/708 794/448/692
f 811/465/709 808/462/706 792/446/690
f 809/597/707 812/599/710 810/598/708
f 812/599/710 813/600/711 810/598/708
f 808/462/706 814/468/712 809/597/707
f 809/597/707 814/468/712 812/599/710
f 811/465/709 814/468/712 808/462/706
f 812/599/710 815/601/713 813/600/711
f 815/601/713 816/470/714 813/600/711
f 814/468/712 817/602/715 812/599/710
f 817/602/715 815/601/713 812/599/710
f 818/603/716 817/602/715 814/468/712
f 811/465/709 818/603/716 814/468/712
f 818/603/716 819/604/717 817/602/715
f 817/602/715 820/605/718 815/601/713
f 819/604/717 820/605/718 817/602/715
f 815/601/713 821/475/719 816/470/714
f 820/605/718 821/475/719 815/601/713
f 821/475/719 822/606/720 816/470/714
f 821/475/719 823/477/721 822/606/720
f 819/604/717 824/478/722 820/605/718
f 820/605/718 824/478/722 821/475/719
f 824/478/722 823/477/721 821/475/719
f 819/604/717 825/607/723 824/478/722
f 824/478/722 825/607/723 823/477/721
f 811/465/709 792/446/690 826/480/724
f 826/480/724 792/446/690 785/437/683
f 811/465/709 826/480/724 827/481/725
f 826/480/724 785/437/683 828/482/726
f 785/437/683 786/438/684 828/482/726
f 786/438/684 829/483/727 828/482/726
f 828/482/726 829/483/727 830/484/728
f 831/485/729 811/465/709 827/481/725
f 832/486/730 811/465/709 831/485/729
f 828/482/726 830/484/728 833/487/731
f 834/488/732 832/486/730 831/485/729
f 835/489/733 832/486/730 834/488/732
f 831/485/729 827/481/725 836/490/734
f 834/488/732 831/485/729 836/490/734
f 836/490/734 827/481/725 837/491/735
f 827/481/725 826/480/724 837/491/735
f 826/480/724 828/482/726 838/492/736
f 837/491/735 826/480/724 838/492/736
f 828/482/726 833/487/731 838/492/736
f 836/490/734 837/491/735 839/493/737
f 836/490/734 839/493/737 840/494/738
f 834/488/732 836/490/734 840/494/738
f 841/495/739 840/494/738 839/493/737
f 834/488/732 840/494/738 842/496/740
f 842/496/740 840/494/738 841/495/739
f 843/497/741 834/488/732 842/496/740
f 835/489/733 834/488/732 843/497/741
f 844/498/742 842/496/740 841/495/739
f 843/497/741 842/496/740 844/498/742
f 844/498/742 841/495/739 845/499/743
f 846/500/744 844/498/742 845/499/743
f 847/501/745 835/489/733 843/497/741
f 847/501/745 843/497/741 844/498/742
f 847/501/745 844/498/742 846/500/744
f 848/502/746 835/489/733 847/501/745
f 849/503/747 847/501/745 846/500/744
f 849/503/747 848/502/746 847/501/745
f 830/484/728 850/526/748 851/525/749
f 830/484/728 851/525/749 833/487/731
f 850/526/748 852/527/750 851/525/749
f 833/487/731 851/525/749 853/523/751
f 853/523/751 851/525/749 852/527/750
f 854/511/752 833/487/731 853/523/751
f 838/492/736 833/487/731 854/511/752
f 854/511/752 853/523/751 855/524/753
f 856/507/754 838/492/736 854/511/752
f 853/523/751 857/528/755 855/524/753
f 855/524/753 857/528/755 858/529/756
f 856/507/754 859/504/757 838/492/736
f 837/491/735 838/492/736 859/504/757
f 860/510/758 859/504/757 856/507/754
f 861/512/759 860/510/758 856/507/754
f 837/491/735 859/504/757 862/505/760
f 862/505/760 859/504/757 860/510/758
f 837/491/735 862/505/760 863/506/761
f 864/513/762 860/510/758 861/512/759
f 864/513/762 862/505/760 860/510/758
f 865/514/763 864/513/762 861/512/759
f 863/506/761 862/505/760 866/508/764
f 866/508/764 862/505/760 864/513/762
f 863/506/761 866/508/764 867/509/765
f 868/517/766 864/513/762 865/514/763
f 867/509/765 866/508/764 869/515/767
f 869/515/767 866/508/764 864/513/762
f 869/515/767 864/513/762 868/517/766
f 867/509/765 869/515/767 870/516/768
f 871/518/769 868/517/766 865/514/763
f 871/518/769 869/515/767 868/517/766
f 871/518/769 865/514/763 872/519/770
f 873/520/771 871/518/769 872/519/770
f 870/516/768 869/515/767 874/521/772
f 874/521/772 869/515/767 871/518/769
f 874/521/772 871/518/769 873/520/771
f 870/516/768 874/521/772 875/522/773
f 874/521/772 873/520/771 875/522/773
f 853/523/751 852/527/750 876/530/774
f 853/523/751 876/530/774 857/528/755
f 876/530/774 852/527/750 877/531/775
f 876/530/774 878/532/776 857/528/755
f 857/528/755 878/532/776 858/529/756
f 876/530/774 877/531/775 879/542/777
f 877/531/775 880/543/778 879/542/777
f 876/530/774 881/535/779 878/532/776
f 876/530/774 879/542/777 881/535/779
f 858/529/756 878/532/776 882/533/780
f 858/529/756 882/533/780 883/534/781
f 881/535/779 884/539/782 878/532/776
f 878/532/776 884/539/782 882/533/780
f 879/542/777 884/539/782 881/535/779
f 882/533/780 885/536/783 883/534/781
f 883/534/781 885/536/783 886/537/784
f 887/538/785 886/537/784 885/536/783
f 882/533/780 887/538/785 885/536/783
f 882/533/780 884/539/782 887/538/785
f 888/540/786 887/538/785 884/539/782
f 879/542/777 888/540/786 884/539/782
f 888/540/786 889/541/787 887/538/785
f 888/540/786 890/544/788 889/541/787
f 890/544/788 891/545/781 889/541/787
f 888/540/786 892/546/789 890/544/788
f 892/546/789 891/545/781 890/544/788
f 879/542/777 892/546/789 888/540/786
f 892/546/789 893/547/756 891/545/781
f 879/542/777 894/548/790 892/546/789
f 892/546/789 894/548/790 893/547/756
f 879/542/777 880/543/778 894/548/790
f 894/548/790 895/549/791 893/547/756
f 880/543/778 895/549/791 894/548/790
f 896/552/792 897/551/793 898/550/794
f 899/553/795 896/552/792 898/550/794
f 900/554/796 896/552/792 899/553/795
f 899/553/795 898/550/794 901/555/797
f 902/556/798 900/554/796 899/553/795
f 903/557/799 899/553/795 901/555/797
f 902/556/798 899/553/795 903/557/799
f 903/557/799 901/555/797 904/558/800
f 904/558/800 901/555/797 905/559/801
f 902/556/798 903/557/799 906/560/802
f 906/560/802 903/557/799 904/558/800
f 907/561/803 905/559/801 908/562/804
f 904/558/800 905/559/801 907/561/803
f 909/563/805 904/558/800 907/561/803
f 906/560/802 904/558/800 909/563/805
f 909/563/805 907/561/803 910/564/727
f 909/563/805 910/564/727 911/565/684
f 912/566/806 906/560/802 909/563/805
f 912/566/806 909/563/805 911/565/684
f 913/567/807 902/556/798 906/560/802
f 913/567/807 914/568/808 902/556/798
f 915/569/809 914/568/808 913/567/807
f 916/570/810 906/560/802 912/566/806
f 913/567/807 906/560/802 916/570/810
f 912/566/806 911/565/684 917/571/811
f 917/571/811 911/565/684 918/572/680
f 919/573/812 916/570/810 912/566/806
f 919/573/812 913/567/807 916/570/810
f 919/573/812 912/566/806 917/571/811
f 920/574/813 915/569/809 913/567/807
f 920/574/813 913/567/807 919/573/812
f 920/574/813 921/575/814 915/569/809
f 922/576/815 921/575/814 920/574/813
f 923/579/816 922/576/815 920/574/813
f 923/579/816 924/580/817 922/576/815
f 925/581/818 924/580/817 923/579/816
f 923/579/816 920/574/813 926/582/819
f 925/581/818 923/579/816 926/582/819
f 926/582/819 920/574/813 919/573/812
f 919/573/812 917/571/811 927/583/820
f 926/582/819 919/573/812 927/583/820
f 927/583/820 917/571/811 928/577/821
f 917/571/811 918/572/680 928/577/821
f 928/577/821 918/572/680 929/578/677
f 927/583/820 928/577/821 930/584/822
f 930/584/822 928/577/821 929/578/677
f 926/582/819 927/583/820 930/584/822
f 930/584/822 929/578/677 931/587/823
f 931/587/823 929/578/677 932/588/804
f 931/587/823 932/588/804 933/589/801
f 926/582/819 930/584/822 934/585/824
f 925/581/818 926/582/819 934/585/824
f 935/590/671 931/587/823 933/589/801
f 930/584/822 931/587/823 935/590/671
f 936/591/797 935/590/671 933/589/801
f 934/585/824 930/584/822 937/586/825
f 937/586/825 930/584/822 935/590/671
f 937/586/825 935/590/671 936/591/797
f 925/581/818 934/585/824 937/586/825
f 937/586/825 936/591/797 938/592/794
f 925/581/818 937/586/825 939/593/826
f 939/593/826 937/586/825 938/592/794
f 940/594/827 925/581/818 939/593/826
f 940/594/827 939/593/826 941/595/828
f 939/593/826 938/592/794 941/595/828
f 941/595/828 938/592/794 942/596/793
f 943/608/829 944/609/830 945/610/831
f 943/608/829 945/610/831 946/611/832
f 947/612/833 943/608/829 946/611/832
f 947/612/833 946/611/832 948/613/834
f 949/614/835 950/615/830 943/608/829
f 949/614/835 943/608/829 947/612/833
f 947/612/833 948/613/834 951/616/836
f 948/613/834 952/617/837 951/616/836
f 953/618/838 949/614/835 947/612/833
f 953/618/838 947/612/833 951/616/836
f 954/619/839 955/620/830 949/614/835
f 954/619/839 949/614/835 953/618/838
f 952/617/837 956/621/840 951/616/836
f 952/617/837 957/622/841 956/621/840
f 953/618/838 951/616/836 958/623/842
f 951/616/836 956/621/840 958/623/842
f 959/624/843 954/619/839 953/618/838
f 959/624/843 953/618/838 958/623/842
f 960/625/844 961/626/830 954/619/839
f 960/625/844 954/619/839 959/624/843
f 957/622/841 962/627/845 963/628/846
f 957/622/841 963/628/846 956/621/840
f 964/629/830 960/625/844 965/630/847
f 956/621/840 963/628/846 966/631/848
f 956/621/840 966/631/848 958/623/842
f 963/628/846 967/632/845 968/633/849
f 963/628/846 968/633/849 966/631/848
f 969/634/850 958/623/842 966/631/848
f 959/624/843 958/623/842 969/634/850
f 970/635/851 966/631/848 968/633/849
f 969/634/850 966/631/848 970/635/851
f 971/636/852 968/633/849 972/637/845
f 971/636/852 970/635/851 968/633/849
f 959/624/843 969/634/850 973/638/853
f 960/625/844 959/624/843 973/638/853
f 960/625/844 973/638/853 965/630/847
f 969/634/850 970/635/851 974/639/854
f 973/638/853 969/634/850 974/639/854
f 975/640/855 970/635/851 971/636/852
f 974/639/854 970/635/851 975/640/855
f 976/641/856 971/636/852 977/642/845
f 976/641/856 975/640/855 971/636/852
f 973/638/853 974/639/854 978/643/857
f 965/630/847 973/638/853 978/643/857
f 974/639/854 975/640/855 979/644/858
f 978/643/857 974/639/854 979/644/858
f 965/630/847 980/645/859 981/646/830
f 965/630/847 978/643/857 980/645/859
f 982/647/860 975/640/855 976/641/856
f 982/647/860 979/644/858 975/640/855
f 983/648/861 976/641/856 984/649/845
f 982/647/860 976/641/856 983/648/861
f 978/643/857 979/644/858 985/650/862
f 978/643/857 985/650/862 980/645/859
f 986/651/863 979/644/858 982/647/860
f 985/650/862 979/644/858 986/651/863
f 980/645/859 987/652/864 988/653/830
f 980/645/859 985/650/862 987/652/864
f 987/652/864 989/654/831 990/655/830
f 985/650/862 991/656/865 987/652/864
f 987/652/864 991/656/865 989/654/831
f 985/650/862 986/651/863 991/656/865
f 991/656/865 992/657/832 989/654/831
f 991/656/865 993/658/866 992/657/832
f 986/651/863 993/658/866 991/656/865
f 993/658/866 994/659/834 992/657/832
f 986/651/863 982/647/860 995/660/867
f 986/651/863 995/660/867 993/658/866
f 995/660/867 982/647/860 983/648/861
f 993/658/866 996/661/868 994/659/834
f 995/660/867 996/661/868 993/658/866
f 996/661/868 997/662/837 994/659/834
f 995/660/867 983/648/861 998/663/869
f 995/660/867 998/663/869 996/661/868
f 998/663/869 983/648/861 999/664/845
f 996/661/868 1000/665/870 997/662/837
f 998/663/869 1000/665/870 996/661/868
f 998/663/869 1001/666/845 1000/665/870
f 1000/665/870 1002/667/841 997/662/837
f 1000/665/870 1003/668/845 1002/667/841
f 1004/669/871 1005/670/872 1006/671/873
f 1004/669/871 1006/671/873 1007/672/874
f 1008/673/875 1004/669/871 1007/672/874
f 1008/673/875 1007/672/874 1009/674/876
f 1010/675/877 1011/676/872 1004/669/871
f 1010/675/877 1004/669/871 1008/673/875
f 1012/677/878 1009/674/876 1013/678/879
f 1012/677/878 1008/673/875 1009/674/876
f 1014/679/880 1010/675/877 1008/673/875
f 1014/679/880 1008/673/875 1012/677/878
f 1015/680/881 1016/681/882 1010/675/877
f 1015/680/881 1010/675/877 1014/679/880
f 1017/682/883 1012/677/878 1018/683/884
f 1014/679/880 1012/677/878 1017/682/883
f 1015/680/881 1014/679/880 1019/684/885
f 1014/679/880 1017/682/883 1019/684/885
f 1020/685/872 1015/680/881 1021/686/886
f 1015/680/881 1019/684/885 1021/686/886
f 1017/682/883 1022/687/887 1023/688/888
f 1019/684/885 1017/682/883 1023/688/888
f 1021/686/886 1019/684/885 1024/689/889
f 1019/684/885 1023/688/888 1024/689/889
f 1021/686/886 1025/690/890 1026/691/872
f 1021/686/886 1024/689/889 1025/690/890
f 1023/688/888 1027/692/884 1028/693/891
f 1024/689/889 1023/688/888 1028/693/891
f 1025/690/890 1029/694/873 1030/695/882
f 1024/689/889 1031/696/892 1025/690/890
f 1025/690/890 1031/696/892 1029/694/873
f 1024/689/889 1028/693/891 1031/696/892
f 1029/694/873 1031/696/892 1032/697/893
f 1028/693/891 1033/698/894 1031/696/892
f 1031/696/892 1033/698/894 1032/697/893
f 1028/693/891 1034/699/884 1033/698/894
f 1033/698/894 1035/700/895 1032/697/893
f 1033/698/894 1036/701/887 1035/700/895
f 1037/665/896 1038/668/897 1039/667/898
f 1040/662/899 1037/665/896 1039/667/898
f 1041/661/900 1037/665/896 1040/662/899
f 1042/659/901 1041/661/900 1040/662/899
f 1043/663/902 1044/666/897 1037/665/896
f 1043/663/902 1037/665/896 1041/661/900
f 1042/659/901 1045/658/903 1041/661/900
f 1046/657/904 1045/658/903 1042/659/901
f 1043/663/902 1041/661/900 1047/660/905
f 1045/658/903 1047/660/905 1041/661/900
f 1048/648/906 1049/664/897 1043/663/902
f 1048/648/906 1043/663/902 1047/660/905
f 1050/656/907 1045/658/903 1046/657/904
f 1050/656/907 1046/657/904 1051/654/908
f 1052/651/909 1047/660/905 1045/658/903
f 1050/656/907 1052/651/909 1045/658/903
f 1053/647/910 1048/648/906 1047/660/905
f 1053/647/910 1047/660/905 1052/651/909
f 1054/641/911 1055/649/897 1048/648/906
f 1053/647/910 1054/641/911 1048/648/906
f 1056/652/912 1050/656/907 1051/654/908
f 1056/652/912 1051/654/908 1057/655/913
f 1058/650/914 1050/656/907 1056/652/912
f 1058/650/914 1052/651/909 1050/656/907
f 1059/645/915 1056/652/912 1060/653/913
f 1059/645/915 1058/650/914 1056/652/912
f 1061/644/916 1053/647/910 1052/651/909
f 1058/650/914 1061/644/916 1052/651/909
f 1059/645/915 1062/643/917 1058/650/914
f 1062/643/917 1061/644/916 1058/650/914
f 1063/646/913 1064/630/918 1059/645/915
f 1064/630/918 1062/643/917 1059/645/915
f 1061/644/916 1065/640/919 1053/647/910
f 1065/640/919 1054/641/911 1053/647/910
f 1062/643/917 1066/639/920 1061/644/916
f 1066/639/920 1065/640/919 1061/644/916
f 1054/641/911 1067/636/921 1068/642/897
f 1065/640/919 1067/636/921 1054/641/911
f 1069/638/922 1066/639/920 1062/643/917
f 1064/630/918 1069/638/922 1062/643/917
f 1066/639/920 1070/635/923 1065/640/919
f 1065/640/919 1070/635/923 1067/636/921
f 1064/630/918 1071/629/913 1072/625/924
f 1064/630/918 1072/625/924 1069/638/922
f 1067/636/921 1073/633/925 1074/637/897
f 1070/635/923 1073/633/925 1067/636/921
f 1072/625/924 1075/626/913 1076/619/926
f 1070/635/923 1077/631/927 1073/633/925
f 1072/625/924 1076/619/926 1078/624/928
f 1069/638/922 1072/625/924 1078/624/928
f 1073/633/925 1079/628/929 1080/632/897
f 1073/633/925 1077/631/927 1079/628/929
f 1079/628/929 1081/622/930 1082/627/897
f 1079/628/929 1083/621/931 1081/622/930
f 1077/631/927 1083/621/931 1079/628/929
f 1083/621/931 1084/617/932 1081/622/930
f 1070/635/923 1085/634/933 1077/631/927
f 1066/639/920 1085/634/933 1070/635/923
f 1069/638/922 1085/634/933 1066/639/920
f 1069/638/922 1078/624/928 1085/634/933
f 1085/634/933 1086/623/934 1077/631/927
f 1078/624/928 1086/623/934 1085/634/933
f 1077/631/927 1086/623/934 1083/621/931
f 1083/621/931 1087/616/935 1084/617/932
f 1086/623/934 1087/616/935 1083/621/931
f 1087/616/935 1088/613/901 1084/617/932
f 1078/624/928 1089/618/936 1086/623/934
f 1086/623/934 1089/618/936 1087/616/935
f 1078/624/928 1076/619/926 1089/618/936
f 1087/616/935 1090/612/937 1088/613/901
f 1087/616/935 1089/618/936 1090/612/937
f 1088/613/901 1090/612/937 1091/611/938
f 1076/619/926 1092/614/939 1089/618/936
f 1089/618/936 1092/614/939 1090/612/937
f 1076/619/926 1093/620/913 1092/614/939
f 1090/612/937 1094/608/940 1091/611/938
f 1090/612/937 1092/614/939 1094/608/940
f 1092/614/939 1095/615/913 1094/608/940
f 1091/611/938 1094/608/940 1096/610/908
f 1094/608/940 1097/609/913 1096/610/908
f 1098/667/941 1099/668/942 1100/665/943
f 1101/662/944 1098/667/941 1100/665/943
f 1101/662/944 1100/665/943 1102/661/945
f 1103/659/946 1101/662/944 1102/661/945
f 1104/663/947 1100/665/943 1105/666/942
f 1104/663/947 1102/661/945 1100/665/943
f 1106/658/948 1103/659/946 1102/661/945
f 1107/657/949 1103/659/946 1106/658/948
f 1108/660/950 1102/661/945 1104/663/947
f 1106/658/948 1102/661/945 1108/660/950
f 1109/648/951 1104/663/947 1110/664/942
f 1109/648/951 1108/660/950 1104/663/947
f 1111/656/952 1107/657/949 1106/658/948
f 1112/654/953 1107/657/949 1111/656/952
f 1113/651/954 1106/658/948 1108/660/950
f 1111/656/952 1106/658/948 1113/651/954
f 1114/652/955 1115/655/956 1112/654/953
f 1114/652/955 1112/654/953 1111/656/952
f 1116/647/957 1108/660/950 1109/648/951
f 1113/651/954 1108/660/950 1116/647/957
f 1109/648/951 1117/649/942 1118/641/958
f 1116/647/957 1109/648/951 1118/641/958
f 1119/650/959 1111/656/952 1113/651/954
f 1114/652/955 1111/656/952 1119/650/959
f 1113/651/954 1116/647/957 1120/644/960
f 1119/650/959 1113/651/954 1120/644/960
f 1121/645/961 1122/653/956 1114/652/955
f 1121/645/961 1114/652/955 1119/650/959
f 1120/644/960 1116/647/957 1123/640/962
f 1116/647/957 1118/641/958 1123/640/962
f 1119/650/959 1120/644/960 1124/643/963
f 1121/645/961 1119/650/959 1124/643/963
f 1118/641/958 1125/642/942 1126/636/964
f 1123/640/962 1118/641/958 1126/636/964
f 1127/646/956 1121/645/961 1128/630/965
f 1121/645/961 1124/643/963 1128/630/965
f 1120/644/960 1123/640/962 1129/639/966
f 1124/643/963 1120/644/960 1129/639/966
f 1123/640/962 1126/636/964 1130/635/967
f 1129/639/966 1123/640/962 1130/635/967
f 1126/636/964 1131/637/942 1132/633/968
f 1130/635/967 1126/636/964 1132/633/968
f 1124/643/963 1129/639/966 1133/638/969
f 1128/630/965 1124/643/963 1133/638/969
f 1129/639/966 1130/635/967 1134/634/970
f 1133/638/969 1129/639/966 1134/634/970
f 1128/630/965 1135/625/971 1136/629/956
f 1128/630/965 1133/638/969 1135/625/971
f 1134/634/970 1130/635/967 1137/631/972
f 1130/635/967 1132/633/968 1137/631/972
f 1133/638/969 1134/634/970 1138/624/973
f 1133/638/969 1138/624/973 1135/625/971
f 1139/628/974 1132/633/968 1140/632/942
f 1137/631/972 1132/633/968 1139/628/974
f 1135/625/971 1141/619/975 1142/626/956
f 1135/625/971 1138/624/973 1141/619/975
f 1143/622/941 1139/628/974 1144/627/942
f 1145/621/976 1139/628/974 1143/622/941
f 1145/621/976 1137/631/972 1139/628/974
f 1146/617/944 1145/621/976 1143/622/941
f 1134/634/970 1137/631/972 1147/623/977
f 1147/623/977 1137/631/972 1145/621/976
f 1134/634/970 1147/623/977 1138/624/973
f 1148/616/978 1145/621/976 1146/617/944
f 1147/623/977 1145/621/976 1148/616/978
f 1149/613/979 1148/616/978 1146/617/944
f 1138/624/973 1147/623/977 1150/618/980
f 1147/623/977 1148/616/978 1150/618/980
f 1138/624/973 1150/618/980 1141/619/975
f 1151/612/981 1148/616/978 1149/613/979
f 1150/618/980 1148/616/978 1151/612/981
f 1151/612/981 1149/613/979 1152/611/949
f 1141/619/975 1150/618/980 1153/614/982
f 1150/618/980 1151/612/981 1153/614/982
f 1141/619/975 1153/614/982 1154/620/956
f 1151/612/981 1152/611/949 1155/608/983
f 1153/614/982 1151/612/981 1155/608/983
f 1153/614/982 1155/608/983 1156/615/956
f 1155/608/983 1152/611/949 1157/610/984
f 1155/608/983 1157/610/984 1158/609/956
f 1159/702/985 1160/703/986 1161/704/987
f 1160/703/986 1162/705/988 1161/704/987
f 1160/703/986 1163/706/989 1162/705/988
f 1163/706/989 1164/707/990 1162/705/988
f 1160/703/986 1165/708/991 1163/706/989
f 1160/703/986 1166/709/992 1165/708/991
f 1163/706/989 1167/710/993 1164/707/990
f 1165/708/991 1166/709/992 1168/711/994
f 1165/708/991 1168/711/994 1163/706/989
f 1164/707/990 1167/710/993 1169/712/995
f 1164/707/990 1169/712/995 1170/713/996
f 1163/706/989 1171/714/997 1167/710/993
f 1167/710/993 1171/714/997 1169/712/995
f 1163/706/989 1168/711/994 1171/714/997
f 1169/712/995 1172/715/998 1170/713/996
f 1170/713/996 1172/715/998 1173/716/999
f 1172/715/998 1174/717/1000 1173/716/999
f 1169/712/995 1175/718/1001 1172/715/998
f 1175/718/1001 1176/719/1002 1172/715/998
f 1169/712/995 1177/720/1003 1175/718/1001
f 1177/720/1003 1176/719/1002 1175/718/1001
f 1171/714/997 1177/720/1003 1169/712/995
f 1177/720/1003 1178/721/1004 1176/719/1002
f 1176/719/1002 1178/721/1004 1179/722/1005
f 1171/714/997 1180/723/1006 1177/720/1003
f 1177/720/1003 1180/723/1006 1178/721/1004
f 1178/721/1004 1181/724/1007 1179/722/1005
f 1180/723/1006 1181/724/1007 1178/721/1004
f 1181/724/1007 1182/725/1008 1179/722/1005
f 1183/726/1009 1182/725/1008 1181/724/1007
f 1183/726/1009 1184/727/1010 1182/725/1008
f 1180/723/1006 1183/726/1009 1181/724/1007
f 1180/723/1006 1185/728/1011 1183/726/1009
f 1186/729/1012 1185/728/1011 1180/723/1006
f 1171/714/997 1186/729/1012 1180/723/1006
f 1187/730/1013 1185/728/1011 1186/729/1012
f 1171/714/997 1187/730/1013 1186/729/1012
f 1168/711/994 1187/730/1013 1171/714/997
f 1187/730/1013 1188/731/1014 1185/728/1011
f 1168/711/994 1189/732/1015 1187/730/1013
f 1166/709/992 1189/732/1015 1168/711/994
f 1166/709/992 1190/733/1016 1189/732/1015
f 1189/732/1015 1191/734/1017 1187/730/1013
f 1189/732/1015 1190/733/1016 1191/734/1017
f 1187/730/1013 1191/734/1017 1188/731/1014
f 1190/733/1016 1192/735/1018 1191/734/1017
f 1191/734/1017 1192/735/1018 1188/731/1014
f 1192/735/1018 1193/736/1019 1188/731/1014
f 1194/608/1020 1195/610/1021 1196/609/1022
f 1194/608/1020 1197/611/1023 1195/610/1021
f 1198/612/1024 1197/611/1023 1194/608/1020
f 1198/612/1024 1199/613/1025 1197/611/1023
f 1200/614/1026 1194/608/1020 1201/615/1022
f 1200/614/1026 1198/612/1024 1194/608/1020
f 1198/612/1024 1202/616/1027 1199/613/1025
f 1199/613/1025 1202/616/1027 1203/617/1028
f 1204/618/1029 1198/612/1024 1200/614/1026
f 1204/618/1029 1202/616/1027 1198/612/1024
f 1205/619/1030 1200/614/1026 1206/620/1022
f 1205/619/1030 1204/618/1029 1200/614/1026
f 1202/616/1027 1207/621/1031 1203/617/1028
f 1203/617/1028 1207/621/1031 1208/622/1032
f 1204/618/1029 1209/623/1033 1202/616/1027
f 1202/616/1027 1209/623/1033 1207/621/1031
f 1210/624/1034 1204/618/1029 1205/619/1030
f 1210/624/1034 1209/623/1033 1204/618/1029
f 1211/625/1035 1205/619/1030 1212/626/1036
f 1211/625/1035 1210/624/1034 1205/619/1030
f 1208/622/1032 1213/628/1037 1214/627/1038
f 1207/621/1031 1213/628/1037 1208/622/1032
f 1215/629/1022 1216/630/1039 1211/625/1035
f 1207/621/1031 1217/631/1040 1213/628/1037
f 1209/623/1033 1217/631/1040 1207/621/1031
f 1218/633/1041 1219/632/1038 1213/628/1037
f 1218/633/1041 1213/628/1037 1217/631/1040
f 1220/634/1042 1217/631/1040 1209/623/1033
f 1210/624/1034 1220/634/1042 1209/623/1033
f 1221/635/1043 1218/633/1041 1217/631/1040
f 1220/634/1042 1221/635/1043 1217/631/1040
f 1222/636/1044 1223/637/1038 1218/633/1041
f 1222/636/1044 1218/633/1041 1221/635/1043
f 1224/638/1045 1220/634/1042 1210/624/1034
f 1211/625/1035 1224/638/1045 1210/624/1034
f 1216/630/1039 1224/638/1045 1211/625/1035
f 1225/639/1046 1221/635/1043 1220/634/1042
f 1224/638/1045 1225/639/1046 1220/634/1042
f 1226/640/1047 1222/636/1044 1221/635/1043
f 1225/639/1046 1226/640/1047 1221/635/1043
f 1227/641/1048 1228/642/1038 1222/636/1044
f 1227/641/1048 1222/636/1044 1226/640/1047
f 1229/643/1049 1225/639/1046 1224/638/1045
f 1216/630/1039 1229/643/1049 1224/638/1045
f 1225/639/1046 1230/644/1050 1226/640/1047
f 1229/643/1049 1230/644/1050 1225/639/1046
f 1216/630/1039 1231/646/1022 1232/645/1051
f 1216/630/1039 1232/645/1051 1229/643/1049
f 1233/647/1052 1226/640/1047 1230/644/1050
f 1233/647/1052 1227/641/1048 1226/640/1047
f 1229/643/1049 1234/650/1053 1230/644/1050
f 1232/645/1051 1234/650/1053 1229/643/1049
f 1235/648/1054 1236/649/1038 1227/641/1048
f 1233/647/1052 1235/648/1054 1227/641/1048
f 1232/645/1051 1237/653/1022 1238/652/1055
f 1232/645/1051 1238/652/1055 1234/650/1053
f 1238/652/1055 1239/655/1022 1240/654/1021
f 1238/652/1055 1240/654/1021 1241/656/1056
f 1238/652/1055 1241/656/1056 1234/650/1053
f 1240/654/1021 1242/657/1023 1241/656/1056
f 1234/650/1053 1243/651/1057 1230/644/1050
f 1234/650/1053 1241/656/1056 1243/651/1057
f 1243/651/1057 1233/647/1052 1230/644/1050
f 1241/656/1056 1242/657/1023 1244/658/1058
f 1241/656/1056 1244/658/1058 1243/651/1057
f 1242/657/1023 1245/659/1025 1244/658/1058
f 1243/651/1057 1246/660/1059 1233/647/1052
f 1243/651/1057 1244/658/1058 1246/660/1059
f 1246/660/1059 1235/648/1054 1233/647/1052
f 1244/658/1058 1245/659/1025 1247/661/1060
f 1244/658/1058 1247/661/1060 1246/660/1059
f 1245/659/1025 1248/662/1061 1247/661/1060
f 1246/660/1059 1249/663/1062 1235/648/1054
f 1246/660/1059 1247/661/1060 1249/663/1062
f 1249/663/1062 1250/664/1038 1235/648/1054
f 1247/661/1060 1248/662/1061 1251/665/1063
f 1247/661/1060 1251/665/1063 1249/663/1062
f 1249/663/1062 1251/665/1063 1252/666/1038
f 1248/662/1061 1253/667/1064 1251/665/1063
f 1251/665/1063 1253/667/1064 1254/668/1038
f 1255/669/1065 1256/671/1066 1257/670/1067
f 1255/669/1065 1258/672/1068 1256/671/1066
f 1259/673/1069 1258/672/1068 1255/669/1065
f 1259/673/1069 1260/674/1070 1258/672/1068
f 1261/675/1071 1255/669/1065 1262/676/1067
f 1261/675/1071 1259/673/1069 1255/669/1065
f 1263/677/1072 1264/678/1073 1260/674/1070
f 1263/677/1072 1260/674/1070 1259/673/1069
f 1265/679/1074 1259/673/1069 1261/675/1071
f 1265/679/1074 1263/677/1072 1259/673/1069
f 1266/680/1075 1261/675/1071 1267/681/1076
f 1266/680/1075 1265/679/1074 1261/675/1071
f 1268/682/1077 1269/683/1073 1263/677/1072
f 1265/679/1074 1268/682/1077 1263/677/1072
f 1266/680/1075 1270/684/1078 1265/679/1074
f 1270/684/1078 1268/682/1077 1265/679/1074
f 1271/685/1067 1272/686/1079 1266/680/1075
f 1272/686/1079 1270/684/1078 1266/680/1075
f 1273/688/1080 1274/687/1073 1268/682/1077
f 1270/684/1078 1273/688/1080 1268/682/1077
f 1272/686/1079 1275/689/1081 1270/684/1078
f 1275/689/1081 1273/688/1080 1270/684/1078
f 1272/686/1079 1276/691/1067 1277/690/1082
f 1272/686/1079 1277/690/1082 1275/689/1081
f 1278/693/1083 1279/692/1073 1273/688/1080
f 1275/689/1081 1278/693/1083 1273/688/1080
f 1277/690/1082 1280/695/1067 1281/694/1066
f 1277/690/1082 1282/696/1084 1275/689/1081
f 1277/690/1082 1281/694/1066 1282/696/1084
f 1275/689/1081 1282/696/1084 1278/693/1083
f 1281/694/1066 1283/697/1085 1282/696/1084
f 1282/696/1084 1284/698/1086 1278/693/1083
f 1282/696/1084 1283/697/1085 1284/698/1086
f 1278/693/1083 1284/698/1086 1285/699/1073
f 1283/697/1085 1286/700/1070 1284/698/1086
f 1284/698/1086 1286/700/1070 1287/701/1073
f 1288/737/1087 1289/738/1088 1290/739/1089
f 1288/737/1087 1291/740/1090 1289/738/1088
f 1288/737/1087 1292/741/1091 1291/740/1090
f 1292/741/1091 1293/742/1092 1291/740/1090
f 1294/743/1093 1295/744/1094 1288/737/1087
f 1295/744/1094 1292/741/1091 1288/737/1087
f 1296/745/1095 1297/746/1096 1293/742/1092
f 1292/741/1091 1296/745/1095 1293/742/1092
f 1295/744/1094 1298/747/1097 1292/741/1091
f 1298/747/1097 1296/745/1095 1292/741/1091
f 1295/744/1094 1299/748/1089 1300/749/1098
f 1295/744/1094 1300/749/1098 1298/747/1097
f 1301/750/1099 1302/751/1096 1296/745/1095
f 1298/747/1097 1301/750/1099 1296/745/1095
f 1300/749/1098 1303/752/1100 1298/747/1097
f 1298/747/1097 1303/752/1100 1301/750/1099
f 1300/749/1098 1304/753/1089 1305/754/1101
f 1300/749/1098 1305/754/1101 1303/752/1100
f 1301/750/1099 1306/755/1102 1307/756/1096
f 1303/752/1100 1306/755/1102 1301/750/1099
f 1305/754/1101 1308/757/1103 1303/752/1100
f 1303/752/1100 1308/757/1103 1306/755/1102
f 1305/754/1101 1309/758/1089 1310/759/1104
f 1305/754/1101 1310/759/1104 1308/757/1103
f 1306/755/1102 1311/760/1105 1312/761/1096
f 1308/757/1103 1311/760/1105 1306/755/1102
f 1310/759/1104 1313/762/1089 1314/763/1088
f 1310/759/1104 1315/764/1106 1308/757/1103
f 1310/759/1104 1314/763/1088 1315/764/1106
f 1308/757/1103 1315/764/1106 1311/760/1105
f 1314/763/1088 1316/765/1107 1315/764/1106
f 1315/764/1106 1317/766/1108 1311/760/1105
f 1315/764/1106 1316/765/1107 1317/766/1108
f 1311/760/1105 1317/766/1108 1318/767/1109
f 1316/765/1107 1319/768/1110 1317/766/1108
f 1317/766/1108 1319/768/1110 1320/769/1096
f 1321/737/1111 1322/738/1088 1323/739/1089
f 1321/737/1111 1324/740/1107 1322/738/1088
f 1321/737/1111 1325/741/1091 1324/740/1107
f 1325/741/1091 1326/742/1110 1324/740/1107
f 1327/743/1089 1328/744/1094 1321/737/1111
f 1328/744/1094 1325/741/1091 1321/737/1111
f 1329/745/1095 1330/746/1096 1326/742/1110
f 1325/741/1091 1329/745/1095 1326/742/1110
f 1328/744/1094 1331/747/1097 1325/741/1091
f 1331/747/1097 1329/745/1095 1325/741/1091
f 1328/744/1094 1332/748/1089 1333/749/1098
f 1328/744/1094 1333/749/1098 1331/747/1097
f 1334/750/1112 1335/751/1096 1329/745/1095
f 1331/747/1097 1334/750/1112 1329/745/1095
f 1333/749/1098 1336/752/1113 1331/747/1097
f 1331/747/1097 1336/752/1113 1334/750/1112
f 1333/749/1098 1337/753/1089 1338/754/1101
f 1333/749/1098 1338/754/1101 1336/752/1113
f 1334/750/1112 1339/755/1102 1340/756/1096
f 1336/752/1113 1339/755/1102 1334/750/1112
f 1338/754/1101 1341/757/1103 1336/752/1113
f 1336/752/1113 1341/757/1103 1339/755/1102
f 1338/754/1101 1342/758/1089 1343/759/1114
f 1338/754/1101 1343/759/1114 1341/757/1103
f 1339/755/1102 1344/760/1105 1345/761/1096
f 1341/757/1103 1344/760/1105 1339/755/1102
f 1343/759/1114 1346/762/1089 1347/763/1088
f 1343/759/1114 1348/764/1106 1341/757/1103
f 1343/759/1114 1347/763/1088 1348/764/1106
f 1341/757/1103 1348/764/1106 1344/760/1105
f 1347/763/1088 1349/765/1107 1348/764/1106
f 1348/764/1106 1350/770/1108 1344/760/1105
f 1348/764/1106 1349/765/1107 1350/770/1108
f 1344/760/1105 1350/770/1108 1351/767/1096
f 1349/765/1107 1352/768/1110 1350/770/1108
f 1350/770/1108 1352/768/1110 1353/769/1096
f 1354/737/1115 1355/738/1088 1356/739/1089
f 1354/737/1115 1357/740/1107 1355/738/1088
f 1354/737/1115 1358/741/1091 1357/740/1107
f 1358/741/1091 1359/742/1110 1357/740/1107
f 1360/743/1093 1361/744/1094 1354/737/1115
f 1361/744/1094 1358/741/1091 1354/737/1115
f 1362/745/1095 1363/746/1096 1359/742/1110
f 1358/741/1091 1362/745/1095 1359/742/1110
f 1361/744/1094 1364/747/1116 1358/741/1091
f 1364/747/1116 1362/745/1095 1358/741/1091
f 1361/744/1094 1365/748/1089 1366/749/1098
f 1361/744/1094 1366/749/1098 1364/747/1116
f 1367/750/1099 1368/751/1096 1362/745/1095
f 1364/747/1116 1367/750/1099 1362/745/1095
f 1366/749/1098 1369/752/1117 1364/747/1116
f 1364/747/1116 1369/752/1117 1367/750/1099
f 1366/749/1098 1370/753/1089 1371/754/1118
f 1366/749/1098 1371/754/1118 1369/752/1117
f 1367/750/1099 1372/755/1102 1373/756/1096
f 1369/752/1117 1372/755/1102 1367/750/1099
f 1371/754/1118 1374/757/1119 1369/752/1117
f 1369/752/1117 1374/757/1119 1372/755/1102
f 1371/754/1118 1375/758/1089 1376/759/1114
f 1371/754/1118 1376/759/1114 1374/757/1119
f 1372/755/1102 1377/760/1105 1378/761/1096
f 1374/757/1119 1377/760/1105 1372/755/1102
f 1376/759/1114 1379/762/1089 1380/763/1088
f 1376/759/1114 1381/764/1106 1374/757/1119
f 1376/759/1114 1380/763/1088 1381/764/1106
f 1374/757/1119 1381/764/1106 1377/760/1105
f 1380/763/1088 1382/765/1107 1381/764/1106
f 1381/764/1106 1383/766/1108 1377/760/1105
f 1381/764/1106 1382/765/1107 1383/766/1108
f 1377/760/1105 1383/766/1108 1384/767/1096
f 1382/765/1107 1385/768/1110 1383/766/1108
f 1383/766/1108 1385/768/1110 1386/769/1096
f 1387/737/1111 1388/738/1088 1389/739/1089
f 1387/737/1111 1390/740/1107 1388/738/1088
f 1387/737/1111 1391/741/1120 1390/740/1107
f 1391/741/1120 1392/742/1110 1390/740/1107
f 1393/743/1089 1394/744/1094 1387/737/1111
f 1394/744/1094 1391/741/1120 1387/737/1111
f 1395/745/1095 1396/746/1096 1392/742/1110
f 1391/741/1120 1395/745/1095 1392/742/1110
f 1394/744/1094 1397/747/1121 1391/741/1120
f 1397/747/1121 1395/745/1095 1391/741/1120
f 1394/744/1094 1398/748/1089 1399/749/1098
f 1394/744/1094 1399/749/1098 1397/747/1121
f 1400/750/1099 1401/751/1096 1395/745/1095
f 1397/747/1121 1400/750/1099 1395/745/1095
f 1399/749/1098 1402/752/1100 1397/747/1121
f 1397/747/1121 1402/752/1100 1400/750/1099
f 1399/749/1098 1403/753/1089 1404/754/1101
f 1399/749/1098 1404/754/1101 1402/752/1100
f 1400/750/1099 1405/755/1102 1406/756/1096
f 1402/752/1100 1405/755/1102 1400/750/1099
f 1404/754/1101 1407/757/1103 1402/752/1100
f 1402/752/1100 1407/757/1103 1405/755/1102
f 1404/754/1101 1408/758/1093 1409/759/1114
f 1404/754/1101 1409/759/1114 1407/757/1103
f 1405/755/1102 1410/760/1105 1411/761/1096
f 1407/757/1103 1410/760/1105 1405/755/1102
f 1409/759/1114 1412/762/1089 1413/763/1088
f 1409/759/1114 1414/764/1106 1407/757/1103
f 1409/759/1114 1413/763/1088 1414/764/1106
f 1407/757/1103 1414/764/1106 1410/760/1105
f 1413/763/1088 1415/765/1107 1414/764/1106
f 1414/764/1106 1416/766/1108 1410/760/1105
f 1414/764/1106 1415/765/1107 1416/766/1108
f 1410/760/1105 1416/766/1108 1417/767/1096
f 1415/765/1107 1418/768/1110 1416/766/1108
f 1416/766/1108 1418/768/1110 1419/769/1096
f 1420/771/648 1421/772/571 1422/773/1122
f 1423/774/1123 1420/771/648 1422/773/1122
f 1424/775/614 1423/774/1123 1422/773/1122
f 1425/776/521 1426/777/520 1420/771/648
f 1425/776/521 1420/771/648 1423/774/1123
f 1424/775/614 1427/778/1124 1428/779/1125
f 1429/780/1126 1423/774/1123 1424/775/614
f 1429/780/1126 1424/775/614 1428/779/1125
f 1429/780/1126 1425/776/521 1423/774/1123
f 1429/780/1126 1428/779/1125 1430/781/1127
f 1428/779/1125 1431/782/631 1430/781/1127
f 1432/783/1128 1425/776/521 1429/780/1126
f 1432/783/1128 1433/784/1129 1425/776/521
f 1434/785/1130 1433/784/1129 1432/783/1128
f 1431/782/631 1435/786/1131 1436/787/599
f 1431/782/631 1436/787/599 1430/781/1127
f 1437/788/1132 1434/785/1130 1432/783/1128
f 1430/781/1127 1436/787/599 1438/789/1133
f 1436/787/599 1439/790/595 1438/789/1133
f 1440/791/1134 1429/780/1126 1430/781/1127
f 1440/791/1134 1432/783/1128 1429/780/1126
f 1440/791/1134 1430/781/1127 1438/789/1133
f 1437/788/1132 1432/783/1128 1440/791/1134
f 1438/789/1133 1439/790/595 1441/792/1135
f 1439/790/595 1442/793/600 1441/792/1135
f 1440/791/1134 1438/789/1133 1443/794/1136
f 1441/792/1135 1442/793/600 1444/795/1137
f 1442/793/600 1445/796/1138 1444/795/1137
f 1438/789/1133 1441/792/1135 1446/797/1139
f 1443/794/1136 1438/789/1133 1446/797/1139
f 1441/792/1135 1447/798/594 1446/797/1139
f 1441/792/1135 1444/795/1137 1447/798/594
f 1444/795/1137 1448/799/1140 1447/798/594
f 1444/795/1137 1445/796/1138 1449/800/1141
f 1444/795/1137 1449/800/1141 1448/799/1140
f 1445/796/1138 1450/801/607 1449/800/1141
f 1449/800/1141 1451/802/1142 1448/799/1140
f 1449/800/1141 1450/801/607 1452/803/1143
f 1449/800/1141 1452/803/1143 1451/802/1142
f 1450/801/607 1453/804/608 1452/803/1143
f 1451/802/1142 1452/803/1143 1454/805/1144
f 1452/803/1143 1453/804/608 1454/805/1144
f 1443/794/1136 1446/797/1139 1455/806/1145
f 1455/806/1145 1446/797/1139 1456/807/581
f 1443/794/1136 1455/806/1145 1457/808/553
f 1455/806/1145 1456/807/581 1458/809/1146
f 1456/807/581 1459/810/583 1458/809/1146
f 1457/808/553 1455/806/1145 1460/811/1147
f 1455/806/1145 1458/809/1146 1460/811/1147
f 1460/811/1147 1458/809/1146 1461/812/577
f 1458/809/1146 1459/810/583 1462/813/1148
f 1458/809/1146 1462/813/1148 1461/812/577
f 1459/810/583 1463/814/1149 1462/813/1148
f 1461/812/577 1462/813/1148 1464/815/590
f 1462/813/1148 1463/814/1149 1465/816/1150
f 1462/813/1148 1465/816/1150 1464/815/590
f 1463/814/1149 1466/817/1151 1465/816/1150
f 1464/815/590 1465/816/1150 1467/818/1152
f 1465/816/1150 1466/817/1151 1467/818/1152
f 1468/819/1153 1443/794/1136 1457/808/553
f 1468/819/1153 1440/791/1134 1443/794/1136
f 1437/788/1132 1440/791/1134 1468/819/1153
f 1468/819/1153 1457/808/553 1469/820/1154
f 1469/820/1154 1457/808/553 1470/821/560
f 1471/822/1155 1437/788/1132 1468/819/1153
f 1471/822/1155 1434/785/1130 1437/788/1132
f 1471/822/1155 1472/823/530 1434/785/1130
f 1473/824/533 1472/823/530 1471/822/1155
f 1474/825/1156 1468/819/1153 1469/820/1154
f 1471/822/1155 1468/819/1153 1474/825/1156
f 1474/825/1156 1469/820/1154 1475/826/552
f 1476/827/540 1471/822/1155 1474/825/1156
f 1469/820/1154 1477/828/1157 1475/826/552
f 1469/820/1154 1470/821/560 1477/828/1157
f 1475/826/552 1477/828/1157 1478/829/555
f 1470/821/560 1479/830/561 1477/828/1157
f 1477/828/1157 1480/831/1158 1478/829/555
f 1477/828/1157 1479/830/561 1480/831/1158
f 1478/829/555 1480/831/1158 1481/832/558
f 1479/830/561 1482/833/567 1480/831/1158
f 1480/831/1158 1483/834/1159 1481/832/558
f 1480/831/1158 1482/833/567 1483/834/1159
f 1481/832/558 1483/834/1159 1484/835/564
f 1482/833/567 1485/836/565 1483/834/1159
f 1483/834/1159 1485/836/565 1484/835/564
f 1476/827/540 1486/837/1160 1471/822/1155
f 1473/824/533 1471/822/1155 1486/837/1160
f 1487/838/1161 1486/837/1160 1476/827/540
f 1487/838/1161 1473/824/533 1486/837/1160
f 1488/839/544 1487/838/1161 1476/827/540
f 1489/840/539 1473/824/533 1487/838/1161
f 1490/841/1162 1487/838/1161 1488/839/544
f 1490/841/1162 1489/840/539 1487/838/1161
f 1490/841/1162 1488/839/544 1491/842/1163
f 1492/843/542 1489/840/539 1490/841/1162
f 1493/844/1164 1490/841/1162 1491/842/1163
f 1492/843/542 1490/841/1162 1493/844/1164
f 1493/844/1164 1491/842/1163 1494/845/549
f 1495/846/547 1492/843/542 1493/844/1164
f 1495/846/547 1493/844/1164 1494/845/549
f 1496/771/803 1497/773/1165 1498/772/727
f 1496/771/803 1499/774/1166 1497/773/1165
f 1497/773/1165 1499/774/1166 1500/775/748
f 1501/776/675 1496/771/803 1502/777/676
f 1501/776/675 1499/774/1166 1496/771/803
f 1500/775/748 1503/779/1167 1504/778/750
f 1499/774/1166 1505/780/1168 1500/775/748
f 1500/775/748 1505/780/1168 1503/779/1167
f 1501/776/675 1505/780/1168 1499/774/1166
f 1505/780/1168 1506/781/1169 1503/779/1167
f 1503/779/1167 1506/781/1169 1507/782/778
f 1508/783/1170 1505/780/1168 1501/776/675
f 1508/783/1170 1501/776/675 1509/784/1171
f 1510/785/1172 1508/783/1170 1509/784/1171
f 1511/787/752 1512/786/1173 1507/782/778
f 1511/787/752 1507/782/778 1506/781/1169
f 1513/788/1174 1508/783/1170 1510/785/1172
f 1514/789/1175 1511/787/752 1506/781/1169
f 1515/790/754 1511/787/752 1514/789/1175
f 1516/791/1176 1506/781/1169 1505/780/1168
f 1516/791/1176 1505/780/1168 1508/783/1170
f 1516/791/1176 1514/789/1175 1506/781/1169
f 1513/788/1174 1516/791/1176 1508/783/1170
f 1517/792/1177 1515/790/754 1514/789/1175
f 1518/793/759 1515/790/754 1517/792/1177
f 1519/794/1178 1514/789/1175 1516/791/1176
f 1520/795/1179 1518/793/759 1517/792/1177
f 1520/795/1179 1521/796/1180 1518/793/759
f 1522/797/1181 1517/792/1177 1514/789/1175
f 1519/794/1178 1522/797/1181 1514/789/1175
f 1523/798/761 1520/795/1179 1517/792/1177
f 1522/797/1181 1523/798/761 1517/792/1177
f 1523/798/761 1524/799/1182 1520/795/1179
f 1520/795/1179 1525/800/1183 1521/796/1180
f 1524/799/1182 1525/800/1183 1520/795/1179
f 1525/800/1183 1526/801/770 1521/796/1180
f 1524/799/1182 1527/802/1184 1525/800/1183
f 1525/800/1183 1528/803/1185 1526/801/770
f 1525/800/1183 1527/802/1184 1528/803/1185
f 1528/803/1185 1529/804/771 1526/801/770
f 1527/802/1184 1530/805/1186 1528/803/1185
f 1528/803/1185 1530/805/1186 1529/804/771
f 1519/794/1178 1531/806/1187 1522/797/1181
f 1531/806/1187 1532/807/737 1522/797/1181
f 1519/794/1178 1533/808/709 1531/806/1187
f 1531/806/1187 1534/809/1188 1532/807/737
f 1532/807/737 1534/809/1188 1535/810/1189
f 1533/808/709 1536/811/730 1531/806/1187
f 1531/806/1187 1536/811/730 1534/809/1188
f 1536/811/730 1537/812/733 1534/809/1188
f 1534/809/1188 1538/813/1190 1535/810/1189
f 1534/809/1188 1537/812/733 1538/813/1190
f 1535/810/1189 1538/813/1190 1539/814/1191
f 1537/812/733 1540/815/746 1538/813/1190
f 1538/813/1190 1541/816/1192 1539/814/1191
f 1538/813/1190 1540/815/746 1541/816/1192
f 1539/814/1191 1541/816/1192 1542/817/1193
f 1540/815/746 1543/818/1194 1541/816/1192
f 1541/816/1192 1543/818/1194 1542/817/1193
f 1544/819/1195 1533/808/709 1519/794/1178
f 1544/819/1195 1519/794/1178 1516/791/1176
f 1544/819/1195 1516/791/1176 1513/788/1174
f 1544/819/1195 1545/820/1196 1533/808/709
f 1545/820/1196 1546/847/1197 1533/808/709
f 1547/822/1198 1544/819/1195 1513/788/1174
f 1547/822/1198 1513/788/1174 1510/785/1172
f 1547/822/1198 1510/785/1172 1548/823/686
f 1549/824/689 1547/822/1198 1548/823/686
f 1550/825/1199 1545/820/1196 1544/819/1195
f 1547/822/1198 1550/825/1199 1544/819/1195
f 1550/825/1199 1551/848/708 1545/820/1196
f 1552/827/696 1550/825/1199 1547/822/1198
f 1551/848/708 1553/828/1200 1545/820/1196
f 1545/820/1196 1553/828/1200 1546/847/1197
f 1551/848/708 1554/849/711 1553/828/1200
f 1553/828/1200 1555/850/717 1546/847/1197
f 1554/849/711 1556/851/1201 1553/828/1200
f 1553/828/1200 1556/851/1201 1555/850/717
f 1554/849/711 1557/852/714 1556/851/1201
f 1556/851/1201 1558/853/723 1555/850/717
f 1557/852/714 1559/834/1202 1556/851/1201
f 1556/851/1201 1559/834/1202 1558/853/723
f 1557/852/714 1560/854/1203 1559/834/1202
f 1559/834/1202 1561/855/721 1558/853/723
f 1559/834/1202 1560/854/1203 1561/855/721
f 1552/827/696 1547/822/1198 1562/837/1204
f 1549/824/689 1562/837/1204 1547/822/1198
f 1563/838/1205 1552/827/696 1562/837/1204
f 1563/838/1205 1562/837/1204 1549/824/689
f 1564/839/700 1552/827/696 1563/838/1205
f 1565/840/695 1563/838/1205 1549/824/689
f 1566/841/1206 1564/839/700 1563/838/1205
f 1566/841/1206 1563/838/1205 1565/840/695
f 1567/842/1207 1564/839/700 1566/841/1206
f 1568/843/698 1566/841/1206 1565/840/695
f 1569/844/1208 1567/842/1207 1566/841/1206
f 1569/844/1208 1566/841/1206 1568/843/698
f 1569/844/1208 1570/845/705 1567/842/1207
f 1571/846/703 1569/844/1208 1568/843/698
f 1571/846/703 1570/845/705 1569/844/1208
f 1572/856/92 1573/857/93 1574/858/111
f 1575/859/1209 1572/856/92 1574/858/111
f 1576/860/79 1572/856/92 1575/859/1209
f 1575/859/1209 1574/858/111 1577/861/1210
f 1574/858/111 1578/862/107 1577/861/1210
f 1578/862/107 1579/863/113 1577/861/1210
f 1580/864/1211 1576/860/79 1575/859/1209
f 1581/865/1212 1577/861/1210 1579/863/113
f 1581/865/1212 1579/863/113 1582/15/1213
f 1583/866/75 1584/867/74 1576/860/79
f 1583/866/75 1576/860/79 1580/864/1211
f 1585/14/1214 1581/865/1212 1582/15/1213
f 1586/868/1215 1581/865/1212 1585/14/1214
f 1586/868/1215 1577/861/1210 1581/865/1212
f 1586/868/1215 1585/14/1214 1587/13/1216
f 1575/859/1209 1577/861/1210 1588/869/1217
f 1588/869/1217 1577/861/1210 1586/868/1215
f 1580/864/1211 1575/859/1209 1588/869/1217
f 1588/869/1217 1586/868/1215 1589/870/1218
f 1589/870/1218 1586/868/1215 1587/13/1216
f 1580/864/1211 1588/869/1217 1590/871/1219
f 1591/872/1220 1588/869/1217 1589/870/1218
f 1590/871/1219 1588/869/1217 1591/872/1220
f 1592/873/1221 1580/864/1211 1590/871/1219
f 1592/873/1221 1583/866/75 1580/864/1211
f 1593/874/1222 1590/871/1219 1591/872/1220
f 1592/873/1221 1590/871/1219 1593/874/1222
f 1594/875/1223 1583/866/75 1592/873/1221
f 1594/875/1223 1595/876/72 1583/866/75
f 1596/877/71 1595/876/72 1594/875/1223
f 1597/878/70 1596/877/71 1594/875/1223
f 1597/878/70 1594/875/1223 1598/879/1224
f 1594/875/1223 1599/880/1225 1598/879/1224
f 1594/875/1223 1592/873/1221 1600/881/1226
f 1594/875/1223 1600/881/1226 1599/880/1225
f 1600/881/1226 1592/873/1221 1593/874/1222
f 1600/881/1226 1601/882/1227 1599/880/1225
f 1600/881/1226 1602/883/1228 1601/882/1227
f 1600/881/1226 1593/874/1222 1602/883/1228
f 1601/882/1227 1602/883/1228 1603/884/1229
f 1602/883/1228 1593/874/1222 1604/885/1230
f 1593/874/1222 1591/872/1220 1604/885/1230
f 1602/883/1228 1605/886/1231 1603/884/1229
f 1602/883/1228 1604/885/1230 1605/886/1231
f 1603/884/1229 1605/886/1231 1606/887/1232
f 1605/886/1231 1604/885/1230 1606/887/1232
f 1603/884/1229 1606/887/1232 1607/888/1233
f 1604/885/1230 1591/872/1220 1608/889/1234
f 1591/872/1220 1589/870/1218 1608/889/1234
f 1606/887/1232 1609/890/1235 1607/888/1233
f 1607/888/1233 1609/890/1235 1610/891/1236
f 1604/885/1230 1611/892/1237 1606/887/1232
f 1606/887/1232 1611/892/1237 1609/890/1235
f 1604/885/1230 1608/889/1234 1612/893/1238
f 1604/885/1230 1612/893/1238 1611/892/1237
f 1608/889/1234 1589/870/1218 1613/894/1239
f 1589/870/1218 1587/13/1216 1613/894/1239
f 1608/889/1234 1613/894/1239 1614/895/1240
f 1613/894/1239 1587/13/1216 1614/895/1240
f 1608/889/1234 1614/895/1240 1612/893/1238
f 1587/13/1216 1615/896/1241 1614/895/1240
f 1587/13/1216 1616/14/1242 1615/896/1241
f 1612/893/1238 1614/895/1240 1617/897/1243
f 1614/895/1240 1615/896/1241 1617/897/1243
f 1611/892/1237 1612/893/1238 1618/898/1244
f 1618/898/1244 1612/893/1238 1617/897/1243
f 1616/14/1242 1619/899/1245 1615/896/1241
f 1616/14/1242 1582/15/1213 1619/899/1245
f 1582/15/1213 1620/900/155 1619/899/1245
f 1619/899/1245 1621/901/1246 1615/896/1241
f 1619/899/1245 1620/900/155 1621/901/1246
f 1617/897/1243 1615/896/1241 1621/901/1246
f 1620/900/155 1622/902/157 1621/901/1246
f 1621/901/1246 1622/902/157 1623/903/175
f 1624/904/1247 1617/897/1243 1621/901/1246
f 1624/904/1247 1621/901/1246 1623/903/175
f 1625/905/178 1623/903/175 1626/906/168
f 1624/904/1247 1623/903/175 1625/905/178
f 1627/907/180 1624/904/1247 1625/905/178
f 1628/908/1248 1617/897/1243 1624/904/1247
f 1628/908/1248 1624/904/1247 1627/907/180
f 1618/898/1244 1617/897/1243 1628/908/1248
f 1629/909/188 1627/907/180 1630/910/185
f 1628/908/1248 1627/907/180 1629/909/188
f 1618/898/1244 1628/908/1248 1631/911/1249
f 1631/911/1249 1628/908/1248 1629/909/188
f 1611/892/1237 1618/898/1244 1631/911/1249
f 1611/892/1237 1631/911/1249 1609/890/1235
f 1631/911/1249 1629/909/188 1632/912/1250
f 1609/890/1235 1631/911/1249 1632/912/1250
f 1629/909/188 1633/913/187 1632/912/1250
f 1609/890/1235 1632/912/1250 1610/891/1236
f 1633/913/187 1634/914/192 1632/912/1250
f 1610/891/1236 1632/912/1250 1635/915/1251
f 1636/916/193 1632/912/1250 1634/914/192
f 1635/915/1251 1632/912/1250 1636/916/193
f 1637/917/1252 1638/918/1253 1639/919/1254
f 1640/920/1255 1637/917/1252 1639/919/1254
f 1640/920/1255 1639/919/1254 1641/921/1256
f 1642/922/1257 1637/917/1252 1640/920/1255
f 1642/922/1257 1643/923/1258 1637/917/1252
f 1644/924/1259 1643/923/1258 1642/922/1257
f 1645/925/1260 1640/920/1255 1641/921/1256
f 1642/922/1257 1640/920/1255 1645/925/1260
f 1646/926/1261 1645/925/1260 1641/921/1256
f 1647/927/1262 1644/924/1259 1642/922/1257
f 1647/927/1262 1642/922/1257 1645/925/1260
f 1648/928/1263 1644/924/1259 1647/927/1262
f 1648/928/1263 1649/929/1264 1644/924/1259
f 1650/930/1265 1649/929/1264 1648/928/1263
f 1651/931/1266 1648/928/1263 1647/927/1262
f 1651/931/1266 1647/927/1262 1645/925/1260
f 1652/932/1267 1650/930/1265 1648/928/1263
f 1652/932/1267 1648/928/1263 1651/931/1266
f 1653/933/1268 1650/930/1265 1652/932/1267
f 1653/933/1268 1654/934/1269 1650/930/1265
f 1655/935/1270 1654/934/1269 1653/933/1268
f 1656/936/1271 1652/932/1267 1651/931/1266
f 1653/933/1268 1652/932/1267 1656/936/1271
f 1655/935/1270 1653/933/1268 1657/937/1272
f 1657/937/1272 1653/933/1268 1656/936/1271
f 1658/938/1273 1655/935/1270 1657/937/1272
f 1659/939/1274 1655/935/1270 1658/938/1273
f 1660/940/1275 1659/939/1274 1658/938/1273
f 1658/938/1273 1657/937/1272 1661/941/1276
f 1661/941/1276 1657/937/1272 1656/936/1271
f 1660/940/1275 1658/938/1273 1662/942/1277
f 1658/938/1273 1661/941/1276 1662/942/1277
f 1660/940/1275 1662/942/1277 1663/943/1278
f 1664/944/1279 1660/940/1275 1663/943/1278
f 1664/944/1279 1663/943/1278 1665/945/1280
f 1662/942/1277 1661/941/1276 1666/946/1281
f 1663/943/1278 1662/942/1277 1666/946/1281
f 1663/943/1278 1667/947/1282 1665/945/1280
f 1663/943/1278 1666/946/1281 1667/947/1282
f 1665/945/1280 1667/947/1282 1668/948/1283
f 1665/945/1280 1668/948/1283 1669/949/1284
f 1668/948/1283 1670/950/1285 1669/949/1284
f 1667/947/1282 1671/951/1286 1668/948/1283
f 1667/947/1282 1666/946/1281 1671/951/1286
f 1668/948/1283 1672/952/1287 1670/950/1285
f 1668/948/1283 1671/951/1286 1672/952/1287
f 1672/952/1287 1673/953/1288 1670/950/1285
f 1670/950/1285 1673/953/1288 1674/954/1289
f 1673/953/1288 1675/955/1290 1674/954/1289
f 1671/951/1286 1676/956/1291 1672/952/1287
f 1672/952/1287 1676/956/1291 1673/953/1288
f 1673/953/1288 1677/957/1292 1675/955/1290
f 1673/953/1288 1676/956/1291 1677/957/1292
f 1677/957/1292 1678/958/1293 1675/955/1290
f 1675/955/1290 1678/958/1293 1679/959/1294
f 1678/958/1293 1680/960/1295 1679/959/1294
f 1677/957/1292 1681/961/1296 1678/958/1293
f 1677/957/1292 1676/956/1291 1681/961/1296
f 1678/958/1293 1682/962/1297 1680/960/1295
f 1678/958/1293 1681/961/1296 1682/962/1297
f 1680/960/1295 1682/962/1297 1683/963/1298
f 1680/960/1295 1683/963/1298 1684/964/1299
f 1684/964/1299 1683/963/1298 1685/965/1300
f 1686/966/1301 1682/962/1297 1681/961/1296
f 1683/963/1298 1682/962/1297 1686/966/1301
f 1685/965/1300 1687/967/1302 1688/968/1303
f 1685/965/1300 1683/963/1298 1689/969/1304
f 1685/965/1300 1689/969/1304 1687/967/1302
f 1683/963/1298 1686/966/1301 1689/969/1304
f 1687/967/1302 1689/969/1304 1690/970/1305
f 1689/969/1304 1686/966/1301 1690/970/1305
f 1686/966/1301 1691/971/1306 1690/970/1305
f 1686/966/1301 1692/972/1307 1691/971/1306
f 1692/972/1307 1693/973/1308 1691/971/1306
f 1694/974/1309 1686/966/1301 1681/961/1296
f 1694/974/1309 1692/972/1307 1686/966/1301
f 1676/956/1291 1694/974/1309 1681/961/1296
f 1692/972/1307 1695/975/1310 1693/973/1308
f 1694/974/1309 1695/975/1310 1692/972/1307
f 1696/976/1311 1693/973/1308 1695/975/1310
f 1676/956/1291 1697/977/1312 1694/974/1309
f 1697/977/1312 1695/975/1310 1694/974/1309
f 1698/978/1313 1696/976/1311 1695/975/1310
f 1698/978/1313 1699/979/1314 1696/976/1311
f 1700/980/1315 1695/975/1310 1697/977/1312
f 1700/980/1315 1698/978/1313 1695/975/1310
f 1676/956/1291 1701/981/1316 1697/977/1312
f 1701/981/1316 1700/980/1315 1697/977/1312
f 1671/951/1286 1701/981/1316 1676/956/1291
f 1666/946/1281 1701/981/1316 1671/951/1286
f 1698/978/1313 1702/982/1317 1699/979/1314
f 1702/982/1317 1703/983/1318 1699/979/1314
f 1702/982/1317 1704/984/1319 1703/983/1318
f 1705/985/1320 1702/982/1317 1698/978/1313
f 1700/980/1315 1705/985/1320 1698/978/1313
f 1706/986/1321 1704/984/1319 1702/982/1317
f 1705/985/1320 1706/986/1321 1702/982/1317
f 1707/987/1322 1704/984/1319 1706/986/1321
f 1708/988/1323 1705/985/1320 1700/980/1315
f 1701/981/1316 1708/988/1323 1700/980/1315
f 1709/989/1324 1706/986/1321 1705/985/1320
f 1708/988/1323 1709/989/1324 1705/985/1320
f 1710/990/1325 1707/987/1322 1706/986/1321
f 1709/989/1324 1710/990/1325 1706/986/1321
f 1711/991/1326 1707/987/1322 1710/990/1325
f 1711/991/1326 1710/990/1325 1709/989/1324
f 1711/991/1326 1712/992/1327 1707/987/1322
f 1713/993/1328 1711/991/1326 1709/989/1324
f 1713/993/1328 1709/989/1324 1708/988/1323
f 1714/994/1329 1712/992/1327 1711/991/1326
f 1714/994/1329 1711/991/1326 1713/993/1328
f 1714/994/1329 1715/995/1330 1712/992/1327
f 1716/996/1331 1715/995/1330 1714/994/1329
f 1716/996/1331 1714/994/1329 1717/997/1332
f 1717/997/1332 1714/994/1329 1713/993/1328
f 1718/998/1333 1716/996/1331 1717/997/1332
f 1719/999/1334 1717/997/1332 1713/993/1328
f 1719/999/1334 1713/993/1328 1708/988/1323
f 1720/1000/1335 1718/998/1333 1717/997/1332
f 1719/999/1334 1720/1000/1335 1717/997/1332
f 1720/1000/1335 1721/1001/1336 1718/998/1333
f 1722/1002/1337 1719/999/1334 1708/988/1323
f 1720/1000/1335 1723/1003/1338 1721/1001/1336
f 1723/1003/1338 1646/926/1261 1721/1001/1336
f 1723/1003/1338 1645/925/1260 1646/926/1261
f 1724/1004/1339 1720/1000/1335 1719/999/1334
f 1722/1002/1337 1724/1004/1339 1719/999/1334
f 1725/1005/1340 1723/1003/1338 1720/1000/1335
f 1725/1005/1340 1645/925/1260 1723/1003/1338
f 1724/1004/1339 1725/1005/1340 1720/1000/1335
f 1651/931/1266 1645/925/1260 1725/1005/1340
f 1656/936/1271 1651/931/1266 1725/1005/1340
f 1656/936/1271 1725/1005/1340 1724/1004/1339
f 1722/1002/1337 1656/936/1271 1724/1004/1339
f 1661/941/1276 1656/936/1271 1722/1002/1337
f 1666/946/1281 1661/941/1276 1722/1002/1337
f 1666/946/1281 1722/1002/1337 1726/1006/1341
f 1722/1002/1337 1708/988/1323 1726/1006/1341
f 1666/946/1281 1726/1006/1341 1701/981/1316
f 1726/1006/1341 1708/988/1323 1701/981/1316
f 1727/1007/1303 1728/1008/1302 1729/1009/1342
f 1728/1008/1302 1730/1010/1343 1729/1009/1342
f 1728/1008/1302 1731/1011/1305 1730/1010/1343
f 1729/1009/1342 1730/1010/1343 1732/1012/1344
f 1729/1009/1342 1732/1012/1344 1733/1013/1345
f 1732/1012/1344 1734/1014/1346 1733/1013/1345
f 1731/1011/1305 1735/1015/1347 1730/1010/1343
f 1730/1010/1343 1735/1015/1347 1732/1012/1344
f 1731/1011/1305 1736/1016/1306 1735/1015/1347
f 1732/1012/1344 1737/1017/1348 1734/1014/1346
f 1732/1012/1344 1735/1015/1347 1737/1017/1348
f 1737/1017/1348 1738/1018/1349 1734/1014/1346
f 1734/1014/1346 1738/1018/1349 1739/1019/1350
f 1738/1018/1349 1740/1020/1351 1739/1019/1350
f 1737/1017/1348 1741/1021/1352 1738/1018/1349
f 1735/1015/1347 1741/1021/1352 1737/1017/1348
f 1738/1018/1349 1742/1022/1353 1740/1020/1351
f 1741/1021/1352 1742/1022/1353 1738/1018/1349
f 1742/1022/1353 1743/1023/1354 1740/1020/1351
f 1740/1020/1351 1743/1023/1354 1744/1024/1355
f 1744/1024/1355 1743/1023/1354 1745/1025/1356
f 1741/1021/1352 1746/1026/1357 1742/1022/1353
f 1742/1022/1353 1746/1026/1357 1743/1023/1354
f 1745/1025/1356 1743/1023/1354 1747/1027/1358
f 1746/1026/1357 1747/1027/1358 1743/1023/1354
f 1745/1025/1356 1747/1027/1358 1748/1028/1359
f 1745/1025/1356 1748/1028/1359 1749/1029/1360
f 1748/1028/1359 1750/1030/1361 1749/1029/1360
f 1751/1031/1362 1748/1028/1359 1747/1027/1358
f 1751/1031/1362 1747/1027/1358 1746/1026/1357
f 1748/1028/1359 1752/1032/1363 1750/1030/1361
f 1751/1031/1362 1752/1032/1363 1748/1028/1359
f 1752/1032/1363 1753/1033/1364 1750/1030/1361
f 1750/1030/1361 1753/1033/1364 1754/1034/1365
f 1753/1033/1364 1755/1035/1366 1754/1034/1365
f 1751/1031/1362 1756/1036/1367 1752/1032/1363
f 1752/1032/1363 1756/1036/1367 1753/1033/1364
f 1753/1033/1364 1757/1037/1368 1755/1035/1366
f 1753/1033/1364 1756/1036/1367 1757/1037/1368
f 1757/1037/1368 1758/1038/1369 1755/1035/1366
f 1755/1035/1366 1758/1038/1369 1759/1039/1370
f 1758/1038/1369 1760/1040/1371 1759/1039/1370
f 1757/1037/1368 1761/1041/1372 1758/1038/1369
f 1757/1037/1368 1756/1036/1367 1761/1041/1372
f 1758/1038/1369 1762/1042/1373 1760/1040/1371
f 1761/1041/1372 1762/1042/1373 1758/1038/1369
f 1762/1042/1373 1763/1043/1374 1760/1040/1371
f 1760/1040/1371 1763/1043/1374 1764/1044/1375
f 1763/1043/1374 1765/1045/1376 1764/1044/1375
f 1761/1041/1372 1766/1046/1377 1762/1042/1373
f 1762/1042/1373 1766/1046/1377 1763/1043/1374
f 1763/1043/1374 1767/1047/1378 1765/1045/1376
f 1766/1046/1377 1767/1047/1378 1763/1043/1374
f 1767/1047/1378 1768/1048/1379 1765/1045/1376
f 1768/1048/1379 1769/1049/1380 1765/1045/1376
f 1768/1048/1379 1770/1050/1381 1769/1049/1380
f 1771/1051/1382 1768/1048/1379 1767/1047/1378
f 1771/1051/1382 1767/1047/1378 1766/1046/1377
f 1772/1052/1383 1770/1050/1381 1768/1048/1379
f 1771/1051/1382 1772/1052/1383 1768/1048/1379
f 1773/1053/1384 1770/1050/1381 1772/1052/1383
f 1773/1053/1384 1774/1054/1385 1770/1050/1381
f 1773/1053/1384 1775/1055/1386 1774/1054/1385
f 1776/1056/1387 1772/1052/1383 1771/1051/1382
f 1776/1056/1387 1773/1053/1384 1772/1052/1383
f 1777/1057/1254 1778/1058/1253 1775/1055/1386
f 1779/1059/1388 1775/1055/1386 1773/1053/1384
f 1779/1059/1388 1777/1057/1254 1775/1055/1386
f 1776/1056/1387 1779/1059/1388 1773/1053/1384
f 1780/1060/1389 1777/1057/1254 1779/1059/1388
f 1776/1056/1387 1780/1060/1389 1779/1059/1388
f 1781/1061/1261 1780/1060/1389 1776/1056/1387
f 1782/1062/1390 1781/1061/1261 1776/1056/1387
f 1776/1056/1387 1771/1051/1382 1783/1063/1391
f 1782/1062/1390 1776/1056/1387 1783/1063/1391
f 1783/1063/1391 1771/1051/1382 1766/1046/1377
f 1784/1064/1392 1781/1061/1261 1782/1062/1390
f 1784/1064/1392 1782/1062/1390 1783/1063/1391
f 1784/1064/1392 1785/1065/1336 1781/1061/1261
f 1786/1066/1393 1783/1063/1391 1766/1046/1377
f 1787/1067/1394 1785/1065/1336 1784/1064/1392
f 1787/1067/1394 1788/1068/1333 1785/1065/1336
f 1789/1069/1395 1784/1064/1392 1783/1063/1391
f 1789/1069/1395 1783/1063/1391 1786/1066/1393
f 1790/1070/1396 1787/1067/1394 1784/1064/1392
f 1790/1070/1396 1784/1064/1392 1789/1069/1395
f 1791/1071/1397 1788/1068/1333 1787/1067/1394
f 1790/1070/1396 1791/1071/1397 1787/1067/1394
f 1791/1071/1397 1792/1072/1331 1788/1068/1333
f 1791/1071/1397 1793/1073/1330 1792/1072/1331
f 1794/1074/1398 1793/1073/1330 1791/1071/1397
f 1795/1075/1399 1794/1074/1398 1791/1071/1397
f 1795/1075/1399 1791/1071/1397 1790/1070/1396
f 1796/1076/1400 1794/1074/1398 1795/1075/1399
f 1797/1077/1401 1795/1075/1399 1790/1070/1396
f 1797/1077/1401 1790/1070/1396 1789/1069/1395
f 1798/1078/1402 1796/1076/1400 1795/1075/1399
f 1798/1078/1402 1795/1075/1399 1797/1077/1401
f 1799/1079/1403 1796/1076/1400 1798/1078/1402
f 1799/1079/1403 1800/1080/1404 1796/1076/1400
f 1801/1081/1405 1798/1078/1402 1797/1077/1401
f 1802/1082/1406 1800/1080/1404 1799/1079/1403
f 1802/1082/1406 1803/1083/1318 1800/1080/1404
f 1802/1082/1406 1804/1084/1314 1803/1083/1318
f 1805/1085/1311 1804/1084/1314 1802/1082/1406
f 1806/1086/1407 1799/1079/1403 1798/1078/1402
f 1806/1086/1407 1798/1078/1402 1801/1081/1405
f 1807/1087/1408 1805/1085/1311 1802/1082/1406
f 1808/1088/1308 1805/1085/1311 1807/1087/1408
f 1809/1089/1409 1802/1082/1406 1799/1079/1403
f 1807/1087/1408 1802/1082/1406 1809/1089/1409
f 1809/1089/1409 1799/1079/1403 1806/1086/1407
f 1810/1090/1410 1808/1088/1308 1807/1087/1408
f 1810/1090/1410 1807/1087/1408 1809/1089/1409
f 1736/1016/1306 1808/1088/1308 1810/1090/1410
f 1811/1091/1411 1809/1089/1409 1806/1086/1407
f 1810/1090/1410 1809/1089/1409 1811/1091/1411
f 1736/1016/1306 1810/1090/1410 1812/1092/1412
f 1736/1016/1306 1812/1092/1412 1735/1015/1347
f 1812/1092/1412 1810/1090/1410 1813/1093/1413
f 1735/1015/1347 1812/1092/1412 1813/1093/1413
f 1810/1090/1410 1811/1091/1411 1813/1093/1413
f 1735/1015/1347 1813/1093/1413 1741/1021/1352
f 1813/1093/1413 1746/1026/1357 1741/1021/1352
f 1813/1093/1413 1811/1091/1411 1814/1094/1414
f 1813/1093/1413 1814/1094/1414 1746/1026/1357
f 1811/1091/1411 1815/1095/1415 1814/1094/1414
f 1811/1091/1411 1806/1086/1407 1815/1095/1415
f 1814/1094/1414 1816/1096/1416 1746/1026/1357
f 1814/1094/1414 1815/1095/1415 1816/1096/1416
f 1816/1096/1416 1751/1031/1362 1746/1026/1357
f 1816/1096/1416 1756/1036/1367 1751/1031/1362
f 1815/1095/1415 1806/1086/1407 1817/1097/1417
f 1806/1086/1407 1801/1081/1405 1817/1097/1417
f 1817/1097/1417 1801/1081/1405 1797/1077/1401
f 1815/1095/1415 1818/1098/1418 1816/1096/1416
f 1815/1095/1415 1817/1097/1417 1818/1098/1418
f 1816/1096/1416 1818/1098/1418 1756/1036/1367
f 1817/1097/1417 1797/1077/1401 1819/1099/1419
f 1817/1097/1417 1819/1099/1419 1818/1098/1418
f 1797/1077/1401 1789/1069/1395 1819/1099/1419
f 1789/1069/1395 1786/1066/1393 1819/1099/1419
f 1820/1100/1420 1756/1036/1367 1818/1098/1418
f 1819/1099/1419 1820/1100/1420 1818/1098/1418
f 1786/1066/1393 1820/1100/1420 1819/1099/1419
f 1820/1100/1420 1761/1041/1372 1756/1036/1367
f 1786/1066/1393 1766/1046/1377 1820/1100/1420
f 1820/1100/1420 1766/1046/1377 1761/1041/1372
f 1821/1101/1421 1822/1102/332 1823/1103/331
f 1821/1101/1421 1824/1104/1422 1822/1102/332
f 1824/1104/1422 1825/1105/1423 1822/1102/332
f 1826/1106/1424 1824/1104/1422 1821/1101/1421
f 1827/1107/1425 1825/1105/1423 1824/1104/1422
f 1826/1106/1424 1827/1107/1425 1824/1104/1422
f 1827/1107/1425 1828/1108/344 1825/1105/1423
f 1827/1107/1425 1829/1109/1426 1828/1108/344
f 1827/1107/1425 1830/1110/343 1829/1109/1426
f 1831/1111/1427 1830/1110/343 1827/1107/1425
f 1826/1106/1424 1831/1111/1427 1827/1107/1425
f 1831/1111/1427 1832/1112/341 1830/1110/343
f 1833/1113/1428 1832/1112/341 1831/1111/1427
f 1834/1114/1429 1831/1111/1427 1826/1106/1424
f 1834/1114/1429 1833/1113/1428 1831/1111/1427
f 1835/1115/1430 1826/1106/1424 1821/1101/1421
f 1835/1115/1430 1834/1114/1429 1826/1106/1424
f 1835/1115/1430 1821/1101/1421 1836/2/1431
f 1837/1/1 1835/1115/1430 1836/2/1431
f 1838/1116/1432 1835/1115/1430 1837/1/1
f 1838/1116/1432 1839/1117/336 1835/1115/1430
f 1840/1118/1433 1833/1113/1428 1834/1114/1429
f 1835/1115/1430 1840/1118/1433 1834/1114/1429
f 1840/1118/1433 1841/1119/338 1833/1113/1428
f 1835/1115/1430 1839/1117/336 1842/1120/1434
f 1835/1115/1430 1842/1120/1434 1840/1118/1433
f 1842/1120/1434 1841/1119/338 1840/1118/1433
f 1839/1117/336 1843/1121/337 1842/1120/1434
f 1842/1120/1434 1843/1121/337 1841/1119/338
f 1844/1101/1435 1845/1103/349 1846/1102/350
f 1844/1101/1435 1846/1102/350 1847/1104/1436
f 1846/1102/350 1848/1105/1437 1847/1104/1436
f 1844/1101/1435 1847/1104/1436 1849/1106/1438
f 1847/1104/1436 1848/1105/1437 1850/1107/1439
f 1849/1106/1438 1847/1104/1436 1850/1107/1439
f 1850/1107/1439 1848/1105/1437 1851/1108/362
f 1850/1107/1439 1851/1108/362 1852/1109/1440
f 1850/1107/1439 1852/1109/1440 1853/1110/361
f 1854/1111/1441 1850/1107/1439 1853/1110/361
f 1849/1106/1438 1850/1107/1439 1854/1111/1441
f 1854/1111/1441 1853/1110/361 1855/1112/359
f 1856/1113/1442 1854/1111/1441 1855/1112/359
f 1857/1114/1443 1849/1106/1438 1854/1111/1441
f 1857/1114/1443 1854/1111/1441 1856/1113/1442
f 1858/1115/1444 1844/1101/1435 1849/1106/1438
f 1858/1115/1444 1849/1106/1438 1857/1114/1443
f 1859/2/1445 1844/1101/1435 1858/1115/1444
f 1859/2/1445 1858/1115/1444 1860/1/5
f 1860/1/5 1858/1115/1444 1861/1116/1446
f 1858/1115/1444 1862/1117/354 1861/1116/1446
f 1863/1118/1447 1857/1114/1443 1856/1113/1442
f 1858/1115/1444 1857/1114/1443 1863/1118/1447
f 1863/1118/1447 1856/1113/1442 1864/1119/356
f 1858/1115/1444 1865/1120/1448 1862/1117/354
f 1858/1115/1444 1863/1118/1447 1865/1120/1448
f 1863/1118/1447 1864/1119/356 1865/1120/1448
f 1865/1120/1448 1866/1121/355 1862/1117/354
f 1865/1120/1448 1864/1119/356 1866/1121/355
f 1867/1122/1449 1868/1123/985 1869/1124/1450
f 1867/1122/1449 1870/1125/1451 1868/1123/985
f 1868/1123/985 1870/1125/1451 1871/1126/1452
f 1870/1125/1451 1872/1127/992 1871/1126/1452
f 1867/1122/1449 1873/1128/1453 1870/1125/1451
f 1870/1125/1451 1874/1129/1454 1872/1127/992
f 1873/1128/1453 1874/1129/1454 1870/1125/1451
f 1872/1127/992 1874/1129/1454 1875/1130/1016
f 1876/1131/1455 1873/1128/1453 1867/1122/1449
f 1876/1131/1455 1874/1129/1454 1873/1128/1453
f 1877/1132/1456 1876/1131/1455 1867/1122/1449
f 1874/1129/1454 1878/1133/1457 1875/1130/1016
f 1875/1130/1016 1878/1133/1457 1879/1134/1458
f 1876/1131/1455 1880/1135/1459 1874/1129/1454
f 1874/1129/1454 1880/1135/1459 1878/1133/1457
f 1877/1132/1456 1881/1136/1460 1876/1131/1455
f 1877/1132/1456 1882/1137/1461 1881/1136/1460
f 1876/1131/1455 1883/1138/1462 1880/1135/1459
f 1876/1131/1455 1881/1136/1460 1883/1138/1462
f 1880/1135/1459 1884/1139/1463 1878/1133/1457
f 1881/1136/1460 1882/1137/1461 1885/1140/1464
f 1886/1141/1465 1884/1139/1463 1880/1135/1459
f 1883/1138/1462 1886/1141/1465 1880/1135/1459
f 1878/1133/1457 1884/1139/1463 1887/1142/1466
f 1878/1133/1457 1887/1142/1466 1879/1134/1458
f 1879/1134/1458 1887/1142/1466 1888/1143/1019
f 1887/1142/1466 1889/1144/1467 1888/1143/1019
f 1884/1139/1463 1890/1145/1468 1887/1142/1466
f 1890/1145/1468 1889/1144/1467 1887/1142/1466
f 1886/1141/1465 1890/1145/1468 1884/1139/1463
f 1890/1145/1468 1891/1146/1469 1889/1144/1467
f 1886/1141/1465 1891/1146/1469 1890/1145/1468
f 1891/1146/1469 1892/1147/1470 1889/1144/1467
f 1893/1148/1471 1892/1147/1470 1891/1146/1469
f 1894/1149/1472 1886/1141/1465 1883/1138/1462
f 1894/1149/1472 1891/1146/1469 1886/1141/1465
f 1881/1136/1460 1895/1150/1473 1883/1138/1462
f 1895/1150/1473 1894/1149/1472 1883/1138/1462
f 1881/1136/1460 1885/1140/1464 1895/1150/1473
f 1894/1149/1472 1896/1151/1474 1891/1146/1469
f 1895/1150/1473 1885/1140/1464 1897/1152/1475
f 1882/1137/1461 1897/1152/1475 1885/1140/1464
f 1882/1137/1461 1898/1153/1476 1897/1152/1475
f 1895/1150/1473 1899/1154/1477 1894/1149/1472
f 1895/1150/1473 1897/1152/1475 1899/1154/1477
f 1899/1154/1477 1896/1151/1474 1894/1149/1472
f 1898/1153/1476 1900/1155/1478 1897/1152/1475
f 1897/1152/1475 1900/1155/1478 1899/1154/1477
f 1898/1153/1476 1901/1156/1479 1900/1155/1478
f 1899/1154/1477 1902/1157/1480 1896/1151/1474
f 1899/1154/1477 1900/1155/1478 1902/1157/1480
f 1896/1151/1474 1903/1158/1481 1891/1146/1469
f 1903/1158/1481 1893/1148/1471 1891/1146/1469
f 1896/1151/1474 1904/1159/1482 1903/1158/1481
f 1896/1151/1474 1902/1157/1480 1904/1159/1482
f 1903/1158/1481 1905/1160/1483 1893/1148/1471
f 1904/1159/1482 1905/1160/1483 1903/1158/1481
f 1905/1160/1483 1906/1161/1010 1893/1148/1471
f 1905/1160/1483 1907/1162/1484 1906/1161/1010
f 1904/1159/1482 1908/1163/1485 1905/1160/1483
f 1908/1163/1485 1907/1162/1484 1905/1160/1483
f 1902/1157/1480 1908/1163/1485 1904/1159/1482
f 1908/1163/1485 1909/1164/1005 1907/1162/1484
f 1902/1157/1480 1910/1165/1486 1908/1163/1485
f 1910/1165/1486 1909/1164/1005 1908/1163/1485
f 1900/1155/1478 1910/1165/1486 1902/1157/1480
f 1910/1165/1486 1911/1166/1002 1909/1164/1005
f 1900/1155/1478 1912/1167/1487 1910/1165/1486
f 1900/1155/1478 1901/1156/1479 1912/1167/1487
f 1910/1165/1486 1913/1168/1488 1911/1166/1002
f 1912/1167/1487 1913/1168/1488 1910/1165/1486
f 1912/1167/1487 1901/1156/1479 1913/1168/1488
f 1911/1166/1002 1913/1168/1488 1914/1169/1489
f 1913/1168/1488 1915/1170/1000 1914/1169/1489
f 1901/1156/1479 1915/1170/1000 1913/1168/1488
f 1901/1156/1479 1916/1171/1490 1915/1170/1000
f 1917/1172/1491 1918/1173/1492 1919/1174/1493
f 1918/1173/1492 1920/1175/1494 1921/1176/1495
f 1918/1173/1492 1922/1177/1496 1919/1174/1493
f 1918/1173/1492 1921/1176/1495 1922/1177/1496
f 1919/1174/1493 1923/1178/1497 1924/1179/1498
f 1919/1174/1493 1922/1177/1496 1923/1178/1497
f 1921/1176/1495 1925/1180/1499 1922/1177/1496
f 1922/1177/1496 1925/1180/1499 1923/1178/1497
f 1921/1176/1495 1926/1181/1500 1925/1180/1499
f 1923/1178/1497 1925/1180/1499 1927/1182/1501
f 1928/1172/1502 1929/1174/1503 1930/1173/1504
f 1929/1174/1503 1931/1179/1505 1932/1178/1506
f 1929/1174/1503 1933/1177/1507 1930/1173/1504
f 1929/1174/1503 1932/1178/1506 1933/1177/1507
f 1930/1173/1504 1934/1176/1508 1935/1175/1509
f 1930/1173/1504 1933/1177/1507 1934/1176/1508
f 1932/1178/1506 1936/1180/1510 1933/1177/1507
f 1933/1177/1507 1936/1180/1510 1934/1176/1508
f 1932/1178/1506 1937/1182/1511 1936/1180/1510
f 1934/1176/1508 1936/1180/1510 1938/1181/1512
f 1939/1183/1513 1940/1184/1514 1941/1185/1497
f 1942/1186/1515 1939/1183/1513 1941/1185/1497
f 1939/1183/1513 1943/1187/1493 1940/1184/1514
f 1944/1188/1516 1939/1183/1513 1942/1186/1515
f 1944/1188/1516 1942/1186/1515 1945/1189/1517
f 1946/1190/1518 1943/1187/1493 1939/1183/1513
f 1944/1188/1516 1946/1190/1518 1939/1183/1513
f 1944/1188/1516 1945/1189/1517 1947/1191/1519
f 1945/1189/1517 1948/1192/1520 1947/1191/1519
f 1944/1188/1516 1947/1191/1519 1949/1193/1521
f 1944/1188/1516 1949/1193/1521 1946/1190/1518
f 1947/1191/1519 1948/1192/1520 1950/1194/1522
f 1947/1191/1519 1950/1194/1522 1949/1193/1521
f 1948/1192/1520 1951/1195/17 1950/1194/1522
f 1949/1193/1521 1950/1194/1522 1952/1196/1523
f 1949/1193/1521 1952/1196/1523 1946/1190/1518
f 1950/1194/1522 1951/1195/17 1953/1197/1524
f 1950/1194/1522 1953/1197/1524 1952/1196/1523
f 1946/1190/1518 1954/1198/1525 1943/1187/1493
f 1954/1198/1525 1955/1199/1491 1943/1187/1493
f 1954/1198/1525 1956/1200/1526 1955/1199/1491
f 1946/1190/1518 1952/1196/1523 1957/1201/1527
f 1946/1190/1518 1957/1201/1527 1954/1198/1525
f 1952/1196/1523 1958/1202/1528 1957/1201/1527
f 1952/1196/1523 1953/1197/1524 1958/1202/1528
f 1954/1198/1525 1957/1201/1527 1959/1203/1529
f 1954/1198/1525 1959/1203/1529 1956/1200/1526
f 1957/1201/1527 1958/1202/1528 1959/1203/1529
f 1956/1200/1526 1959/1203/1529 1960/1204/1530
f 1956/1200/1526 1960/1204/1530 1961/1205/1494
f 1960/1204/1530 1962/1206/1531 1961/1205/1494
f 1958/1202/1528 1963/1207/1532 1959/1203/1529
f 1959/1203/1529 1963/1207/1532 1960/1204/1530
f 1953/1197/1524 1964/1208/1533 1958/1202/1528
f 1958/1202/1528 1964/1208/1533 1963/1207/1532
f 1953/1197/1524 1965/1209/1534 1964/1208/1533
f 1951/1195/17 1965/1209/1534 1953/1197/1524
f 1964/1208/1533 1966/1210/1535 1963/1207/1532
f 1965/1209/1534 1966/1210/1535 1964/1208/1533
f 1963/1207/1532 1967/1211/1536 1960/1204/1530
f 1963/1207/1532 1966/1210/1535 1967/1211/1536
f 1960/1204/1530 1967/1211/1536 1962/1206/1531
f 1951/1195/17 1968/1212/1537 1965/1209/1534
f 1951/1195/17 1969/1213/1520 1968/1212/1537
f 1965/1209/1534 1970/1214/1538 1966/1210/1535
f 1968/1212/1537 1970/1214/1538 1965/1209/1534
f 1966/1210/1535 1971/1215/1539 1967/1211/1536
f 1970/1214/1538 1971/1215/1539 1966/1210/1535
f 1967/1211/1536 1972/1216/1540 1962/1206/1531
f 1967/1211/1536 1971/1215/1539 1972/1216/1540
f 1962/1206/1531 1972/1216/1540 1973/1217/1500
f 1972/1216/1540 1974/1218/1499 1973/1217/1500
f 1970/1214/1538 1975/1219/1541 1971/1215/1539
f 1968/1212/1537 1975/1219/1541 1970/1214/1538
f 1971/1215/1539 1976/1220/1542 1972/1216/1540
f 1976/1220/1542 1974/1218/1499 1972/1216/1540
f 1975/1219/1541 1976/1220/1542 1971/1215/1539
f 1968/1212/1537 1969/1213/1520 1977/1221/1543
f 1968/1212/1537 1977/1221/1543 1975/1219/1541
f 1969/1213/1520 1978/1222/1517 1977/1221/1543
f 1977/1221/1543 1979/1223/1544 1975/1219/1541
f 1977/1221/1543 1978/1222/1517 1979/1223/1544
f 1975/1219/1541 1979/1223/1544 1976/1220/1542
f 1978/1222/1517 1980/1224/1515 1979/1223/1544
f 1979/1223/1544 1981/1225/1545 1976/1220/1542
f 1979/1223/1544 1980/1224/1515 1981/1225/1545
f 1976/1220/1542 1981/1225/1545 1974/1218/1499
f 1980/1224/1515 1982/1226/1497 1981/1225/1545
f 1981/1225/1545 1983/1227/1501 1974/1218/1499
f 1981/1225/1545 1982/1226/1497 1983/1227/1501
f 1984/1183/1546 1985/1185/1506 1986/1184/1547
f 1987/1186/1548 1985/1185/1506 1984/1183/1546
f 1984/1183/1546 1986/1184/1547 1988/1187/1503
f 1989/1188/1549 1987/1186/1548 1984/1183/1546
f 1989/1188/1549 1990/1189/1550 1987/1186/1548
f 1991/1190/1551 1984/1183/1546 1988/1187/1503
f 1989/1188/1549 1984/1183/1546 1991/1190/1551
f 1989/1188/1549 1992/1191/1552 1990/1189/1550
f 1992/1191/1552 1993/1192/1553 1990/1189/1550
f 1989/1188/1549 1994/1193/1554 1992/1191/1552
f 1989/1188/1549 1991/1190/1551 1994/1193/1554
f 1992/1191/1552 1995/1194/1555 1993/1192/1553
f 1992/1191/1552 1994/1193/1554 1995/1194/1555
f 1995/1194/1555 1996/1195/18 1993/1192/1553
f 1994/1193/1554 1997/1196/1556 1995/1194/1555
f 1994/1193/1554 1991/1190/1551 1997/1196/1556
f 1995/1194/1555 1998/1197/1557 1996/1195/18
f 1995/1194/1555 1997/1196/1556 1998/1197/1557
f 1991/1190/1551 1988/1187/1503 1999/1198/1558
f 1988/1187/1503 2000/1199/1502 1999/1198/1558
f 1999/1198/1558 2000/1199/1502 2001/1200/1559
f 1991/1190/1551 2002/1201/1560 1997/1196/1556
f 1991/1190/1551 1999/1198/1558 2002/1201/1560
f 1997/1196/1556 2002/1201/1560 2003/1202/1561
f 1997/1196/1556 2003/1202/1561 1998/1197/1557
f 1999/1198/1558 2004/1203/1562 2002/1201/1560
f 2002/1201/1560 2004/1203/1562 2003/1202/1561
f 1999/1198/1558 2001/1200/1559 2004/1203/1562
f 1998/1197/1557 2003/1202/1561 2005/1208/1563
f 2001/1200/1559 2006/1204/1564 2004/1203/1562
f 2001/1200/1559 2007/1205/1509 2006/1204/1564
f 2003/1202/1561 2004/1203/1562 2008/1207/1565
f 2004/1203/1562 2006/1204/1564 2008/1207/1565
f 2003/1202/1561 2008/1207/1565 2005/1208/1563
f 2006/1204/1564 2007/1205/1509 2009/1206/1566
f 2008/1207/1565 2006/1204/1564 2010/1211/1567
f 2006/1204/1564 2009/1206/1566 2010/1211/1567
f 2005/1208/1563 2008/1207/1565 2011/1210/1568
f 2008/1207/1565 2010/1211/1567 2011/1210/1568
f 1998/1197/1557 2005/1208/1563 2012/1209/1569
f 2005/1208/1563 2011/1210/1568 2012/1209/1569
f 1998/1197/1557 2012/1209/1569 1996/1195/18
f 2010/1211/1567 2009/1206/1566 2013/1216/1570
f 2009/1206/1566 2014/1217/1512 2013/1216/1570
f 2013/1216/1570 2014/1217/1512 2015/1218/1510
f 2010/1211/1567 2013/1216/1570 2016/1215/1571
f 2011/1210/1568 2010/1211/1567 2016/1215/1571
f 2017/1220/1572 2013/1216/1570 2015/1218/1510
f 2016/1215/1571 2013/1216/1570 2017/1220/1572
f 2011/1210/1568 2016/1215/1571 2018/1214/1573
f 2012/1209/1569 2011/1210/1568 2018/1214/1573
f 2018/1214/1573 2016/1215/1571 2019/1219/1574
f 2019/1219/1574 2016/1215/1571 2017/1220/1572
f 2012/1209/1569 2018/1214/1573 2020/1212/1575
f 2020/1212/1575 2018/1214/1573 2019/1219/1574
f 1996/1195/18 2012/1209/1569 2020/1212/1575
f 1996/1195/18 2020/1212/1575 2021/1213/1553
f 2020/1212/1575 2022/1221/1576 2021/1213/1553
f 2020/1212/1575 2019/1219/1574 2022/1221/1576
f 2021/1213/1553 2022/1221/1576 2023/1222/1550
f 2022/1221/1576 2019/1219/1574 2024/1223/1577
f 2022/1221/1576 2024/1223/1577 2023/1222/1550
f 2019/1219/1574 2017/1220/1572 2024/1223/1577
f 2023/1222/1550 2024/1223/1577 2025/1224/1548
f 2024/1223/1577 2017/1220/1572 2026/1225/1578
f 2024/1223/1577 2026/1225/1578 2025/1224/1548
f 2017/1220/1572 2015/1218/1510 2026/1225/1578
f 2025/1224/1548 2026/1225/1578 2027/1226/1506
f 2026/1225/1578 2015/1218/1510 2028/1227/1511
f 2026/1225/1578 2028/1227/1511 2027/1226/1506
f 2029/1228/1579 2030/1229/1580 2031/1230/1581
f 2031/1230/1581 2030/1229/1580 2032/1231/1582
f 2033/1232/1583 2029/1228/1579 2031/1230/1581
f 2031/1230/1581 2032/1231/1582 2034/1233/1584
f 2033/1232/1583 2031/1230/1581 2035/1234/1585
f 2031/1230/1581 2034/1233/1584 2035/1234/1585
f 2033/1232/1583 2035/1234/1585 2036/1235/1586
f 2034/1233/1584 2037/1236/1587 2035/1234/1585
f 2036/1235/1586 2035/1234/1585 2038/1237/1588
f 2037/1236/1587 2039/1238/1589 2035/1234/1585
f 2038/1237/1588 2040/1239/1590 2041/1240/1591
f 2038/1237/1588 2035/1234/1585 2040/1239/1590
f 2040/1239/1590 2042/1241/1592 2041/1240/1591
f 2040/1239/1590 2043/1242/1593 2042/1241/1592
f 2040/1239/1590 2044/1243/1594 2043/1242/1593
f 2040/1239/1590 2035/1234/1585 2044/1243/1594
f 2044/1243/1594 2035/1234/1585 2045/1244/1595
f 2035/1234/1585 2046/1245/1596 2045/1244/1595
f 2035/1234/1585 2047/1246/1597 2046/1245/1596
f 2046/1245/1596 2047/1246/1597 2048/1247/1598
f 2047/1246/1597 2049/1248/1599 2048/1247/1598
f 2047/1246/1597 2050/1249/1600 2049/1248/1599
f 2051/1250/1601 2050/1249/1600 2047/1246/1597
f 2035/1234/1585 2051/1250/1601 2047/1246/1597
f 2035/1234/1585 2052/1251/1602 2051/1250/1601
f 2035/1234/1585 2053/1252/1603 2052/1251/1602
f 2035/1234/1585 2054/1253/1604 2053/1252/1603
f 2039/1238/1589 2054/1253/1604 2035/1234/1585
f 2054/1253/1604 2055/1254/1605 2053/1252/1603
f 2039/1238/1589 2056/1255/1606 2054/1253/1604
f 2054/1253/1604 2057/1256/1607 2055/1254/1605
f 2056/1255/1606 2057/1256/1607 2054/1253/1604
f 2058/1257/1608 2059/1258/990 2060/1259/1234
f 2058/1257/1608 2060/1259/1234 2061/1260/1609
f 2058/1257/1608 2061/1260/1609 2062/1261/1610
f 2063/1262/988 2059/1258/990 2058/1257/1608
f 2064/1263/1611 2058/1257/1608 2062/1261/1610
f 2065/1264/1612 2063/1262/988 2058/1257/1608
f 2065/1264/1612 2058/1257/1608 2064/1263/1611
f 2065/1264/1612 2066/1265/1613 2063/1262/988
f 2067/1266/1614 2065/1264/1612 2064/1263/1611
f 2068/1267/1615 2066/1265/1613 2065/1264/1612
f 2067/1266/1614 2068/1267/1615 2065/1264/1612
f 2068/1267/1615 2069/1268/1616 2066/1265/1613
f 2067/1266/1614 2070/1269/1617 2068/1267/1615
f 2068/1267/1615 2071/1270/1618 2069/1268/1616
f 2070/1269/1617 2071/1270/1618 2068/1267/1615
f 2071/1270/1618 2072/1271/1456 2069/1268/1616
f 2070/1269/1617 2073/1272/1619 2071/1270/1618
f 2071/1270/1618 2074/1273/1620 2072/1271/1456
f 2073/1272/1619 2074/1273/1620 2071/1270/1618
f 2074/1273/1620 2075/1274/1461 2072/1271/1456
f 2074/1273/1620 2076/1275/1476 2075/1274/1461
f 2073/1272/1619 2077/1276/1621 2074/1273/1620
f 2077/1276/1621 2076/1275/1476 2074/1273/1620
f 2073/1272/1619 2078/1277/1622 2077/1276/1621
f 2077/1276/1621 2079/1278/1479 2076/1275/1476
f 2077/1276/1621 2078/1277/1622 2080/1279/1623
f 2077/1276/1621 2080/1279/1623 2079/1278/1479
f 2078/1277/1622 2081/1280/1624 2080/1279/1623
f 2079/1278/1479 2080/1279/1623 2082/1281/1625
f 2080/1279/1623 2081/1280/1624 2083/1282/1626
f 2080/1279/1623 2083/1282/1626 2082/1281/1625
f 2081/1280/1624 2084/1283/1627 2083/1282/1626
f 2082/1281/1625 2083/1282/1626 2085/1284/996
f 2083/1282/1626 2084/1283/1627 2086/1285/1628
f 2083/1282/1626 2086/1285/1628 2085/1284/996
f 2084/1283/1627 2087/1286/1629 2086/1285/1628
f 2085/1284/996 2086/1285/1628 2088/1287/990
f 2086/1285/1628 2087/1286/1629 2089/1288/1609
f 2086/1285/1628 2090/1289/1234 2088/1287/990
f 2086/1285/1628 2089/1288/1609 2090/1289/1234
f 2091/1290/1630 2092/1291/1631 2093/2/1632
f 2091/1290/1630 2094/1292/1633 2092/1291/1631
f 2092/1291/1631 2095/1293/1634 2093/2/1632
f 2092/1291/1631 2094/1292/1633 2095/1293/1634
f 2093/2/1632 2095/1293/1634 2096/3/1635
f 2094/1292/1633 2096/3/1635 2095/1293/1634
f 2097/1290/1636 2098/1291/1637 2099/1292/1638
f 2097/1290/1636 2100/2/1639 2098/1291/1637
f 2098/1291/1637 2101/1293/1640 2099/1292/1638
f 2098/1291/1637 2100/2/1639 2101/1293/1640
f 2099/1292/1638 2101/1293/1640 2102/3/1641
f 2100/2/1639 2102/3/1641 2101/1293/1640
f 2103/1294/1642 2104/1295/1643 2105/1296/1644
f 2105/1296/1644 2104/1295/1643 2106/1297/1645
f 2103/1294/1642 2107/1298/1646 2104/1295/1643
f 2106/1297/1645 2104/1295/1643 2108/1299/1647
f 2107/1298/1646 2109/1300/1648 2104/1295/1643
f 2108/1299/1647 2104/1295/1643 2110/1301/1649
f 2109/1300/1648 2111/1302/1650 2104/1295/1643
f 2110/1301/1649 2104/1295/1643 2112/1303/1651
f 2111/1302/1650 2113/1304/1652 2104/1295/1643
f 2104/1295/1643 2113/1304/1652 2112/1303/1651
f 2114/1305/1653 2115/1306/1654 2116/1307/1655
f 2114/1305/1653 2116/1307/1655 2117/1308/1656
f 2114/1305/1653 2118/1309/1657 2115/1306/1654
f 2118/1309/1657 2119/1310/1658 2115/1306/1654
f 2120/1311/1659 2114/1305/1653 2117/1308/1656
f 2120/1311/1659 2117/1308/1656 2121/1312/1660
f 2122/1313/1661 2119/1310/1658 2118/1309/1657
f 2123/1314/1662 2119/1310/1658 2122/1313/1661
f 2124/1315/1663 2118/1309/1657 2114/1305/1653
f 2124/1315/1663 2122/1313/1661 2118/1309/1657
f 2124/1315/1663 2114/1305/1653 2120/1311/1659
f 2125/1316/1664 2123/1314/1662 2122/1313/1661
f 2125/1316/1664 2122/1313/1661 2124/1315/1663
f 2126/1317/1665 2123/1314/1662 2125/1316/1664
f 2127/1318/1666 2120/1311/1659 2121/1312/1660
f 2124/1315/1663 2120/1311/1659 2127/1318/1666
f 2128/1319/1667 2127/1318/1666 2121/1312/1660
f 2129/1320/1668 2126/1317/1665 2125/1316/1664
f 2129/1320/1668 2125/1316/1664 2124/1315/1663
f 2130/1321/1669 2126/1317/1665 2129/1320/1668
f 2130/1321/1669 2129/1320/1668 2131/1322/1670
f 2132/1323/1671 2124/1315/1663 2127/1318/1666
f 2129/1320/1668 2124/1315/1663 2132/1323/1671
f 2132/1323/1671 2127/1318/1666 2128/1319/1667
f 2129/1320/1668 2132/1323/1671 2131/1322/1670
f 2131/1322/1670 2132/1323/1671 2128/1319/1667
f 2133/1324/1672 2134/1325/1673 2135/1326/1674
f 2133/1324/1672 2135/1326/1674 2136/1327/1675
f 2133/1324/1672 2137/1328/1676 2134/1325/1673
f 2137/1328/1676 2138/1329/1677 2134/1325/1673
f 2139/1330/1678 2133/1324/1672 2136/1327/1675
f 2139/1330/1678 2136/1327/1675 2140/1331/1679
f 2141/1332/1680 2137/1328/1676 2133/1324/1672
f 2141/1332/1680 2133/1324/1672 2139/1330/1678
f 2137/1328/1676 2142/1333/1681 2138/1329/1677
f 2139/1330/1678 2140/1331/1679 2143/1334/1682
f 2142/1333/1681 2144/1335/1683 2138/1329/1677
f 2138/1329/1677 2144/1335/1683 2145/1336/1684
f 2137/1328/1676 2146/1337/1685 2142/1333/1681
f 2146/1337/1685 2144/1335/1683 2142/1333/1681
f 2147/1338/1686 2146/1337/1685 2137/1328/1676
f 2147/1338/1686 2137/1328/1676 2141/1332/1680
f 2144/1335/1683 2148/1339/1687 2145/1336/1684
f 2145/1336/1684 2148/1339/1687 2149/1340/1688
f 2148/1339/1687 2150/1341/1689 2149/1340/1688
f 2147/1338/1686 2141/1332/1680 2151/1342/1690
f 2148/1339/1687 2152/1343/1691 2150/1341/1689
f 2152/1343/1691 2153/1344/1692 2150/1341/1689
f 2151/1342/1690 2141/1332/1680 2154/1345/1693
f 2154/1345/1693 2141/1332/1680 2139/1330/1678
f 2155/1346/1694 2147/1338/1686 2151/1342/1690
f 2155/1346/1694 2151/1342/1690 2154/1345/1693
f 2154/1345/1693 2139/1330/1678 2156/1347/1695
f 2156/1347/1695 2139/1330/1678 2143/1334/1682
f 2155/1346/1694 2154/1345/1693 2157/1348/1696
f 2157/1348/1696 2154/1345/1693 2156/1347/1695
f 2156/1347/1695 2143/1334/1682 2158/1349/1697
f 2143/1334/1682 2140/1331/1679 2158/1349/1697
f 2158/1349/1697 2140/1331/1679 2159/1350/1698
f 2157/1348/1696 2156/1347/1695 2160/1351/1699
f 2156/1347/1695 2158/1349/1697 2160/1351/1699
f 2158/1349/1697 2159/1350/1698 2161/1352/1700
f 2161/1352/1700 2159/1350/1698 2162/1353/1701
f 2161/1352/1700 2162/1353/1701 2163/1354/1702
f 2158/1349/1697 2161/1352/1700 2164/1355/1703
f 2160/1351/1699 2158/1349/1697 2164/1355/1703
f 2161/1352/1700 2163/1354/1702 2165/1356/1704
f 2164/1355/1703 2161/1352/1700 2165/1356/1704
f 2165/1356/1704 2163/1354/1702 2166/1357/1705
f 2160/1351/1699 2164/1355/1703 2167/1358/1706
f 2165/1356/1704 2166/1357/1705 2168/1359/1707
f 2164/1355/1703 2169/1360/1708 2167/1358/1706
f 2164/1355/1703 2165/1356/1704 2169/1360/1708
f 2160/1351/1699 2167/1358/1706 2170/1361/1709
f 2167/1358/1706 2169/1360/1708 2170/1361/1709
f 2157/1348/1696 2160/1351/1699 2170/1361/1709
f 2169/1360/1708 2165/1356/1704 2171/1362/1710
f 2165/1356/1704 2168/1359/1707 2171/1362/1710
f 2172/1363/1711 2157/1348/1696 2170/1361/1709
f 2172/1363/1711 2155/1346/1694 2157/1348/1696
f 2173/1364/1712 2172/1363/1711 2170/1361/1709
f 2173/1364/1712 2155/1346/1694 2172/1363/1711
f 2170/1361/1709 2169/1360/1708 2174/1365/1713
f 2169/1360/1708 2171/1362/1710 2174/1365/1713
f 2170/1361/1709 2174/1365/1713 2175/1366/1714
f 2170/1361/1709 2175/1366/1714 2176/1364/1715
f 2175/1366/1714 2177/1367/1716 2176/1364/1715
f 2175/1366/1714 2174/1365/1713 2177/1367/1716
f 2174/1365/1713 2171/1362/1710 2178/1368/1717
f 2174/1365/1713 2178/1368/1717 2177/1367/1716
f 2171/1362/1710 2168/1359/1707 2179/1369/1718
f 2171/1362/1710 2179/1369/1718 2178/1368/1717
f 2168/1359/1707 2166/1357/1705 2179/1369/1718
f 2166/1357/1705 2180/1370/1719 2179/1369/1718
f 2179/1369/1718 2180/1370/1719 2181/1371/1720
f 2180/1370/1719 2182/1372/1721 2181/1371/1720
f 2181/1371/1720 2182/1372/1721 2183/1373/1722
f 2178/1368/1717 2179/1369/1718 2184/1374/1723
f 2179/1369/1718 2181/1371/1720 2184/1374/1723
f 2181/1371/1720 2183/1373/1722 2185/1375/1724
f 2184/1374/1723 2181/1371/1720 2185/1375/1724
f 2183/1373/1722 2153/1344/1692 2185/1375/1724
f 2178/1368/1717 2184/1374/1723 2186/1376/1725
f 2178/1368/1717 2186/1376/1725 2177/1367/1716
f 2184/1374/1723 2187/1377/1726 2186/1376/1725
f 2186/1376/1725 2187/1377/1726 2177/1367/1716
f 2184/1374/1723 2185/1375/1724 2187/1377/1726
f 2153/1344/1692 2188/1378/1727 2185/1375/1724
f 2152/1343/1691 2188/1378/1727 2153/1344/1692
f 2189/1379/1728 2185/1375/1724 2188/1378/1727
f 2187/1377/1726 2185/1375/1724 2189/1379/1728
f 2189/1379/1728 2188/1378/1727 2152/1343/1691
f 2187/1377/1726 2190/1380/1729 2177/1367/1716
f 2187/1377/1726 2189/1379/1728 2190/1380/1729
f 2177/1367/1716 2190/1380/1729 2191/1381/1730
f 2177/1367/1716 2191/1381/1730 2192/1364/1731
f 2193/1382/1732 2192/1364/1731 2191/1381/1730
f 2193/1382/1732 2191/1381/1730 2190/1380/1729
f 2190/1380/1729 2189/1379/1728 2194/1383/1733
f 2189/1379/1728 2152/1343/1691 2194/1383/1733
f 2193/1382/1732 2190/1380/1729 2194/1383/1733
f 2195/1384/1734 2194/1383/1733 2152/1343/1691
f 2195/1384/1734 2152/1343/1691 2148/1339/1687
f 2144/1335/1683 2195/1384/1734 2148/1339/1687
f 2195/1384/1734 2196/1385/1735 2194/1383/1733
f 2196/1385/1735 2193/1382/1732 2194/1383/1733
f 2144/1335/1683 2197/1386/1736 2195/1384/1734
f 2197/1386/1736 2196/1385/1735 2195/1384/1734
f 2197/1386/1736 2193/1382/1732 2196/1385/1735
f 2146/1337/1685 2197/1386/1736 2144/1335/1683
f 2198/1387/1737 2197/1386/1736 2146/1337/1685
f 2198/1387/1737 2193/1382/1732 2197/1386/1736
f 2147/1338/1686 2198/1387/1737 2146/1337/1685
f 2155/1346/1694 2198/1387/1737 2147/1338/1686
f 2199/1388/1738 2193/1382/1732 2198/1387/1737
f 2155/1346/1694 2199/1388/1738 2198/1387/1737
f 2200/1364/1739 2193/1382/1732 2199/1388/1738
f 2155/1346/1694 2200/1364/1739 2199/1388/1738
f 2201/1389/1740 2202/1390/1741 2203/1391/1742
f 2202/1390/1741 2204/1392/1743 2203/1391/1742
f 2201/1389/1740 2205/1393/1744 2202/1390/1741
f 2201/1389/1740 2206/1394/1745 2205/1393/1744
f 2202/1390/1741 2207/1395/1746 2204/1392/1743
f 2204/1392/1743 2207/1395/1746 2208/1396/1747
f 2205/1393/1744 2209/1397/1748 2202/1390/1741
f 2202/1390/1741 2209/1397/1748 2207/1395/1746
f 2206/1394/1745 2210/1398/1749 2205/1393/1744
f 2207/1395/1746 2211/1399/1750 2208/1396/1747
f 2208/1396/1747 2211/1399/1750 2212/1400/1751
f 2206/1394/1745 2213/1401/1752 2210/1398/1749
f 2206/1394/1745 2214/1402/1753 2213/1401/1752
f 2205/1393/1744 2210/1398/1749 2215/1403/1754
f 2205/1393/1744 2215/1403/1754 2209/1397/1748
f 2213/1401/1752 2216/1404/1755 2210/1398/1749
f 2210/1398/1749 2216/1404/1755 2215/1403/1754
f 2214/1402/1753 2217/1405/1756 2213/1401/1752
f 2214/1402/1753 2218/1406/1757 2217/1405/1756
f 2217/1405/1756 2218/1406/1757 2219/1407/1758
f 2213/1401/1752 2220/1408/1759 2216/1404/1755
f 2217/1405/1756 2219/1407/1758 2221/1409/1760
f 2213/1401/1752 2217/1405/1756 2222/1410/1761
f 2213/1401/1752 2222/1410/1761 2220/1408/1759
f 2217/1405/1756 2221/1409/1760 2222/1410/1761
f 2219/1407/1758 2223/1411/1762 2221/1409/1760
f 2220/1408/1759 2224/1412/1763 2216/1404/1755
f 2223/1411/1762 2225/1413/1764 2221/1409/1760
f 2220/1408/1759 2226/1414/1765 2224/1412/1763
f 2220/1408/1759 2222/1410/1761 2226/1414/1765
f 2216/1404/1755 2224/1412/1763 2227/1415/1766
f 2216/1404/1755 2227/1415/1766 2215/1403/1754
f 2224/1412/1763 2226/1414/1765 2228/1416/1767
f 2224/1412/1763 2228/1416/1767 2227/1415/1766
f 2226/1414/1765 2222/1410/1761 2229/1417/1768
f 2226/1414/1765 2229/1417/1768 2228/1416/1767
f 2222/1410/1761 2230/1418/1769 2229/1417/1768
f 2222/1410/1761 2221/1409/1760 2230/1418/1769
f 2229/1417/1768 2231/1419/1770 2228/1416/1767
f 2229/1417/1768 2230/1418/1769 2231/1419/1770
f 2231/1419/1770 2232/1420/1771 2228/1416/1767
f 2230/1418/1769 2232/1420/1771 2231/1419/1770
f 2221/1409/1760 2233/1421/1772 2230/1418/1769
f 2230/1418/1769 2233/1421/1772 2232/1420/1771
f 2221/1409/1760 2225/1413/1764 2233/1421/1772
f 2228/1416/1767 2232/1420/1771 2234/1422/1773
f 2233/1421/1772 2234/1422/1773 2232/1420/1771
f 2228/1416/1767 2234/1422/1773 2235/1423/1774
f 2227/1415/1766 2228/1416/1767 2235/1423/1774
f 2233/1421/1772 2236/1424/1775 2234/1422/1773
f 2225/1413/1764 2236/1424/1775 2233/1421/1772
f 2234/1422/1773 2237/1425/1776 2235/1423/1774
f 2227/1415/1766 2235/1423/1774 2237/1425/1776
f 2236/1424/1775 2237/1425/1776 2234/1422/1773
f 2227/1415/1766 2237/1425/1776 2215/1403/1754
f 2225/1413/1764 2238/1426/1777 2236/1424/1775
f 2223/1411/1762 2238/1426/1777 2225/1413/1764
f 2223/1411/1762 2239/1427/1778 2238/1426/1777
f 2215/1403/1754 2237/1425/1776 2240/1428/1779
f 2236/1424/1775 2240/1428/1779 2237/1425/1776
f 2209/1397/1748 2215/1403/1754 2240/1428/1779
f 2236/1424/1775 2238/1426/1777 2241/1429/1780
f 2236/1424/1775 2241/1429/1780 2240/1428/1779
f 2239/1427/1778 2242/1430/1781 2238/1426/1777
f 2242/1430/1781 2241/1429/1780 2238/1426/1777
f 2239/1427/1778 2243/1431/1782 2242/1430/1781
f 2244/1432/1783 2242/1430/1781 2243/1431/1782
f 2245/1433/1784 2241/1429/1780 2242/1430/1781
f 2245/1433/1784 2240/1428/1779 2241/1429/1780
f 2246/1434/1785 2242/1430/1781 2244/1432/1783
f 2246/1434/1785 2245/1433/1784 2242/1430/1781
f 2247/1435/1786 2246/1434/1785 2244/1432/1783
f 2248/1436/1787 2240/1428/1779 2245/1433/1784
f 2249/1437/1788 2246/1434/1785 2247/1435/1786
f 2212/1400/1751 2249/1437/1788 2247/1435/1786
f 2250/1438/1789 2245/1433/1784 2246/1434/1785
f 2249/1437/1788 2250/1438/1789 2246/1434/1785
f 2250/1438/1789 2248/1436/1787 2245/1433/1784
f 2212/1400/1751 2251/1439/1790 2249/1437/1788
f 2251/1439/1790 2250/1438/1789 2249/1437/1788
f 2211/1399/1750 2251/1439/1790 2212/1400/1751
f 2251/1439/1790 2252/1440/1791 2250/1438/1789
f 2252/1440/1791 2248/1436/1787 2250/1438/1789
f 2211/1399/1750 2253/1441/1792 2251/1439/1790
f 2253/1441/1792 2252/1440/1791 2251/1439/1790
f 2253/1441/1792 2248/1436/1787 2252/1440/1791
f 2207/1395/1746 2253/1441/1792 2211/1399/1750
f 2254/1442/1793 2248/1436/1787 2253/1441/1792
f 2207/1395/1746 2254/1442/1793 2253/1441/1792
f 2254/1442/1793 2240/1428/1779 2248/1436/1787
f 2209/1397/1748 2254/1442/1793 2207/1395/1746
f 2209/1397/1748 2240/1428/1779 2254/1442/1793
f 2255/1402/1794 2256/1405/1795 2257/1406/1796
f 2257/1406/1796 2256/1405/1795 2258/1407/1797
f 2255/1402/1794 2259/1401/1798 2256/1405/1795
f 2260/1394/1799 2259/1401/1798 2255/1402/1794
f 2258/1407/1797 2256/1405/1795 2261/1409/1800
f 2258/1407/1797 2261/1409/1800 2262/1411/1801
f 2259/1401/1798 2263/1410/1802 2256/1405/1795
f 2256/1405/1795 2263/1410/1802 2261/1409/1800
f 2260/1394/1799 2264/1398/1803 2259/1401/1798
f 2261/1409/1800 2265/1413/1804 2262/1411/1801
f 2266/1393/1805 2264/1398/1803 2260/1394/1799
f 2267/1389/1806 2266/1393/1805 2260/1394/1799
f 2262/1411/1801 2265/1413/1804 2268/1426/1807
f 2262/1411/1801 2268/1426/1807 2269/1427/1808
f 2267/1389/1806 2270/1390/1809 2266/1393/1805
f 2267/1389/1806 2271/1391/1810 2270/1390/1809
f 2270/1390/1809 2271/1391/1810 2272/1392/1811
f 2270/1390/1809 2272/1392/1811 2273/1395/1812
f 2272/1392/1811 2274/1396/1813 2273/1395/1812
f 2266/1393/1805 2270/1390/1809 2275/1397/1814
f 2270/1390/1809 2273/1395/1812 2275/1397/1814
f 2273/1395/1812 2274/1396/1813 2276/1399/1815
f 2274/1396/1813 2277/1400/1751 2276/1399/1815
f 2275/1397/1814 2273/1395/1812 2278/1442/1816
f 2273/1395/1812 2276/1399/1815 2279/1441/1817
f 2273/1395/1812 2279/1441/1817 2278/1442/1816
f 2276/1399/1815 2277/1400/1751 2280/1439/1818
f 2276/1399/1815 2280/1439/1818 2279/1441/1817
f 2280/1439/1818 2277/1400/1751 2281/1437/1819
f 2277/1400/1751 2282/1435/1820 2281/1437/1819
f 2279/1441/1817 2280/1439/1818 2283/1440/1821
f 2281/1437/1819 2282/1435/1820 2284/1434/1822
f 2282/1435/1820 2285/1432/1823 2284/1434/1822
f 2280/1439/1818 2281/1437/1819 2286/1438/1824
f 2283/1440/1821 2280/1439/1818 2286/1438/1824
f 2286/1438/1824 2281/1437/1819 2284/1434/1822
f 2279/1441/1817 2283/1440/1821 2287/1436/1825
f 2287/1436/1825 2283/1440/1821 2286/1438/1824
f 2278/1442/1816 2279/1441/1817 2287/1436/1825
f 2286/1438/1824 2284/1434/1822 2288/1433/1826
f 2287/1436/1825 2286/1438/1824 2288/1433/1826
f 2284/1434/1822 2285/1432/1823 2289/1430/1827
f 2284/1434/1822 2289/1430/1827 2288/1433/1826
f 2285/1432/1823 2290/1431/1828 2289/1430/1827
f 2269/1427/1808 2289/1430/1827 2290/1431/1828
f 2268/1426/1807 2289/1430/1827 2269/1427/1808
f 2289/1430/1827 2291/1429/1829 2288/1433/1826
f 2268/1426/1807 2291/1429/1829 2289/1430/1827
f 2287/1436/1825 2288/1433/1826 2292/1428/1779
f 2288/1433/1826 2291/1429/1829 2292/1428/1779
f 2278/1442/1816 2287/1436/1825 2292/1428/1779
f 2275/1397/1814 2278/1442/1816 2292/1428/1779
f 2293/1424/1830 2291/1429/1829 2268/1426/1807
f 2293/1424/1830 2292/1428/1779 2291/1429/1829
f 2265/1413/1804 2293/1424/1830 2268/1426/1807
f 2275/1397/1814 2292/1428/1779 2294/1403/1831
f 2266/1393/1805 2275/1397/1814 2294/1403/1831
f 2266/1393/1805 2294/1403/1831 2264/1398/1803
f 2295/1425/1832 2292/1428/1779 2293/1424/1830
f 2294/1403/1831 2292/1428/1779 2295/1425/1832
f 2265/1413/1804 2296/1421/1833 2293/1424/1830
f 2261/1409/1800 2296/1421/1833 2265/1413/1804
f 2294/1403/1831 2297/1404/1834 2264/1398/1803
f 2264/1398/1803 2297/1404/1834 2259/1401/1798
f 2261/1409/1800 2298/1418/1835 2296/1421/1833
f 2263/1410/1802 2298/1418/1835 2261/1409/1800
f 2296/1421/1833 2299/1422/1836 2293/1424/1830
f 2295/1425/1832 2293/1424/1830 2299/1422/1836
f 2298/1418/1835 2300/1420/1837 2296/1421/1833
f 2296/1421/1833 2300/1420/1837 2299/1422/1836
f 2298/1418/1835 2301/1419/1838 2300/1420/1837
f 2302/1423/1839 2295/1425/1832 2299/1422/1836
f 2303/1417/1840 2301/1419/1838 2298/1418/1835
f 2263/1410/1802 2303/1417/1840 2298/1418/1835
f 2304/1416/1767 2300/1420/1837 2301/1419/1838
f 2304/1416/1767 2299/1422/1836 2300/1420/1837
f 2303/1417/1840 2304/1416/1767 2301/1419/1838
f 2302/1423/1839 2299/1422/1836 2304/1416/1767
f 2305/1414/1841 2303/1417/1840 2263/1410/1802
f 2305/1414/1841 2304/1416/1767 2303/1417/1840
f 2306/1415/1842 2295/1425/1832 2302/1423/1839
f 2306/1415/1842 2302/1423/1839 2304/1416/1767
f 2294/1403/1831 2295/1425/1832 2306/1415/1842
f 2294/1403/1831 2306/1415/1842 2297/1404/1834
f 2306/1415/1842 2304/1416/1767 2307/1412/1843
f 2297/1404/1834 2306/1415/1842 2307/1412/1843
f 2307/1412/1843 2304/1416/1767 2305/1414/1841
f 2297/1404/1834 2307/1412/1843 2308/1408/1844
f 2307/1412/1843 2305/1414/1841 2308/1408/1844
f 2308/1408/1844 2305/1414/1841 2263/1410/1802
f 2297/1404/1834 2308/1408/1844 2259/1401/1798
f 2308/1408/1844 2263/1410/1802 2259/1401/1798
f 2309/1443/1845 2310/1444/1846 2311/1445/1847
f 2309/1443/1845 2312/1446/1848 2310/1444/1846
f 2309/1443/1845 2311/1445/1847 2313/1447/1849
f 2313/1447/1849 2311/1445/1847 2314/1448/1850
f 2315/1449/1851 2312/1446/1848 2309/1443/1845
f 2313/1447/1849 2314/1448/1850 2316/1450/1852
f 2317/1451/1853 2312/1446/1848 2315/1449/1851
f 2317/1451/1853 2318/1452/1854 2312/1446/1848
f 2319/1453/1089 2315/1449/1851 2309/1443/1845
f 2319/1453/1089 2309/1443/1845 2313/1447/1849
f 2319/1453/1089 2317/1451/1853 2315/1449/1851
f 2319/1453/1089 2313/1447/1849 2316/1450/1852
f 2317/1451/1853 2320/1454/1855 2318/1452/1854
f 2319/1453/1089 2320/1454/1855 2317/1451/1853
f 2319/1453/1089 2316/1450/1852 2320/1454/1855
f 2316/1450/1852 2314/1448/1850 2320/1454/1855
f 2320/1454/1855 2321/1455/1856 2318/1452/1854
f 2320/1454/1855 2314/1448/1850 2321/1455/1856
f 2322/1456/1857 2323/1457/1858 2324/1458/18
f 2324/1458/18 2323/1457/1858 2325/1459/1859
f 2326/1460/1860 2323/1457/1858 2322/1456/1857
f 2327/1461/1861 2326/1460/1860 2322/1456/1857
f 2323/1457/1858 2328/1462/1862 2325/1459/1859
f 2325/1459/1859 2328/1462/1862 2329/1463/1863
f 2327/1461/1861 2330/1464/1864 2326/1460/1860
f 2327/1461/1861 2331/1465/1865 2330/1464/1864
f 2328/1462/1862 2332/1466/1866 2329/1463/1863
f 2329/1463/1863 2332/1466/1866 2333/1467/319
f 2334/1468/1867 2332/1466/1866 2328/1462/1862
f 2323/1457/1858 2334/1468/1867 2328/1462/1862
f 2335/1469/1868 2333/1467/319 2332/1466/1866
f 2334/1468/1867 2335/1469/1868 2332/1466/1866
f 2326/1460/1860 2336/1470/1869 2323/1457/1858
f 2330/1464/1864 2336/1470/1869 2326/1460/1860
f 2323/1457/1858 2337/1471/315 2334/1468/1867
f 2336/1470/1869 2337/1471/315 2323/1457/1858
f 2334/1468/1867 2338/1472/1870 2335/1469/1868
f 2337/1471/315 2339/1473/1871 2334/1468/1867
f 2334/1468/1867 2339/1473/1871 2338/1472/1870
f 2336/1470/1869 2339/1473/1871 2337/1471/315
f 2338/1472/1870 2340/1474/1872 2335/1469/1868
f 2335/1469/1868 2340/1474/1872 2333/1467/319
f 2330/1464/1864 2341/1475/1873 2336/1470/1869
f 2330/1464/1864 2331/1465/1865 2341/1475/1873
f 2341/1475/1873 2342/1476/1874 2336/1470/1869
f 2336/1470/1869 2342/1476/1874 2339/1473/1871
f 2341/1475/1873 2343/1477/1875 2342/1476/1874
f 2331/1465/1865 2343/1477/1875 2341/1475/1873
f 2342/1476/1874 2344/1478/1876 2339/1473/1871
f 2343/1477/1875 2344/1478/1876 2342/1476/1874
f 2338/1472/1870 2339/1473/1871 2345/1479/1877
f 2338/1472/1870 2345/1479/1877 2340/1474/1872
f 2344/1478/1876 2346/1480/17 2339/1473/1871
f 2346/1480/17 2345/1479/1877 2339/1473/1871
f 2343/1477/1875 2347/1481/1878 2344/1478/1876
f 2344/1478/1876 2348/1482/1879 2346/1480/17
f 2348/1482/1879 2345/1479/1877 2346/1480/17
f 2347/1481/1878 2348/1482/1879 2344/1478/1876
f 2345/1479/1877 2349/1483/1880 2340/1474/1872
f 2348/1482/1879 2349/1483/1880 2345/1479/1877
f 2340/1474/1872 2349/1483/1880 2350/1484/1881
f 2333/1467/319 2340/1474/1872 2350/1484/1881
f 2348/1482/1879 2351/1485/1882 2349/1483/1880
f 2351/1485/1882 2350/1484/1881 2349/1483/1880
f 2333/1467/319 2350/1484/1881 2352/1486/1883
f 2351/1485/1882 2352/1486/1883 2350/1484/1881
f 2333/1467/319 2352/1486/1883 2353/1487/1863
f 2354/1488/1884 2353/1487/1863 2352/1486/1883
f 2351/1485/1882 2354/1488/1884 2352/1486/1883
f 2355/1489/1885 2353/1487/1863 2354/1488/1884
f 2356/1490/19 2351/1485/1882 2348/1482/1879
f 2357/1491/1886 2355/1489/1885 2354/1488/1884
f 2357/1491/1886 2354/1488/1884 2351/1485/1882
f 2356/1490/19 2357/1491/1886 2351/1485/1882
f 2357/1491/1886 2358/1492/18 2355/1489/1885
f 2359/1493/1887 2358/1492/18 2357/1491/1886
f 2360/1494/1888 2356/1490/19 2348/1482/1879
f 2360/1494/1888 2357/1491/1886 2356/1490/19
f 2360/1494/1888 2348/1482/1879 2347/1481/1878
f 2361/1495/1889 2359/1493/1887 2357/1491/1886
f 2361/1495/1889 2357/1491/1886 2360/1494/1888
f 2362/1496/1861 2359/1493/1887 2361/1495/1889
f 2363/1497/1890 2360/1494/1888 2347/1481/1878
f 2363/1497/1890 2347/1481/1878 2343/1477/1875
f 2331/1465/1865 2363/1497/1890 2343/1477/1875
f 2364/1498/1891 2361/1495/1889 2360/1494/1888
f 2364/1498/1891 2360/1494/1888 2363/1497/1890
f 2364/1498/1891 2362/1496/1861 2361/1495/1889
f 2331/1465/1865 2364/1498/1891 2363/1497/1890
f 2331/1465/1865 2362/1496/1861 2364/1498/1891
f 2365/1493/1892 2366/1491/1879 2367/1492/17
f 2366/1491/1879 2368/1489/1893 2367/1492/17
f 2369/1495/1894 2366/1491/1879 2365/1493/1892
f 2370/1496/1875 2369/1495/1894 2365/1493/1892
f 2366/1491/1879 2371/1488/1895 2368/1489/1893
f 2368/1489/1893 2371/1488/1895 2372/1487/1872
f 2373/1498/1890 2369/1495/1894 2370/1496/1875
f 2374/1465/1865 2373/1498/1890 2370/1496/1875
f 2371/1488/1895 2375/1486/1881 2372/1487/1872
f 2376/1467/319 2372/1487/1872 2375/1486/1881
f 2377/1485/1882 2375/1486/1881 2371/1488/1895
f 2366/1491/1879 2377/1485/1882 2371/1488/1895
f 2376/1467/319 2375/1486/1881 2378/1484/1883
f 2377/1485/1882 2378/1484/1883 2375/1486/1881
f 2379/1494/1888 2366/1491/1879 2369/1495/1894
f 2373/1498/1890 2379/1494/1888 2369/1495/1894
f 2380/1490/19 2377/1485/1882 2366/1491/1879
f 2379/1494/1888 2380/1490/19 2366/1491/1879
f 2377/1485/1882 2381/1483/1896 2378/1484/1883
f 2380/1490/19 2382/1482/1886 2377/1485/1882
f 2377/1485/1882 2382/1482/1886 2381/1483/1896
f 2379/1494/1888 2382/1482/1886 2380/1490/19
f 2378/1484/1883 2381/1483/1896 2383/1474/1863
f 2376/1467/319 2378/1484/1883 2383/1474/1863
f 2384/1497/1891 2379/1494/1888 2373/1498/1890
f 2374/1465/1865 2384/1497/1891 2373/1498/1890
f 2384/1497/1891 2385/1481/1897 2379/1494/1888
f 2385/1481/1897 2382/1482/1886 2379/1494/1888
f 2374/1465/1865 2386/1477/1861 2384/1497/1891
f 2384/1497/1891 2386/1477/1861 2385/1481/1897
f 2385/1481/1897 2387/1478/1857 2382/1482/1886
f 2386/1477/1861 2387/1478/1857 2385/1481/1897
f 2388/1479/1859 2381/1483/1896 2382/1482/1886
f 2388/1479/1859 2383/1474/1863 2381/1483/1896
f 2387/1478/1857 2389/1480/18 2382/1482/1886
f 2389/1480/18 2388/1479/1859 2382/1482/1886
f 2386/1477/1861 2390/1476/1898 2387/1478/1857
f 2387/1478/1857 2391/1473/1858 2389/1480/18
f 2389/1480/18 2391/1473/1858 2388/1479/1859
f 2390/1476/1898 2391/1473/1858 2387/1478/1857
f 2392/1472/1899 2383/1474/1863 2388/1479/1859
f 2391/1473/1858 2392/1472/1899 2388/1479/1859
f 2392/1472/1899 2393/1469/1866 2383/1474/1863
f 2376/1467/319 2383/1474/1863 2393/1469/1866
f 2394/1468/1867 2392/1472/1899 2391/1473/1858
f 2394/1468/1867 2393/1469/1866 2392/1472/1899
f 2395/1466/1868 2376/1467/319 2393/1469/1866
f 2394/1468/1867 2395/1466/1868 2393/1469/1866
f 2396/1463/1872 2376/1467/319 2395/1466/1868
f 2397/1462/1900 2396/1463/1872 2395/1466/1868
f 2397/1462/1900 2395/1466/1868 2394/1468/1867
f 2398/1459/1877 2396/1463/1872 2397/1462/1900
f 2398/1459/1877 2397/1462/1900 2399/1457/1871
f 2397/1462/1900 2394/1468/1867 2399/1457/1871
f 2400/1458/17 2398/1459/1877 2399/1457/1871
f 2401/1456/1876 2400/1458/17 2399/1457/1871
f 2402/1471/315 2394/1468/1867 2391/1473/1858
f 2402/1471/315 2399/1457/1871 2394/1468/1867
f 2403/1470/1869 2402/1471/315 2391/1473/1858
f 2403/1470/1869 2399/1457/1871 2402/1471/315
f 2403/1470/1869 2391/1473/1858 2390/1476/1898
f 2401/1456/1876 2399/1457/1871 2404/1460/1901
f 2404/1460/1901 2399/1457/1871 2403/1470/1869
f 2405/1461/1875 2401/1456/1876 2404/1460/1901
f 2403/1470/1869 2390/1476/1898 2406/1475/1864
f 2406/1475/1864 2390/1476/1898 2386/1477/1861
f 2374/1465/1865 2406/1475/1864 2386/1477/1861
f 2404/1460/1901 2403/1470/1869 2407/1464/1873
f 2407/1464/1873 2403/1470/1869 2406/1475/1864
f 2405/1461/1875 2404/1460/1901 2407/1464/1873
f 2407/1464/1873 2406/1475/1864 2374/1465/1865
f 2405/1461/1875 2407/1464/1873 2374/1465/1865
o Body__m_Eye
v -1.837614 15.164189 -0.233419
v -1.650595 14.899070 -0.292112
v -1.846887 14.885409 -0.306358
v -1.734625 14.611930 -0.239835
v -1.390937 14.660720 -0.222439
v -1.540348 15.046809 -0.184084
v -1.559753 14.426780 -0.066154
v -1.304915 14.360189 0.159600
v 1.837614 15.164189 -0.233419
v 1.846887 14.885409 -0.306358
v 1.650595 14.899070 -0.292112
v 1.734625 14.611930 -0.239835
v 1.390937 14.660720 -0.222439
v 1.540348 15.046809 -0.184084
v 1.559753 14.426780 -0.066154
v 1.304915 14.360189 0.159600
v -0.439707 13.125350 -0.198196
v -0.505935 13.851749 -0.197001
v -0.320170 13.161600 -0.531367
v -0.518461 13.949989 -0.410013
v -0.885733 14.226279 -0.366439
v -0.558886 14.063359 -0.495116
v 0.000271 13.191520 -0.656249
v 0.000000 13.909450 -0.672532
v 0.518461 13.949989 -0.410013
v 0.558886 14.063359 -0.495116
v 0.885733 14.226279 -0.366439
v 0.320170 13.161600 -0.531367
v 0.505934 13.851749 -0.197001
v 0.439706 13.125350 -0.198196
v -1.405062 15.459780 0.619890
v -1.505326 15.243150 0.106586
v -1.463345 15.040669 0.224290
v -1.227021 15.043630 0.732945
v -1.296734 15.639810 0.834338
v -1.244527 14.692480 0.652861
v -1.337630 14.520820 0.159879
v -1.050326 15.439079 1.041712
v -1.234344 14.368350 0.521886
v -1.304915 14.360189 0.159600
v -1.051130 14.679390 0.942342
v -1.390937 14.660720 -0.222439
v -0.885733 14.226279 -0.366439
v -1.086126 15.035290 0.921776
v -0.808948 13.818210 0.293726
v -0.505935 13.851749 -0.197001
v -0.830908 13.797580 0.688817
v -0.304073 13.702419 0.145664
v -0.439707 13.125350 -0.198196
v -0.294964 13.061440 0.123276
v -0.435728 13.558710 0.585661
v 0.000000 13.597150 0.287833
v 0.000000 12.958879 0.288437
v 0.294964 13.061440 0.123276
v -0.595987 13.641970 0.827080
v 0.304073 13.702419 0.145664
v 0.439706 13.125350 -0.198196
v 0.505934 13.851749 -0.197001
v 0.000000 13.416329 0.893681
v 0.808948 13.818210 0.293726
v 0.885733 14.226279 -0.366439
v 0.435728 13.558710 0.585661
v 1.304915 14.360189 0.159600
v 1.390937 14.660720 -0.222439
v 0.830908 13.797580 0.688817
v 1.234344 14.368350 0.521886
v 1.337630 14.520820 0.159879
v 0.595987 13.641970 0.827080
v 1.244527 14.692480 0.652861
v 1.463345 15.040669 0.224290
v 0.289158 13.497190 1.015935
v 1.405062 15.459780 0.619890
v 1.505326 15.243150 0.106586
v 1.227021 15.043630 0.732945
v 1.296734 15.639810 0.834338
v 1.068463 14.361779 0.885812
v 1.051130 14.679390 0.942342
v 1.050327 15.439079 1.041712
v 0.963163 14.051430 0.815624
v 1.086126 15.035290 0.921776
v 0.646240 13.788700 1.011892
v 0.767487 14.081059 1.112716
v 0.791765 14.355579 1.169408
v 0.735978 14.669869 1.237742
v 0.343568 13.744240 1.168932
v 0.471150 14.111799 1.283246
v 0.276785 13.596109 1.131569
v 0.000000 13.811299 1.291403
v 0.000000 13.423830 1.094979
v 0.000000 13.532720 1.185657
v -0.289158 13.497190 1.015935
v -0.276785 13.596109 1.131569
v -0.646240 13.788700 1.011892
v -0.343568 13.744240 1.168932
v -0.963163 14.051430 0.815624
v -0.767487 14.081059 1.112716
v -1.068463 14.361779 0.885812
v -0.471150 14.111799 1.283246
v -0.791765 14.355579 1.169408
v 0.000000 14.074920 1.441003
v -0.209429 14.305980 1.473772
v -0.735978 14.669869 1.237742
v 0.209429 14.305980 1.473772
v 0.000000 14.322479 1.508710
v 0.000000 14.466419 1.527122
v -0.214337 14.529309 1.480116
v 0.214337 14.529309 1.480116
v 0.000000 14.607969 1.711311
v 0.000000 14.766109 1.582523
v -0.189213 14.727730 1.452294
v 0.189213 14.727730 1.452294
v -0.700732 14.884729 1.187001
v 0.700732 14.884729 1.187001
v -0.844590 15.191239 1.161387
v -0.376506 14.885969 1.272108
v -0.186018 14.926900 1.383410
v -0.386403 15.161880 1.296188
v -0.801342 15.601990 1.229220
v -0.534975 15.489969 1.299773
v -0.968952 15.819750 1.230587
v -0.910280 16.306480 1.319845
v -0.639979 16.412470 1.482850
v -0.246237 15.860479 1.586007
v -0.361266 15.652849 1.493992
v 0.000000 15.857610 1.587598
v 0.000000 15.418039 1.499715
v 0.361266 15.652849 1.493992
v 0.246237 15.860479 1.586007
v 0.000000 15.186029 1.457133
v 0.534975 15.489969 1.299773
v 0.000000 14.993179 1.482014
v 0.386403 15.161880 1.296188
v 0.186018 14.926900 1.383410
v 0.376506 14.885969 1.272108
v 0.844590 15.191239 1.161387
v 0.801342 15.601990 1.229220
v 0.968952 15.819750 1.230587
v 0.639979 16.412470 1.482850
v 0.910280 16.306480 1.319845
v -1.337630 14.520820 0.159879
v -1.608974 14.523950 -0.001044
v -1.304915 14.360189 0.159600
v -1.559753 14.426780 -0.066154
v -1.581719 14.744129 -0.131597
v -1.705608 14.645809 -0.139371
v -1.734625 14.611930 -0.239835
v -1.463345 15.040669 0.224290
v -1.829585 14.903600 -0.197578
v -1.846887 14.885409 -0.306358
v -1.687949 15.086980 -0.119406
v -1.851326 15.079300 -0.174763
v -1.837614 15.164189 -0.233419
v -1.750249 15.276130 -0.139623
v -1.772596 15.205009 -0.019358
v -1.659059 15.177429 0.069612
v -1.505326 15.243150 0.106586
v 1.337630 14.520820 0.159879
v 1.304915 14.360189 0.159600
v 1.608974 14.523950 -0.001044
v 1.559753 14.426780 -0.066154
v 1.581719 14.744129 -0.131597
v 1.705608 14.645809 -0.139371
v 1.734625 14.611930 -0.239835
v 1.463345 15.040669 0.224290
v 1.829585 14.903600 -0.197578
v 1.846887 14.885409 -0.306358
v 1.687949 15.086980 -0.119406
v 1.851326 15.079300 -0.174763
v 1.837614 15.164189 -0.233419
v 1.750249 15.276130 -0.139623
v 1.772596 15.205009 -0.019358
v 1.659059 15.177429 0.069612
v 1.505326 15.243150 0.106586
v -1.304915 14.360189 0.159601
v -1.744720 14.772079 -0.211441
v -1.361131 14.623870 -0.203084
v -1.750249 15.276130 -0.139623
v -1.304915 14.360189 0.159601
v -1.463345 15.040669 0.224290
v -1.744720 14.772079 -0.211441
v -1.750249 15.276130 -0.139623
v 1.304915 14.360189 0.159601
v 1.361131 14.623870 -0.203084
v 1.744720 14.772079 -0.211441
v 1.750249 15.276130 -0.139623
v 1.304915 14.360189 0.159601
v 1.744720 14.772079 -0.211441
v 1.463345 15.040669 0.224290
v 1.750249 15.276130 -0.139623
v -0.367335 13.093390 -0.037460
v -0.722310 14.144819 -0.430777
v -0.320170 13.161600 -0.531366
v 0.000000 13.191509 -0.656249
v 0.000000 13.909450 -0.672532
v 0.722310 14.144819 -0.430777
v 0.320170 13.161600 -0.531366
v 0.367335 13.093390 -0.037460
v -1.304915 14.360189 0.159601
v -1.361131 14.623870 -0.203084
v -0.722310 14.144819 -0.430777
v -0.513866 13.645169 0.933145
v -1.234344 14.368350 0.521886
v -1.463345 15.040669 0.224290
v 0.000000 13.597150 0.287834
v -0.367335 13.093390 -0.037460
v 0.000000 12.958879 0.288438
v 0.367335 13.093390 -0.037460
v 0.722310 14.144819 -0.430777
v 1.361131 14.623870 -0.203084
v 1.304915 14.360189 0.159601
v 0.513866 13.645169 0.933145
v 0.000000 13.423830 1.094979
v 0.000000 14.198700 1.474857
v 1.234344 14.368350 0.521886
v 1.463345 15.040669 0.224290
v 0.895637 14.443550 1.042966
v 1.052016 15.177310 0.964455
v 1.405063 15.459780 0.619890
v 0.910280 16.306480 1.319846
v 0.000000 14.466419 1.527123
v 0.200976 14.678309 1.448984
v 0.000000 15.090839 1.505347
v 0.000000 15.649309 1.635102
v -0.910280 16.306480 1.319846
v 0.000000 14.607969 1.711311
v -0.200976 14.678309 1.448984
v -0.895637 14.443550 1.042966
v -1.052016 15.177310 0.964455
v -1.405063 15.459780 0.619890
v 0.000000 13.909450 -0.672532
v -0.367335 13.093390 -0.037460
v -0.722309 14.144819 -0.430777
v -1.463345 15.040669 0.224290
v -1.304915 14.360189 0.159601
v -1.234344 14.368350 0.521886
v -1.052016 15.177310 0.964455
v -1.405062 15.459780 0.619890
v -1.361131 14.623870 -0.203084
v -0.722309 14.144819 -0.430777
v 0.000000 13.423830 1.094979
v 0.000000 15.649309 1.635102
v -0.968952 15.819750 1.230588
v 0.000000 14.607969 1.711311
v -0.910280 16.306480 1.319846
v -0.367335 13.093390 -0.037460
v 0.000000 12.958879 0.288438
v 1.052016 15.177310 0.964455
v 0.968952 15.819750 1.230588
v 0.910280 16.306480 1.319846
v 0.367335 13.093390 -0.037460
v 0.722310 14.144819 -0.430777
v 1.405063 15.459780 0.619890
v 1.234344 14.368350 0.521886
v 1.463345 15.040669 0.224290
v 1.361131 14.623870 -0.203084
v 1.304915 14.360189 0.159601
v -1.304915 14.360189 0.159601
v -1.463345 15.040669 0.224290
v -1.361131 14.623870 -0.203084
v -1.750249 15.276130 -0.139623
v 0.722310 14.144819 -0.430777
v 0.367335 13.093390 -0.037460
v 0.000000 13.909450 -0.672532
v 1.304915 14.360189 0.159601
v 1.361131 14.623870 -0.203084
v 1.463345 15.040669 0.224290
v 1.750249 15.276130 -0.139623
vn -0.7913 0.3957 -0.4661
vn 0.2174 0.0333 -0.9755
vn -0.3878 -0.0764 -0.9186
vn -0.2054 -0.5164 -0.8313
vn -0.3268 -0.6574 -0.6790
vn 0.4698 0.2663 -0.8416
vn 0.0430 -0.8506 -0.5240
vn -0.7142 -0.6691 -0.2055
vn 0.7913 0.3957 -0.4661
vn 0.3878 -0.0764 -0.9186
vn -0.2174 0.0333 -0.9755
vn 0.2054 -0.5164 -0.8313
vn 0.3268 -0.6574 -0.6790
vn -0.4698 0.2663 -0.8416
vn -0.0430 -0.8506 -0.5240
vn 0.7142 -0.6691 -0.2055
vn -0.9946 -0.0705 0.0763
vn -0.8101 -0.5714 -0.1311
vn -0.6750 -0.0176 -0.7376
vn -0.6746 -0.3441 -0.6531
vn -0.6245 -0.6910 -0.3641
vn -0.4597 -0.6319 -0.6240
vn -0.0000 0.0176 -0.9998
vn -0.0000 -0.0430 -0.9991
vn 0.6751 -0.3424 -0.6535
vn 0.4597 -0.6319 -0.6240
vn 0.6245 -0.6910 -0.3641
vn 0.6750 -0.0176 -0.7376
vn 0.8101 -0.5714 -0.1311
vn 0.9946 -0.0705 0.0763
vn -0.8606 -0.2151 0.4616
vn -0.8890 0.1312 0.4387
vn -0.8979 -0.2054 0.3893
vn -0.8505 -0.1486 0.5045
vn -0.7461 -0.1606 0.6462
vn -0.9087 -0.1391 0.3936
vn -0.8857 -0.1838 0.4263
vn -0.6712 -0.1761 0.7201
vn -0.8925 -0.3777 0.2466
vn -0.7142 -0.6691 -0.2054
vn -0.7498 -0.0509 0.6597
vn -0.3267 -0.6574 -0.6790
vn -0.6244 -0.6910 -0.3641
vn -0.7182 -0.0841 0.6908
vn -0.5836 -0.7736 -0.2468
vn -0.7029 -0.7068 0.0803
vn -0.7038 -0.6745 0.2229
vn -0.7060 -0.0196 0.7080
vn -0.2915 -0.9293 -0.2269
vn -0.0000 -0.8909 0.4542
vn -0.0000 -0.0000 1.0000
vn 0.7060 -0.0196 0.7080
vn -0.5541 -0.8165 0.1625
vn 0.7038 -0.6745 0.2229
vn -0.0000 -0.9861 -0.1663
vn 0.5836 -0.7736 -0.2468
vn 0.6244 -0.6910 -0.3641
vn 0.2915 -0.9293 -0.2270
vn 0.7142 -0.6691 -0.2054
vn 0.3267 -0.6575 -0.6790
vn 0.7029 -0.7068 0.0803
vn 0.8925 -0.3778 0.2466
vn 0.8857 -0.1838 0.4263
vn 0.5541 -0.8165 0.1625
vn 0.9087 -0.1391 0.3936
vn 0.8979 -0.2054 0.3893
vn 0.3975 -0.8947 0.2036
vn 0.8606 -0.2151 0.4616
vn 0.8890 0.1312 0.4387
vn 0.8506 -0.1486 0.5045
vn 0.7461 -0.1606 0.6462
vn 0.8118 -0.2269 0.5380
vn 0.7498 -0.0509 0.6597
vn 0.6712 -0.1761 0.7201
vn 0.7968 -0.4777 0.3700
vn 0.7182 -0.0841 0.6908
vn 0.6012 -0.5601 0.5699
vn 0.6105 -0.3620 0.7044
vn 0.5827 -0.1330 0.8017
vn 0.5166 0.0450 0.8551
vn 0.3427 -0.3877 0.8557
vn 0.4028 -0.3284 0.8544
vn 0.3779 -0.5090 0.7734
vn -0.0000 -0.4212 0.9070
vn -0.0000 -0.9242 0.3819
vn -0.0000 -0.4597 0.8881
vn -0.3975 -0.8947 0.2036
vn -0.3779 -0.5090 0.7734
vn -0.6012 -0.5601 0.5699
vn -0.3427 -0.3877 0.8557
vn -0.7968 -0.4777 0.3700
vn -0.6105 -0.3620 0.7044
vn -0.8118 -0.2269 0.5380
vn -0.4028 -0.3284 0.8544
vn -0.5827 -0.1330 0.8017
vn -0.0000 -0.4519 0.8921
vn -0.3734 -0.2033 0.9051
vn -0.5166 0.0450 0.8551
vn 0.3734 -0.2033 0.9051
vn -0.0000 -0.2111 0.9775
vn -0.0000 -0.4913 0.8710
vn -0.4503 0.0019 0.8929
vn 0.4503 0.0019 0.8929
vn -0.0000 0.0784 0.9969
vn -0.0000 0.4519 0.8921
vn -0.4601 0.2447 0.8535
vn 0.4601 0.2447 0.8535
vn -0.4108 0.1213 0.9036
vn 0.4108 0.1213 0.9036
vn -0.4819 -0.1469 0.8638
vn -0.3289 0.2036 0.9221
vn -0.4818 0.1234 0.8676
vn -0.3384 -0.1213 0.9331
vn -0.4324 -0.2680 0.8609
vn -0.3503 -0.2779 0.8944
vn -0.5972 -0.1331 0.7910
vn -0.5740 -0.0803 0.8149
vn -0.4384 -0.1350 0.8886
vn -0.3698 -0.1878 0.9099
vn -0.3425 -0.3112 0.8865
vn -0.0000 -0.2291 0.9734
vn -0.0000 -0.2522 0.9677
vn 0.3425 -0.3112 0.8865
vn 0.3698 -0.1878 0.9099
vn -0.0000 -0.0900 0.9959
vn 0.3503 -0.2779 0.8944
vn -0.0000 0.2719 0.9623
vn 0.3385 -0.1213 0.9331
vn 0.4818 0.1234 0.8676
vn 0.3289 0.2036 0.9221
vn 0.4819 -0.1469 0.8638
vn 0.4324 -0.2681 0.8609
vn 0.5972 -0.1331 0.7910
vn 0.4384 -0.1350 0.8886
vn 0.5740 -0.0803 0.8149
vn -0.6614 0.0979 0.7436
vn -0.7141 -0.6692 -0.2054
vn 0.0430 -0.8506 -0.5241
vn -0.7244 -0.1057 0.6813
vn -0.6811 -0.0548 0.7301
vn -0.6204 -0.1801 0.7633
vn -0.6560 -0.3662 0.6600
vn -0.8374 -0.0959 0.5381
vn -0.7913 0.3956 -0.4662
vn -0.7223 0.6146 0.3171
vn -0.7582 0.0451 0.6505
vn -0.7302 -0.0078 0.6832
vn -0.8890 0.1312 0.4386
vn 0.7141 -0.6692 -0.2054
vn 0.6614 0.0978 0.7436
vn -0.0430 -0.8506 -0.5241
vn 0.7243 -0.1057 0.6813
vn 0.6811 -0.0548 0.7301
vn 0.6205 -0.1801 0.7633
vn 0.6560 -0.3662 0.6600
vn 0.8374 -0.0959 0.5381
vn 0.7913 0.3956 -0.4662
vn 0.7223 0.6146 0.3171
vn 0.7582 0.0451 0.6504
vn 0.7302 -0.0078 0.6832
vn 0.8890 0.1312 0.4386
vt 0.302159 0.010269
vt 0.225177 0.067185
vt 0.218540 0.010300
vt 0.139147 0.048066
vt 0.158099 0.147051
vt 0.272175 0.107622
vt 0.071748 0.106859
vt 0.023178 0.195026
vt 0.704250 0.009171
vt 0.787915 0.008988
vt 0.781323 0.065858
vt 0.867353 0.046708
vt 0.848310 0.145754
vt 0.734310 0.106279
vt 0.934661 0.105623
vt 0.983261 0.193774
vt 0.583108 0.844541
vt 0.590723 0.928710
vt 0.543069 0.851606
vt 0.569711 0.946471
vt 0.614237 0.983734
vt 0.570291 0.964797
vt 0.500130 0.865446
vt 0.499901 0.940429
vt 0.430106 0.946868
vt 0.429587 0.965072
vt 0.385763 0.984283
vt 0.458183 0.851469
vt 0.409018 0.929168
vt 0.416205 0.844968
vt 0.123446 0.697841
vt 0.074495 0.622156
vt 0.102846 0.566751
vt 0.174044 0.583093
vt 0.176303 0.737697
vt 0.174838 0.482444
vt 0.107347 0.418830
vt 0.249836 0.685267
vt 0.177096 0.380148
vt 0.120912 0.356481
vt 0.237888 0.481819
vt 0.088426 0.317739
vt 0.113603 0.211185
vt 0.228275 0.580118
vt 0.280034 0.174334
vt 0.356649 0.084138
vt 0.300969 0.214847
vt 0.430320 0.079194
vt 0.385199 0.034882
vt 0.444770 0.041413
vt 0.394781 0.146944
vt 0.500008 0.070970
vt 0.499977 0.025513
vt 0.555230 0.041382
vt 0.357595 0.194202
vt 0.569696 0.079194
vt 0.614786 0.034867
vt 0.643366 0.084138
vt 0.500008 0.158801
vt 0.719966 0.174334
vt 0.886397 0.211185
vt 0.605219 0.146944
vt 0.879088 0.356481
vt 0.911574 0.317739
vt 0.699031 0.214847
vt 0.822904 0.380148
vt 0.892653 0.418830
vt 0.642405 0.194202
vt 0.825162 0.482444
vt 0.897154 0.566766
vt 0.565408 0.193576
vt 0.876554 0.697841
vt 0.925506 0.622156
vt 0.825956 0.583093
vt 0.823697 0.737697
vt 0.751415 0.383963
vt 0.762112 0.481819
vt 0.750164 0.685267
vt 0.728161 0.300145
vt 0.771725 0.580118
vt 0.660975 0.249348
vt 0.684276 0.332158
vt 0.684535 0.402930
vt 0.667292 0.484306
vt 0.583475 0.251606
vt 0.607385 0.346349
vt 0.568780 0.215976
vt 0.500008 0.276570
vt 0.500008 0.189319
vt 0.500008 0.208698
vt 0.434592 0.193576
vt 0.431220 0.215976
vt 0.339025 0.249348
vt 0.416526 0.251606
vt 0.271839 0.300145
vt 0.315724 0.332158
vt 0.248585 0.383963
vt 0.392615 0.346349
vt 0.315465 0.402930
vt 0.500008 0.347646
vt 0.455680 0.402365
vt 0.332708 0.484306
vt 0.544320 0.402365
vt 0.500008 0.407797
vt 0.500008 0.441856
vt 0.454780 0.454795
vt 0.545220 0.454795
vt 0.500008 0.481544
vt 0.500008 0.514061
vt 0.459556 0.501823
vt 0.540444 0.501823
vt 0.336294 0.539177
vt 0.663706 0.539177
vt 0.303716 0.620508
vt 0.413199 0.539483
vt 0.458976 0.551019
vt 0.411978 0.612924
vt 0.318471 0.721721
vt 0.379568 0.695476
vt 0.285206 0.766476
vt 0.304357 0.859159
vt 0.368170 0.871382
vt 0.450401 0.763455
vt 0.424643 0.724117
vt 0.500008 0.763714
vt 0.500008 0.671168
vt 0.575357 0.724117
vt 0.549600 0.763455
vt 0.500008 0.616220
vt 0.620432 0.695476
vt 0.500008 0.567987
vt 0.588022 0.612924
vt 0.541024 0.551019
vt 0.586801 0.539483
vt 0.696284 0.620508
vt 0.681529 0.721721
vt 0.714794 0.766476
vt 0.631830 0.871382
vt 0.695643 0.859159
vt 0.972747 0.744503
vt 0.895491 0.757961
vt 0.978271 0.691722
vt 0.885115 0.723095
vt 0.865904 0.821180
vt 0.851713 0.796307
vt 0.824262 0.785962
vt 0.967498 0.917205
vt 0.827298 0.875700
vt 0.799969 0.870222
vt 0.858274 0.931075
vt 0.831022 0.926543
vt 0.818174 0.951690
vt 0.847623 0.986343
vt 0.873747 0.963104
vt 0.906218 0.957183
vt 0.934402 0.981872
vt 0.024857 0.749294
vt 0.019333 0.696513
vt 0.102113 0.762753
vt 0.112489 0.727886
vt 0.131701 0.825971
vt 0.145892 0.801099
vt 0.173342 0.790738
vt 0.030106 0.921996
vt 0.170321 0.880491
vt 0.197635 0.875013
vt 0.139330 0.935866
vt 0.166598 0.931334
vt 0.179446 0.956481
vt 0.149981 0.991135
vt 0.123857 0.967895
vt 0.091386 0.961959
vt 0.063203 0.986664
s 1
usemtl m_Eye
f 3752/1499/1902 3753/1500/1903 3754/1501/1904
f 3753/1500/1903 3755/1502/1905 3754/1501/1904
f 3753/1500/1903 3756/1503/1906 3755/1502/1905
f 3753/1500/1903 3757/1504/1907 3756/1503/1906
f 3756/1503/1906 3758/1505/1908 3755/1502/1905
f 3756/1503/1906 3759/1506/1909 3758/1505/1908
f 3760/1507/1910 3761/1508/1911 3762/1509/1912
f 3761/1508/1911 3763/1510/1913 3762/1509/1912
f 3762/1509/1912 3763/1510/1913 3764/1511/1914
f 3762/1509/1912 3764/1511/1914 3765/1512/1915
f 3763/1510/1913 3766/1513/1916 3764/1511/1914
f 3764/1511/1914 3766/1513/1916 3767/1514/1917
f 3768/1515/1918 3769/1516/1919 3770/1517/1920
f 3769/1516/1919 3771/1518/1921 3770/1517/1920
f 3769/1516/1919 3772/1519/1922 3771/1518/1921
f 3772/1519/1922 3773/1520/1923 3771/1518/1921
f 3770/1517/1920 3771/1518/1921 3774/1521/1924
f 3771/1518/1921 3773/1520/1923 3775/1522/1925
f 3771/1518/1921 3775/1522/1925 3774/1521/1924
f 3774/1521/1924 3775/1522/1925 3776/1523/1926
f 3775/1522/1925 3777/1524/1927 3776/1523/1926
f 3776/1523/1926 3777/1524/1927 3778/1525/1928
f 3774/1521/1924 3776/1523/1926 3779/1526/1929
f 3776/1523/1926 3778/1525/1928 3780/1527/1930
f 3776/1523/1926 3780/1527/1930 3779/1526/1929
f 3779/1526/1929 3780/1527/1930 3781/1528/1931
f 3782/1529/1932 3783/1530/1933 3784/1531/1934
f 3785/1532/1935 3782/1529/1932 3784/1531/1934
f 3786/1533/1936 3782/1529/1932 3785/1532/1935
f 3785/1532/1935 3784/1531/1934 3787/1534/1937
f 3787/1534/1937 3784/1531/1934 3788/1535/1938
f 3789/1536/1939 3786/1533/1936 3785/1532/1935
f 3787/1534/1937 3788/1535/1938 3790/1537/1940
f 3788/1535/1938 3791/1538/1941 3790/1537/1940
f 3785/1532/1935 3787/1534/1937 3792/1539/1942
f 3791/1538/1941 3793/1540/1943 3794/1541/1944
f 3795/1542/1945 3785/1532/1935 3792/1539/1942
f 3789/1536/1939 3785/1532/1935 3795/1542/1945
f 3796/1543/1946 3791/1538/1941 3794/1541/1944
f 3796/1543/1946 3794/1541/1944 3797/1544/1919
f 3798/1545/1947 3791/1538/1941 3796/1543/1946
f 3790/1537/1940 3791/1538/1941 3798/1545/1947
f 3796/1543/1946 3797/1544/1919 3799/1546/1948
f 3799/1546/1948 3797/1544/1919 3800/1547/1918
f 3799/1546/1948 3800/1547/1918 3801/1548/1949
f 3802/1549/1950 3796/1543/1946 3799/1546/1948
f 3798/1545/1947 3796/1543/1946 3802/1549/1950
f 3799/1546/1948 3801/1548/1949 3803/1550/1951
f 3802/1549/1950 3799/1546/1948 3803/1550/1951
f 3801/1548/1949 3804/1551/1952 3803/1550/1951
f 3804/1551/1952 3805/1552/1953 3803/1550/1951
f 3798/1545/1947 3802/1549/1950 3806/1553/1954
f 3807/1554/1955 3803/1550/1951 3805/1552/1953
f 3807/1554/1955 3805/1552/1953 3808/1555/1931
f 3807/1554/1955 3808/1555/1931 3809/1556/1930
f 3802/1549/1950 3803/1550/1951 3810/1557/1956
f 3811/1558/1957 3807/1554/1955 3809/1556/1930
f 3811/1558/1957 3809/1556/1930 3812/1559/1958
f 3813/1560/1959 3803/1550/1951 3807/1554/1955
f 3813/1560/1959 3807/1554/1955 3811/1558/1957
f 3810/1557/1956 3803/1550/1951 3813/1560/1959
f 3814/1561/1960 3811/1558/1957 3812/1559/1958
f 3814/1561/1960 3812/1559/1958 3815/1562/1961
f 3814/1561/1960 3816/1563/1962 3811/1558/1957
f 3813/1560/1959 3811/1558/1957 3816/1563/1962
f 3817/1564/1963 3816/1563/1962 3814/1561/1960
f 3818/1565/1964 3817/1564/1963 3814/1561/1960
f 3813/1560/1959 3816/1563/1962 3819/1566/1965
f 3820/1567/1966 3817/1564/1963 3818/1565/1964
f 3821/1568/1967 3820/1567/1966 3818/1565/1964
f 3822/1569/1968 3813/1560/1959 3819/1566/1965
f 3810/1557/1956 3813/1560/1959 3822/1569/1968
f 3823/1570/1969 3821/1568/1967 3824/1571/1970
f 3825/1572/1971 3821/1568/1967 3823/1570/1969
f 3825/1572/1971 3820/1567/1966 3821/1568/1967
f 3826/1573/1972 3825/1572/1971 3823/1570/1969
f 3827/1574/1973 3817/1564/1963 3820/1567/1966
f 3828/1575/1974 3820/1567/1966 3825/1572/1971
f 3828/1575/1974 3827/1574/1973 3820/1567/1966
f 3829/1576/1975 3825/1572/1971 3826/1573/1972
f 3827/1574/1973 3830/1577/1976 3817/1564/1963
f 3830/1577/1976 3816/1563/1962 3817/1564/1963
f 3831/1578/1977 3825/1572/1971 3829/1576/1975
f 3831/1578/1977 3828/1575/1974 3825/1572/1971
f 3830/1577/1976 3832/1579/1978 3816/1563/1962
f 3832/1579/1978 3819/1566/1965 3816/1563/1962
f 3822/1569/1968 3819/1566/1965 3832/1579/1978
f 3827/1574/1973 3833/1580/1979 3830/1577/1976
f 3833/1580/1979 3832/1579/1978 3830/1577/1976
f 3828/1575/1974 3834/1581/1980 3827/1574/1973
f 3827/1574/1973 3834/1581/1980 3833/1580/1979
f 3835/1582/1981 3828/1575/1974 3831/1578/1977
f 3835/1582/1981 3834/1581/1980 3828/1575/1974
f 3833/1580/1979 3836/1583/1982 3832/1579/1978
f 3834/1581/1980 3837/1584/1983 3833/1580/1979
f 3833/1580/1979 3837/1584/1983 3836/1583/1982
f 3836/1583/1982 3838/1585/1984 3832/1579/1978
f 3838/1585/1984 3822/1569/1968 3832/1579/1978
f 3837/1584/1983 3839/1586/1985 3836/1583/1982
f 3836/1583/1982 3839/1586/1985 3838/1585/1984
f 3838/1585/1984 3840/1587/1986 3822/1569/1968
f 3840/1587/1986 3810/1557/1956 3822/1569/1968
f 3838/1585/1984 3841/1588/1987 3840/1587/1986
f 3839/1586/1985 3841/1588/1987 3838/1585/1984
f 3842/1589/1988 3810/1557/1956 3840/1587/1986
f 3842/1589/1988 3802/1549/1950 3810/1557/1956
f 3806/1553/1954 3802/1549/1950 3842/1589/1988
f 3843/1590/1989 3840/1587/1986 3841/1588/1987
f 3843/1590/1989 3842/1589/1988 3840/1587/1986
f 3839/1586/1985 3843/1590/1989 3841/1588/1987
f 3844/1591/1990 3806/1553/1954 3842/1589/1988
f 3844/1591/1990 3842/1589/1988 3843/1590/1989
f 3844/1591/1990 3798/1545/1947 3806/1553/1954
f 3845/1592/1991 3843/1590/1989 3839/1586/1985
f 3845/1592/1991 3844/1591/1990 3843/1590/1989
f 3846/1593/1992 3798/1545/1947 3844/1591/1990
f 3790/1537/1940 3798/1545/1947 3846/1593/1992
f 3847/1594/1993 3844/1591/1990 3845/1592/1991
f 3846/1593/1992 3844/1591/1990 3847/1594/1993
f 3848/1595/1994 3790/1537/1940 3846/1593/1992
f 3848/1595/1994 3846/1593/1992 3847/1594/1993
f 3787/1534/1937 3790/1537/1940 3848/1595/1994
f 3792/1539/1942 3787/1534/1937 3848/1595/1994
f 3847/1594/1993 3845/1592/1991 3849/1596/1995
f 3845/1592/1991 3839/1586/1985 3849/1596/1995
f 3848/1595/1994 3847/1594/1993 3850/1597/1996
f 3792/1539/1942 3848/1595/1994 3850/1597/1996
f 3850/1597/1996 3847/1594/1993 3849/1596/1995
f 3851/1598/1997 3849/1596/1995 3839/1586/1985
f 3851/1598/1997 3839/1586/1985 3837/1584/1983
f 3850/1597/1996 3849/1596/1995 3852/1599/1998
f 3851/1598/1997 3852/1599/1998 3849/1596/1995
f 3792/1539/1942 3850/1597/1996 3853/1600/1999
f 3795/1542/1945 3792/1539/1942 3853/1600/1999
f 3854/1601/2000 3851/1598/1997 3837/1584/1983
f 3854/1601/2000 3837/1584/1983 3834/1581/1980
f 3855/1602/2001 3852/1599/1998 3851/1598/1997
f 3854/1601/2000 3855/1602/2001 3851/1598/1997
f 3856/1603/2002 3852/1599/1998 3855/1602/2001
f 3856/1603/2002 3855/1602/2001 3854/1601/2000
f 3857/1604/2003 3850/1597/1996 3852/1599/1998
f 3857/1604/2003 3852/1599/1998 3856/1603/2002
f 3853/1600/1999 3850/1597/1996 3857/1604/2003
f 3858/1605/2004 3854/1601/2000 3834/1581/1980
f 3856/1603/2002 3854/1601/2000 3858/1605/2004
f 3835/1582/1981 3858/1605/2004 3834/1581/1980
f 3859/1606/2005 3857/1604/2003 3856/1603/2002
f 3859/1606/2005 3856/1603/2002 3858/1605/2004
f 3860/1607/2006 3857/1604/2003 3859/1606/2005
f 3860/1607/2006 3859/1606/2005 3858/1605/2004
f 3861/1608/2007 3853/1600/1999 3857/1604/2003
f 3861/1608/2007 3857/1604/2003 3860/1607/2006
f 3862/1609/2008 3858/1605/2004 3835/1582/1981
f 3862/1609/2008 3860/1607/2006 3858/1605/2004
f 3863/1610/2009 3853/1600/1999 3861/1608/2007
f 3795/1542/1945 3853/1600/1999 3863/1610/2009
f 3862/1609/2008 3835/1582/1981 3864/1611/2010
f 3864/1611/2010 3835/1582/1981 3831/1578/1977
f 3865/1612/2011 3795/1542/1945 3863/1610/2009
f 3865/1612/2011 3789/1536/1939 3795/1542/1945
f 3866/1613/2012 3863/1610/2009 3861/1608/2007
f 3865/1612/2011 3863/1610/2009 3866/1613/2012
f 3866/1613/2012 3861/1608/2007 3867/1614/2013
f 3867/1614/2013 3861/1608/2007 3860/1607/2006
f 3868/1615/2014 3865/1612/2011 3866/1613/2012
f 3868/1615/2014 3866/1613/2012 3867/1614/2013
f 3869/1616/2015 3789/1536/1939 3865/1612/2011
f 3870/1617/2016 3865/1612/2011 3868/1615/2014
f 3870/1617/2016 3869/1616/2015 3865/1612/2011
f 3869/1616/2015 3871/1618/2017 3789/1536/1939
f 3871/1618/2017 3786/1533/1936 3789/1536/1939
f 3871/1618/2017 3872/1619/2018 3786/1533/1936
f 3871/1618/2017 3873/1620/2019 3872/1619/2018
f 3874/1621/2020 3873/1620/2019 3871/1618/2017
f 3875/1622/2021 3871/1618/2017 3869/1616/2015
f 3875/1622/2021 3874/1621/2020 3871/1618/2017
f 3875/1622/2021 3869/1616/2015 3870/1617/2016
f 3876/1623/2022 3874/1621/2020 3875/1622/2021
f 3877/1624/2023 3875/1622/2021 3870/1617/2016
f 3877/1624/2023 3876/1623/2022 3875/1622/2021
f 3877/1624/2023 3870/1617/2016 3868/1615/2014
f 3877/1624/2023 3878/1625/2024 3876/1623/2022
f 3876/1623/2022 3878/1625/2024 3879/1626/2025
f 3877/1624/2023 3868/1615/2014 3880/1627/2026
f 3868/1615/2014 3867/1614/2013 3880/1627/2026
f 3877/1624/2023 3881/1628/2027 3878/1625/2024
f 3867/1614/2013 3882/1629/2028 3880/1627/2026
f 3867/1614/2013 3860/1607/2006 3882/1629/2028
f 3877/1624/2023 3880/1627/2026 3883/1630/2029
f 3877/1624/2023 3883/1630/2029 3881/1628/2027
f 3882/1629/2028 3884/1631/2030 3880/1627/2026
f 3882/1629/2028 3860/1607/2006 3884/1631/2030
f 3880/1627/2026 3884/1631/2030 3883/1630/2029
f 3884/1631/2030 3860/1607/2006 3862/1609/2008
f 3884/1631/2030 3862/1609/2008 3885/1632/2031
f 3884/1631/2030 3885/1632/2031 3883/1630/2029
f 3885/1632/2031 3862/1609/2008 3864/1611/2010
f 3883/1630/2029 3885/1632/2031 3886/1633/2032
f 3885/1632/2031 3864/1611/2010 3886/1633/2032
f 3883/1630/2029 3886/1633/2032 3881/1628/2027
f 3864/1611/2010 3831/1578/1977 3886/1633/2032
f 3831/1578/1977 3829/1576/1975 3886/1633/2032
f 3881/1628/2027 3886/1633/2032 3887/1634/2033
f 3886/1633/2032 3829/1576/1975 3887/1634/2033
f 3881/1628/2027 3887/1634/2033 3878/1625/2024
f 3888/1635/2034 3887/1634/2033 3829/1576/1975
f 3878/1625/2024 3887/1634/2033 3888/1635/2034
f 3879/1626/2025 3878/1625/2024 3888/1635/2034
f 3888/1635/2034 3829/1576/1975 3826/1573/1972
f 3879/1626/2025 3888/1635/2034 3889/1636/2035
f 3890/1637/2036 3888/1635/2034 3826/1573/1972
f 3889/1636/2035 3888/1635/2034 3890/1637/2036
f 3891/1638/1938 3892/1639/2037 3893/1640/2038
f 3892/1639/2037 3894/1641/2039 3893/1640/2038
f 3895/1642/2040 3892/1639/2037 3891/1638/1938
f 3896/1643/2041 3894/1641/2039 3892/1639/2037
f 3895/1642/2040 3896/1643/2041 3892/1639/2037
f 3896/1643/2041 3897/1644/1905 3894/1641/2039
f 3898/1645/1934 3895/1642/2040 3891/1638/1938
f 3899/1646/2042 3897/1644/1905 3896/1643/2041
f 3895/1642/2040 3899/1646/2042 3896/1643/2041
f 3900/1647/1904 3897/1644/1905 3899/1646/2042
f 3898/1645/1934 3901/1648/2043 3895/1642/2040
f 3901/1648/2043 3899/1646/2042 3895/1642/2040
f 3902/1649/2044 3900/1647/1904 3899/1646/2042
f 3902/1649/2044 3899/1646/2042 3901/1648/2043
f 3903/1650/2045 3900/1647/1904 3902/1649/2044
f 3904/1651/2046 3903/1650/2045 3902/1649/2044
f 3902/1649/2044 3901/1648/2043 3905/1652/2047
f 3904/1651/2046 3902/1649/2044 3905/1652/2047
f 3906/1653/2048 3901/1648/2043 3898/1645/1934
f 3906/1653/2048 3905/1652/2047 3901/1648/2043
f 3904/1651/2046 3905/1652/2047 3906/1653/2048
f 3907/1654/2049 3906/1653/2048 3898/1645/1934
f 3907/1654/2049 3904/1651/2046 3906/1653/2048
f 3908/1655/1964 3909/1656/2050 3910/1657/2051
f 3910/1657/2051 3909/1656/2050 3911/1658/2052
f 3908/1655/1964 3910/1657/2051 3912/1659/2053
f 3910/1657/2051 3911/1658/2052 3913/1660/2054
f 3912/1659/2053 3910/1657/2051 3913/1660/2054
f 3913/1660/2054 3911/1658/2052 3914/1661/1913
f 3915/1662/1967 3908/1655/1964 3912/1659/2053
f 3916/1663/2055 3913/1660/2054 3914/1661/1913
f 3912/1659/2053 3913/1660/2054 3916/1663/2055
f 3916/1663/2055 3914/1661/1913 3917/1664/1911
f 3915/1662/1967 3912/1659/2053 3918/1665/2056
f 3918/1665/2056 3912/1659/2053 3916/1663/2055
f 3919/1666/2057 3916/1663/2055 3917/1664/1911
f 3918/1665/2056 3916/1663/2055 3919/1666/2057
f 3919/1666/2057 3917/1664/1911 3920/1667/2058
f 3921/1668/2059 3919/1666/2057 3920/1667/2058
f 3918/1665/2056 3919/1666/2057 3922/1669/2060
f 3921/1668/2059 3922/1669/2060 3919/1666/2057
f 3923/1670/2061 3915/1662/1967 3918/1665/2056
f 3923/1670/2061 3918/1665/2056 3922/1669/2060
f 3923/1670/2061 3922/1669/2060 3921/1668/2059
f 3924/1671/2062 3915/1662/1967 3923/1670/2061
f 3924/1671/2062 3923/1670/2061 3921/1668/2059
