<?xml version="1.0" encoding="utf-8"?>
<COLLADA xmlns="http://www.collada.org/2005/11/COLLADASchema" version="1.4.1" xmlns:xsi="http://www.w3.org/2001/XMLSchema-instance">
  <asset>
    <contributor>
      <author>Blender User</author>
      <authoring_tool>Blender 2.79.0 commit date:2018-03-22, commit time:14:10, hash:f4dc9f9d68b</authoring_tool>
    </contributor>
    <created>2018-12-11T19:28:30</created>
    <modified>2018-12-11T19:28:30</modified>
    <unit name="meter" meter="1"/>
    <up_axis>Z_UP</up_axis>
  </asset>
  <library_images>
    <image id="Bitmaptexture" name="Bitmaptexture">
      <init_from>MetalMario_Mlt.png</init_from>
    </image>
    <image id="Bitmaptexture_001" name="Bitmaptexture_001">
      <init_from>MetalMario_Alb.png</init_from>
    </image>
    <image id="Normal_Bump_001" name="Normal_Bump_001">
      <init_from>MetalMario_Nrm.png</init_from>
    </image>
    <image id="Bitmaptexture_003" name="Bitmaptexture_003">
      <init_from>MetalMarioEye_Alb.png</init_from>
    </image>
    <image id="Normal_Bump" name="Normal_Bump">
      <init_from>MetalMarioEye_Nrm.0.png</init_from>
    </image>
    <image id="Bitmaptexture_004" name="Bitmaptexture_004">
      <init_from>MetalMarioEye_Spm.png</init_from>
    </image>
  </library_images>
  <library_effects>
    <effect id="m_Body-effect">
      <profile_COMMON>
        <newparam sid="Bitmaptexture_001-surface">
          <surface type="2D">
            <init_from>Bitmaptexture_001</init_from>
          </surface>
        </newparam>
        <newparam sid="Bitmaptexture_001-sampler">
          <sampler2D>
            <source>Bitmaptexture_001-surface</source>
          </sampler2D>
        </newparam>
        <newparam sid="Normal_Bump_001-surface">
          <surface type="2D">
            <init_from>Normal_Bump_001</init_from>
          </surface>
        </newparam>
        <newparam sid="Normal_Bump_001-sampler">
          <sampler2D>
            <source>Normal_Bump_001-surface</source>
          </sampler2D>
        </newparam>
        <technique sid="common">
          <lambert>
            <emission>
              <color sid="emission">0 0 0 1</color>
            </emission>
            <ambient>
              <color sid="ambient">0 0 0 1</color>
            </ambient>
            <diffuse>
              <texture texture="Bitmaptexture_001-sampler"/>
            </diffuse>
            <transparent>
              <texture texture="Bitmaptexture_001-sampler"/>
            </transparent>
            <index_of_refraction>
              <float sid="index_of_refraction">1</float>
            </index_of_refraction>
          </lambert>
          <extra>
            <technique profile="FCOLLADA">
              <bump>
                <texture texture="Normal_Bump_001-sampler"/>
              </bump>
            </technique>
          </extra>
        </technique>
      </profile_COMMON>
    </effect>
    <effect id="m_Eye-effect">
      <profile_COMMON>
        <newparam sid="Bitmaptexture_003-surface">
          <surface type="2D">
            <init_from>Bitmaptexture_003</init_from>
          </surface>
        </newparam>
        <newparam sid="Bitmaptexture_003-sampler">
          <sampler2D>
            <source>Bitmaptexture_003-surface</source>
          </sampler2D>
        </newparam>
        <newparam sid="Normal_Bump-surface">
          <surface type="2D">
            <init_from>Normal_Bump</init_from>
          </surface>
        </newparam>
        <newparam sid="Normal_Bump-sampler">
          <sampler2D>
            <source>Normal_Bump-surface</source>
          </sampler2D>
        </newparam>
        <technique sid="common">
          <lambert>
            <emission>
              <color sid="emission">0 0 0 1</color>
            </emission>
            <ambient>
              <color sid="ambient">0 0 0 1</color>
            </ambient>
            <diffuse>
              <texture texture="Bitmaptexture_003-sampler"/>
            </diffuse>
            <transparent>
              <texture texture="Bitmaptexture_003-sampler"/>
            </transparent>
            <index_of_refraction>
              <float sid="index_of_refraction">1</float>
            </index_of_refraction>
          </lambert>
          <extra>
            <technique profile="FCOLLADA">
              <bump>
                <texture texture="Normal_Bump-sampler"/>
              </bump>
            </technique>
          </extra>
        </technique>
      </profile_COMMON>
    </effect>
  </library_effects>
  <library_materials>
    <material id="m_Body-material" name="m_Body">
      <instance_effect url="#m_Body-effect"/>
    </material>
    <material id="m_Eye-material" name="m_Eye">
      <instance_effect url="#m_Eye-effect"/>
    </material>
  </library_materials>
  <library_geometries>
    <geometry id="Untitled-mesh" name="Untitled">
      <mesh>
        <source id="Untitled-mesh-positions">
          <float_array id="Untitled-mesh-positions-array" count="8439">-1.986173 11.1453 0.9345256 -2.022834 11.13861 0.7533421 -2.285803 11.43735 0.6061185 2.285803 11.43735 0.6061186 2.022834 11.13861 0.7533422 1.986173 11.1453 0.9345257 -6.861986 8.989922 -0.9324282 -6.452844 8.726105 -0.9683508 -6.458675 9.308661 -0.9723452 4.88974 8.480747 0.5795953 4.831482 8.16048 0.5535269 4.955245 7.94725 0.2899058 6.458675 9.308661 -0.9723452 6.452844 8.726105 -0.9683508 6.861986 8.989922 -0.9324282 -2.083441 11.34824 0.08210915 -2.293924 11.64239 -0.2918937 -2.422717 11.86926 -0.2626749 -2.336386 11.56347 -0.7615197 -2.5995 11.92806 -0.5558121 2.083441 11.34824 0.08210915 2.422717 11.86926 -0.262675 2.293924 11.64239 -0.2918937 2.5995 11.92806 -0.555812 2.336386 11.56347 -0.7615198 -2.5995 11.92806 -0.5558121 -2.422717 11.86926 -0.2626749 -2.293924 11.64239 -0.2918937 -2.336386 11.56347 -0.7615197 -2.783465 11.7925 -0.9082949 -2.825096 11.47298 -1.091861 -2.207086 11.03429 -0.845875 -3.021674 11.77558 -0.7451609 -2.789095 11.03533 -1.150297 -3.103739 11.42259 -0.9246609 -2.743586 11.931 -0.401791 -2.422717 11.86926 -0.2626749 -3.070519 11.01523 -0.9849931 -3.029112 11.4985 -0.5792434 -2.953582 10.85221 -0.6529729 -2.926762 10.61585 -0.8942381 -2.676396 10.62263 -1.043022 -2.104942 10.67779 -0.75404 -2.550805 10.20918 -0.5907292 -2.288803 10.21631 -0.6790287 -1.919187 10.21472 -0.3877647 -2.190817 10.14836 -0.2437334 -2.01846 10.19961 0.05442821 -2.305091 10.14685 -0.2438322 -2.561302 10.43015 -0.3397437 -2.305091 10.14685 -0.2438322 -2.01846 10.19961 0.05442821 -2.422374 11.01751 -0.4452503 -2.201401 10.50725 -0.02343243 -2.030733 10.30957 0.1847689 -2.156604 11.02989 0.0128116 -2.092154 11.07947 0.192034 -2.777476 11.74144 -0.3051109 -2.413334 11.5179 -0.06351649 -2.083441 11.34824 0.08210915 -2.524384 11.85037 -0.173836 2.5995 11.92806 -0.555812 2.293924 11.64239 -0.2918937 2.422717 11.86926 -0.262675 2.336386 11.56347 -0.7615198 2.783465 11.7925 -0.908295 2.825096 11.47298 -1.091861 2.207086 11.03429 -0.845875 3.021674 11.77558 -0.745161 2.789095 11.03533 -1.150297 3.103739 11.42259 -0.924661 3.070519 11.01523 -0.984993 2.676396 10.62263 -1.043022 2.104942 10.67779 -0.75404 2.926762 10.61585 -0.894238 2.288803 10.21631 -0.6790286 1.919187 10.21472 -0.3877648 2.550805 10.20918 -0.5907292 2.190817 10.14836 -0.2437335 2.01846 10.19961 0.05442821 2.305091 10.14685 -0.2438324 2.953582 10.85221 -0.652973 2.561302 10.43015 -0.3397437 2.305091 10.14685 -0.2438324 2.01846 10.19961 0.05442821 3.029112 11.4985 -0.5792435 2.422374 11.01751 -0.4452503 2.201401 10.50725 -0.02343243 2.030733 10.30957 0.184769 2.156604 11.02989 0.0128116 2.092154 11.07947 0.192034 2.413334 11.5179 -0.06351649 2.083441 11.34824 0.08210915 2.777476 11.74144 -0.305111 2.524384 11.85037 -0.1738359 2.422717 11.86926 -0.262675 2.743586 11.931 -0.401791 1.161134 -0.02240896 2.226471 0.7543128 -0.02240896 2.111428 1.567955 -0.02240896 2.111391 0.3771739 -0.0308876 1.832424 1.955604 -0.0308876 1.832348 0.143248 -0.0308876 1.262809 2.235488 -0.0308876 1.262703 0.1982829 -0.0308876 0.5397807 2.244346 -0.0308876 0.5396768 0.3559179 0.1979646 -0.07100427 2.119983 0.1979646 -0.07109379 2.119983 -0.03088712 -0.07109379 0.3559179 -0.03088712 -0.07100427 2.046377 -0.03088712 -0.6054831 0.3025434 -0.03088712 -0.6053945 1.715956 -0.03088712 -1.19152 0.5670719 -0.03088712 -1.191461 1.115174 -0.03417968 -1.395106 -0.4737219 9.261046 -1.260068 0 10.17504 -1.249577 0 9.220444 -1.354433 -0.43505 10.17504 -1.191425 -0.77514 9.346142 -0.8372769 -0.695164 10.17507 -0.8123088 -0.695141 10.17506 -0.10706 -0.80457 9.366775 -0.1059641 -0.510854 10.17504 0.2818289 -0.508092 9.329927 0.3785791 0 10.17504 0.3833451 0 9.310043 0.4523182 0.508092 9.329927 0.3785791 0.510854 10.17504 0.2818289 0.80457 9.366775 -0.1059641 0.695141 10.17506 -0.10706 0.77514 9.346142 -0.8372769 0.695164 10.17507 -0.8123088 0.43505 10.17504 -1.191425 0.4737219 9.261046 -1.260068 0 10.17504 -1.249577 0 9.220444 -1.354433 -2.213143 12.39386 0.8426152 -2.369502 11.96663 0.04400992 -1.860047 12.51884 1.30052 -1.385768 12.73544 1.746384 -2.307547 11.61485 -0.7913661 -0.6586849 12.86741 1.974973 -2.096598 11.42402 -1.306539 -1.801475 11.24252 -1.764135 0 12.90118 2.033457 -1.13939 11.08971 -2.154099 -0.5397655 11.0089 -2.35114 0 11.0089 -2.420295 0.5397655 11.0089 -2.351141 1.13939 11.08971 -2.1541 1.801475 11.24252 -1.764135 0.6586849 12.86741 1.974972 2.096598 11.42402 -1.306539 2.307547 11.61485 -0.7913662 1.385768 12.73544 1.746384 2.369502 11.96663 0.04400992 1.860047 12.51884 1.30052 2.213143 12.39386 0.8426152 -1.973063 12.79171 1.371332 -2.213143 12.39386 0.8426152 -2.277794 12.4333 1.467886 -2.161573 12.59655 2.318387 -1.555335 13.21272 1.815179 -1.708753 12.92302 3.094249 -0.9551172 13.5017 2.132328 -0.958312 13.16454 3.558965 0 13.61255 2.29815 0 13.228 3.72061 0.958312 13.16454 3.558965 0.9551172 13.5017 2.132328 1.708753 12.92302 3.09425 1.555335 13.21272 1.815179 2.161573 12.59655 2.318387 1.973063 12.79171 1.371332 2.277794 12.4333 1.467886 2.213143 12.39386 0.8426152 -1.860047 12.51884 1.30052 -2.277794 12.4333 1.467886 -2.213143 12.39386 0.8426152 -2.161573 12.59655 2.318387 -1.385768 12.73544 1.746384 -1.708753 12.92302 3.094249 -0.6586849 12.86741 1.974973 -0.958312 13.16454 3.558965 0 12.90118 2.033457 0 13.228 3.72061 0.958312 13.16454 3.558965 0.6586849 12.86741 1.974972 1.708753 12.92302 3.09425 1.385768 12.73544 1.746384 2.161573 12.59655 2.318387 1.860047 12.51884 1.30052 2.277794 12.4333 1.467886 2.213143 12.39386 0.8426152 -1.161134 -0.02240896 2.226471 -1.567955 -0.02240896 2.111391 -0.7543128 -0.02240896 2.111428 -0.3771739 -0.0308876 1.832424 -1.955604 -0.0308876 1.832348 -0.143248 -0.0308876 1.262809 -2.235488 -0.0308876 1.262703 -0.1982829 -0.0308876 0.5397807 -2.244346 -0.0308876 0.5396768 -0.3559179 0.1979646 -0.07100427 -2.119983 0.1979646 -0.07109379 -2.119983 -0.03088712 -0.07109379 -0.3559179 -0.03088712 -0.07100427 -2.046377 -0.03088712 -0.6054831 -0.3025434 -0.03088712 -0.6053945 -1.715956 -0.03088712 -1.19152 -0.5670719 -0.03088712 -1.191461 -1.115174 -0.03417968 -1.395106 -0.81292 9.190426 -0.8449803 -0.5956175 9.066332 -1.276708 -0.7074305 9.071593 -1.205413 -0.544532 8.889463 -1.42668 0 8.828813 -1.499924 0 9.00772 -1.388396 0 8.375437 -1.479388 0.5956175 9.066332 -1.276708 0.544532 8.889463 -1.42668 0.7074305 9.071593 -1.205413 0.81292 9.190426 -0.8449803 -2.20523 7.093989 -0.6437035 -2.28638 7.060613 -0.05068206 -2.212044 7.617892 -0.3316841 -2.112783 7.807826 -0.8388958 -1.795639 7.892714 -1.164509 -1.70038 7.454404 -1.377165 -1.396412 7.935016 -1.439304 -1.354358 8.586027 -1.391033 -1.719959 8.451085 -1.154474 -1.343842 8.952125 -1.211369 -2.212044 7.617892 -0.3316841 -3.21258 7.736252 -0.3401828 -1.70711 9.030966 -0.8518391 -1.350137 9.132648 -0.8980409 -1.356173 9.207162 -0.303048 -2.596541 8.421149 -1.075852 -1.74441 9.16866 -0.316247 -2.017628 9.021767 -0.8251963 -1.725435 9.030472 0.1865777 -1.384427 9.034175 0.2851776 -2.055645 9.158053 -0.3293676 -1.452461 8.736025 0.651184 -2.325554 9.006276 -0.8029347 -2.362103 9.137391 -0.3293057 -2.019521 9.021612 0.1602635 -1.738424 8.468405 0.5896239 -1.518025 8.340447 0.8953408 -1.995941 8.421244 0.471767 -1.777665 7.911841 0.8330164 -1.633939 7.828491 1.19386 -1.943975 7.493853 1.034609 -2.185597 7.162639 0.603681 -2.114316 7.807842 0.1763801 -2.28638 7.060613 -0.05068206 -2.212044 7.617892 -0.3316841 -2.212044 7.617892 -0.3316841 -3.21258 7.736252 -0.3401828 -3.208982 7.861749 0.09967708 -3.696884 7.732747 -0.3331356 -4.667542 7.868235 0.1036562 -4.660504 7.73543 -0.3306651 -3.645997 7.851373 0.1016182 -4.697358 8.430779 0.3709684 -2.606862 8.419473 0.3855267 -3.198032 8.42622 0.3616767 -3.60553 8.430274 0.369009 -4.727172 8.993313 0.1018023 -3.636586 8.986335 0.1026406 -4.7334 9.110424 -0.3315039 -3.19313 8.953701 0.1008019 -3.677825 9.107623 -0.3314018 -4.727171 8.993299 -0.7646518 -3.192826 9.077276 -0.3333311 -2.600377 8.984507 0.1205382 -2.311169 9.00629 0.1382503 -2.663783 9.106673 -0.3323274 -2.630889 8.984491 -0.7850547 -2.98768 8.952168 -0.7864041 -3.19313 8.953687 -0.7933974 -2.991137 8.421359 -1.064019 -3.013475 7.847686 -0.79813 -3.198032 8.426196 -1.061631 -3.725821 8.986319 -0.7944951 -4.697356 8.430754 -1.036978 -3.761355 8.430249 -1.075676 -4.667542 7.868222 -0.7644348 -3.208982 7.859826 -0.7919679 -3.740697 7.869398 -0.7892156 -4.660504 7.73543 -0.3306651 -3.696884 7.732747 -0.3331356 2.20523 7.093989 -0.6437035 2.212044 7.617892 -0.3316836 2.28638 7.060613 -0.05068212 2.112783 7.807826 -0.8388958 1.795639 7.892714 -1.164509 1.70038 7.454404 -1.377165 1.396412 7.935016 -1.439304 1.354358 8.586027 -1.391033 1.719959 8.451085 -1.154474 1.343842 8.952125 -1.211369 3.212575 7.736243 -0.3401822 2.212044 7.617892 -0.3316836 1.70711 9.030966 -0.8518391 1.350137 9.132648 -0.8980409 1.356173 9.207162 -0.303048 2.596541 8.421149 -1.075852 1.74441 9.16866 -0.316247 3.013475 7.847686 -0.79813 1.725435 9.030472 0.1865777 1.384427 9.034175 0.2851776 1.452461 8.736025 0.651184 2.055645 9.158053 -0.3293676 2.017628 9.021767 -0.8251963 2.325554 9.006276 -0.8029347 2.362103 9.137391 -0.3293057 2.019521 9.021612 0.1602635 1.738424 8.468405 0.5896239 1.518025 8.340447 0.8953408 1.995941 8.421244 0.471767 2.311169 9.00629 0.1382503 1.777665 7.911841 0.8330164 1.633939 7.828491 1.19386 1.943975 7.493853 1.034609 2.185597 7.162639 0.6036811 2.114316 7.807842 0.1763801 2.28638 7.060613 -0.05068212 2.212044 7.617892 -0.3316836 2.212044 7.617892 -0.3316836 3.212575 7.736243 -0.3401822 2.606862 8.419473 0.3855267 3.208982 7.861749 0.09967708 3.696884 7.732747 -0.3331356 4.660504 7.73543 -0.3306651 4.667542 7.868235 0.1036562 3.645997 7.851373 0.1016182 4.697358 8.430779 0.3709684 3.60553 8.430274 0.369009 4.727172 8.993313 0.1018023 3.198032 8.42622 0.3616767 3.636586 8.986335 0.1026406 4.7334 9.110424 -0.3315039 3.19313 8.953701 0.1008019 2.600377 8.984507 0.1205382 3.192826 9.077276 -0.3333311 3.677825 9.107623 -0.3314018 4.727171 8.993299 -0.7646518 2.663783 9.106673 -0.3323274 2.630889 8.984491 -0.7850547 2.98768 8.952168 -0.7864041 3.19313 8.953687 -0.7933974 2.991137 8.421359 -1.064019 3.725821 8.986319 -0.7944951 4.697356 8.430754 -1.036978 3.198032 8.426196 -1.061631 3.761355 8.430249 -1.075676 4.667542 7.868222 -0.7644348 3.208982 7.859826 -0.7919679 3.740697 7.869398 -0.7892156 4.660504 7.73543 -0.3306651 3.696884 7.732747 -0.3331356 -1.603048 1.111191 -1.24901 -1.136137 1.119706 -1.435147 -1.75017 0.8974104 -1.378766 -1.117766 0.8899961 -1.586017 -0.7087917 1.130183 -1.26923 -1.113998 0.6236501 -1.654045 -1.814825 0.6281591 -1.424135 -0.5374324 0.8974075 -1.378553 -0.2623692 0.9452467 -0.8099821 -0.3462551 1.258734 -0.2037537 -0.4584589 0.6281581 -1.424012 -1.113105 0.341959 -1.601104 -1.810865 0.3613963 -1.382303 -0.1368024 1.171746 0.6143088 -0.439908 1.508823 0.8254992 -0.1549408 0.6613851 -0.7909659 -0.461071 0.3613963 -1.382231 -1.115174 0.1705451 -1.395106 -1.715956 0.1702766 -1.19152 -1.715956 -0.03088712 -1.19152 -1.115174 -0.03417968 -1.395106 -0.5670719 -0.03088712 -1.191461 -0.5670719 0.1702766 -1.191462 -0.3025434 -0.03088712 -0.6053945 -0.1576237 0.3531637 -0.714659 -0.3025434 0.1704597 -0.6053945 -0.3559179 -0.03088712 -0.07100427 -0.3559179 0.1979646 -0.07100427 0.01558458 0.8087111 0.6957451 -0.02815556 0.4321766 0.6941323 -0.1982829 0.1732392 0.6467558 -0.1982829 -0.0308876 0.5397807 -0.143248 -0.0308876 1.262809 -0.1432483 0.1743426 1.262809 -0.3771739 -0.0308876 1.832424 0.01574969 0.4393773 1.355848 -0.3771739 0.1745524 1.832424 -0.7543128 -0.02240896 2.111428 -0.01477074 0.8915405 1.374658 -0.7543128 0.1866054 2.111428 -1.161134 -0.02240896 2.226471 -0.2577286 0.4685125 2.059004 -0.2317774 0.9685063 2.07078 -0.1810593 1.311122 1.245698 -0.6858554 0.5068541 2.32641 -0.7319766 1.700002 1.513486 -1.189986 1.676096 0.8696221 -0.6079738 1.447019 2.084859 -0.6454218 1.00197 2.318667 -1.181051 1.759638 1.633142 -1.165062 1.463982 2.199905 -1.158424 1.018933 2.433708 -1.672017 1.708318 1.514224 -1.901499 1.450497 0.6900862 -1.733124 1.447019 2.084827 -1.655497 1.00197 2.318625 -1.157255 0.5238171 2.44145 -1.161134 0.1866054 2.226471 -1.567955 -0.02240896 2.111391 -1.628654 0.5068541 2.326367 -1.567955 0.1866054 2.111391 -1.955604 0.1745524 1.832348 -1.955604 -0.0308876 1.832348 -2.235488 -0.0308876 1.262703 -2.016696 0.4685125 2.058916 -2.039002 0.9685063 2.070694 -2.235488 0.1743426 1.262703 -2.244346 -0.0308876 0.5396768 -2.362895 0.4422846 1.426805 -2.244346 0.1732392 0.5396768 -2.119983 0.1979646 -0.07109379 -2.381097 0.4321766 0.5870493 -2.396895 0.8997679 1.446636 -2.375204 0.8087235 0.6958491 -2.186757 1.342854 1.323367 -2.226709 1.171866 0.6152855 -2.075553 1.259253 -0.198969 -2.186406 0.6613913 -0.7907981 -2.093153 0.9452934 -0.8087018 -1.603048 1.111191 -1.24901 -1.75017 0.8974104 -1.378766 -1.814825 0.6281591 -1.424135 -1.810865 0.3613963 -1.382303 -2.182344 0.3771787 -0.7147476 -1.715956 0.1702766 -1.19152 -2.046377 0.1704597 -0.6054831 -2.119983 -0.03088712 -0.07109379 -1.715956 -0.03088712 -1.19152 -2.046377 -0.03088712 -0.6054831 2.286118 12.51113 0.4857245 1.941183 12.4915 0.7572471 1.957667 12.05202 0.6736998 2.284665 11.6758 0.6981568 1.976488 11.7503 0.8208784 2.322067 11.52131 0.2641661 2.41508 12.48251 -0.1478562 2.288193 11.44568 0.9016374 1.881602 11.62051 1.045251 1.858816 11.43807 1.152766 1.936978 11.17579 1.074575 2.022834 11.13861 0.7533422 2.285803 11.43735 0.6061186 1.986173 11.1453 0.9345257 2.069609 10.89652 0.9520998 2.293924 11.64239 -0.2918937 2.200422 12.13335 -1.563092 2.083441 11.34824 0.08210915 2.336386 11.56347 -0.7615198 2.207086 11.03429 -0.845875 2.368783 11.27766 0.4284133 2.092154 11.07947 0.192034 2.107584 10.86932 0.3471977 2.378685 11.02529 0.6224377 2.117277 10.71604 0.5417551 2.102558 10.71949 0.7798637 2.001477 10.90779 -1.273104 1.664157 11.96365 -2.18581 1.951896 10.31537 -0.9451335 2.104942 10.67779 -0.75404 1.541988 10.77516 -1.646602 0.9370368 11.85574 -2.536364 1.941132 10.13936 -0.547613 1.919187 10.21472 -0.3877648 1.625925 9.651479 -0.2371753 2.001338 9.492654 -0.8409363 1.208191 9.402469 -0.3981257 2.112263 9.986351 -0.9675036 1.978359 10.03866 -1.303261 2.000585 9.669919 -1.271299 1.798239 9.36031 -1.064052 1.59514 9.411938 -1.287168 1.733558 9.894796 -1.485913 1.571675 10.1821 -1.425328 1.154839 9.749081 -1.364445 1.143353 9.368548 -1.198987 0.6902647 9.261611 -0.7056669 0.9322606 10.64227 -2.068207 1.013405 9.178166 -1.564944 0.8223935 10.05819 -1.80047 0 10.56779 -2.24893 0 11.80759 -2.678742 -0.9370368 11.85574 -2.536364 0.3136807 9.94687 -1.857828 1.077826 9.730758 -1.741932 0.7126929 9.747982 -2.021856 0.7733067 9.345166 -2.001973 0.7090981 9.015164 -1.632382 0.2450417 9.577485 -1.988987 0.3815137 9.083333 -1.734711 0 9.237576 -0.9152901 0 9.692288 -1.559622 0 9.851436 -1.787219 -0.3136807 9.94687 -1.857828 -0.2450417 9.577485 -1.988987 -0.9322606 10.64227 -2.068207 -0.3815137 9.083333 -1.734711 0 9.237576 -0.9152901 -0.6902647 9.261611 -0.7056669 -1.541988 10.77516 -1.646602 -1.664157 11.96365 -2.18581 -0.7090981 9.015164 -1.632382 -2.001477 10.90779 -1.273104 -2.200422 12.13335 -1.563092 -0.7733067 9.345166 -2.001973 -1.013405 9.178166 -1.564944 -0.7126929 9.747982 -2.021856 -1.077826 9.730758 -1.741932 -0.8223935 10.05819 -1.80047 -1.154839 9.749081 -1.364445 -1.143353 9.368548 -1.198987 -1.208191 9.402469 -0.3981257 -1.571675 10.1821 -1.425328 -1.59514 9.411938 -1.287168 -1.733558 9.894796 -1.485913 -1.951896 10.31537 -0.9451335 -1.978359 10.03866 -1.303261 -2.000585 9.669919 -1.271299 -1.798239 9.36031 -1.064052 -2.001338 9.492654 -0.8409363 -1.625925 9.651479 -0.2371753 -2.112263 9.986351 -0.9675036 -1.941132 10.13936 -0.547613 -1.919187 10.21472 -0.3877647 -2.104942 10.67779 -0.75404 -2.207086 11.03429 -0.845875 -2.336386 11.56347 -0.7615197 -2.293924 11.64239 -0.2918937 -2.41508 12.48251 -0.1478562 -2.322067 11.52131 0.2641661 -2.083441 11.34824 0.08210915 -2.286118 12.51113 0.4857245 -1.957667 12.05202 0.6736998 -1.941183 12.4915 0.7572471 -2.284665 11.6758 0.6981567 -1.976488 11.7503 0.8208784 -2.368783 11.27766 0.4284133 -2.092154 11.07947 0.192034 -2.107584 10.86932 0.3471977 -2.285803 11.43735 0.6061185 -2.288193 11.44568 0.9016374 -1.881602 11.62051 1.045251 -1.858816 11.43807 1.152766 -1.936978 11.17579 1.074575 -2.022834 11.13861 0.7533421 -2.069609 10.89652 0.9520997 -1.986173 11.1453 0.9345256 -2.378685 11.02529 0.6224377 -2.102558 10.71949 0.7798636 -2.117277 10.71604 0.5417551 1.676605 7.540344 1.309619 1.943975 7.493853 1.034609 1.633939 7.828491 1.19386 1.879306 6.961493 1.327925 1.729695 7.149201 1.443519 1.320837 6.959797 1.799408 2.224851 7.167462 0.6528784 2.185597 7.162639 0.6036811 2.28638 7.060613 -0.05068212 2.354984 7.041107 -0.05068212 2.385262 6.527821 -4.53995e-4 2.303798 6.508758 0.763112 1.888105 6.472226 1.405044 2.234568 5.951539 0.7304741 2.331858 5.945361 -0.02253264 1.092767 6.476176 1.991181 2.177026 5.547507 0.5291321 2.2193 5.554728 -0.264045 2.158657 5.12987 -0.3014481 1.852652 5.956807 1.376862 2.129837 5.132843 0.4279262 2.092595 3.310514 -0.4144232 1.786706 5.530497 1.215763 1.086041 5.972523 1.961892 1.749311 5.232646 1.049614 0.531172 6.982255 2.103339 0.8658248 7.258308 1.954848 1.747293 4.859911 0.9062266 0.4908284 7.439039 1.962416 0.8605324 7.58059 1.821863 0.86178 8.070112 1.50852 0 6.480291 2.270394 0 6.985195 2.197048 0.41484 7.993688 1.69951 0.843765 8.046322 1.392294 0.390518 7.969134 1.573855 0 7.9618 1.75224 0 7.936479 1.621774 -0.390518 7.969134 1.573855 0 7.400988 2.03887 -0.41484 7.993688 1.69951 -0.843765 8.046322 1.392294 -0.86178 8.070112 1.50852 -0.4908284 7.439039 1.962416 -0.8605324 7.58059 1.821863 -0.8658248 7.258308 1.954848 -0.531172 6.982255 2.103339 -1.320837 6.959797 1.799408 -1.092767 6.476176 1.991181 -1.086041 5.972523 1.961892 -1.888105 6.472226 1.405044 0 5.977099 2.21772 0 5.538456 2.087872 1.023172 5.537201 1.870014 -1.023172 5.537201 1.870014 0 5.145709 1.842555 0.867659 5.146611 1.669305 1.281008 5.136078 1.393919 0 4.802037 1.536311 0.7601365 4.789593 1.354133 1.072189 4.752387 1.219668 -0.867659 5.146611 1.669305 1.070713 4.504738 1.098412 -1.786706 5.530497 1.215762 -0.7601365 4.789593 1.354133 -1.852652 5.956807 1.376862 -1.281008 5.136078 1.393919 -2.234568 5.951539 0.730474 -1.749311 5.232646 1.049614 -2.303798 6.508758 0.763112 -1.072189 4.752387 1.219668 -2.177026 5.547507 0.5291321 -1.070713 4.504738 1.098412 -2.331858 5.945361 -0.02253264 -2.385262 6.527821 -4.53995e-4 -2.2193 5.554728 -0.264045 -2.158657 5.12987 -0.3014481 -2.224851 7.167462 0.6528783 -2.354984 7.041107 -0.05068212 -2.28638 7.060613 -0.05068206 -2.185597 7.162639 0.603681 -1.943975 7.493853 1.034609 -1.879306 6.961493 1.327925 -1.729695 7.149201 1.443519 -1.676605 7.540344 1.309619 -1.633939 7.828491 1.19386 -2.129837 5.132843 0.4279261 -2.092595 3.310514 -0.4144232 -1.747293 4.859911 0.9062266 -2.070229 3.541996 0.2841434 -1.721353 3.560876 0.8028545 -2.057489 3.194758 0.2561861 -2.097622 2.92532 -0.4366837 -1.065712 3.568458 0.9952846 -1.718684 3.194756 0.7864612 -2.064004 2.831211 0.2376347 -2.07214 2.36109 0.224298 -2.114478 2.344059 -0.4572499 -2.165642 1.273784 -0.4946401 -1.720371 2.801271 0.7398117 -1.067974 3.194757 0.9840062 -2.126973 1.469057 0.2219021 -2.229053 1.006519 -0.4986014 -1.726484 2.370787 0.722103 -1.068247 2.791059 0.9354959 -2.15346 1.222821 0.272791 -1.065757 0.5630779 -0.03644287 -1.736937 1.876929 0.7359989 -1.787588 1.7358 0.9222046 -1.065877 2.364674 0.9144133 -1.075827 2.042146 0.9463461 -1.811609 1.586878 0.9872425 -1.106744 1.892336 1.154616 -0.4349885 1.773101 0.740987 -1.105698 1.740902 1.240435 -0.3924968 1.510658 0.9494723 -0.113026 1.104501 0.2728931 -0.08921349 0.9877179 -0.4984994 -0.104992 1.250146 -0.4920771 -0.4060848 1.651166 0.886852 -0.126567 1.373416 0.2223901 -0.1464519 2.36109 0.2236739 -0.1150329 2.331549 -0.4561299 -0.4471627 2.370787 0.7281607 -0.1347423 2.935277 -0.4347362 -0.457207 2.801255 0.7404703 -0.1596684 2.839799 0.2364677 -0.4694414 3.194757 0.7814127 -0.1670049 3.368471 0.2682862 -0.1447278 3.315011 -0.4111582 -0.4681026 3.560896 0.7961606 -0.140027 4.234155 0.3127813 -0.115127 4.254881 -0.3823412 -0.4551575 4.314526 0.83628 -0.141526 4.349301 0.3158618 -0.1164591 4.387649 -0.3800005 -0.434468 4.475942 0.8635854 -0.1141195 4.360301 0.2943535 -0.30492 4.533115 1.022205 0 4.360309 0.295429 0 4.383736 -0.3821324 0 4.53861 1.088625 0.1164591 4.387649 -0.3800005 0.30492 4.533115 1.022205 0.1141195 4.360301 0.2943535 0.434468 4.475942 0.8635854 0.141526 4.349301 0.3158618 0.115127 4.254881 -0.3823412 0.4551575 4.314526 0.83628 0.140027 4.234155 0.3127813 0.1447278 3.315011 -0.4111582 0.1670049 3.368471 0.2682862 0.1347423 2.935277 -0.4347363 0.4681026 3.560896 0.7961606 1.065712 3.568458 0.9952846 0.4694414 3.194757 0.7814127 0.1596684 2.839799 0.2364677 0.1464519 2.36109 0.2236739 0.1150329 2.331549 -0.4561299 0.104992 1.250146 -0.4920771 0.457207 2.801255 0.7404702 1.067974 3.194757 0.9840063 0.4471627 2.370787 0.7281607 1.721353 3.560876 0.8028545 1.718684 3.194756 0.7864612 1.068247 2.791059 0.9354958 2.070229 3.541996 0.2841434 2.057489 3.194758 0.2561861 2.097622 2.92532 -0.4366838 2.064004 2.831211 0.2376347 1.720371 2.801271 0.7398118 2.07214 2.36109 0.224298 2.114478 2.344059 -0.4572499 2.165642 1.273784 -0.4946401 1.726484 2.370787 0.7221029 2.126973 1.469057 0.2219021 2.229053 1.006519 -0.4986014 1.065877 2.364674 0.9144133 1.736937 1.876929 0.735999 2.15346 1.222821 0.2727911 1.065757 0.5630779 -0.03644287 1.787588 1.7358 0.9222046 1.075827 2.042146 0.9463462 1.811609 1.586878 0.9872426 1.106744 1.892336 1.154616 0.4349885 1.773101 0.7409869 1.105698 1.740902 1.240435 0.4060848 1.651166 0.8868519 0.3924968 1.510658 0.9494724 0.126567 1.373416 0.2223901 0.113026 1.104501 0.2728931 0.08921349 0.9877179 -0.4984994 -2.354984 7.041107 -0.05068212 -2.28638 7.060613 -0.05068206 -2.20523 7.093989 -0.6437035 -2.272245 7.090836 -0.6609312 -1.70038 7.454404 -1.377165 -2.24772 6.507914 -0.8226431 -2.385262 6.527821 -4.53995e-4 -1.567761 6.953448 -1.452007 -2.210546 5.948968 -0.9080811 -2.331858 5.945361 -0.02253264 -2.112508 5.666225 -0.9521867 -2.2193 5.554728 -0.264045 -1.60847 5.959159 -1.586646 -1.635551 6.460353 -1.531349 -2.008259 5.413885 -0.930696 -1.438054 5.352863 -1.463508 -1.930082 4.934724 -0.9681866 -2.158657 5.12987 -0.3014481 -1.148365 5.018473 -1.399276 -0.662744 5.471804 -1.76376 -1.888716 3.25047 -1.012465 -2.092595 3.310514 -0.4144232 -2.097622 2.92532 -0.4366837 -0.712501 5.91483 -1.838357 -0.6601963 4.960772 -1.493741 -0.7072305 6.422808 -1.805022 0 5.459351 -1.682322 0 5.901908 -1.755732 -0.7118765 6.929666 -1.701395 0 6.412015 -1.775931 -0.844456 7.438859 -1.643561 -1.396412 7.935016 -1.439304 0 6.922705 -1.688393 -0.860488 7.801693 -1.651415 0 7.435447 -1.638172 0.7118765 6.929666 -1.701395 -0.848834 8.366523 -1.634054 -1.354358 8.586027 -1.391033 0 8.385035 -1.580876 -0.544532 8.889463 -1.42668 -1.343842 8.952125 -1.211369 -0.7074305 9.071593 -1.205413 -1.350137 9.132648 -0.8980409 0 8.375437 -1.479388 -0.81292 9.190426 -0.8449803 -1.356173 9.207162 -0.303048 -0.8854399 9.243514 -0.2732774 -0.8653275 9.101144 0.3934717 -1.384427 9.034175 0.2851776 -0.8607595 8.789452 0.8304454 -1.452461 8.736025 0.651184 0.544532 8.889463 -1.42668 -0.8814246 8.402647 1.327653 -0.8527593 8.342827 1.217707 -1.533728 8.367862 1.031611 -1.518025 8.340447 0.8953408 -0.8940671 8.112566 1.598289 -0.86178 8.070112 1.50852 -0.843765 8.046322 1.392294 -0.8605324 7.58059 1.821863 -1.615451 8.019741 1.236696 -1.633939 7.828491 1.19386 -1.676605 7.540344 1.309619 -0.900908 7.609401 1.893218 -1.701398 7.554392 1.409552 -1.729695 7.149201 1.443519 -0.9090558 7.310172 2.023906 -0.8658248 7.258308 1.954848 -1.320837 6.959797 1.799408 -1.364877 7.017404 1.869089 -1.748213 7.204863 1.529449 0.7074305 9.071593 -1.205413 1.343842 8.952125 -1.211369 1.350137 9.132648 -0.8980409 0.81292 9.190426 -0.8449803 1.354358 8.586027 -1.391033 1.356173 9.207162 -0.303048 0.8854399 9.243514 -0.2732774 0.8653275 9.101144 0.3934717 1.384427 9.034175 0.2851776 0.8607595 8.789452 0.8304454 1.452461 8.736025 0.651184 0.848834 8.366523 -1.634054 1.396412 7.935016 -1.439304 0.860488 7.801693 -1.651415 0.844456 7.438859 -1.643561 1.70038 7.454404 -1.377165 1.567761 6.953448 -1.452007 2.272245 7.090836 -0.6609312 2.20523 7.093989 -0.6437035 0.7072305 6.422808 -1.805022 2.354984 7.041107 -0.05068212 2.28638 7.060613 -0.05068212 2.24772 6.507914 -0.822643 2.385262 6.527821 -4.53995e-4 1.635551 6.460353 -1.531349 0.712501 5.91483 -1.838357 1.60847 5.959159 -1.586646 2.210546 5.948968 -0.908081 2.331858 5.945361 -0.02253264 0.662744 5.471804 -1.76376 2.112508 5.666225 -0.9521867 2.2193 5.554728 -0.264045 1.438054 5.352863 -1.463508 2.008259 5.413885 -0.930696 1.930082 4.934724 -0.9681866 2.158657 5.12987 -0.3014481 1.148365 5.018473 -1.399277 0.6601963 4.960772 -1.493741 0 4.933391 -1.390197 0 4.495452 -0.844445 0.4328045 4.660418 -1.166511 -0.4328045 4.660418 -1.166511 0.1164591 4.387649 -0.3800005 0 4.383736 -0.3821324 -0.1164591 4.387649 -0.3800005 0.4610974 4.395425 -1.14396 0.115127 4.254881 -0.3823412 -0.4610974 4.395425 -1.14396 -0.115127 4.254881 -0.3823412 -1.1285 4.631286 -1.342851 -0.464649 3.250458 -1.124802 -0.1447278 3.315011 -0.4111582 -1.11372 3.246697 -1.322345 -0.1347423 2.935277 -0.4347362 -0.4509289 3.023977 -1.134409 -1.117216 3.03218 -1.331604 -1.896087 3.009597 -1.024191 -1.122967 2.147834 -1.397163 -1.921499 2.248592 -1.062763 -2.114478 2.344059 -0.4572499 -0.4348407 2.210817 -1.184064 -0.1150329 2.331549 -0.4561299 -0.104992 1.250146 -0.4920771 -0.4246481 1.323359 -1.212877 -0.08921349 0.9877179 -0.4984994 -1.942047 1.287049 -1.092399 -2.165642 1.273784 -0.4946401 -1.127858 1.397929 -1.431417 -0.426894 0.9990802 -1.265995 -1.065757 0.5630779 -0.03644287 -1.129478 1.085917 -1.530264 -1.993308 1.02597 -1.15211 -2.229053 1.006519 -0.4986014 0.8527593 8.342827 1.217707 0.843765 8.046322 1.392294 0.86178 8.070112 1.50852 0.8940671 8.112566 1.598289 0.8605324 7.58059 1.821863 0.8814246 8.402647 1.327653 1.533728 8.367862 1.031611 1.518025 8.340447 0.8953408 1.615451 8.019741 1.236696 1.633939 7.828491 1.19386 1.676605 7.540344 1.309619 0.900908 7.609401 1.893218 1.701398 7.554392 1.409552 1.729695 7.149201 1.443519 0.9090558 7.310172 2.023905 0.8658248 7.258308 1.954848 1.320837 6.959797 1.799408 1.364877 7.017404 1.869089 1.748213 7.204863 1.529449 -0.5956175 9.066332 -1.276708 0 9.11921 -1.418942 0 9.00772 -1.388396 -0.5496575 9.174335 -1.314935 -0.81292 9.190426 -0.8449803 -0.4737219 9.261046 -1.260068 0 9.220444 -1.354433 -0.8523296 9.266648 -0.8669763 -0.77514 9.346142 -0.8372769 -0.80457 9.366775 -0.1059641 -0.8854399 9.243514 -0.2732774 -0.508092 9.329927 0.3785791 -0.532221 9.142092 0.4695549 -0.8653275 9.101144 0.3934717 -0.8607595 8.789452 0.8304454 0 9.129016 0.6017146 0 9.310043 0.4523182 -0.685607 8.629508 1.025851 -0.8527593 8.342827 1.217707 0.508092 9.329927 0.3785791 -0.4365468 8.214964 1.413374 -0.843765 8.046322 1.392294 -0.390518 7.969134 1.573855 0 7.936479 1.621774 0 8.630266 1.223069 0 8.210357 1.471799 0.4365468 8.214964 1.413374 0.390518 7.969134 1.573855 0.843765 8.046322 1.392294 0.8527593 8.342827 1.217707 0.685607 8.629508 1.025851 0.8607595 8.789452 0.8304454 0.532221 9.142092 0.4695549 0.8653275 9.101144 0.3934717 0.8854399 9.243514 -0.2732774 0.80457 9.366775 -0.1059641 0.8523296 9.266648 -0.8669763 0.77514 9.346142 -0.8372769 0.81292 9.190426 -0.8449803 0.4737219 9.261046 -1.260068 0.5496575 9.174335 -1.314935 0.5956175 9.066332 -1.276708 0 9.11921 -1.418942 0 9.220444 -1.354433 0 9.00772 -1.388396 -4.821183 9.039093 -1.006191 -4.924579 8.300849 -1.14497 -5.483065 8.497683 -1.535277 -5.316483 9.098814 -1.280172 -4.7916 9.280028 -0.3692146 -5.80077 9.124948 -1.460913 -5.980017 8.609736 -1.61133 -6.012508 9.458136 -0.948436 -6.377487 9.137764 -1.485738 -6.377487 8.672488 -1.497021 -6.056849 9.508373 -0.3402264 -6.861985 8.997865 -1.526694 -6.861984 8.750901 -1.477747 -7.315925 8.76099 -1.498122 -6.035007 9.441456 0.3007773 -4.826863 8.992835 0.2751935 -7.315925 9.007528 -1.530568 -7.710423 8.782959 -1.468954 -5.950689 9.155076 0.7689906 -4.88974 8.480747 0.5795953 -7.710425 9.006343 -1.498023 -7.921359 8.855596 -1.306675 -7.710423 9.178558 -1.225895 -7.890655 9.079664 -1.348521 -7.890656 9.083603 -1.110964 -7.921359 8.860499 -1.141256 -7.710424 8.783648 -0.988265 -7.710425 9.006297 -0.9622763 -7.315925 8.753787 -0.9592691 -7.286328 9.178597 -1.22519 -7.315926 8.999501 -0.9300282 -6.861986 8.989922 -0.9324282 -6.861984 8.743994 -0.9611389 -6.452844 8.726105 -0.9683508 -6.834943 9.17347 -1.224884 -6.458675 9.308661 -0.9723452 -6.992617 9.081344 -1.019794 -6.992617 8.79766 -0.9635719 -7.4657 8.809251 -0.9869755 -6.492506 9.394439 -0.3713302 -7.028759 9.28732 -0.6729976 -7.465702 9.092443 -1.024245 -7.859332 8.834487 -0.9534703 -7.426142 9.288949 -0.6734659 -7.859333 9.091084 -0.9868609 -8.141272 8.917925 -0.7670654 -6.992617 9.07222 -0.3371775 -8.100233 9.175304 -0.8151316 -8.100233 9.179829 -0.5422572 -8.141272 8.923556 -0.5770527 -7.859332 9.288901 -0.6742753 -7.859332 9.091029 -0.3714633 -7.859333 8.83528 -0.4013155 -7.465702 9.083223 -0.3344208 -7.465701 8.800979 -0.3680087 -6.992617 8.789728 -0.3701562 -6.492506 8.779661 -0.3627454 -7.060943 9.073235 -0.4131226 -7.060942 8.789551 -0.3568994 -7.567294 8.801143 -0.380303 -7.099627 9.279209 -0.06632608 -7.567295 9.084335 -0.4175724 -7.988607 8.826379 -0.3467989 -7.524954 9.280839 -0.06679379 -6.514955 9.319174 0.2302109 -7.060944 9.064111 0.2694949 -7.988607 9.082975 -0.3801895 -8.290376 8.909817 -0.160394 -7.988607 9.280793 -0.06760329 -8.24645 9.167196 -0.2084602 -8.24645 9.17172 0.0644142 -8.290376 8.915447 0.02961862 -7.988607 9.082921 0.235208 -7.988609 8.827171 0.2053559 -7.567295 9.075115 0.2722516 -7.541079 8.792871 0.2386626 -7.04756 8.78162 0.2365162 -6.514955 8.690215 0.2338137 -6.962257 8.971661 0.1600869 -6.962258 8.687978 0.2163101 -7.404875 8.699569 0.1929055 -7.404874 8.982761 0.1556371 -7.773153 8.741271 0.226181 -6.996075 9.177638 0.5068835 -7.773153 8.981401 0.1930202 -8.036936 8.824706 0.412586 -7.367863 9.179266 0.5064152 -7.773155 9.179221 0.5056058 -7.998541 9.065622 0.3647494 -7.998541 9.070146 0.6376239 -8.036937 8.830337 0.6025987 -7.773155 8.981348 0.8084176 -7.773155 8.74206 0.778336 -7.404875 8.97354 0.8454602 -7.404875 8.691296 0.8118723 -6.962258 8.962536 0.8427045 -6.962258 8.680047 0.8097258 -6.476255 8.663546 0.7904173 -6.476255 9.107689 0.7670313 -5.827857 8.438172 1.018115 -6.190641 8.260094 0.5823057 -6.253777 8.331308 0.8396187 -5.302009 8.041313 0.9374109 -4.955245 7.94725 0.2899058 -6.123741 8.37217 1.202951 -6.612583 8.283952 0.977706 -5.448954 7.558169 0.6616074 -4.984828 7.706314 -0.3470706 -6.446503 8.364832 1.350106 -6.858173 8.220384 1.192299 -6.084829 8.027468 1.458358 -5.712698 8.025561 1.249804 -5.741977 7.694507 1.072034 -6.152513 7.685415 1.244548 -6.47934 7.665709 1.383463 -5.809964 7.530385 0.5723799 -6.152513 7.685415 1.244548 -6.40514 8.005764 1.606869 -6.6136 7.983827 1.66624 -6.759432 7.712188 1.520009 -6.734932 8.29547 1.466451 -6.977394 7.977486 1.407391 -6.842654 7.980156 1.600539 -6.228543 7.754665 0.877769 -6.598759 7.732069 1.021601 -6.47934 7.665709 1.383463 -6.039424 7.847916 0.5310497 -6.847856 7.771847 1.225566 -6.759432 7.712188 1.520009 -6.977394 7.977486 1.407391 -6.886551 8.013391 1.120896 -6.858173 8.220384 1.192299 -6.612583 8.283952 0.977706 -6.650617 8.011292 0.8819503 -6.287104 8.02729 0.7540448 -6.253777 8.331308 0.8396187 -6.190641 8.260094 0.5823057 -5.464312 7.724829 -0.3480139 -5.92683 8.077572 -0.3529403 -5.457153 7.699592 -0.8970701 -4.953159 7.964223 -0.9910672 -5.830629 7.801265 -1.004944 -5.551976 7.997045 -1.398437 -4.924579 8.300849 -1.14497 -5.483065 8.497683 -1.535277 -5.980017 8.609736 -1.61133 -6.097963 8.197807 -1.450856 -6.377487 8.672488 -1.497021 -6.097963 8.003417 -1.114219 -6.425516 8.554841 -1.231444 -6.861984 8.750901 -1.477747 -6.509762 8.610675 -0.6507172 -6.889024 8.601095 -1.211107 -6.452844 8.726105 -0.9683508 -6.861984 8.743994 -0.9611389 -6.992617 8.79766 -0.9635719 -7.286328 8.588573 -1.210825 -7.315925 8.753787 -0.9592691 -7.315925 8.76099 -1.498122 -7.736842 8.655605 -1.213023 -7.710424 8.783648 -0.988265 -7.710423 8.782959 -1.468954 -7.921359 8.860499 -1.141256 -7.921359 8.855596 -1.306675 -7.02876 8.625584 -0.6572886 -7.426142 8.611202 -0.6569648 -7.4657 8.809251 -0.9869755 -6.992617 8.789728 -0.3701562 -6.492506 8.779661 -0.3627454 -7.465701 8.800979 -0.3680087 -6.550023 8.602769 -0.05867975 -7.060942 8.789551 -0.3568994 -7.859333 8.688199 -0.6594881 -7.859333 8.83528 -0.4013155 -7.859332 8.834487 -0.9534703 -8.141272 8.923556 -0.5770527 -8.141272 8.917925 -0.7670654 -6.476255 8.493897 0.5202057 -6.476255 8.663546 0.7904173 -6.962258 8.680047 0.8097258 -6.999793 8.515759 0.5225955 -7.404875 8.691296 0.8118723 -6.514955 8.690215 0.2338137 -7.04756 8.78162 0.2365162 -6.962258 8.687978 0.2163101 -7.103879 8.617329 -0.05061298 -7.541079 8.792871 0.2386626 -7.529207 8.602948 -0.05028927 -7.567294 8.801143 -0.380303 -7.988607 8.680089 -0.05281662 -7.988609 8.827171 0.2053559 -7.988607 8.826379 -0.3467989 -8.290376 8.915447 0.02961862 -8.290376 8.909817 -0.160394 -7.37158 8.501376 0.5229203 -7.404875 8.699569 0.1929055 -7.773153 8.594983 0.5201634 -7.773155 8.74206 0.778336 -7.773153 8.741271 0.226181 -8.036937 8.830337 0.6025987 -8.036936 8.824706 0.412586 4.821183 9.039093 -1.006191 5.483065 8.497683 -1.535277 4.924579 8.300849 -1.14497 5.316483 9.098814 -1.280172 4.7916 9.280028 -0.3692146 5.80077 9.124948 -1.460913 5.980017 8.609736 -1.61133 6.012508 9.458136 -0.948436 6.377487 9.137764 -1.485738 6.377487 8.672488 -1.497021 6.056849 9.508373 -0.3402264 6.861985 8.997865 -1.526694 6.861984 8.750901 -1.477747 7.315925 8.76099 -1.498122 6.035007 9.441456 0.3007773 4.826863 8.992835 0.2751935 7.315925 9.007528 -1.530568 7.710423 8.782959 -1.468954 5.950689 9.155076 0.7689906 4.88974 8.480747 0.5795953 7.710425 9.006343 -1.498023 7.921359 8.855596 -1.306675 7.710423 9.178558 -1.225895 7.890655 9.079664 -1.348521 7.890656 9.083603 -1.110964 7.921359 8.860499 -1.141256 7.710424 8.783648 -0.988265 7.710425 9.006297 -0.9622763 7.315925 8.753787 -0.9592691 7.286328 9.178597 -1.22519 7.315926 8.999501 -0.9300282 6.861986 8.989922 -0.9324282 6.861984 8.743994 -0.9611389 6.452844 8.726105 -0.9683508 6.834943 9.17347 -1.224884 6.458675 9.308661 -0.9723452 6.992617 9.081344 -1.019794 6.992617 8.79766 -0.9635719 7.4657 8.809251 -0.9869755 6.492506 9.394439 -0.3713302 7.028759 9.28732 -0.6729976 7.465702 9.092443 -1.024245 7.859332 8.834487 -0.9534703 7.426142 9.288949 -0.6734659 7.859333 9.091084 -0.9868609 8.141272 8.917925 -0.7670654 6.992617 9.07222 -0.3371775 8.100233 9.175304 -0.8151316 8.100233 9.179829 -0.5422572 8.141272 8.923556 -0.5770527 7.859332 9.288901 -0.6742753 7.859332 9.091029 -0.3714633 7.859333 8.83528 -0.4013155 7.465702 9.083223 -0.3344208 7.465701 8.800979 -0.3680087 6.992617 8.789728 -0.3701562 6.492506 8.779661 -0.3627454 7.060943 9.073235 -0.4131226 7.060942 8.789551 -0.3568994 7.567294 8.801143 -0.380303 7.099627 9.279209 -0.06632614 7.567295 9.084335 -0.4175724 7.988607 8.826379 -0.3467989 7.524954 9.280839 -0.06679379 6.514955 9.319174 0.2302109 7.060944 9.064111 0.2694949 7.988607 9.082975 -0.3801895 8.290376 8.909817 -0.160394 7.988607 9.280793 -0.06760329 8.24645 9.167196 -0.2084602 8.24645 9.17172 0.0644142 8.290376 8.915447 0.02961862 7.988607 9.082921 0.235208 7.988609 8.827171 0.2053559 7.567295 9.075115 0.2722516 7.541079 8.792871 0.2386626 7.04756 8.78162 0.2365162 6.514955 8.690215 0.2338137 6.962257 8.971661 0.1600869 6.962258 8.687978 0.2163101 7.404875 8.699569 0.1929055 7.404874 8.982761 0.1556371 7.773153 8.741271 0.226181 6.996075 9.177638 0.5068835 7.773153 8.981401 0.1930202 8.036936 8.824706 0.412586 7.367863 9.179266 0.5064152 7.773155 9.179221 0.5056058 7.998541 9.065622 0.3647494 7.998541 9.070146 0.6376239 8.036937 8.830337 0.6025987 7.773155 8.981348 0.8084176 7.773155 8.74206 0.778336 7.404875 8.97354 0.8454602 7.404875 8.691296 0.8118723 6.962258 8.962536 0.8427045 6.962258 8.680047 0.8097258 6.476255 8.663546 0.7904173 6.476255 9.107689 0.7670313 5.827857 8.438172 1.018115 6.190641 8.260094 0.5823057 6.253777 8.331308 0.8396187 5.302009 8.041313 0.9374109 4.955245 7.94725 0.2899058 6.123741 8.37217 1.202951 6.612583 8.283952 0.977706 5.362543 7.600143 0.6468132 4.984828 7.706314 -0.3470706 6.446503 8.364832 1.350106 6.858173 8.220384 1.192299 6.084829 8.027468 1.458358 5.712698 8.025561 1.249804 5.741977 7.694507 1.072034 6.152513 7.685415 1.244548 6.47934 7.665709 1.383463 5.809964 7.530385 0.5723798 6.152513 7.685415 1.244548 6.40514 8.005764 1.606869 6.6136 7.983827 1.66624 6.759432 7.712188 1.520009 6.734932 8.29547 1.466451 6.977394 7.977486 1.407391 6.842654 7.980156 1.600539 6.228543 7.754665 0.8777691 6.598759 7.732069 1.021601 6.47934 7.665709 1.383463 6.039424 7.847916 0.5310497 6.847856 7.771847 1.225566 6.759432 7.712188 1.520009 6.977394 7.977486 1.407391 6.886551 8.013391 1.120896 6.858173 8.220384 1.192299 6.612583 8.283952 0.977706 6.650617 8.011292 0.8819503 6.287104 8.02729 0.7540448 6.253777 8.331308 0.8396187 6.190641 8.260094 0.5823057 5.464312 7.724829 -0.3480138 5.92683 8.077572 -0.3529402 5.457153 7.699592 -0.89707 4.953159 7.964223 -0.9910672 5.830629 7.801265 -1.004944 5.551976 7.997045 -1.398437 4.924579 8.300849 -1.14497 5.483065 8.497683 -1.535277 5.980017 8.609736 -1.61133 6.097963 8.197807 -1.450856 6.377487 8.672488 -1.497021 6.097963 8.003417 -1.114219 6.425516 8.554841 -1.231444 6.861984 8.750901 -1.477747 6.509762 8.610675 -0.6507172 6.889024 8.601095 -1.211107 6.452844 8.726105 -0.9683508 6.861984 8.743994 -0.9611389 6.992617 8.79766 -0.9635719 7.286328 8.588573 -1.210825 7.315925 8.753787 -0.9592691 7.315925 8.76099 -1.498122 7.736842 8.655605 -1.213023 7.710424 8.783648 -0.988265 7.710423 8.782959 -1.468954 7.921359 8.860499 -1.141256 7.921359 8.855596 -1.306675 7.02876 8.625584 -0.6572886 7.426142 8.611202 -0.6569648 7.4657 8.809251 -0.9869755 6.992617 8.789728 -0.3701562 6.492506 8.779661 -0.3627454 7.465701 8.800979 -0.3680087 6.550023 8.602769 -0.05867975 7.060942 8.789551 -0.3568994 7.859333 8.688199 -0.6594881 7.859333 8.83528 -0.4013155 7.859332 8.834487 -0.9534703 8.141272 8.923556 -0.5770527 8.141272 8.917925 -0.7670654 6.476255 8.493897 0.5202057 6.476255 8.663546 0.7904173 6.962258 8.680047 0.8097258 6.999793 8.515759 0.5225955 7.404875 8.691296 0.8118723 6.514955 8.690215 0.2338137 7.04756 8.78162 0.2365162 6.962258 8.687978 0.2163101 7.103879 8.617329 -0.05061298 7.541079 8.792871 0.2386626 7.37158 8.501376 0.5229203 7.404875 8.699569 0.1929055 7.773153 8.594983 0.5201634 7.773155 8.74206 0.778336 7.773153 8.741271 0.226181 8.036937 8.830337 0.6025987 8.036936 8.824706 0.412586 7.529207 8.602948 -0.05028927 7.567294 8.801143 -0.380303 7.988607 8.680089 -0.05281662 7.988609 8.827171 0.2053559 7.988607 8.826379 -0.3467989 8.290376 8.915447 0.02961862 8.290376 8.909817 -0.160394 1.75017 0.8974104 -1.378766 1.136137 1.119706 -1.435147 1.603048 1.111191 -1.24901 1.117766 0.8899961 -1.586017 0.7087917 1.130183 -1.26923 1.113998 0.6236501 -1.654045 1.814825 0.6281591 -1.424135 0.5374324 0.8974075 -1.378553 0.2623692 0.9452467 -0.8099821 0.3462551 1.258734 -0.2037537 0.4584589 0.6281581 -1.424012 1.113105 0.341959 -1.601104 1.810865 0.3613963 -1.382303 0.1368024 1.171746 0.6143088 0.439908 1.508823 0.8254993 0.1549408 0.6613851 -0.7909659 0.461071 0.3613963 -1.382231 1.115174 0.1705451 -1.395106 1.715956 0.1702766 -1.19152 1.715956 -0.03088712 -1.19152 1.115174 -0.03417968 -1.395106 0.5670719 -0.03088712 -1.191461 0.5670719 0.1702766 -1.191462 0.3025434 -0.03088712 -0.6053945 0.1576237 0.3531637 -0.714659 0.3025434 0.1704597 -0.6053945 0.3559179 -0.03088712 -0.07100427 0.3559179 0.1979646 -0.07100427 -0.01558458 0.8087111 0.6957451 0.02815556 0.4321766 0.6941323 0.1982829 0.1732392 0.6467558 0.1982829 -0.0308876 0.5397807 0.143248 -0.0308876 1.262809 0.1432483 0.1743426 1.262809 0.3771739 -0.0308876 1.832424 -0.01574969 0.4393773 1.355848 0.3771739 0.1745524 1.832424 0.7543128 -0.02240896 2.111428 0.01477074 0.8915405 1.374658 0.7543128 0.1866054 2.111428 1.161134 -0.02240896 2.226471 0.2577286 0.4685125 2.059004 0.2317774 0.9685063 2.07078 0.1810593 1.311122 1.245698 0.7319766 1.700002 1.513486 1.189986 1.676096 0.8696221 0.6079738 1.447019 2.084859 1.181051 1.759638 1.633142 1.672017 1.708318 1.514224 1.901499 1.450497 0.6900861 1.165062 1.463982 2.199905 1.733124 1.447019 2.084827 2.186757 1.342854 1.323367 0.6454218 1.00197 2.318667 1.655497 1.00197 2.318625 0.6858554 0.5068541 2.32641 1.158424 1.018933 2.433708 1.161134 0.1866054 2.226471 1.157255 0.5238171 2.44145 1.567955 -0.02240896 2.111391 1.628654 0.5068541 2.326367 2.039002 0.9685063 2.070694 1.567955 0.1866054 2.111391 2.016696 0.4685125 2.058916 1.955604 0.1745524 1.832348 1.955604 -0.0308876 1.832348 2.235488 -0.0308876 1.262703 2.396895 0.8997679 1.446636 2.362895 0.4422846 1.426805 2.235488 0.1743426 1.262703 2.244346 -0.0308876 0.5396768 2.375204 0.8087235 0.6958491 2.244346 0.1732392 0.5396768 2.119983 0.1979646 -0.07109379 2.381097 0.4321766 0.5870493 2.226709 1.171866 0.6152855 2.075553 1.259253 -0.198969 2.186406 0.6613913 -0.7907981 2.093153 0.9452934 -0.8087018 1.603048 1.111191 -1.24901 1.75017 0.8974104 -1.378766 1.814825 0.6281591 -1.424135 1.810865 0.3613963 -1.382303 2.182344 0.3771787 -0.7147476 1.715956 0.1702766 -1.19152 2.046377 0.1704597 -0.6054831 2.119983 -0.03088712 -0.07109379 1.715956 -0.03088712 -1.19152 2.046377 -0.03088712 -0.6054831 -0.6137022 10.03789 2.434332 -1.222699 10.33521 2.244802 -0.9469633 10.84261 2.426172 -0.6792337 10.83451 2.464436 -1.448227 10.69158 2.035544 -1.053182 10.71543 2.640772 -0.7426597 10.66995 2.649144 -0.5585604 10.29507 2.864766 -1.317637 10.93546 2.31768 -1.626559 10.90347 2.442952 -1.534689 11.07292 2.192022 -1.663601 11.19131 2.09885 -1.161563 10.50653 2.73334 -1.710983 11.03438 2.313868 -1.780147 10.75253 2.430552 -1.84254 10.90658 2.137122 -1.448227 10.69158 2.035544 -1.879468 10.57658 2.236378 -1.68143 10.33335 2.406429 -1.222699 10.33521 2.244802 -1.361144 10.32347 2.607053 -1.050142 10.17142 2.800065 -1.294723 10.13723 2.482155 -1.222699 10.33521 2.244802 -1.094298 9.932816 2.52712 -0.6137022 10.03789 2.434332 -0.7975343 9.925633 2.620697 -0.6902543 10.06193 2.831541 -0.3315217 9.848814 2.934946 0 10.10218 2.95109 -0.6060591 9.851785 2.697467 -0.6137022 10.03789 2.434332 -0.424709 9.741502 2.734867 0 10.03789 2.434332 -0.1887128 9.740841 2.799194 0 9.858762 2.87191 0 9.981811 2.964457 0.1887128 9.740841 2.799194 0 10.03789 2.434332 0.3315217 9.848814 2.934946 0.5585604 10.29507 2.864767 0.424709 9.741502 2.734867 0.6137022 10.03789 2.434332 0.6060591 9.851785 2.697467 0.6902543 10.06193 2.831541 1.050142 10.17142 2.800065 0.7975343 9.925633 2.620697 0.6137022 10.03789 2.434332 1.094298 9.932816 2.52712 1.222699 10.33521 2.244802 1.294723 10.13723 2.482155 1.361144 10.32347 2.607053 1.161563 10.50653 2.733339 1.053182 10.71543 2.640772 0.7426597 10.66995 2.649144 0.6792337 10.83451 2.464436 1.780147 10.75253 2.430552 0.9469633 10.84261 2.426171 0.6137022 10.03789 2.434332 1.222699 10.33521 2.244802 1.448227 10.69158 2.035543 1.626559 10.90347 2.442952 1.317637 10.93546 2.317681 1.534689 11.07292 2.192023 1.663601 11.19131 2.09885 1.710983 11.03438 2.313868 1.84254 10.90658 2.137121 1.448227 10.69158 2.035543 1.879468 10.57658 2.236378 1.68143 10.33335 2.406429 1.222699 10.33521 2.244802 2.092595 3.310514 -0.4144232 1.888716 3.25047 -1.012466 2.097622 2.92532 -0.4366838 1.11372 3.246697 -1.322345 1.896087 3.009597 -1.024191 1.1285 4.631286 -1.342851 1.117216 3.03218 -1.331604 0.464649 3.250458 -1.124802 0.1447278 3.315011 -0.4111582 0.1347423 2.935277 -0.4347363 0.4509289 3.023977 -1.134409 0.4348407 2.210817 -1.184064 0.1150329 2.331549 -0.4561299 0.104992 1.250146 -0.4920771 1.122967 2.147834 -1.397163 0.4246481 1.323359 -1.212877 0.08921349 0.9877179 -0.4984994 1.921499 2.248592 -1.062763 2.114478 2.344059 -0.4572499 0.426894 0.9990802 -1.265995 1.065757 0.5630779 -0.03644287 1.942047 1.287049 -1.092399 2.165642 1.273784 -0.4946401 1.127858 1.397928 -1.431417 1.993308 1.02597 -1.15211 2.229053 1.006519 -0.4986014 1.129478 1.085917 -1.530264 2.213143 12.39386 0.8426152 2.042622 13.02665 1.472406 1.973063 12.79171 1.371332 1.555335 13.21272 1.815179 2.535995 12.66853 0.7613441 2.369502 11.96663 0.04400992 1.599741 13.77829 1.891485 0.9551172 13.5017 2.132328 2.11327 13.51205 1.455046 2.721724 12.27057 -0.05036813 2.307547 11.61485 -0.7913662 0.988016 13.99886 2.19553 0 13.61255 2.29815 2.66962 11.9104 -0.8581942 2.096598 11.42402 -1.306539 1.553656 14.36484 1.761825 2.286414 11.63956 -1.464738 1.801475 11.24252 -1.764135 2.775367 12.22773 -0.9686073 1.90183 11.39717 -2.00978 1.13939 11.08971 -2.1541 2.414746 11.90124 -1.6129 1.207852 11.24235 -2.394118 0.5397655 11.0089 -2.351141 1.950531 11.61475 -2.228731 1.268985 11.44328 -2.611765 0.4452935 11.34802 -2.804738 0 11.0089 -2.420295 1.201086 11.92421 -2.911045 0.4286632 11.82436 -3.109914 0 11.34802 -2.804738 -0.4452935 11.34802 -2.804738 -0.5397655 11.0089 -2.35114 0 11.82436 -3.109914 -1.207852 11.24235 -2.394118 -1.13939 11.08971 -2.154099 -0.4286632 11.82436 -3.109914 -1.268985 11.44328 -2.611764 -1.90183 11.39717 -2.009781 -1.801475 11.24252 -1.764135 -1.201086 11.92421 -2.911045 -2.286414 11.63956 -1.464738 -2.096598 11.42402 -1.306539 -1.950531 11.61475 -2.228731 -2.66962 11.9104 -0.8581943 -2.307547 11.61485 -0.7913661 -2.414746 11.90124 -1.612899 -2.721724 12.27057 -0.05036813 -2.369502 11.96663 0.04400992 -2.775367 12.22773 -0.9686072 -2.535995 12.66853 0.7613441 -2.213143 12.39386 0.8426152 -2.831337 12.64791 -0.1198148 -2.042622 13.02665 1.472406 -1.973063 12.79171 1.371332 -1.555335 13.21272 1.815179 -2.601704 13.08953 0.7202751 -1.599741 13.77829 1.891485 -0.9551172 13.5017 2.132328 -2.11327 13.51205 1.455046 -0.988016 13.99886 2.19553 -1.553656 14.36484 1.761825 -2.093905 13.97951 1.230369 0 14.06444 2.363991 -0.926467 14.65105 2.098732 0.926467 14.65105 2.098732 0 14.72887 2.265138 -1.45112 14.76207 1.445477 -0.7195654 15.09491 1.887047 0.7195654 15.09491 1.887047 0 15.1766 1.988784 0 15.39485 1.512253 1.45112 14.76207 1.445477 0.6396932 15.32188 1.421278 -0.6396932 15.32188 1.421278 0 15.39445 0.8605353 1.345762 15.00956 1.010677 -1.345762 15.00956 1.010677 0.7328686 15.29964 0.7683202 -0.7328686 15.29964 0.7683203 0 15.10972 0.1200451 -1.993115 14.35575 0.9274504 -1.360403 14.95496 0.3027901 -1.869537 14.54624 0.49812 -2.458073 13.8194 0.2895942 -0.9949732 14.82158 -0.1524322 -1.942143 14.26099 -0.4023785 -2.264533 14.04224 -0.04573214 -2.57877 13.47048 0.5147355 -2.641215 13.27799 -0.482922 -2.127097 13.58827 -1.041267 -2.588956 12.73732 -1.253499 -1.618765 14.06651 -0.9085574 -2.160917 12.9802 -1.56749 -1.6557 13.16059 -1.79773 -0.9381429 14.06518 -1.178716 -2.26876 12.3449 -1.858301 -1.819404 12.64339 -2.030689 -1.876136 12.14167 -2.391949 -1.009693 12.94957 -2.207509 -1.50695 12.56934 -2.552119 -0.9631958 12.4672 -2.98694 -0.6195903 12.90613 -2.734974 -0.3437615 12.40278 -3.176231 0 13.06482 -2.27405 -0.1907731 12.90762 -2.840684 0 12.40278 -3.176231 0.3437615 12.40278 -3.176231 0 12.90762 -2.840684 0.1907731 12.90762 -2.840685 0.6195903 12.90613 -2.734973 0.9631958 12.4672 -2.98694 1.876136 12.14167 -2.391949 1.50695 12.56934 -2.552119 1.009693 12.94957 -2.20751 1.819404 12.64339 -2.030689 2.26876 12.3449 -1.858302 2.588956 12.73732 -1.253499 2.160917 12.9802 -1.56749 1.6557 13.16059 -1.79773 0.9381429 14.06518 -1.178716 2.127097 13.58827 -1.041267 0 14.35743 -0.9314507 1.618765 14.06651 -0.9085574 0.9949732 14.82158 -0.1524322 1.942143 14.26099 -0.4023785 1.360403 14.95496 0.3027901 1.869537 14.54624 0.49812 2.264533 14.04224 -0.04573214 2.641215 13.27799 -0.482922 2.458073 13.8194 0.2895942 1.993115 14.35575 0.9274504 2.093905 13.97951 1.230369 2.57877 13.47048 0.5147355 2.601704 13.08953 0.7202751 2.831337 12.64791 -0.1198148 -0.9900057 7.509082 1.912796 -1.301086 7.477499 1.983937 -1.094192 7.348804 1.920491 -1.294075 7.218719 1.853956 -1.195088 7.755898 1.925202 -0.9651512 7.687726 1.848988 -1.045234 7.883892 1.713623 -1.510521 7.406497 1.888536 -1.464545 7.207707 1.75865 -1.595546 7.28737 1.644214 -1.440173 7.673346 1.876422 -1.320905 7.904516 1.783468 -1.176764 7.963554 1.599187 -1.342289 7.952541 1.50388 -1.636338 7.555113 1.746801 -1.676157 7.483536 1.508848 -1.651303 7.662179 1.44504 -1.53034 7.833513 1.688066 -1.547116 7.822458 1.437345 0.9900057 7.509082 1.912796 1.195088 7.755898 1.925202 0.9651512 7.687726 1.848988 1.045234 7.883892 1.713623 1.301086 7.477499 1.983937 1.094192 7.348804 1.920491 1.294075 7.218719 1.853956 1.320905 7.904516 1.783468 1.176764 7.963554 1.599187 1.342289 7.952541 1.50388 1.440173 7.673346 1.876422 1.510521 7.406497 1.888536 1.464545 7.207707 1.75865 1.595546 7.28737 1.644214 1.53034 7.833513 1.688066 1.547116 7.822458 1.437345 1.651303 7.662179 1.44504 1.636338 7.555113 1.746801 1.676157 7.483536 1.508848 4.88974 8.480747 0.5795953 4.793916 8.466429 0.6124286 4.831482 8.16048 0.5535269 4.75576 8.777184 0.5413585 4.826863 8.992835 0.2751935 4.519972 8.432793 0.6124288 4.717221 9.091057 0.3713955 4.557538 8.126845 0.5535271 4.691248 9.302582 0.02560758 4.7916 9.280028 -0.3692146 4.443277 9.057421 0.3713957 4.481817 8.743548 0.5413587 4.260352 8.41608 -0.3581417 4.417305 9.268945 0.0256077 4.40706 9.352385 -0.3709955 4.681002 9.38602 -0.3709956 4.692055 9.296007 -0.755793 4.821183 9.039093 -1.006191 4.418112 9.262371 -0.7557929 4.718425 9.081237 -1.075398 4.752603 8.802879 -1.259791 4.444481 9.047601 -1.075398 4.924579 8.300849 -1.14497 4.47866 8.769243 -1.259791 4.789694 8.500795 -1.328942 4.515751 8.467159 -1.328942 4.554687 8.150049 -1.263351 4.82863 8.183685 -1.263351 4.863586 7.898994 -1.063428 4.953159 7.964223 -0.9910672 4.589643 7.865358 -1.063428 4.8901 7.683058 -0.7349057 4.984828 7.706314 -0.3470706 4.616157 7.649421 -0.7349056 4.626975 7.56132 -0.3463143 4.900919 7.594957 -0.3463144 4.619007 7.626214 0.0406754 4.892951 7.65985 0.04067534 4.955245 7.94725 0.2899058 4.594154 7.828625 0.3784671 4.868098 7.86226 0.378467 -4.924579 8.300849 -1.14497 -4.863586 7.898994 -1.063428 -4.953159 7.964223 -0.9910672 -4.8901 7.683058 -0.7349057 -4.984828 7.706314 -0.3470706 -4.82863 8.183685 -1.263351 -4.900919 7.594957 -0.3463144 -4.589643 7.865358 -1.063428 -4.892951 7.65985 0.04067534 -4.955245 7.94725 0.2899058 -4.626975 7.56132 -0.3463143 -4.616157 7.649421 -0.7349056 -4.868098 7.86226 0.378467 -4.619007 7.626214 0.04067546 -4.831482 8.16048 0.5535269 -4.594154 7.828625 0.3784671 -4.88974 8.480747 0.5795953 -4.260352 8.41608 -0.3581417 -4.557538 8.126845 0.5535271 -4.519972 8.432793 0.6124288 -4.793916 8.466429 0.6124286 -4.75576 8.777184 0.5413585 -4.826863 8.992835 0.2751935 -4.481817 8.743548 0.5413587 -4.717221 9.091057 0.3713955 -4.691248 9.302582 0.02560758 -4.443277 9.057421 0.3713957 -4.7916 9.280028 -0.3692146 -4.417305 9.268945 0.0256077 -4.681002 9.38602 -0.3709956 -4.692055 9.296007 -0.755793 -4.40706 9.352385 -0.3709955 -4.821183 9.039093 -1.006191 -4.418112 9.262371 -0.7557929 -4.718425 9.081237 -1.075398 -4.752603 8.802879 -1.259791 -4.444481 9.047601 -1.075398 -4.789694 8.500795 -1.328942 -4.47866 8.769243 -1.259791 -4.515751 8.467159 -1.328942 -4.554687 8.150049 -1.263351 -7.777596 9.066463 0.2157685 -7.652246 9.108687 -0.0233463 -7.988607 8.837244 -0.09801512 7.988607 8.837244 -0.09801512 7.652246 9.108687 -0.0233463 7.777596 9.066463 0.2157685 0 9.220601 -1.354433 0 9.007877 -1.388396 -0.5956175 9.066489 -1.276708 0.5956175 9.066489 -1.276708 0 9.007877 -1.388396 0 9.220601 -1.354433 0.5956175 9.066489 -1.276708 0 8.385191 -1.580876 0 9.007877 -1.388396 -0.5956175 9.066489 -1.276708 -1.613347 10.78598 2.43844 -1.663601 11.19147 2.09885 -1.84254 10.86818 2.014234 -1.222699 10.33537 2.244802 1.613347 10.78598 2.43844 1.84254 10.86818 2.014234 1.663601 11.19147 2.09885 1.222699 10.33537 2.244802 1.320837 6.959954 1.799408 1.695696 7.196562 1.477244 0.8658248 7.258465 1.954848 1.633939 7.828648 1.19386 0.843765 8.046479 1.392294 0.8607594 8.789608 0.8304454 1.384427 9.034332 0.2851776 0.8854399 9.24367 -0.2732774 1.350137 9.132804 -0.8980409 0.5956175 9.066489 -1.276708 1.354358 8.586183 -1.391033 0 8.385191 -1.580876 1.160485 5.937151 -1.755762 1.70038 7.454561 -1.377165 2.245805 7.077458 -0.3471928 2.379539 5.545945 -0.3162984 1.82474 5.216336 -1.249232 2.092595 3.310671 -0.4144232 -1.160485 5.937151 -1.755762 1.729176 3.250627 -1.10736 2.173404 1.006676 -0.4986014 0 5.260331 -1.724655 1.572968 1.075729 -1.530264 1.065757 0.5632348 -0.03644287 0 4.469751 -1.354487 0.8203152 3.246854 -1.269232 0.4989573 1.031802 -1.42167 0.1239699 0.9878747 -0.4984994 0.1447278 3.315168 -0.4111582 -1.82474 5.216336 -1.249232 -1.354358 8.586183 -1.391033 -0.5956175 9.066489 -1.276708 -1.70038 7.454561 -1.377165 -1.350137 9.132804 -0.8980409 -0.8854399 9.24367 -0.2732774 -1.384427 9.034332 0.2851776 -0.8607594 8.789608 0.8304454 -1.633939 7.828648 1.19386 -0.843765 8.046479 1.392294 -0.8658248 7.258465 1.954848 -1.695696 7.196562 1.477244 -1.320837 6.959954 1.799408 -2.379539 5.563825 -0.2117916 -2.245805 7.077458 -0.3471928 -2.092595 3.310671 -0.4144232 -1.729176 3.250627 -1.10736 -2.173404 1.006676 -0.4986014 -0.8203152 3.246854 -1.375458 -0.1447278 3.315168 -0.4111582 -1.572968 1.075729 -1.530264 -1.065757 0.5632348 -0.03644287 -0.4989573 1.031802 -1.42167 -0.1239699 0.9878747 -0.4984994 -2.213143 12.39402 0.8426152 -2.307547 11.61501 -0.7913661 -1.319014 12.73559 1.571777 -1.654238 11.16628 -2.019764 0 12.90133 1.94965 0 11.00906 -2.420295 1.654238 11.16628 -2.019764 1.319014 12.73559 1.571777 2.307547 11.61501 -0.7913661 2.213143 12.39402 0.8426152 -2.119983 -0.0307303 -0.07109379 -1.715956 -0.0307303 -1.19152 -0.6162341 -0.0307303 -1.191461 -0.195506 -0.0307303 -0.07100427 -2.235488 -0.03073078 1.262703 -0.143248 -0.03073078 1.262809 -1.752602 -0.02225214 2.111391 -0.5793527 -0.02225214 2.111428 1.764199 13.00237 1.593256 2.06676 12.6586 2.245475 2.213143 12.39402 0.8426152 1.708753 12.92318 2.986529 0.9204439 13.16748 3.498282 0 13.59686 2.29815 0 13.22815 3.712988 -0.9204439 13.16748 3.498282 -1.764199 13.00237 1.593256 -1.708753 12.92318 2.986529 -2.06676 12.6586 2.245475 -2.213143 12.39402 0.8426152 1.319014 12.73559 1.571777 2.213143 12.39402 0.8426152 2.06676 12.6586 2.245475 1.708753 12.92318 2.986529 0.9204439 13.16748 3.498282 0 12.90133 1.94965 0 13.22815 3.712988 -0.9204439 13.16748 3.498282 -1.319014 12.73559 1.571777 -1.708753 12.92318 2.986529 -2.06676 12.6586 2.245475 -2.213143 12.39402 0.8426152 7.803385 9.157211 -0.3624588 7.652246 9.108687 -0.0233463 7.988607 8.837244 -0.09801512 6.492506 8.779817 -0.3627454 7.777596 9.066463 0.2157685 6.514955 8.690371 0.2338137 7.803385 9.157211 -0.3624588 7.962136 8.841311 -0.6612817 6.452844 8.726262 -0.9683508 7.756646 9.11673 -0.9392108 7.654791 8.851604 -1.306675 7.756646 9.11673 -0.9392108 6.377487 8.672644 -1.497021 6.097963 8.003574 -1.114219 5.483065 8.497839 -1.535277 5.457153 7.699749 -0.89707 4.924579 8.301006 -1.14497 4.984828 7.706471 -0.3470706 6.253777 8.331464 0.8396187 7.773153 8.766993 0.5201634 7.777596 9.066463 0.2157685 7.613147 8.99722 0.6612868 6.335044 7.938226 0.5808078 6.858173 8.220541 1.192299 6.803644 7.742174 1.372787 5.839499 7.685572 1.244548 4.88974 8.480903 0.5795953 5.827857 8.438328 1.018115 6.368184 8.109167 1.425332 5.839499 7.685572 1.244548 6.803644 7.742174 1.372787 6.858173 8.220541 1.192299 6.253777 8.331464 0.8396187 5.950689 9.155233 0.7689906 7.613147 8.99722 0.6612868 4.7916 9.280184 -0.3692146 6.28291 9.441549 0.3007773 7.777596 9.066463 0.2157685 7.777596 9.066463 0.2157685 7.652246 9.108687 -0.0233463 6.264777 9.498227 -0.3713302 7.803385 9.157211 -0.3624588 5.483065 8.497839 -1.535277 4.924579 8.301006 -1.14497 6.260411 9.458229 -0.948436 7.662636 9.134599 -0.6930873 7.803385 9.157211 -0.3624588 7.962136 8.841311 -0.6612817 7.756646 9.11673 -0.9392108 6.377487 9.137921 -1.485738 6.377487 8.672644 -1.497021 7.654791 8.851604 -1.306675 7.538169 9.08376 -1.227705 7.756646 9.11673 -0.9392108 -7.988607 8.837244 -0.09801512 -7.652246 9.108687 -0.0233463 -7.803385 9.157211 -0.3624588 -6.492506 8.779817 -0.3627454 -6.514955 8.690371 0.2338137 -7.777596 9.066463 0.2157685 -7.962136 8.841311 -0.6612817 -7.803385 9.157211 -0.3624588 -7.756646 9.11673 -0.9392108 -6.452844 8.726262 -0.9683508 -7.756646 9.11673 -0.9392108 -7.654791 8.851604 -1.306675 -6.377487 8.672644 -1.497021 -6.097963 8.003574 -1.114219 -5.483065 8.497839 -1.535277 -6.253777 8.331464 0.8396187 -5.457153 7.699749 -0.89707 -4.924579 8.301006 -1.14497 -4.984828 7.706471 -0.3470706 -7.795792 8.766993 0.5201634 -7.777596 9.066463 0.2157685 -7.614926 8.977742 0.6025987 -6.335044 7.938226 0.5808078 -6.858173 8.220541 1.192299 -6.803644 7.742174 1.372787 -5.839499 7.685572 1.244548 -4.88974 8.480903 0.5795953 -5.827857 8.438328 1.018115 -6.368184 8.109167 1.425332 -6.803644 7.742174 1.372787 -5.839499 7.685572 1.244548 -6.858173 8.220541 1.192299 -6.253777 8.331464 0.8396187 -5.950689 9.155233 0.7689906 -7.614926 8.977742 0.6025987 -4.7916 9.179478 -0.3692146 -6.28291 9.441549 0.3007773 -7.777596 9.066463 0.2157685 -7.652246 9.108687 -0.0233463 -7.777596 9.066463 0.2157685 -6.264777 9.498227 -0.3713302 -7.803385 9.157211 -0.3624588 -4.924579 8.301006 -1.14497 -5.483065 8.497839 -1.535277 -6.260411 9.458229 -0.948436 -7.662636 9.134599 -0.6930873 -7.803385 9.157211 -0.3624588 -7.962136 8.841311 -0.6612817 -7.756646 9.11673 -0.9392108 -6.377487 9.137921 -1.485738 -6.377487 8.672644 -1.497021 -7.654791 8.851604 -1.306675 -7.538169 9.08376 -1.227705 -7.756646 9.11673 -0.9392108 -2.083441 11.3484 0.08210915 -2.01846 10.19977 0.05442821 -2.092154 11.07963 0.192034 -2.550805 10.20934 -0.5907292 -1.919187 10.21488 -0.3877647 -2.01846 10.19977 0.05442821 -3.103739 11.42274 -0.924661 -2.422717 11.86942 -0.2626749 -2.676396 10.62279 -1.043022 -2.207086 11.03444 -0.845875 -2.783465 11.79266 -0.9082949 2.083441 11.3484 0.08210915 2.092154 11.07963 0.192034 2.01846 10.19977 0.05442821 2.550805 10.20934 -0.5907292 2.01846 10.19977 0.05442821 1.919187 10.21488 -0.3877647 3.103739 11.42274 -0.924661 2.422717 11.86942 -0.2626749 2.676396 10.62279 -1.043022 2.207086 11.03444 -0.845875 2.783465 11.79266 -0.9082949 1.715956 -0.0307303 -1.19152 2.119983 -0.0307303 -0.07109379 0.6162341 -0.0307303 -1.191461 0.195506 -0.0307303 -0.07100427 0.143248 -0.03073078 1.262809 2.235488 -0.03073078 1.262703 1.752602 -0.02225214 2.111391 0.5793527 -0.02225214 2.111428 0.6792337 10.83466 2.464436 1.222699 10.33537 2.244802 0.6137022 10.03804 2.434332 1.317637 10.93561 2.317681 1.663601 11.19147 2.09885 0.5585604 10.43844 2.864767 1.613347 10.78598 2.43844 1.361144 10.32362 2.607053 1.68143 10.3335 2.321192 1.84254 10.86818 2.014234 1.222699 10.33537 2.244802 0.6902543 10.06209 2.831541 0 10.10234 2.95109 1.094298 9.932972 2.52712 1.222699 10.33537 2.244802 0.6137022 10.03804 2.434332 0.424709 9.741659 2.734867 0.6137022 10.03804 2.434332 0 10.03804 2.434332 0 9.858919 2.87191 -0.424709 9.741659 2.734867 0 10.03804 2.434332 -0.6137022 10.03804 2.434332 -0.6902543 10.06209 2.831541 -0.5585604 10.43844 2.864766 -1.361144 10.32362 2.607053 -1.094298 9.932972 2.52712 -0.6137022 10.03804 2.434332 -1.222699 10.33537 2.244802 -1.613347 10.78598 2.43844 -1.68143 10.3335 2.321192 -1.222699 10.33537 2.244802 -1.84254 10.86818 2.014234 -1.317637 10.93561 2.31768 -1.663601 11.19147 2.09885 -0.6792337 10.83466 2.464436 -1.222699 10.33537 2.244802 -0.6137022 10.03804 2.434332 -1.995941 8.421401 0.471767 -2.212044 7.618049 -0.3316841 -2.245805 7.077458 -0.3471928 -1.633939 7.828648 1.19386 -1.384427 9.034332 0.2851776 -3.198032 8.426377 0.3616767 -2.212044 7.618049 -0.3316841 -3.212575 7.7364 -0.3401822 -4.660504 7.735587 -0.3306651 -4.697358 8.430935 0.3709684 -3.192826 9.077432 -0.3333311 -1.350137 9.132804 -0.8980409 -4.727171 8.993455 -0.3883281 -2.991137 8.421515 -1.064019 -4.697356 8.430911 -1.036978 -4.660504 7.735587 -0.3306651 -3.212575 7.7364 -0.3401822 -2.212044 7.618049 -0.3316841 -1.719959 8.451241 -1.154474 -1.354358 8.586183 -1.391033 -1.70038 7.454561 -1.377165 -2.245805 7.077458 -0.3471928 -2.212044 7.618049 -0.3316841 1.995941 8.421401 0.471767 2.245805 7.077458 -0.3471928 2.212044 7.618049 -0.3316836 1.633939 7.828648 1.19386 1.384427 9.034332 0.2851776 3.198032 8.426377 0.3616767 2.212044 7.618049 -0.3316836 3.212575 7.7364 -0.3401822 4.660504 7.735587 -0.3306651 4.697358 8.430935 0.3709684 3.192826 9.077432 -0.3333311 1.350137 9.132804 -0.8980409 4.727171 8.993455 -0.3883281 2.991137 8.421515 -1.064019 4.697356 8.430911 -1.036978 4.660504 7.735587 -0.3306651 3.212575 7.7364 -0.3401822 2.212044 7.618049 -0.3316836 1.719959 8.451241 -1.154474 1.354358 8.586183 -1.391033 1.70038 7.454561 -1.377165 2.245805 7.077458 -0.3471928 2.212044 7.618049 -0.3316836 0 9.220601 -1.354433 -0.5956175 9.066489 -1.276708 0 10.17521 -0.3211987 -0.8854399 9.24367 -0.2732774 0 9.310199 0.4523182 0.8854399 9.24367 -0.2732774 0.5956175 9.066489 -1.276708 0 9.220601 -1.354433 1.715956 -0.0307303 -1.19152 1.810865 0.6075783 -1.382303 2.119983 -0.0307303 -0.07109379 1.603048 1.111348 -1.24901 2.075553 1.25941 -0.198969 2.396895 0.8999247 1.446636 2.235488 -0.03073078 1.262703 1.901499 1.450654 0.6900861 1.752602 -0.02225214 2.111391 1.733124 1.447176 2.084827 1.199029 1.700159 1.513486 0.439908 1.46608 0.8254992 1.157255 0.5239739 2.44145 0.5793527 -0.02225214 2.111428 0.6079738 1.447176 2.084859 -0.01574969 0.4395341 1.355848 0.143248 -0.03073078 1.262809 0.195506 -0.0307303 -0.07100427 0.4584589 0.6283149 -1.424012 1.136137 1.119863 -1.435147 0.6162341 -0.0307303 -1.191461 1.603048 1.111348 -1.24901 1.810865 0.6075783 -1.382303 1.113105 0.3421158 -1.601104 1.715956 -0.0307303 -1.19152 -1.715956 -0.0307303 -1.19152 -2.119983 -0.0307303 -0.07109379 -1.810865 0.6075783 -1.382303 -2.075553 1.25941 -0.198969 -1.603048 1.111348 -1.24901 -2.396895 0.8999247 1.446636 -2.235488 -0.03073078 1.262703 -1.901499 1.450654 0.6900861 -1.752602 -0.02225214 2.111391 -1.733124 1.447176 2.084827 -1.199029 1.700159 1.513486 -0.439908 1.46608 0.8254992 -1.157255 0.5239739 2.44145 -0.5793527 -0.02225214 2.111428 -0.6079738 1.447176 2.084859 0.01574969 0.4395341 1.355848 -0.143248 -0.03073078 1.262809 -0.195506 -0.0307303 -0.07100427 -0.4584589 0.6283149 -1.424012 -1.136137 1.119863 -1.435147 -0.6162341 -0.0307303 -1.191461 -1.810865 0.6075783 -1.382303 -1.603048 1.111348 -1.24901 -1.113105 0.3421158 -1.601104 -1.715956 -0.0307303 -1.19152 1.633939 7.828648 1.19386 1.695696 7.196562 1.477244 2.245805 7.077458 -0.3471928 2.254092 5.438292 0.5689847 2.379539 5.545945 -0.3162984 2.092595 3.310671 -0.4144232 1.437912 5.351903 1.623438 1.320837 6.959954 1.799408 1.888086 3.194914 0.5213236 0 6.480448 2.270394 0.8658248 7.258465 1.954848 0.843765 8.046479 1.392294 0 7.961957 1.75224 -0.843765 8.046479 1.392294 -0.8658248 7.258465 1.954848 -1.320837 6.959954 1.799408 -1.437912 5.352022 1.623438 -1.695696 7.196562 1.477244 -1.633939 7.828648 1.19386 -2.245805 7.077458 -0.3471928 0 4.802194 1.536311 -2.254092 5.438292 0.5689847 -2.379539 5.563825 -0.2117916 -2.092595 3.310671 -0.4144232 -1.015956 4.687302 1.134641 1.015956 4.687302 1.134641 0 4.360466 0.295429 1.055934 3.194914 0.9840062 -1.055934 3.194914 0.9840062 -1.888086 3.194914 0.5213236 -2.062797 1.391774 0.5928839 -2.173404 1.006676 -0.4986014 -1.065757 0.5632348 -0.03644287 -1.105698 1.618036 1.177061 -0.2735958 1.449943 0.7151938 -0.1239699 0.9878747 -0.4984994 -0.1670049 3.368628 0.2682862 -0.1447278 3.315168 -0.4111582 0 4.469751 -1.354487 0.1670049 3.368628 0.2682862 0.1447278 3.315168 -0.4111582 0.1239699 0.9878747 -0.4984994 0.2735958 1.449943 0.7151938 1.065757 0.5632348 -0.03644287 1.105698 1.618036 1.177061 2.062797 1.391774 0.5928839 2.173404 1.006676 -0.4986014 -0.843765 8.046479 1.392294 0 7.961957 1.75224 -0.8607594 8.789608 0.8304454 0 9.310199 0.4523182 -0.8854399 9.24367 -0.2732774 0.8607594 8.789608 0.8304454 0.843765 8.046479 1.392294 0.8854399 9.24367 -0.2732774 2.056107 11.13877 0.7533421 2.08488 10.91802 0.7615173 2.376507 11.26308 0.3737606 2.102558 10.77463 0.4824154 2.092154 11.07963 0.192034 2.083441 11.3484 0.08210915 2.422717 11.86942 -0.2626749 2.286118 12.51128 0.4857245 1.941183 12.49165 0.7572471 1.976488 11.75046 0.8208784 1.664157 11.9638 -2.18581 2.207086 11.03444 -0.845875 2.288193 11.44584 0.8185095 1.90271 11.40698 1.115737 2.056107 11.13877 0.7533421 2.026191 11.14901 1.050365 1.761785 10.24889 -1.185231 1.919187 10.21488 -0.3877647 0.8223935 10.05835 -1.80047 0 11.80774 -2.678742 2.112263 9.87085 -1.013084 1.962821 9.492811 -0.8409363 0.6902647 9.261768 -0.7056669 1.143353 9.508785 -1.198987 0.7733067 9.345322 -2.001973 0 9.237732 -0.9152901 0 9.692444 -1.559622 -0.8223935 10.05835 -1.80047 -1.664157 11.9638 -2.18581 -0.7733067 9.345322 -2.001973 0 9.237732 -0.9152901 -0.6902647 9.261768 -0.7056669 -1.143353 9.508785 -1.198987 -1.761785 10.24889 -1.185231 -1.962821 9.492811 -0.8409363 -1.919187 10.21488 -0.3877647 -2.112263 9.87085 -1.013084 -2.207086 11.03444 -0.845875 -2.422717 11.86942 -0.2626749 -2.286118 12.51128 0.4857245 -1.976488 11.75046 0.8208784 -1.941183 12.49165 0.7572471 -2.376507 11.26308 0.3737606 -2.083441 11.3484 0.08210915 -2.092154 11.07963 0.192034 -2.102558 10.77463 0.4824154 -2.08488 10.91802 0.7615173 -2.056107 11.13877 0.7533421 -2.288193 11.44584 0.8185095 -1.90271 11.40698 1.115737 -2.056107 11.13877 0.7533421 -2.026191 11.14901 1.050365 -0.9900057 7.509239 1.912796 -1.440173 7.673503 1.876422 -1.294075 7.218876 1.853956 -1.045234 7.884049 1.713623 -1.595546 7.287527 1.644214 -1.342289 7.952698 1.50388 -1.651303 7.662336 1.44504 0.9651512 7.687883 1.848988 1.440173 7.673503 1.876422 1.176764 7.963711 1.599187 1.094192 7.348961 1.920491 1.547116 7.822615 1.437345 1.464545 7.207864 1.75865 1.676157 7.483693 1.508848 -2.535995 12.66868 0.7613441 -2.307547 11.61501 -0.7913661 -2.213143 12.39402 0.8426152 -1.764199 13.00237 1.593256 -2.775367 12.22789 -0.9686072 -1.654238 11.16628 -2.019764 -2.002811 13.74892 1.417715 -2.458073 13.81956 0.2895942 -0.988016 13.99902 2.19553 0 13.59686 2.29815 -1.13661 14.73003 1.824436 0 14.72903 2.265138 0.988016 13.99902 2.19553 1.764199 13.00237 1.593256 0 15.3785 1.434549 2.002811 13.74892 1.417715 1.13661 14.73003 1.824436 2.535995 12.66868 0.7613441 2.213143 12.39402 0.8426152 2.307547 11.61501 -0.7913661 2.458073 13.81956 0.2895942 2.775367 12.22789 -0.9686072 1.654238 11.16628 -2.019764 1.34689 14.97455 0.6577473 2.588956 12.73748 -1.253499 1.942143 14.26114 -0.4023785 0 15.10988 0.1200451 1.876136 12.14183 -2.391949 1.819404 12.64354 -2.030689 0 13.06498 -2.27405 0 12.90778 -2.840684 0 12.11373 -3.143072 0 11.00906 -2.420295 -1.876136 12.14183 -2.391949 -1.819404 12.64354 -2.030689 -2.588956 12.73748 -1.253499 -1.942143 14.26114 -0.4023785 -1.34689 14.97455 0.6577473 4.88974 8.480903 0.5795953 4.7916 9.280184 -0.3692146 4.443277 9.057578 0.3713957 4.594154 7.828782 0.5844375 4.984828 7.706471 -0.3470706 4.418112 9.262527 -0.7557929 4.924579 8.301006 -1.14497 4.260352 8.416236 -0.3581417 4.554687 8.316075 -1.263351 4.626975 7.561477 -0.3463143 -4.984828 7.706471 -0.3470706 -4.594154 7.828782 0.5844375 -4.88974 8.480903 0.5795953 -4.626975 7.561477 -0.3463143 -4.924579 8.301006 -1.14497 -4.443277 9.057578 0.3713957 -4.7916 9.179478 -0.3692146 -4.260352 8.416236 -0.3581417 -4.418112 9.262527 -0.7557929 -4.554687 8.316075 -1.263351 0 9.220444 -1.354433 0 9.00772 -1.388396 -0.5956175 9.066332 -1.276708 0 9.220444 -1.354433 -0.5956175 9.066332 -1.276708 0 10.17504 -1.249577 -0.81292 9.190426 -0.8449803 -0.8854399 9.243514 -0.2732774 0 10.17504 0.3833451 0 9.310043 0.4523182 0.8854399 9.243514 -0.2732774 0 10.17504 -1.249577 0.81292 9.190426 -0.8449803 0 9.220444 -1.354433 2.422717 11.86926 -0.2626749 2.083441 11.34824 0.08210915 3.103739 11.42259 -0.924661 2.092154 11.07947 0.192034 2.01846 10.19961 0.05442821 2.550805 10.20918 -0.5907292 2.207086 11.03429 -0.845875 2.01846 10.19961 0.05442821 1.919187 10.21472 -0.3877647 -2.422717 11.86926 -0.2626749 -3.103739 11.42259 -0.924661 -2.083441 11.34824 0.08210915 -2.207086 11.03429 -0.845875 -2.550805 10.20918 -0.5907292 -2.01846 10.19961 0.05442821 -2.092154 11.07947 0.192034 -1.919187 10.21472 -0.3877647 -2.01846 10.19961 0.05442821 -8.141272 8.923556 -0.5770527 -6.514955 8.690215 0.2338137 -8.100233 9.179829 -0.5422572 -7.859332 8.834487 -0.9534703 -5.950689 9.155076 0.7689906 -6.377487 9.137764 -1.485738 -8.290376 8.915447 0.02961862 -4.88974 8.480747 0.5795953 -4.821183 9.039093 -1.006191 -6.253777 8.331308 0.8396187 -8.036937 8.830337 0.6025987 -6.514955 8.690215 0.2338137 -7.773153 8.741271 0.226181 -6.377487 8.672488 -1.497021 -7.921359 8.855596 -1.306675 -6.759432 7.712188 1.520009 -6.759432 7.712188 1.520009 -4.955245 7.94725 0.2899058 -4.924579 8.300849 -1.14497 -6.097963 8.003417 -1.114219 -4.984828 7.706314 -0.3470706 -6.858173 8.220384 1.192299 -6.253777 8.331308 0.8396187 -6.514955 8.690215 0.2338137 -4.924579 8.300849 -1.14497 -6.377487 8.672488 -1.497021 -6.452844 8.726105 -0.9683508 -8.141272 8.923556 -0.5770527 -8.290376 8.915447 0.02961862 -7.988607 8.826379 -0.3467989 -7.921359 8.855596 -1.306675 -7.859332 8.834487 -0.9534703 8.141272 8.923556 -0.5770527 8.100233 9.179829 -0.5422572 6.514955 8.690215 0.2338137 7.859332 8.834487 -0.9534703 6.377487 9.137764 -1.485738 5.950689 9.155076 0.7689906 8.290376 8.915447 0.02961862 4.821183 9.039093 -1.006191 6.377487 8.672488 -1.497021 7.921359 8.855596 -1.306675 4.88974 8.480747 0.5795953 6.253777 8.331308 0.8396187 8.036937 8.830337 0.6025987 6.514955 8.690215 0.2338137 7.773153 8.741271 0.226181 4.924579 8.300849 -1.14497 6.759432 7.712188 1.520009 4.955245 7.94725 0.2899058 6.759432 7.712188 1.520009 4.984828 7.706314 -0.3470706 6.097963 8.003417 -1.114219 6.858173 8.220384 1.192299 4.924579 8.300849 -1.14497 6.514955 8.690215 0.2338137 6.253777 8.331308 0.8396187 6.377487 8.672488 -1.497021 6.452844 8.726105 -0.9683508 8.141272 8.923556 -0.5770527 7.988607 8.826379 -0.3467989 8.290376 8.915447 0.02961862 7.921359 8.855596 -1.306675 7.859332 8.834487 -0.9534703 2.022834 11.13861 0.7533421 2.288193 11.44568 0.9016374 1.941183 12.4915 0.7572471 2.422717 11.86926 -0.2626749 2.092154 11.07947 0.192034 2.083441 11.34824 0.08210915 2.022834 11.13861 0.7533421 1.664157 11.96365 -2.18581 2.207086 11.03429 -0.845875 1.919187 10.21472 -0.3877647 1.978359 10.03866 -1.303261 1.143353 9.368548 -1.198987 0 11.80759 -2.678742 2.01846 10.19961 0.05442821 0 9.237576 -0.9152901 0 9.692288 -1.559622 0.783998 9.332761 -2.030023 -1.143353 9.368548 -1.198987 -1.664157 11.96365 -2.18581 -0.783998 9.332761 -2.030023 0 9.237576 -0.9152901 -2.01846 10.19961 0.05442821 -1.978359 10.03866 -1.303261 -2.207086 11.03429 -0.845875 -2.422717 11.86926 -0.2626749 -1.919187 10.21472 -0.3877647 -1.941183 12.4915 0.7572471 -2.288193 11.44568 0.9016374 -2.083441 11.34824 0.08210915 -2.022834 11.13861 0.7533421 -2.092154 11.07947 0.192034 -2.022834 11.13861 0.7533421 -2.550805 10.20918 -0.5907292 -2.207086 11.03429 -0.845875 -1.919187 10.21472 -0.3877647 -3.103739 11.42259 -0.924661 -2.422717 11.86926 -0.2626749 2.550805 10.20918 -0.5907292 1.919187 10.21472 -0.3877647 2.207086 11.03429 -0.845875 2.422717 11.86926 -0.2626749 3.103739 11.42259 -0.924661 -8.290376 8.915447 0.02961862 -8.100233 9.179829 -0.5422572 -7.988607 8.826379 -0.3467989 -6.514955 8.690215 0.2338137 6.514955 8.690215 0.2338137 8.100233 9.179829 -0.5422572 7.988607 8.826379 -0.3467989 8.290376 8.915447 0.02961862 -0.4328045 4.660418 -1.166511 0 4.383736 -0.3821324 -0.426894 0.9990802 -1.265995 0.4328045 4.660418 -1.166511 0.426894 0.9990802 -1.265995 8.036937 8.830337 0.6025987 6.253777 8.331308 0.8396187 7.773153 8.741271 0.226181 6.514955 8.690215 0.2338137 6.858173 8.220384 1.192299 6.097963 8.003417 -1.114219 -8.036937 8.830337 0.6025987 -7.773153 8.741271 0.226181 -6.253777 8.331308 0.8396187 -6.514955 8.690215 0.2338137 -6.097963 8.003417 -1.114219 -6.858173 8.220384 1.192299 0 13.61255 2.29815 0 13.228 3.72061 0.9551172 13.5017 2.132328 -0.9551172 13.5017 2.132328 2.161573 12.59655 2.318387 -2.161573 12.59655 2.318387 2.213143 12.39386 0.8426152 -2.213143 12.39386 0.8426152 0 12.90118 2.033457 0.6586849 12.86741 1.974973 0 13.228 3.72061 -0.6586849 12.86741 1.974973 2.161573 12.59655 2.318387 2.213143 12.39386 0.8426152 -2.161573 12.59655 2.318387 -2.213143 12.39386 0.8426152 -4.924579 8.300849 -1.14497 -4.554687 8.150049 -1.263351 -4.984828 7.706314 -0.3470706 -4.821183 9.039093 -1.006191 -4.88974 8.480747 0.5795953 -4.955245 7.94725 0.2899058 4.984828 7.706314 -0.3470706 4.554687 8.150049 -1.263351 4.924579 8.300849 -1.14497 4.955245 7.94725 0.2899058 4.88974 8.480747 0.5795953 4.821183 9.039093 -1.006191 6.759432 7.712188 1.520009 6.858173 8.220384 1.192299 6.253777 8.331308 0.8396187 -6.253777 8.331308 0.8396187 -6.858173 8.220384 1.192299 -6.759432 7.712188 1.520009 -0.3559179 0.1979646 -0.07100427 -0.5670719 -0.03088712 -1.191461 -0.143248 -0.0308876 1.262809 -1.715956 -0.03088712 -1.19152 -1.814825 0.6281591 -1.424135 -0.4584589 0.6281581 -1.424012 -0.6079738 1.447019 2.084859 -0.7543128 -0.02240896 2.111428 -0.4236691 1.5299 0.8234248 -1.136137 1.119706 -1.435147 -1.969719 1.544478 0.7270761 -1.733124 1.447019 2.084827 -1.567955 -0.02240896 2.111391 -2.362895 0.4422846 1.426805 -1.814825 0.6281591 -1.424135 -2.235488 -0.0308876 1.262703 -2.119983 -0.03088712 -0.07109379 -1.715956 -0.03088712 -1.19152 0.3559179 0.1979646 -0.07100427 0.143248 -0.0308876 1.262809 0.5670719 -0.03088712 -1.191461 0.7543128 -0.02240896 2.111428 0.6079738 1.447019 2.084859 0.4236691 1.5299 0.8234248 0.4584589 0.6281581 -1.424012 1.814825 0.6281591 -1.424135 1.715956 -0.03088712 -1.19152 1.567955 -0.02240896 2.111391 1.733124 1.447019 2.084827 1.969719 1.544478 0.7270761 1.136137 1.119706 -1.435147 2.362895 0.4422846 1.426805 2.235488 -0.0308876 1.262703 1.814825 0.6281591 -1.424135 2.119983 -0.03088712 -0.07109379 1.715956 -0.03088712 -1.19152 1.710983 11.03438 2.313868 0.7426597 10.66995 2.649144 1.222699 10.33521 2.244802 0.6137022 10.03789 2.434332 0 9.858762 2.87191 -0.6137022 10.03789 2.434332 0.6137022 10.03789 2.434332 -0.7426597 10.66995 2.649144 -1.222699 10.33521 2.244802 -1.710983 11.03438 2.313868 1.710983 11.03438 2.313868 1.222699 10.33521 2.244802 0.7426597 10.66995 2.649144 0.6137022 10.03789 2.434332 -1.710983 11.03438 2.313868 -0.7426597 10.66995 2.649144 -1.222699 10.33521 2.244802 -0.6137022 10.03789 2.434332 -5.950689 9.155076 0.7689906 -6.514955 8.690215 0.2338137 -7.773153 8.741271 0.226181 7.773153 8.741271 0.226181 6.514955 8.690215 0.2338137 5.950689 9.155076 0.7689906 -1.715956 -0.03088712 -1.19152 -2.119983 -0.03088712 -0.07109379 -2.362895 0.4422846 1.426805 2.362895 0.4422846 1.426805 2.119983 -0.03088712 -0.07109379 1.715956 -0.03088712 -1.19152 -1.567955 -0.02240896 2.111391 -0.143248 -0.0308876 1.262809 -0.7543128 -0.02240896 2.111428 -2.235488 -0.0308876 1.262703 -0.3559179 0.1979646 -0.07100427 -2.119983 -0.03088712 -0.07109379 -1.715956 -0.03088712 -1.19152 -0.5670719 -0.03088712 -1.191461 0.7543128 -0.02240896 2.111428 0.143248 -0.0308876 1.262809 1.567955 -0.02240896 2.111391 0.3559179 0.1979646 -0.07100427 2.235488 -0.0308876 1.262703 2.119983 -0.03088712 -0.07109379 0.5670719 -0.03088712 -1.191461 1.715956 -0.03088712 -1.19152 -2.28638 7.060613 -0.05068206 -0.8658248 7.258308 1.954848 -1.633939 7.828491 1.19386 -2.331858 5.945361 -0.02253264 -1.023172 5.537201 1.870014 0 6.480291 2.270394 -0.843765 8.046322 1.392294 -2.183201 1.006519 -0.4986014 -1.736937 1.876929 0.7359989 0 4.802037 1.536311 -1.070713 4.504738 1.098412 0.8658248 7.258308 1.954848 1.023172 5.537201 1.870014 0.843765 8.046322 1.392294 -1.065757 0.5630779 -0.03644287 -0.4349885 1.773101 0.740987 0 4.383736 -0.3821324 1.070713 4.504738 1.098412 2.331858 5.945361 -0.02253264 2.28638 7.060613 -0.05068206 1.633939 7.828491 1.19386 1.736937 1.876929 0.7359989 2.183201 1.006519 -0.4986014 -0.08921349 0.9877179 -0.4984994 0.4349885 1.773101 0.740987 0.08921349 0.9877179 -0.4984994 1.065757 0.5630779 -0.03644287 -0.8658248 7.258308 1.954848 -0.843765 8.046322 1.392294 -1.633939 7.828491 1.19386 -1.384427 9.034175 0.2851776 0.8658248 7.258308 1.954848 1.633939 7.828491 1.19386 0.843765 8.046322 1.392294 1.384427 9.034175 0.2851776 0 13.61255 2.29815 1.553656 14.36484 1.761825 0 15.1766 1.988784 -1.553656 14.36484 1.761825 0.9551172 13.5017 2.132328 -0.9551172 13.5017 2.132328 2.213143 12.39386 0.8426152 1.942143 14.26099 -0.4023785 1.360403 14.95496 0.3027901 0 12.90762 -2.840684 -1.360403 14.95496 0.3027901 -2.213143 12.39386 0.8426152 -1.942143 14.26099 -0.4023785 2.775367 12.22773 -0.9686072 1.876136 12.14167 -2.391949 -1.876136 12.14167 -2.391949 0 12.40278 -3.176231 -2.775367 12.22773 -0.9686072 1.801475 11.24252 -1.764135 -1.801475 11.24252 -1.764135 0 11.0089 -2.420295 0 9.00772 -1.388396 -1.354358 8.586027 -1.391033 -0.5956175 9.066332 -1.276708 0 5.459351 -1.682322 1.354358 8.586027 -1.391033 0 9.220444 -1.354433 -1.60847 5.959159 -1.586646 -2.28638 7.060613 -0.05068206 -0.81292 9.190426 -0.8449803 1.60847 5.959159 -1.586646 0.4328045 4.660418 -1.166511 -0.4328045 4.660418 -1.166511 0 4.383736 -0.3821324 0.81292 9.190426 -0.8449803 2.28638 7.060613 -0.05068206 -2.331858 5.945361 -0.02253264 0.426894 0.9990802 -1.265995 1.951304 1.00752 -1.138825 2.331858 5.945361 -0.02253264 2.183201 1.006519 -0.4986014 -0.426894 0.9990802 -1.265995 0.08921349 0.9877179 -0.4984994 -0.08921349 0.9877179 -0.4984994 -2.183201 1.006519 -0.4986014 1.065757 0.5630779 -0.03644287 -1.951304 1.00752 -1.138825 -1.065757 0.5630779 -0.03644287 -7.921359 8.855596 -1.306675 -6.452844 8.726105 -0.9683508 -6.377487 9.137764 -1.485738 -7.859332 8.834487 -0.9534703 7.921359 8.855596 -1.306675 6.377487 9.137764 -1.485738 6.452844 8.726105 -0.9683508 7.859332 8.834487 -0.9534703 4.660504 7.73543 -0.3306651 2.212044 7.617892 -0.3316836 4.727171 8.993299 -0.7646518 2.28638 7.060613 -0.05068206 1.354358 8.586027 -1.391033 0.81292 9.190426 -0.8449803 0.8854399 9.243514 -0.2732774 4.727172 8.993313 0.1018023 1.384427 9.034175 0.2851776 4.660504 7.73543 -0.3306651 1.633939 7.828491 1.19386 2.212044 7.617892 -0.3316836 2.28638 7.060613 -0.05068206 -4.660504 7.73543 -0.3306651 -4.727171 8.993299 -0.7646518 -2.212044 7.617892 -0.3316836 -1.354358 8.586027 -1.391033 -0.81292 9.190426 -0.8449803 -4.727172 8.993313 0.1018023 -0.8854399 9.243514 -0.2732774 -2.28638 7.060613 -0.05068206 -4.660504 7.73543 -0.3306651 -1.384427 9.034175 0.2851776 -2.212044 7.617892 -0.3316836 -1.633939 7.828491 1.19386 -2.28638 7.060613 -0.05068206 0.843765 8.046322 1.392294 1.384427 9.034175 0.2851776 -0.843765 8.046322 1.392294 0 9.310043 0.4523182 0.8854399 9.243514 -0.2732774 -1.384427 9.034175 0.2851776 -0.8854399 9.243514 -0.2732774 2.775367 12.22773 -0.9686072 2.213143 12.39386 0.8426152 1.801475 11.24252 -1.764135 -1.801475 11.24252 -1.764135 -2.213143 12.39386 0.8426152 -2.775367 12.22773 -0.9686072 0 12.90118 2.033457 -1.801475 11.24252 -1.764135 0 11.0089 -2.420295 1.801475 11.24252 -1.764135 0.6586849 12.86741 1.974973 -0.6586849 12.86741 1.974973 -2.213143 12.39386 0.8426152 2.213143 12.39386 0.8426152</float_array>
          <technique_common>
            <accessor source="#Untitled-mesh-positions-array" count="2813" stride="3">
              <param name="X" type="float"/>
              <param name="Y" type="float"/>
              <param name="Z" type="float"/>
            </accessor>
          </technique_common>
        </source>
        <source id="Untitled-mesh-normals">
          <float_array id="Untitled-mesh-normals-array" count="5472">-0.4539834 0.4187139 0.7864972 -0.591345 -0.7851334 0.184056 -0.9551432 -0.01963531 0.2954927 0.9551436 -0.01963406 0.2954916 0.5913452 -0.7851337 0.1840543 0.4539853 0.4187121 0.7864969 -0.07434999 0.3757588 0.9237302 -0.3756731 -0.9079238 -0.1858608 -0.2189576 0.924887 -0.3108726 -0.4601255 0.2506454 0.8517402 0.2938352 -0.3349783 0.8952377 -0.65202 -0.6226415 0.4326519 0.2189577 0.924887 -0.3108726 0.3756728 -0.9079239 -0.1858608 0.07435005 0.3757588 0.9237303 -0.9024583 -0.3503713 0.2506176 -0.9872866 -0.01364779 -0.1583634 0.5436297 0.8310855 0.1173188 -0.9872916 -0.01362007 -0.1583342 -0.7452254 0.3129671 -0.5888045 0.2543791 0.9275069 -0.273902 0.9024586 -0.3503708 0.2506171 -0.5436308 0.8310849 0.1173185 0.9872866 -0.01364725 -0.1583631 0.9872917 -0.01361978 -0.1583339 -0.2543793 0.9275069 -0.2739019 0.7452256 0.3129674 -0.5888042 0.2543907 0.9274987 -0.2739189 0.5436204 0.8310871 0.1173506 -0.9872885 -0.01362609 -0.1583533 -0.7452512 0.3129557 -0.588778 -0.04892504 0.7321944 -0.6793363 0.2543893 0.9274908 -0.2739469 -0.04895645 0.3035041 -0.9515716 -0.3910648 -0.185781 -0.9014177 -0.7240673 0.6712633 -0.1585314 0.04698836 -0.06461858 -0.9968032 -0.9368247 0.09584969 -0.3364108 -0.5360302 0.7707954 0.3443053 0.5436515 0.8310711 0.1173202 -0.9073697 -0.1681707 -0.3852258 -0.7731437 -0.09982138 0.6263263 -0.7526564 -0.2052682 0.6255986 -0.8023689 -0.5714358 -0.1722369 0.1546003 -0.3288292 -0.9316491 0.1409177 -0.3347153 -0.9317231 -0.6677743 -0.7421936 0.05679953 0.3091217 -0.6475601 -0.6964983 -0.5673724 -0.7806143 -0.2621641 0.1290743 -0.9895326 -0.06453847 -0.8487183 -0.5045632 0.1584092 -0.5950707 -0.608814 0.52463 -0.7535001 -0.1663392 0.6360573 -0.5950908 -0.6088131 0.5246082 -0.8487293 -0.5045527 0.1583836 -0.6221146 -0.08216613 0.7786027 -0.7921835 0.003909528 0.6102706 -0.9830311 -0.1762318 -0.05091351 -0.8260421 -0.08027333 0.5578626 -0.9893913 -0.07038348 0.1270866 -0.6849521 -0.02935934 0.7279964 -0.6573876 -0.2093315 0.7238936 -0.9024476 -0.3504192 0.2505885 -0.2271234 0.6069305 0.7616103 -0.2543905 0.9274989 -0.2739186 0.9872885 -0.01362586 -0.1583534 -0.5436202 0.8310872 0.1173507 0.7452512 0.3129563 -0.5887776 -0.2543894 0.927491 -0.2739465 0.0489251 0.7321952 -0.6793354 0.04895734 0.3035036 -0.9515717 0.3910648 -0.1857811 -0.9014176 0.7240687 0.671261 -0.158535 -0.04698818 -0.0646184 -0.9968032 0.9368256 0.09585255 -0.3364074 0.9073696 -0.1681655 -0.3852284 -0.1546 -0.3288292 -0.9316492 -0.1409176 -0.3347154 -0.9317231 0.8023664 -0.5714393 -0.1722359 -0.3091225 -0.6475604 -0.6964976 0.5673723 -0.7806143 -0.2621643 0.6677743 -0.7421936 0.05679947 -0.1290711 -0.9895328 -0.06454092 0.8487181 -0.5045636 0.1584089 0.5950707 -0.6088141 0.5246298 0.7526561 -0.2052699 0.6255983 0.7535016 -0.1663412 0.6360551 0.5950906 -0.6088133 0.524608 0.8487291 -0.5045529 0.1583836 0.7731393 -0.0998106 0.6263335 0.6221148 -0.08216547 0.7786027 0.7921804 0.00391823 0.6102743 0.9830312 -0.1762319 -0.05091357 0.8260431 -0.08027154 0.5578614 0.9893913 -0.07038336 0.1270867 0.6573686 -0.2093527 0.7239047 0.9024478 -0.3504191 0.2505884 0.68494 -0.02935642 0.7280079 0.2271243 0.6069319 0.7616091 -0.5436514 0.8310711 0.11732 0.5360217 0.7707939 0.344322 -1.05202e-5 -0.6720017 0.7405497 -0.1936562 -0.8900164 0.412757 0.1154274 -0.9586372 0.2601755 -0.1371175 -0.9853036 0.1018612 0.1038103 -0.9910243 0.08422797 -0.1134409 -0.9933888 0.01760166 0.11146 -0.9934438 0.02542096 -0.09796565 -0.9814894 -0.1645637 0.09792977 -0.9830949 -0.1547068 -0.2937954 -0.9538118 -0.06266838 0.3675432 -0.9267113 -0.07821911 0.125324 -0.9046577 0.4072939 -0.1095119 -0.917115 0.3832847 0.1311266 -0.9902522 -0.04697215 -0.1525633 -0.987858 -0.02934318 0.1194583 -0.9830542 -0.139048 -0.1701429 -0.9699282 -0.1740422 1.22339e-5 -0.8491076 -0.5282199 -0.4753046 0.1917118 -0.8586806 1.47671e-5 0.09582072 -0.9953987 -1.50474e-5 0.1662997 -0.9860754 -0.5246145 0.09786444 -0.8456963 -0.939664 0.193829 -0.28189 -0.9578317 0.1077376 -0.2663666 -0.974937 0.1057087 0.1957641 -0.9640779 0.1349271 0.228798 -0.5774129 0.09982562 0.8103266 -0.5521811 0.1683772 0.8165447 2.749e-7 0.09580707 0.9954 5.75604e-6 0.203651 0.9790436 0.5521811 0.1683772 0.8165447 0.577413 0.09982562 0.8103266 0.9640779 0.1349271 0.2287981 0.974937 0.1057087 0.1957641 0.939664 0.193829 -0.2818901 0.9578317 0.1077376 -0.2663665 0.5246146 0.09786444 -0.8456963 0.4753046 0.1917118 -0.8586806 -1.46663e-5 0.09582072 -0.9953987 1.50502e-5 0.1662997 -0.9860754 -0.5638402 -0.6519047 0.5070548 -0.2150908 -0.8896601 0.4027912 0.164292 -0.9525521 0.2562277 0.117387 -0.9469033 0.2993234 -0.08028179 -0.9338712 0.348482 0.04699778 -0.9458556 0.3211672 -0.04501909 -0.9391869 0.340443 -0.02936357 -0.9376052 0.3464598 -3.23169e-6 -0.9451037 0.3267704 -0.01369988 -0.9379174 0.346588 0.005876898 -0.955851 0.2937933 -4.99655e-6 -0.954199 0.2991729 -0.005876839 -0.955851 0.2937933 0.01369988 -0.9379174 0.346588 0.02936357 -0.9376053 0.3464595 -0.04699778 -0.9458557 0.3211672 0.04501897 -0.9391869 0.3404428 0.08028161 -0.9338708 0.3484829 -0.1173869 -0.9469034 0.2993232 0.2150906 -0.8896602 0.4027912 -0.164292 -0.9525521 0.2562277 0.5638399 -0.6519051 0.5070548 -0.8468004 0.5065417 0.1623102 -0.5637879 -0.6519932 0.506999 -0.8915827 -0.4399048 0.1075365 -0.7757362 -0.4074447 0.4818946 -0.6884923 0.6180673 0.3794356 -0.5599977 -0.3602825 0.7460557 -0.3679482 0.7907112 0.4892749 -0.2800451 -0.1860234 0.9417909 -1.56835e-5 0.8528096 0.5222222 5.21839e-5 -0.3056102 0.9521567 0.2800446 -0.1860232 0.9417911 0.3679485 0.7907112 0.489275 0.5599974 -0.3602825 0.746056 0.6884922 0.6180673 0.3794355 0.7757361 -0.4074445 0.4818947 0.8468004 0.5065419 0.1623102 0.8915826 -0.4399051 0.1075366 0.5637878 -0.6519929 0.5069996 0.1643068 -0.9525541 0.2562113 -0.8915835 -0.4399148 0.1074888 -0.5638191 -0.6519117 0.5070694 -0.7757356 -0.4074711 0.4818732 0.1173955 -0.9469044 0.2993164 -0.5599943 -0.3602747 0.746062 0.04699891 -0.9458568 0.321164 -0.279982 -0.1860166 0.941811 -7.11344e-6 -0.9451067 0.3267621 -4.66108e-5 -0.3056496 0.9521442 0.2799821 -0.1860168 0.941811 -0.04699885 -0.9458569 0.3211637 0.5599943 -0.3602749 0.746062 -0.1173956 -0.9469044 0.2993164 0.7757357 -0.4074711 0.4818729 -0.1643069 -0.952554 0.2562113 0.8915836 -0.439915 0.1074883 0.5638191 -0.6519117 0.5070692 1.04606e-5 -0.6720017 0.7405497 -0.1154274 -0.9586372 0.2601755 0.1936561 -0.8900163 0.412757 0.1371175 -0.9853035 0.1018612 -0.1038103 -0.9910243 0.08422797 0.1134409 -0.9933888 0.01760166 -0.11146 -0.9934438 0.0254209 0.09796565 -0.9814894 -0.1645636 -0.09792977 -0.9830949 -0.1547067 0.2937952 -0.9538118 -0.06266838 -0.3675435 -0.9267113 -0.07821899 -0.1253241 -0.9046578 0.4072939 0.1095117 -0.9171151 0.3832846 -0.1311266 -0.9902522 -0.04697215 0.1525633 -0.987858 -0.02934324 -0.1194583 -0.9830541 -0.139048 0.1701428 -0.9699282 -0.1740422 -1.22189e-5 -0.8491076 -0.5282199 -0.2583448 0.9335373 -0.2485278 -0.4013268 0.2505835 -0.8809908 -0.1349283 0.8232367 -0.5514307 -0.07433462 0.4459793 -0.8919512 0 0.2563142 -0.9665936 -1.07139e-5 0.3442448 -0.9388799 1.03265e-5 0.3720635 -0.9282073 0.4013269 0.250584 -0.8809906 0.07433462 0.4459795 -0.8919511 0.1349286 0.8232381 -0.5514284 0.2583187 0.9335349 -0.2485641 -0.9214372 0.2954111 -0.2523606 -0.9309668 0.3637608 0.03128761 -0.4542408 -0.8908768 -0.001989185 -0.3582338 -0.5891807 -0.7242477 -0.688882 0.09787678 -0.7182352 -0.6008629 0.03523045 -0.7985754 -0.4325435 0.07632958 -0.8983764 -0.4281551 0.2580718 -0.8660729 -0.4054204 0.1155714 -0.9067953 -0.3501529 0.5849031 -0.7316293 -0.4542329 -0.890881 -0.001975655 -0.06063294 -0.9977291 0.02933418 -0.2521056 0.8149527 -0.5218188 -0.1586038 0.9594547 -0.2330055 -0.1173183 0.9913603 0.05866336 -0.07046473 -0.05089694 -0.996215 -0.06456977 0.9979113 -0.001958429 -0.07048207 0.8359673 -0.5442344 -0.1681946 0.8468232 0.50458 -0.1604147 0.9135885 0.3736618 -0.05676937 0.9983566 -0.007828593 -0.3739521 0.6891761 0.6206417 -0.09199893 0.7594988 -0.6439703 -0.08224838 0.9966101 -0.001937031 -0.07632935 0.8278275 0.5557656 -0.5415713 0.4535955 0.7077795 -0.8665587 0.3286437 0.375592 -0.4304514 0.1232755 0.8941559 -0.8451528 0.3032426 0.4401828 -0.9105455 0.3387695 0.2369434 -0.8467251 0.3285129 0.4184925 -0.8842515 0.42844 0.1858452 -0.6283208 -0.4560644 0.6302525 -0.9309569 0.3637858 0.0312947 -0.4542431 -0.8908757 -0.001931309 -0.4542378 -0.8908784 -0.001945614 -0.06064999 -0.9977276 0.02934819 -0.05088174 -0.7887487 0.6126065 -0.003902673 -0.9999905 -0.00197786 -0.005874812 -0.6912412 0.7226004 -0.007848322 -0.9999673 -0.001977384 0.00195378 -0.703188 0.7110013 -2.88669e-6 0.02344268 0.9997253 -0.09205561 -0.07246112 0.9931139 -0.003908634 -1.2063e-5 0.9999924 0.005898833 0.007830321 0.999952 0.003914833 0.7235407 0.6902707 0.01762539 0.7186468 0.6951518 0.001957654 0.9999809 0.005868852 -0.001960456 0.7731805 0.6341831 0.02350276 0.9997162 0.003915369 -0.01761347 0.7496679 -0.6615798 0.003917217 0.9998014 0.01954525 -0.07440942 0.8086905 0.5835093 -0.09983909 0.7869683 0.6088622 -0.0742923 0.9970817 0.01757282 -0.07634592 0.8379521 -0.5403774 -0.04301851 0.833095 -0.5514546 0.04107993 0.7276886 -0.6846764 -0.0273934 -0.06259697 -0.9976629 -0.07627469 -0.8174098 -0.5709846 0.007820904 -0.0332455 -0.9994166 0.003907978 0.7395709 -0.6730673 -0.03324955 0.02149802 -0.9992159 -0.01566052 0.005874633 -0.9998601 -0.02150601 -0.7214663 -0.6921156 -0.01173865 -0.691213 -0.7225557 -0.01370406 -0.7206109 -0.6932043 -0.007845342 -0.9999673 -0.001956284 -0.003911912 -0.9999905 -0.001958012 0.9214372 0.2954111 -0.2523606 0.4542408 -0.8908768 -0.001989483 0.9309668 0.3637611 0.03128755 0.3582324 -0.5891804 -0.7242486 0.6888811 0.09787684 -0.7182361 0.6008628 0.03523045 -0.7985755 0.4325435 0.07632952 -0.8983764 0.4281552 0.2580718 -0.8660728 0.4054179 0.1155728 -0.9067962 0.3501529 0.584903 -0.7316293 0.06063753 -0.997729 0.02932482 0.4542539 -0.8908702 -0.00194031 0.2521057 0.8149527 -0.521819 0.1586037 0.9594545 -0.2330062 0.1173183 0.9913603 0.05866318 0.07045996 -0.05089741 -0.9962153 0.06457084 0.9979113 -0.001958727 0.07626408 -0.8174062 -0.5709913 0.1681955 0.8468232 0.5045799 0.1604147 0.9135885 0.373662 0.3739523 0.6891763 0.6206415 0.05676937 0.9983566 -0.007828533 0.07046896 0.8359676 -0.5442358 0.09199815 0.7594988 -0.6439704 0.08217835 0.996616 -0.00189054 0.07631784 0.8277972 0.5558125 0.5415714 0.4535956 0.7077793 0.8665588 0.328644 0.3755917 0.4304444 0.1232747 0.8941594 0.09983777 0.7869686 0.6088619 0.8451522 0.3032414 0.4401847 0.9105455 0.3387698 0.2369434 0.8467251 0.328513 0.4184925 0.8842517 0.42844 0.1858453 0.6283197 -0.4560642 0.6302539 0.9309591 0.3637811 0.03128468 0.4542434 -0.8908756 -0.001932024 0.4542306 -0.890882 -0.00194627 0.0606358 -0.9977281 0.02936041 0.09206825 -0.072461 0.9931127 0.05873537 -0.8223868 0.5658889 0.003903508 -0.9999905 -0.001972198 0.007848203 -0.9999673 -0.001977384 0.005874693 -0.6912411 0.7226004 -3.09292e-6 -0.7244917 0.6892836 3.02581e-6 0.02344268 0.9997253 -0.003912866 0.007826983 0.9999618 -0.003914713 0.7235407 0.6902707 0.01760172 1.42559e-5 0.9998451 -0.01565963 0.7376378 0.675015 -0.001957714 0.9999809 0.005868852 0.005883574 0.8188605 0.5739625 0.0743997 0.8086906 0.5835102 -0.003916144 0.9998014 0.01954501 -0.02350264 0.9997162 0.003916263 0.01761341 0.749668 -0.6615798 0.07429134 0.9970809 0.01762551 0.07636362 0.8379508 -0.5403769 0.04302722 0.8330938 -0.5514557 -0.04108494 0.7276888 -0.6846759 0.02738678 -0.06259769 -0.997663 -0.003905177 0.7395712 -0.673067 0.03324949 0.02149802 -0.9992159 -0.007819652 -0.03324568 -0.9994167 0.01566058 0.005874633 -0.9998602 0.02150046 -0.7214663 -0.6921156 0.01175302 -0.6912042 -0.7225639 0.01371026 -0.7206097 -0.6932054 0.00784552 -0.9999673 -0.001956284 0.003919482 -0.9999905 -0.001960158 -0.4993865 0.6952282 -0.5169825 -0.03917759 0.5619286 -0.8262576 -0.5517849 0.4402596 -0.7083113 -0.003936946 0.3851574 -0.9228426 0.5126377 0.6736125 -0.5323992 -1.15456e-5 0.01759862 -0.9998452 -0.6156684 0.06058752 -0.7856728 0.576602 0.4612382 -0.6743808 0.8019234 0.5339697 -0.2679464 0.7827902 0.5968431 -0.1761186 0.6571173 0.08411324 -0.7490806 -6.38864e-6 -0.4674273 -0.8840316 -0.5830687 -0.4245725 -0.6926537 0.8506079 0.5142714 -0.1095049 0.5281482 0.8430389 -0.1017104 0.9642487 0.1369121 -0.2268911 0.6244571 -0.4150236 -0.6616712 7.13393e-7 -0.5378964 -0.843011 -0.5854329 -0.4973165 -0.6402692 -0.1195088 -0.9830518 -0.1390213 3.12403e-5 -0.8491101 -0.5282161 0.1701267 -0.9699285 -0.1740565 0.6166078 -0.5108896 -0.5989881 0.1525972 -0.9878528 -0.02934008 0.9328544 -0.3109693 -0.1818815 0.9119341 -0.3874832 -0.1350303 0.1095163 -0.9171148 0.383284 0.2937662 -0.9538225 -0.06264251 0.9848392 0.1527274 -0.08225733 0.950702 -0.2973484 -0.08803266 0.9444069 -0.2932822 -0.1485983 0.09795296 -0.9814843 -0.1646022 0.1133928 -0.9933944 0.0175966 0.9250692 -0.3578935 0.1271195 0.1371214 -0.9853031 0.1018603 0.9603013 -0.2131754 0.1799387 0.7457571 -0.434517 0.5050163 0.1936604 -0.8900313 0.4127227 0.9597507 0.2330801 0.1566923 0.3875728 -0.4208335 0.8201746 1.36343e-5 -0.6719928 0.7405577 0.76497 -0.2778243 0.5810634 0.8118713 0.2934603 0.5047238 0.776915 0.6203408 0.1076127 0.3580494 -0.2485002 0.9000269 0.374068 0.92441 0.07442754 -0.03328227 0.9823701 -0.1839604 0.4969851 0.7043951 0.5067874 0.3539072 0.2111581 0.9111322 0.005874276 0.981818 0.1897345 0 0.7206928 0.6932545 1.31398e-6 0.2448523 0.9695605 -0.3720541 0.9262233 0.06071412 -0.4973683 0.8556829 -0.1429392 -0.4814167 0.6712458 0.5636198 -0.3639894 0.2074334 0.9080106 2.36835e-6 -0.2231692 0.9747798 9.72301e-6 -0.4028902 0.9152483 -0.1153991 -0.9586259 0.2602296 -0.3777373 -0.2466034 0.8924692 -0.3954652 -0.4013525 0.8261498 -0.7320249 -0.3797184 0.5656444 -0.103829 -0.9910253 0.08419311 -0.1114929 -0.99344 0.02542668 -0.7247979 -0.2585652 0.6386017 -0.775343 0.2369101 0.5854204 -0.9278135 -0.3288212 0.176178 -0.09789448 -0.9831 -0.1546967 -0.9360944 -0.2506756 0.246757 -0.9574567 -0.2721624 -0.09593957 -0.3675709 -0.9267037 -0.07817912 -0.9871359 -0.137097 -0.08226346 -0.9529052 0.205471 0.2230547 -0.975773 0.1994468 -0.0899344 -0.7545128 0.648967 0.0977357 -0.8458625 0.522818 -0.1057261 -0.8601387 0.4800338 -0.1724209 -0.9551575 0.1213627 -0.270084 -0.8011838 0.5073505 -0.3173329 -0.4993759 0.6952202 -0.5170034 -0.5517719 0.4402374 -0.7083353 -0.6156661 0.06059288 -0.7856742 -0.5830836 -0.4245736 -0.6926406 -0.9185203 -0.2957164 -0.2624353 -0.5854222 -0.4973376 -0.6402627 -0.8805286 -0.373723 -0.2915487 -0.1253352 -0.9046767 0.4072483 -0.11948 -0.9830607 -0.138983 -0.131127 -0.9902538 -0.04693847 0.9234511 0.01369422 0.383472 0.8796815 0.03721326 0.4741051 0.7089418 0.1488375 0.689383 0.8956517 0.1799037 0.4067468 0.8501699 0.2331338 0.4720804 0.9892709 -0.1427075 -0.03126984 0.9960465 -0.08805662 -0.0117312 0.8392118 -0.1212576 0.5301135 0.4756231 0.534337 0.6987609 0.4995269 0.1195144 0.8580147 0.6393017 -0.4183743 0.6451795 0.5913139 -0.7851592 0.1840464 0.9551343 -0.01957148 0.2955259 0.4539235 0.4186983 0.78654 0.7119754 2.29348e-5 0.7022045 0.9872869 -0.01367092 -0.1583591 0.8822833 -0.2073778 -0.4225762 0.9024423 -0.3504338 0.2505874 0.74525 0.3129642 -0.588775 0.3910823 -0.1857641 -0.9014136 0.9423542 -0.1116665 -0.3154351 0.9893898 -0.07037448 0.127104 0.7482819 -0.4250725 -0.5093011 0.9489984 -0.1526147 0.2758821 0.7735885 -0.6051636 -0.1879836 0.7777116 -0.5230527 0.3486843 0.7784807 -0.3168679 -0.5418141 0.594701 -0.3579755 -0.7198503 0.9138622 -0.06262278 -0.4011663 -0.1409398 -0.3346698 -0.9317361 0.6086248 -0.3287773 -0.7221367 0.3227074 -0.3579177 -0.8762163 0.9197863 -0.1604759 0.3581071 0.5673655 -0.7806083 -0.2621971 0.7215948 -0.6805478 0.1271049 0.7327617 -0.5877753 0.3429002 0.3602584 -0.9300367 -0.07242804 0.9943151 0.06263333 0.0861085 0.6825821 0.4165929 -0.6004431 0.7496967 -0.3680114 -0.5500204 0.2269614 -0.9723606 -0.05480301 0.0332728 -0.8319016 -0.5539249 0.1232156 -0.113469 -0.9858716 0.5578653 -0.1879148 -0.8083776 0.4935079 -0.3525044 -0.7951041 0.3874143 -0.9176925 -0.08803844 0.1505657 -0.9816112 -0.117344 0.3792945 -0.3597457 -0.852478 0.7148229 -0.6893614 -0.1175124 0.4130862 -0.2838667 -0.8653205 2.33948e-6 -0.3858788 -0.9225496 0 -0.3269249 -0.9450504 -0.3227071 -0.3579177 -0.8762164 -0.007827579 -0.2718582 -0.9623055 0.8783252 0.09978699 -0.4675334 0.2036047 0.2466726 -0.9474692 0.3227179 -0.3853122 -0.8645159 0.1076002 -0.9939616 -0.02150577 -0.6028697 -0.1722475 -0.7790245 -0.4794767 -0.833695 -0.2739614 -8.04663e-6 -0.9894768 -0.1446915 -1.87091e-7 -0.7002173 -0.7139298 -3.76254e-6 -0.6470951 -0.7624094 0.007831573 -0.2718623 -0.9623043 0.6028635 -0.1722506 -0.7790285 -0.3793293 -0.3597735 -0.8524507 0.4794852 -0.8336887 -0.2739654 8.00937e-6 -0.9894768 -0.1446915 -0.1505657 -0.9816111 -0.117344 -0.6086254 -0.3287801 -0.7221349 -0.5947009 -0.3579754 -0.7198504 -0.1075952 -0.9939622 -0.02150726 -0.7784811 -0.3168671 -0.541814 -0.8822834 -0.2073778 -0.4225761 -0.3227726 -0.3853238 -0.8644902 -0.7148232 -0.6893612 -0.1175115 -0.2036048 0.2466723 -0.9474692 -0.8783243 0.09978693 -0.4675351 -0.413081 -0.2838664 -0.8653231 -0.4935168 -0.3525109 -0.7950958 -0.38741 -0.9176939 -0.08804255 -0.3602582 -0.9300367 -0.0724281 -0.5578611 -0.1879174 -0.8083799 -0.03327471 -0.8319023 -0.5539238 -0.1232216 -0.113475 -0.9858701 -0.9138602 -0.06261754 -0.4011716 -0.6825806 0.4165928 -0.6004451 -0.7496964 -0.3680118 -0.5500206 -0.2269667 -0.9723597 -0.05479764 -0.7327618 -0.5877754 0.3429001 -0.7215948 -0.6805478 0.1271051 -0.9943146 0.0626372 0.0861116 -0.9197878 -0.160468 0.3581069 -0.5673654 -0.7806084 -0.2621971 0.1409397 -0.3346695 -0.9317362 -0.3910824 -0.1857643 -0.9014135 -0.7452502 0.3129638 -0.5887748 -0.9872869 -0.01367104 -0.1583591 -0.9960464 -0.0880565 -0.0117312 -0.9892701 -0.1427133 -0.03126716 -0.9024428 -0.3504328 0.2505869 -0.9234511 0.01369416 0.3834721 -0.7089416 0.1488372 0.6893833 -0.8796815 0.0372132 0.4741051 -0.8956514 0.1799028 0.4067479 -0.8501701 0.233134 0.4720798 -0.9423543 -0.1116673 -0.3154346 -0.9893898 -0.07037431 0.1271038 -0.748282 -0.4250726 -0.5093009 -0.9551343 -0.0195716 0.2955259 -0.8392143 -0.1212604 0.5301089 -0.4756234 0.5343375 0.6987603 -0.4995272 0.1195144 0.8580145 -0.6393018 -0.4183744 0.6451792 -0.5913137 -0.7851592 0.1840463 -0.7119753 2.27753e-5 0.7022045 -0.4539234 0.4186981 0.7865402 -0.9489964 -0.1526209 0.2758855 -0.7777117 -0.5230526 0.3486843 -0.7735885 -0.6051636 -0.1879836 0.8926937 0.248633 0.3758721 0.8467262 0.3285245 0.4184811 0.9105412 0.3387785 0.2369471 0.7770273 0.1526705 0.6106719 0.8432298 -0.06063222 0.5341229 0.5105237 -0.04498934 0.858686 0.925194 0.2229743 0.307081 0.8842609 0.4284363 0.1858091 0.9309642 0.3637663 0.03130137 0.9778159 0.209237 -0.009793758 0.9993247 -0.03324216 -0.01565515 0.9469563 -0.0175845 0.3208813 0.7259629 -0.03523439 0.6868308 0.9310898 -0.1623641 0.3266646 0.9914044 -0.1290521 -0.02151918 0.4131289 -0.01959395 0.9104617 0.9344165 -0.2272611 0.2742597 0.9808515 -0.1683698 -0.09788757 0.9913487 -0.05475068 -0.1192899 0.699181 -0.1821351 0.6913558 0.9603106 -0.0899595 0.2640281 0.9852406 -0.01955723 -0.1700543 0.6654916 -0.3601458 0.6537706 0.4151384 -0.1742696 0.8929112 0.7020775 -0.3324797 0.6297179 0.2289922 0.1781084 0.9569953 0.1271014 0.03520053 0.991265 0.666354 -0.141511 0.732084 0.1389949 0.3992808 0.9062314 -0.2485545 0.4795078 0.8416015 -0.5067981 0.6750491 0.5361572 -2.00587e-6 -0.03715449 0.9993096 -1.73453e-6 0.2622699 0.9649946 0.1173155 0.6196632 0.7760507 -0.1213511 0.8142814 0.5676441 0.01172363 0.8323024 0.5541979 -3.88212e-5 0.5730793 0.8195 3.83109e-5 0.7905053 0.6124553 -0.01172339 0.8323034 0.5541965 6.28876e-7 0.3892006 0.921153 -0.117291 0.6196619 0.7760553 0.1213513 0.814282 0.5676432 0.5067985 0.6750494 0.5361565 -0.1389951 0.3992812 0.9062313 0.2485544 0.4795082 0.8416013 -0.1271014 0.03520089 0.9912649 -0.2289924 0.1781082 0.9569953 -0.5105239 -0.04498916 0.8586858 -0.4131341 -0.01959508 0.9104593 -0.4151378 -0.1742686 0.8929116 -0.7259625 -0.03523409 0.6868311 0 -0.1625026 0.9867082 -1.112e-6 -0.3818331 0.9242313 0.3833973 -0.3814435 0.8411346 -0.3833963 -0.3814456 0.841134 0 -0.5911539 0.8065589 0.2839839 -0.5718544 0.7696335 0.5284104 -0.5147076 0.675173 5.74626e-7 -0.7488241 0.6627689 0.1663214 -0.7435458 0.6476705 0.2993047 -0.4851305 0.8216236 -0.2839815 -0.5718573 0.7696323 0.105684 -0.1526872 0.9826075 -0.6654915 -0.3601458 0.6537706 -0.1663196 -0.743547 0.6476694 -0.6991803 -0.1821359 0.6913563 -0.5284047 -0.514712 0.6751742 -0.9310897 -0.1623641 0.3266649 -0.7020747 -0.332479 0.6297213 -0.9469636 -0.0176323 0.320857 -0.2993073 -0.4851307 0.8216224 -0.9344161 -0.2272604 0.2742614 -0.1056853 -0.1526879 0.9826073 -0.9914044 -0.1290518 -0.02151924 -0.9993247 -0.03324216 -0.01565515 -0.9808515 -0.1683694 -0.09788745 -0.9913487 -0.05475181 -0.1192901 -0.9251762 0.2229956 0.3071193 -0.977816 0.209237 -0.009793817 -0.9309642 0.3637664 0.03130137 -0.8842611 0.4284364 0.1858077 -0.8467262 0.3285246 0.4184809 -0.7770274 0.1526677 0.6106727 -0.8432301 -0.06063234 0.5341225 -0.8926936 0.2486332 0.3758721 -0.9105411 0.3387787 0.2369473 -0.9603108 -0.08996069 0.2640269 -0.9852407 -0.0195527 -0.1700544 -0.666354 -0.1415109 0.7320842 -0.962507 -0.05282229 0.2660643 -0.6047068 -0.07827383 0.7925925 -0.9213559 -0.03325474 0.3872951 -0.9921753 0.02935129 -0.1213541 -0.02347362 -0.07831883 0.9966521 -0.5713914 -0.06653434 0.8179764 -0.9471101 2.51835e-7 0.3209091 -0.9610001 0.03718608 0.2740365 -0.9930317 0.04309755 -0.1096847 -0.98418 0.08999878 -0.1526107 -0.5789537 -0.05281227 0.8136484 0.001934528 -0.07625567 0.9970865 -0.977275 0.09791302 0.1880068 -0.6616603 -0.7497936 -0.003922879 -0.617897 0.01759839 0.7860621 -0.001944839 -0.07431244 0.9972332 -0.616382 -0.6554772 0.4363749 -0.01761752 -0.9781084 0.207349 -0.6947281 0.2426502 0.6771069 -0.6474592 0.5359621 0.5417947 0.00982207 0.009770691 0.9999041 0.03916043 0.3388186 0.9400364 -0.3600738 -0.592992 0.7202134 0.02153921 0.6890805 0.7243647 0.7508553 0.1799102 0.6354909 -0.00976783 -0.5555524 0.8314242 0.3229535 -0.5950571 0.7359403 0.6130201 -0.6815935 0.3995459 0.6940108 -0.7096863 -0.1212203 0.9778348 0.02934169 -0.2073124 0.7028136 0.4581096 0.5442323 0.9851074 0.04307144 0.1664588 0.9718802 0.0195502 0.2346633 0.984767 0.02348595 -0.1722859 0.6595623 0.01369965 0.751525 0.986408 0.03523457 -0.1604926 0.5779672 -0.04114156 0.8150223 0.9751137 0.01369905 0.2212821 0.5245192 -0.05871206 0.849372 0.9752625 -0.02741199 0.2193441 0.9761289 -0.005872428 -0.2171127 0.6144313 -0.06066101 0.786635 0.9653003 -0.03719323 0.2584802 0.9732393 -0.01762884 -0.229117 0.5726044 -0.1055201 0.8130128 0.9707142 -0.09393626 0.2211107 0.7688566 -0.5849485 -0.2582535 0.2621606 -0.6534276 0.7101438 0.06656813 -0.9908415 0.1174821 -0.08412092 -0.8958965 0.436226 1.68101e-6 -0.9921251 0.1252515 4.11679e-6 -0.992842 -0.1194348 -5.34579e-7 -0.8979238 0.440151 -0.7688565 -0.5849486 -0.2582533 0.08412027 -0.8958964 0.4362266 -0.06656926 -0.9908403 0.117491 -0.2621642 -0.6534249 0.7101449 -0.9707089 -0.09392046 0.2211406 -0.9732393 -0.01762914 -0.229117 -0.5726023 -0.1055272 0.8130133 -0.9653003 -0.03719383 0.2584803 -0.9761289 -0.005872249 -0.2171128 -0.9752622 -0.02741807 0.2193447 -0.986408 0.03523403 -0.1604927 -0.6144315 -0.06066173 0.7866347 0.02347457 -0.07831561 0.9966522 -0.5245188 -0.05870747 0.8493724 -0.9751134 0.01370704 0.2212828 -0.97188 0.01955604 0.2346636 -0.9847668 0.02350026 -0.1722856 -0.9778346 0.02934426 -0.2073125 -0.5779676 -0.04114812 0.8150218 -0.001934945 -0.07625699 0.9970864 -0.6595624 0.01369827 0.7515251 0.6047067 -0.07827377 0.7925927 0.5713913 -0.06653457 0.8179763 0.001944839 -0.07431262 0.9972332 0.962507 -0.05282217 0.2660643 0.9213559 -0.0332548 0.3872952 0.9921752 0.02935212 -0.1213541 0.9471101 0 0.3209091 0.5789537 -0.05281251 0.8136483 0.961 0.03718858 0.2740368 0.9930322 0.0430864 -0.1096851 0.9841799 0.08999919 -0.1526111 0.6178971 0.01759845 0.7860621 0.9772754 0.09791743 0.1880032 0.6616601 -0.7497937 -0.00392282 -0.009772479 0.00978744 0.9999043 0.6947152 0.2426537 0.677119 0.6163863 -0.6554839 0.4363586 0.01761752 -0.9781084 0.207349 0.6474338 0.5359435 0.5418432 -0.03916054 0.3388187 0.9400364 0.3600727 -0.5929917 0.7202143 -0.02154523 0.6890814 0.7243636 -0.7508682 0.1799048 0.6354773 0.009768187 -0.5555523 0.8314243 -0.7028137 0.4581098 0.5442319 -0.3229536 -0.595057 0.7359404 -0.9851076 0.04307371 0.1664561 -0.6130233 -0.6816017 0.3995268 -0.6940108 -0.7096864 -0.1212203 -0.977813 0.2092516 -0.009780883 -0.9309586 0.3637811 0.03129655 -0.92143 0.2954238 -0.252372 -0.8766088 0.1702518 -0.4500794 -0.600877 0.0352351 -0.7985647 -0.9002171 0.02935856 -0.4344506 -0.9993247 -0.03325486 -0.01562917 -0.4735293 0.1193473 -0.8726548 -0.9005755 -0.05872946 -0.4307143 -0.9914035 -0.1290575 -0.02152645 -0.8255636 -0.2914927 -0.4831945 -0.9808519 -0.168371 -0.09788233 -0.5224846 -0.0489313 -0.8512436 -0.5108156 0.1193894 -0.8513599 -0.8083119 -0.1996405 -0.5538732 -0.4759084 -0.4073703 -0.7794619 -0.7549082 -0.02935039 -0.6551734 -0.9913495 -0.05475711 -0.1192806 -0.3285501 -0.2171076 -0.9191949 -0.0684905 -0.3013634 -0.9510464 -0.706127 -3.3346e-6 -0.7080853 -0.985234 -0.01954334 -0.1700946 -0.9921798 0.02936094 -0.1213148 -0.09789162 -0.03524088 -0.9945729 -0.07243329 -0.6049657 -0.7929502 -0.1311052 0.1193483 -0.9841582 1.3432e-6 -0.2914959 -0.9565721 1.32309e-6 -0.06848347 -0.9976523 -0.1135342 0.1467968 -0.9826295 -8.38756e-6 0.09988462 -0.9949991 -0.1622806 0.05084788 -0.9854336 -0.4325318 0.07632744 -0.8983822 1.05042e-6 0.1447036 -0.9894751 -0.1487303 0.03327691 -0.9883178 0 0.08029377 -0.9967713 0.1135342 0.1467967 -0.9826295 -0.127286 0.2095612 -0.9694753 -0.4281743 0.258059 -0.8660672 2.3365e-5 0.1840277 -0.9829211 -0.07433265 0.4459635 -0.8919592 -0.350158 0.5849131 -0.7316187 -0.1349123 0.8232263 -0.5514501 -0.1585977 0.959451 -0.2330245 -4.18467e-5 0.3720883 -0.9281975 -0.2583218 0.9335372 -0.2485523 -0.1172889 0.9913638 0.05866318 -0.283608 0.9545242 0.0919252 -0.1644967 0.9027258 0.3975262 -0.1604056 0.9135999 0.3736381 -0.1937312 0.7710136 0.6066353 -0.3739461 0.6891887 0.6206314 0.07433265 0.4459635 -0.8919592 -0.07231384 0.729249 0.6804166 0.2542972 0.5790216 0.7746399 -0.5638675 0.6088566 0.5579848 -0.8665618 0.3286395 0.3755887 -0.1919193 0.5502697 0.8126318 0.5067856 0.6750565 0.5361596 0.121373 0.8142816 0.5676391 0.2485766 0.4795023 0.841598 -0.6500888 0.4327498 0.6245897 -0.9105463 0.3387665 0.2369447 -0.8926951 0.2486251 0.3758738 -0.3032676 0.4285428 0.8511052 -0.6342966 0.3542907 0.6871287 -0.8432311 -0.06066602 0.5341171 -0.08420395 0.06070178 0.9945979 -0.1270495 0.0352118 0.9912713 -0.510518 -0.04496002 0.8586909 -0.5065833 0.0528118 0.8605721 -0.8240777 -0.02934932 0.5657161 0.1349123 0.8232263 -0.5514501 0.350158 0.5849131 -0.7316187 0.1585979 0.959451 -0.2330246 0.2583219 0.9335371 -0.2485525 0.4281744 0.258059 -0.8660672 0.1172889 0.9913637 0.05866318 0.283608 0.9545242 0.09192508 0.1644968 0.9027258 0.3975262 0.1604056 0.9135999 0.3736381 0.1937313 0.7710136 0.6066352 0.3739463 0.6891887 0.6206313 0.1272858 0.2095624 -0.9694751 0.4325317 0.07632744 -0.8983821 0.1487278 0.03327441 -0.9883183 0.1622822 0.05084818 -0.9854334 0.6008784 0.0352258 -0.798564 0.4735292 0.1193467 -0.8726548 0.8766106 0.1702504 -0.4500764 0.9214299 0.2954237 -0.2523724 0.1311053 0.1193494 -0.984158 0.9778131 0.209251 -0.009780108 0.930959 0.36378 0.03129673 0.9002158 0.02935802 -0.4344532 0.9993248 -0.0332542 -0.01562911 0.5108171 0.1193848 -0.8513597 0.09789144 -0.0352407 -0.9945731 0.5224844 -0.04893124 -0.8512437 0.9005766 -0.05872887 -0.4307118 0.9914035 -0.1290572 -0.02152639 0.06849366 -0.3013617 -0.9510467 0.8255642 -0.2914905 -0.4831945 0.9808518 -0.1683714 -0.09788209 0.4759121 -0.407368 -0.7794607 0.8083161 -0.1996375 -0.5538684 0.7549079 -0.02935028 -0.6551738 0.9913495 -0.05475723 -0.1192807 0.3285579 -0.21711 -0.9191915 0.07243448 -0.604965 -0.7929506 -1.25342e-6 -0.6678978 -0.744253 0 -0.9051258 -0.4251438 -0.3461608 -0.3598617 -0.8664135 0.3461604 -0.3598627 -0.8664132 -0.7688541 -0.5849569 -0.258242 5.35767e-6 -0.9928378 -0.1194705 0.768854 -0.5849569 -0.2582422 -0.5908581 -0.03326302 -0.8060896 -0.9732377 -0.01761579 -0.2291248 0.590859 -0.03326058 -0.8060891 0.9732377 -0.01761615 -0.2291249 -0.189654 -0.02543133 -0.9815217 0.6637538 8.08628e-6 -0.7479513 0.9761278 -0.005879819 -0.2171175 -0.1252585 0.001954078 -0.9921222 0.9864127 0.03522205 -0.1604669 0.604421 0.06260174 -0.7942017 -0.07443892 0.06659632 -0.9949994 -0.6067001 0.06067419 -0.792612 -0.08015662 0.05474847 -0.9952776 -0.6512547 0.05477124 -0.7568801 -0.9930319 0.04308849 -0.1096857 0.6494885 0.04499524 -0.7590389 0.9847697 0.02349156 -0.1722695 0.9778353 0.02934181 -0.2073099 0.7143663 0.06459254 -0.6967845 0.6940267 -0.7096695 -0.1212282 -0.702539 0.113519 -0.7025329 -0.9841763 0.0900101 -0.1526277 -0.08211517 0.1016945 -0.9914209 0.4009105 -0.7314822 -0.5515475 -0.01758772 -0.9781027 0.2073783 -0.05667811 -0.7040214 -0.7079135 -0.4026926 -0.7546209 -0.51806 -0.6616902 -0.7497671 -0.003925323 -0.2542974 0.5790216 0.7746399 -0.1213731 0.8142816 0.5676392 -0.5067858 0.6750566 0.5361593 0.191919 0.55027 0.8126315 -0.2485767 0.4795024 0.841598 0.07231229 0.7292692 0.6803951 0.5638645 0.6088685 0.5579749 0.8665615 0.3286398 0.3755888 0.6500918 0.4327358 0.6245962 0.9105463 0.3387668 0.2369446 0.892695 0.2486246 0.3758742 0.3032687 0.4284899 0.8511313 0.634293 0.3543134 0.6871204 0.8432312 -0.06066638 0.5341171 0.08420288 0.06071013 0.9945975 0.1270514 0.03521299 0.9912709 0.5105177 -0.04495984 0.858691 0.5065408 0.05281668 0.8605967 0.8240746 -0.02935993 0.5657201 -0.4013286 0.250591 -0.8809878 2.55108e-5 0.1134269 -0.9935464 1.40574e-5 0.3442524 -0.9388772 -0.4577367 0.2151626 -0.8626601 -0.2583792 0.9335149 -0.2485762 -0.4752924 0.191672 -0.8586962 2.33203e-5 0.166301 -0.9860751 -0.838238 0.4406819 -0.3211799 -0.9396681 0.1938031 -0.2818943 -0.9640786 0.1349237 0.2287971 -0.2836435 0.9545159 0.09190005 -0.5521941 0.1684246 0.8165261 -0.2307704 0.7333458 0.6394912 -0.1644894 0.9027317 0.3975158 -0.1937372 0.7710174 0.6066284 2.4233e-6 0.7395871 0.673061 -2.37562e-5 0.2036398 0.979046 -0.1782354 0.7207838 0.6698529 0.2542976 0.5790114 0.7746475 0.5521942 0.1684246 0.8165259 -0.1760879 0.5419656 0.8217459 0.1213527 0.8142653 0.5676668 -0.01173514 0.8322944 0.5542097 -1.63913e-5 0.7905016 0.61246 4.11924e-6 0.7206909 0.6932565 1.25566e-6 0.5087144 0.8609353 0.1760869 0.5419653 0.8217464 0.01173514 0.8322941 0.5542101 -0.1213526 0.8142654 0.5676668 -0.2542972 0.5790119 0.7746471 0.1782375 0.7207839 0.6698522 0.1937372 0.7710177 0.6066283 0.2307719 0.7333487 0.6394874 0.1644894 0.9027318 0.3975155 0.2836436 0.9545161 0.09190016 0.9640786 0.1349236 0.228797 0.8382237 0.4406807 -0.3212188 0.9396681 0.1938032 -0.2818943 0.2583795 0.9335151 -0.2485756 0.4752923 0.1916719 -0.8586962 0.4577388 0.2151618 -0.8626592 0.4013286 0.2505909 -0.8809878 -2.55257e-5 0.1134269 -0.9935464 -2.3216e-5 0.166301 -0.9860751 -1.39922e-5 0.3442524 -0.9388772 0.2639898 0.6530811 -0.7097849 0.387364 -0.1076145 -0.9156246 0.3857364 -0.02547508 -0.9222573 0.371887 0.7124865 -0.5950321 0.1818297 0.9814605 0.06060862 0.1819936 0.6027563 -0.7768933 -0.01173377 -0.02154028 -0.9996991 0.09796416 0.9599418 -0.2625164 -0.06071448 0.6209138 -0.781524 -0.307509 -0.3173326 -0.8970721 0.06262886 0.9978815 0.01760941 -0.0352267 0.4461559 -0.8942618 -0.04501599 -0.6106221 -0.7906418 -0.04700416 -0.6127036 -0.7889139 0.1291211 0.9428744 0.3071085 0.2721341 0.7498723 0.6030213 -0.01368618 0.5437486 -0.8391366 -0.2836505 -0.580995 -0.7628809 0.2347777 0.614371 0.7532781 0.4601559 0.2506129 0.8517334 -0.2248538 0.457536 -0.8602916 -0.8548945 -0.3384354 -0.3932138 -0.08026647 0.9967254 0.00979036 -0.7030041 0.526762 -0.4778147 -0.6825783 0.537843 0.4947848 -0.8342828 -0.3094459 0.4563065 -0.2914831 -0.5360038 0.7922989 -0.1955422 0.4810763 0.8545929 -0.060624 -0.5751746 0.8157812 0.007826685 0.9999522 0.005867421 -0.01957809 0.5267289 0.8498079 -0.0743649 0.3757454 0.9237345 -0.001954615 -0.5672842 0.8235198 -0.3757466 -0.9078865 -0.1858946 -0.1821219 0.979143 -0.0900588 -0.2189913 0.9248742 -0.3108867 -0.05868959 0.3932419 -0.9175601 -0.3756266 -0.9079367 -0.1858915 -0.0137242 -0.6188933 -0.7853552 -0.05282306 -0.6103544 -0.7903653 -0.2192403 0.9748846 -0.03916317 -0.190004 0.9814004 -0.02742022 -0.02545309 0.548195 -0.8359632 -0.3055705 -0.5837704 -0.7522227 -4.11686e-5 0.9999305 0.01180058 -0.2130994 0.4809505 -0.8504559 -0.8177648 -0.4010602 -0.4128091 -0.101845 0.3721376 0.9225732 -0.6653566 0.5498954 -0.5048917 -0.6436727 0.5752174 0.5047875 -0.8010288 -0.3897491 0.4543663 -0.06848889 0.9976519 5.76535e-6 -0.2036458 0.4757837 0.8556625 -0.310815 -0.5375452 0.7838619 -0.02151763 0.5304166 0.847464 -0.06648987 -0.5691685 0.8195282 -0.01173412 -0.5739439 0.8188107 -0.3638366 -0.9115245 -0.1916925 -0.08810389 0.3719926 -0.9240451 1.93398e-5 -0.6167819 -0.7871342 -0.05084723 -0.6104204 -0.7904438 -0.1937592 0.9806097 0.02935993 -0.0156545 0.5437487 -0.839102 -0.2897542 -0.587348 -0.7556883 0.009776949 0.9998582 0.0137186 -0.1997354 0.9418594 0.2701978 -0.07048088 0.3895992 0.9182837 -0.217056 0.4536784 -0.8643279 -0.8018717 -0.4165662 -0.4283389 -0.07639682 0.9970698 0.003915667 -0.6471972 0.5591875 -0.5181171 -0.625782 0.584699 0.5162596 -0.7844367 -0.4029901 0.4714426 -0.2034506 0.4518799 0.8685693 -0.2860564 -0.5485703 0.7856478 -0.01565933 0.5244639 0.8512887 -0.05483371 -0.5601933 0.8265452 -0.02740651 -0.5852766 0.8103706 -0.2995215 -0.9533666 -0.03713577 -0.05871015 0.3483506 -0.935524 0.0332964 -0.6207486 -0.7833023 -0.068524 -0.6128869 -0.787194 -0.01761734 0.5460203 -0.8375868 -0.3342707 -0.5825446 -0.7408812 -0.158417 0.9817069 0.1056213 -0.2446891 0.460039 -0.8535171 -0.8299523 -0.3992899 -0.3895469 0.005870759 0.9999753 -0.003886222 -0.09002375 0.9959319 0.003912568 -0.6685396 0.55712 -0.4926178 -0.6456987 0.5830674 0.4930576 -0.8148066 -0.3878198 0.4309132 -0.2291254 0.460186 0.8577473 -0.3382593 -0.5377098 0.772301 -0.02275729 0.5146043 0.8571258 -0.07824069 -0.567371 0.819737 -0.007832348 0.4581218 0.888855 -0.003931641 -0.5797386 0.8147931 -0.2564452 -0.3249794 0.9102881 -0.10772 0.5993276 0.7932232 0.2488104 0.3741681 0.8933598 -0.8145937 -0.5795572 0.02346789 -0.32695 0.8712482 -0.3661016 0.6497713 -0.08414262 0.7554585 0.6334329 -0.6471315 0.4242447 0.109601 0.902321 0.4168989 -0.383552 0.790522 -0.4774544 0.4499663 -0.854901 0.2582147 0.07832336 -0.9930243 -0.08813786 0.05671983 0.9176756 0.393261 -0.6751549 0.7123066 -0.1917946 0.4326065 0.04498535 0.9004598 0.5436264 0.1173027 0.83109 0.3700894 -0.7382242 0.5639672 0.1292546 -0.8968775 0.4229704 0.1253724 -0.9265816 0.3545819 -0.3286154 -0.9271602 -0.1799609 0.1292575 -0.8968853 0.422953 0.3579336 0.03714102 0.9330081 0.0880568 -0.0195744 0.9959231 -0.2680553 -0.8276606 0.4930765 -0.3110408 0.8137513 0.4909812 -0.9789581 0.01370531 0.203601 -0.5870777 0.09196311 0.8042901 -0.459643 -0.8038763 -0.3775067 -0.2994256 -0.8179674 -0.4911963 0.1253953 -0.9265865 0.3545611 -0.7854564 -0.5073218 -0.3545179 -0.6221447 -0.735592 -0.2680307 -0.2680813 -0.827649 0.4930818 -0.978956 0.01369583 0.2036115 -0.816064 -0.05480182 -0.5753577 -0.6751677 0.7123002 -0.1917734 -0.3835222 0.790532 -0.4774622 -0.5110329 -0.08222478 -0.8556194 -0.6064758 -0.1408523 -0.7825266 -0.3269472 0.8712462 -0.3661089 -0.8145647 -0.5795967 0.02349722 -0.3269318 -0.9377193 -0.1174655 -0.677138 -0.7358534 -0.001972675 0.1096633 -0.9495881 -0.2936944 0.2484134 -0.7569667 -0.6043941 -0.4423467 -0.8885973 -0.121344 0.1684017 -0.6010899 -0.7812374 0.3873858 -0.1075982 -0.9156174 0.3857435 -0.02543342 -0.9222555 -0.01172894 -0.02151441 -0.9996997 -0.3975087 -0.5580586 -0.7283938 -0.3075149 -0.3173061 -0.8970794 -0.7264005 -0.6872271 0.00783652 -0.6974744 -0.7033649 -0.1371395 -0.04501813 -0.610605 -0.7906547 -0.6261833 -0.7787888 0.03718292 -0.02934598 -0.9995386 -0.007848083 -0.375705 -0.9079031 -0.1858974 -0.001974165 -0.5672684 0.8235307 -0.01369386 -0.6188781 -0.7853677 -0.06651717 -0.9977162 -0.01174592 -0.0606296 -0.5751652 0.8157875 -0.04699593 -0.6127172 -0.7889037 -0.3015252 -0.9534502 -0.003910422 -0.2914894 -0.5360125 0.7922908 -0.2836347 -0.5809675 -0.7629078 -0.8342979 -0.3094244 0.4562932 -0.8548968 -0.3384286 -0.3932144 0.001952111 -0.9998754 -0.01566725 -0.07624149 -0.9970208 -0.01170134 -0.05282562 -0.6103602 -0.7903607 -0.01174658 -0.5739349 0.8188169 -0.363826 -0.9115242 -0.1917139 -0.06651723 -0.5691866 0.8195133 -0.5494771 -0.8330131 -0.06453049 -1.53631e-5 -0.6167789 -0.7871366 -0.3014975 -0.953459 -0.003918468 -0.3108126 -0.5375537 0.7838568 -0.3056061 -0.5837708 -0.7522078 -0.8010345 -0.3897268 0.4543752 -0.8177572 -0.4010595 -0.4128251 -0.4381095 -0.8976943 0.04695749 -0.2564722 -0.3249724 0.9102829 -0.003919422 -0.579752 0.8147836 -0.001954913 -0.9998431 0.01760637 -0.07827633 -0.5673662 0.8197368 -0.2995066 -0.9533683 -0.03721123 -0.02738326 -0.5852698 0.8103761 0.03330451 -0.6207531 -0.7832985 -0.005836963 -0.9999138 0.01176524 -0.0548495 -0.5601946 0.8265431 -0.0665062 -0.9975948 -0.01953637 -0.05087709 -0.6104422 -0.7904252 -0.2837625 -0.9588866 0.00392276 -0.2860552 -0.5485715 0.7856474 -0.2897665 -0.5873225 -0.7557034 -0.7844397 -0.4029923 0.4714357 -0.801862 -0.4166013 -0.4283233 -0.09193313 -0.9955729 -0.01956748 -0.06854504 -0.612895 -0.7871857 -0.3442727 -0.9388616 -0.003900527 -0.338253 -0.5376739 0.7723287 -0.3342966 -0.5825368 -0.7408757 -0.8148235 -0.38782 0.4308813 -0.8299403 -0.3993389 -0.3895224 -0.2639896 0.6530811 -0.7097849 -0.3857365 -0.0254752 -0.9222573 -0.387364 -0.1076145 -0.9156245 -0.3718944 0.712485 -0.5950292 -0.1818298 0.9814605 0.06060868 -0.1819949 0.6027562 -0.776893 0.01173359 -0.02154022 -0.9996991 -0.09796208 0.9599443 -0.262508 0.06071662 0.6209155 -0.7815225 0.3075368 -0.3173162 -0.8970683 -0.06262886 0.9978817 0.01760637 0.03522235 0.4461559 -0.894262 0.04501569 -0.6106221 -0.7906418 0.04700458 -0.6127038 -0.7889137 -0.1291216 0.9428706 0.3071201 -0.2721341 0.7498723 0.6030213 0.01369357 0.5437487 -0.8391364 0.2836506 -0.580995 -0.7628809 -0.234776 0.6143636 0.7532846 -0.4601559 0.2506129 0.8517335 0.2248398 0.4575276 -0.8602997 0.8548944 -0.3384354 -0.3932138 0.08026665 0.9967254 0.009787499 0.7030022 0.526765 -0.4778144 0.6825807 0.5378386 0.4947863 0.8342827 -0.3094459 0.4563065 0.2914831 -0.5360038 0.7922989 0.1955536 0.4810841 0.8545858 0.06066864 -0.575172 0.8157797 -0.007827758 0.9999522 0.005867362 0.01958411 0.5267292 0.8498075 0.07436496 0.3757456 0.9237344 0.001951992 -0.5672843 0.8235198 0.3757464 -0.9078865 -0.1858946 0.1821221 0.979143 -0.09005898 0.2189913 0.9248742 -0.3108869 0.05869275 0.3932411 -0.9175602 0.3756271 -0.9079365 -0.1858915 0.01372396 -0.6188933 -0.7853552 0.05282241 -0.6103544 -0.7903653 0.219243 0.9748839 -0.03916496 0.1900046 0.9814003 -0.0274192 0.02546072 0.5481956 -0.8359625 0.3055709 -0.5837703 -0.7522225 4.12037e-5 0.9999305 0.01180088 0.2131045 0.4809523 -0.8504537 0.8177648 -0.4010605 -0.4128089 0.1018431 0.3721381 0.9225732 0.6653566 0.5498958 -0.5048913 0.6436735 0.5752152 0.504789 0.8010286 -0.3897491 0.4543663 0.06848961 0.9976518 0 0.2036413 0.4757823 0.8556644 0.310815 -0.5375452 0.7838619 0.02152144 0.5304168 0.8474639 0.06648969 -0.5691686 0.8195282 0.01174575 -0.5739437 0.8188105 0.3638373 -0.9115249 -0.1916897 0.08810847 0.371991 -0.9240453 -2.14628e-5 -0.6167819 -0.7871341 0.05084663 -0.6104207 -0.7904437 0.1937591 0.9806097 0.02936154 0.01564276 0.5437481 -0.8391027 0.2897539 -0.5873482 -0.7556884 -0.009777247 0.9998582 0.01371848 0.1997351 0.9418594 0.2701977 0.07048213 0.3895993 0.9182837 0.217054 0.4536777 -0.8643288 0.8018714 -0.4165673 -0.4283386 0.07639664 0.9970698 0.003916323 0.6471976 0.5591871 -0.5181169 0.6257814 0.584703 0.516256 0.7844365 -0.4029906 0.4714425 0.2034586 0.451883 0.8685657 0.2860563 -0.5485703 0.7856478 0.0156545 0.5244639 0.8512888 0.05483442 -0.5601932 0.8265451 0.02740645 -0.5852765 0.8103705 0.2995221 -0.9533665 -0.03713434 0.05870825 0.3483507 -0.935524 -0.03329813 -0.6207488 -0.7833022 0.06852358 -0.6128866 -0.7871941 0.01760143 0.546019 -0.8375879 0.3342708 -0.5825443 -0.7408813 0.1584129 0.9817072 0.1056237 0.2446884 0.4600393 -0.8535171 0.8299524 -0.39929 -0.3895468 -0.005870282 0.9999753 -0.003886461 0.09002357 0.9959319 0.003914713 0.6685392 0.5571227 -0.4926152 0.6456984 0.5830696 0.4930554 0.8148065 -0.3878198 0.4309133 0.229139 0.4601907 0.8577412 0.3382593 -0.5377099 0.772301 0.02347862 0.5146513 0.8570781 0.0782411 -0.5673709 0.819737 0.00783205 0.4581217 0.888855 0.003929555 -0.5797387 0.8147931 0.2564451 -0.3249795 0.9102881 0.1077192 0.5993269 0.7932237 -0.2488045 0.374166 0.8933623 0.8145937 -0.5795571 0.02346801 0.3269499 0.8712484 -0.3661013 -0.6396828 -0.05283027 0.7668213 -0.6520154 -0.6226195 0.4326905 -0.1096011 0.9023207 0.4168993 0.383552 0.790522 -0.4774544 -0.4702724 -0.8425499 0.2625902 -0.05866098 -0.9932854 -0.09971606 -0.05675679 0.9176552 0.3933036 0.6751548 0.7123067 -0.1917948 -0.432605 0.04498577 0.9004606 -0.543671 0.1172991 0.8310613 -0.3583158 -0.749929 0.5560721 -0.1292545 -0.8968775 0.4229707 -0.1253724 -0.9265817 0.3545816 0.2778681 -0.9490386 -0.1487119 -0.1292136 -0.8968821 0.4229734 -0.357931 0.03714287 0.933009 -0.08805835 -0.01957327 0.995923 0.2680547 -0.8276615 0.4930752 0.311041 0.8137505 0.4909822 0.978958 0.01370584 0.2036011 0.5870745 0.09196317 0.8042925 0.4596381 -0.8038784 -0.3775081 0.2994241 -0.8179665 -0.4911987 -0.125351 -0.9265841 0.3545829 0.7854558 -0.5073226 -0.3545184 0.6221447 -0.735592 -0.2680309 0.2680813 -0.827649 0.4930818 0.978956 0.01369589 0.2036114 0.8160633 -0.05480051 -0.5753587 0.6751677 0.7123003 -0.1917734 0.383522 0.790532 -0.4774623 0.511033 -0.08222472 -0.8556193 0.6064752 -0.1408497 -0.7825275 0.3269471 0.8712461 -0.366109 0.8145647 -0.5795968 0.02349716 0.3269348 -0.9377187 -0.1174626 0.6771421 -0.7358499 -0.00192821 -0.109662 -0.9495875 -0.2936968 -0.2484135 -0.7569667 -0.604394 0.4423453 -0.8885982 -0.1213433 -0.1684018 -0.6010901 -0.7812372 -0.3873858 -0.1075981 -0.9156174 -0.3857433 -0.02543342 -0.9222556 0.01172882 -0.02151441 -0.9996998 0.3975093 -0.5580574 -0.7283943 0.3075152 -0.3173062 -0.8970792 0.7263921 -0.6872358 0.007842063 0.6974747 -0.7033638 -0.1371436 0.04501557 -0.6106051 -0.7906548 0.626182 -0.7787896 0.03718787 0.02933549 -0.9995393 -0.007793903 0.3756992 -0.9079084 -0.1858831 0.001972854 -0.5672677 0.8235312 0.01369214 -0.6188782 -0.7853677 0.06651723 -0.9977162 -0.01174569 0.06062942 -0.5751646 0.8157879 0.04699569 -0.6127172 -0.7889037 0.3015263 -0.9534499 -0.003914237 0.2914896 -0.5360124 0.7922907 0.2836345 -0.5809674 -0.7629078 0.8342981 -0.3094244 0.4562931 0.8548967 -0.3384289 -0.3932144 -0.001951813 -0.9998754 -0.01566714 0.07624036 -0.9970209 -0.0117014 0.0528261 -0.6103601 -0.7903607 0.01175028 -0.5739347 0.8188167 0.3638258 -0.9115245 -0.1917132 0.06651693 -0.5691866 0.8195134 0.549477 -0.833013 -0.06453222 1.41319e-5 -0.616779 -0.7871364 0.3014996 -0.9534583 -0.003921687 0.3108127 -0.5375538 0.7838568 0.305606 -0.5837709 -0.7522078 0.8010347 -0.3897266 0.454375 0.8177572 -0.4010595 -0.4128251 0.4381083 -0.8976948 0.04695856 0.2564722 -0.3249724 0.910283 0.00391817 -0.5797511 0.8147842 0.001955747 -0.9998432 0.01760667 0.07827645 -0.5673664 0.8197367 0.2995066 -0.9533683 -0.03721082 0.0273832 -0.5852699 0.8103761 -0.03330451 -0.6207534 -0.7832981 0.005836963 -0.9999138 0.01176524 0.05485016 -0.5601946 0.8265431 0.0919286 -0.9955734 -0.01956814 0.0685451 -0.612895 -0.7871857 0.3442719 -0.9388619 -0.003899574 0.3382532 -0.5376738 0.7723287 0.3342965 -0.5825368 -0.7408757 0.8147917 -0.387835 0.4309275 0.82994 -0.3993384 -0.3895236 0.06650441 -0.997595 -0.01953643 0.05087655 -0.6104423 -0.7904252 0.2837633 -0.9588864 0.003921329 0.2860552 -0.5485715 0.7856475 0.2897663 -0.5873228 -0.7557032 0.7844398 -0.4029923 0.4714357 0.8018618 -0.4166013 -0.4283235 0.5517849 0.44026 -0.7083111 0.03917759 0.5619287 -0.8262574 0.4993866 0.6952288 -0.5169817 0.003886163 0.3851786 -0.9228339 -0.5128749 0.6733889 -0.5324537 9.84687e-6 0.01759707 -0.9998452 0.6156684 0.06058728 -0.7856727 -0.5766087 0.4612818 -0.6743454 -0.8019205 0.5339726 -0.2679492 -0.7827903 0.5968431 -0.1761186 -0.6571173 0.08411324 -0.7490806 8.79448e-6 -0.4674286 -0.8840309 0.5830687 -0.4245727 -0.6926537 -0.850608 0.5142712 -0.1095046 -0.5281482 0.8430389 -0.1017104 -0.9642488 0.1369115 -0.226891 -0.6244565 -0.4150221 -0.6616727 8.2897e-6 -0.5378953 -0.8430116 0.585433 -0.4973163 -0.6402693 0.1195088 -0.9830518 -0.1390212 -2.997e-5 -0.8491101 -0.528216 -0.1701099 -0.9699287 -0.174072 -0.6166015 -0.5108916 -0.5989929 -0.152597 -0.9878529 -0.02934038 -0.9328544 -0.3109693 -0.1818815 -0.9119342 -0.3874825 -0.1350313 -0.1095164 -0.9171149 0.3832839 -0.2937663 -0.9538225 -0.06264233 -0.9848395 0.1527247 -0.08225822 -0.9507022 -0.2973487 -0.08802932 -0.9444063 -0.2932814 -0.1486033 -0.09795284 -0.9814842 -0.1646028 -0.1133948 -0.9933944 0.01758348 -0.9250682 -0.3578937 0.127126 -0.1371228 -0.9853031 0.1018586 -0.9603028 -0.2131741 0.1799317 -0.7457539 -0.4345188 0.5050195 -0.1936624 -0.8900312 0.4127218 -0.9597506 0.2330804 0.1566921 -0.3875777 -0.4208334 0.8201724 1.19396e-5 -0.6719928 0.7405577 -0.7649696 -0.2778233 0.5810643 -0.8118751 0.2934544 0.5047211 -0.7769149 0.620341 0.1076125 -0.3740677 0.9244101 0.07442724 0.03328233 0.98237 -0.1839604 -0.4969874 0.7043926 0.5067886 -0.005875468 0.981818 0.1897341 0.3720524 0.926224 0.06071358 0.4973682 0.8556829 -0.1429392 5.06872e-7 0.7206928 0.6932546 0.4814187 0.6712437 0.5636204 0.7545131 0.6489664 0.09773749 -0.3539068 0.211157 0.9111327 0.3639895 0.2074335 0.9080106 -0.3580499 -0.2485003 0.9000266 -1.67618e-6 0.2448523 0.9695605 -9.63733e-6 -0.4028902 0.9152484 -4.96861e-7 -0.2231693 0.9747797 0.1153949 -0.9586259 0.2602316 0.3777353 -0.2466035 0.8924701 0.7753415 0.2369128 0.5854213 0.3954572 -0.4013529 0.8261534 0.724799 -0.258567 0.6385996 0.7320218 -0.3797198 0.5656475 0.1038289 -0.9910253 0.08419322 0.1115017 -0.9934399 0.02538996 0.9529055 0.2054707 0.2230538 0.9360954 -0.2506765 0.2467525 0.9278013 -0.3288649 0.1761614 0.09789448 -0.9831 -0.1546966 0.9757728 0.1994478 -0.08993387 0.9574565 -0.2721624 -0.09594142 0.3675703 -0.9267039 -0.07817918 0.9871363 -0.1370964 -0.08225995 0.8458623 0.5228183 -0.1057261 0.8601391 0.4800331 -0.172421 0.9551575 0.1213627 -0.270084 0.8011818 0.5073527 -0.3173345 0.4993758 0.6952201 -0.5170036 0.5517717 0.4402375 -0.7083354 0.6156661 0.06059288 -0.7856742 0.5830834 -0.4245737 -0.6926405 0.9185202 -0.2957167 -0.2624353 0.5854222 -0.4973376 -0.6402627 0.8805279 -0.3737225 -0.2915514 0.1253333 -0.9046769 0.4072486 0.1194799 -0.9830607 -0.1389831 0.131115 -0.9902537 -0.04697418 0.1056978 -0.4618581 -0.8806335 0.2153129 -0.2799074 -0.9355706 0.4167284 0.4969688 -0.7611568 0.176141 0.3346658 -0.9257284 0.1739737 -0.1818183 -0.9678198 -0.01957881 0.6286495 0.7774422 0.0645945 0.5930973 0.8025355 -0.1370377 0.1389762 0.9807682 0.4013374 0.8809908 -0.2505664 -0.1761863 0.550103 0.8162997 0.662945 0.735305 -0.1408209 -0.1997419 0.4974528 -0.8441825 -0.2581207 0.2287917 0.938631 -0.5323976 0.6596533 0.5304813 -0.6554729 0.09392738 0.749355 -0.6829597 0.08023989 -0.7260356 0.1740086 -0.1818202 -0.9678132 -0.7060301 -0.4928861 -0.5085123 -0.5541351 -0.8321966 -0.0195766 0.2153139 -0.2798767 -0.9355795 -0.5653946 -0.4480052 0.6925462 -0.3422368 -0.228828 0.9113242 -0.8111854 -0.5805397 -0.07036942 0.2153088 -0.2798823 -0.9355791 -0.2798613 -0.8748464 -0.3953751 0.1056677 -0.4618335 -0.8806498 0.09791719 -0.967516 0.2330773 -0.3344821 -0.4009713 0.8528446 -0.1742125 -0.2466314 0.9533221 2.74158e-7 0.0977652 0.9952095 -0.7340099 -0.677228 0.05090928 0.1056708 -0.4618812 -0.8806245 -0.09780168 -0.8837906 -0.4575469 -2.186e-5 -0.7669265 -0.6417351 0.2992253 -0.9445959 -0.1349179 1.7276e-7 -0.9999696 0.007813155 -1.67638e-7 -0.2544679 0.9670813 -0.2992089 -0.9446006 -0.1349221 2.19941e-5 -0.7669264 -0.6417351 0.1742357 -0.2466292 0.9533184 0.1370373 0.1389753 0.9807685 0.0977717 -0.8837995 -0.4575362 -0.1056709 -0.4618813 -0.8806244 0.7340087 -0.6772292 0.05091053 0.3344824 -0.400972 0.852844 0.3422465 -0.2288224 0.9113219 -0.09792184 -0.9675146 0.233081 -0.105668 -0.4618335 -0.8806498 0.2798511 -0.874851 -0.3953723 -0.2153086 -0.2798829 -0.9355789 0.8111869 -0.5805381 -0.07036721 0.5653949 -0.4480044 0.6925466 0.2581213 0.2287916 0.9386308 0.01957678 0.6286493 0.7774426 -0.0645948 0.5930983 0.8025348 -0.1761426 0.334665 -0.9257284 0.6554735 0.09392648 0.7493546 -0.4167228 0.4969694 -0.7611595 -0.1056974 -0.4618586 -0.8806332 -0.2153126 -0.279908 -0.9355705 -0.1739749 -0.1818174 -0.9678198 0.1761865 0.5501017 0.8163005 -0.4013392 0.8809759 -0.250616 -0.6629558 0.7352966 -0.140814 0.199743 0.4974526 -0.8441823 0.5323956 0.6596706 0.5304619 0.6829524 0.08025777 -0.7260406 -0.174008 -0.1818211 -0.9678132 0.7060407 -0.4928531 -0.5085296 0.5541352 -0.8321966 -0.01957565 -0.2153147 -0.2798772 -0.9355792 0.985234 -0.01954305 -0.1700946 0.7061269 -3.61912e-6 -0.7080854 0.9921798 0.02936214 -0.1213148 0.1252582 0.001954555 -0.9921222 0.6067004 0.06067359 -0.7926117 0.1896453 -0.02541655 -0.9815237 0.0744394 0.06659454 -0.9949995 -0.6637536 8.00133e-6 -0.7479513 -0.9761283 -0.005861461 -0.2171159 -0.9864127 0.03522163 -0.1604669 -0.604421 0.06260174 -0.7942017 -0.6494885 0.04499477 -0.7590391 -0.9847697 0.02349436 -0.1722693 -0.9778353 0.0293408 -0.2073099 0.08015662 0.05474734 -0.9952778 -0.7143666 0.06459438 -0.696784 -0.6940266 -0.7096696 -0.1212282 0.6512544 0.05475503 -0.7568816 0.993032 0.04308819 -0.1096858 -0.4009289 -0.7314846 -0.5515308 0.01758778 -0.9781027 0.2073784 0.702539 0.1135193 -0.7025328 0.9841763 0.09001058 -0.1526276 0.08212238 0.1016998 -0.9914197 0.4027091 -0.7546256 -0.5180403 0.6616904 -0.749767 -0.003924965 0.05667817 -0.7040213 -0.7079135 0.5638359 -0.6519094 0.5070536 0.6687037 -0.2150883 0.711739 0.8468121 0.5065271 0.1622945 0.6884644 0.6180844 0.3794581 0.7921923 -0.3403266 0.5065661 0.2150632 -0.8896734 0.4027768 0.5601128 0.05678206 0.8264681 0.3679452 0.7906957 0.4893023 0.7869337 0.1115654 0.6068678 0.8272662 -0.484995 0.2835676 0.08025717 -0.9338646 0.348505 0.3070262 0.05082505 0.950343 4.78178e-5 0.8528082 0.5222241 0.8138841 -0.5791254 0.04697322 0.04502856 -0.939183 0.3404523 0.6594457 0.3913894 0.6418301 0.7472562 -0.6260039 -0.2229964 0.02937626 -0.9375984 0.3464773 0.9698745 -0.02347457 -0.2424716 0.6024309 -0.7021989 -0.3794652 0.01367473 -0.9379191 0.3465846 0.8634284 -0.2153652 -0.4561899 0.3327366 -0.777033 -0.5343278 -0.005882203 -0.955851 0.2937929 0.7071961 -0.3193138 -0.630803 0.395425 -0.5520558 -0.73408 0.156672 -0.6424378 -0.7501517 3.7387e-5 -0.9542002 0.2991693 0.4579537 -0.168335 -0.8728928 0.178102 -0.3111722 -0.9335157 -6.19036e-7 -0.6459471 -0.7633822 -0.1566721 -0.6424376 -0.7501519 0.005883455 -0.9558513 0.293792 0 -0.3401642 -0.9403661 -0.3327367 -0.7770333 -0.5343272 -0.01367485 -0.9379186 0.3465859 -0.1781021 -0.3111737 -0.9335153 -0.3954313 -0.5520552 -0.7340771 -0.6024687 -0.7021089 -0.3795716 -0.02937567 -0.9375981 0.3464779 -0.4579535 -0.1683351 -0.8728929 -0.7472565 -0.6260038 -0.2229958 -0.04502946 -0.939183 0.3404521 -0.707198 -0.3193126 -0.6308014 -0.8138871 -0.5791211 0.04697579 -0.08025699 -0.9338653 0.3485034 -0.8634296 -0.2153646 -0.456188 -0.8272665 -0.4849957 0.2835655 -0.215063 -0.8896736 0.4027766 -0.9698751 -0.02347415 -0.2424691 -0.7921593 -0.3403431 0.5066068 -0.5638358 -0.6519096 0.5070534 -0.9965247 0.07636094 0.03327935 -0.6687077 -0.2150936 0.7117337 -0.846812 0.5065275 0.1622946 -0.6884645 0.6180846 0.3794578 -0.9165535 0.07051026 0.3936473 -0.5601133 0.05678212 0.8264678 -0.3679451 0.7906957 0.4893022 -0.7869565 0.1115977 0.6068323 -0.3070251 0.0508235 0.9503434 -0.6594565 0.3913398 0.6418492 -0.8258721 0.3796891 0.4168591 0 0.03520101 0.9993803 -0.3797349 0.3523294 0.8553745 0.379732 0.3523322 0.8553746 -2.06416e-6 0.301486 0.9534707 -0.6516397 0.6555604 0.3815839 -0.3758039 0.7104577 0.594997 0.3757579 0.7104886 0.5949891 0 0.7451964 0.6668452 -1.23028e-6 0.9769564 0.2134392 0.6516394 0.6555607 0.3815841 0.3170362 0.9296159 0.1878896 -0.3170375 0.9296151 0.187891 1.13965e-5 0.9810307 -0.1938531 0.5698711 0.8146437 0.107716 -0.5698719 0.8146432 0.107715 0.2291361 0.9479019 -0.2213115 -0.229136 0.9479019 -0.221311 8.43352e-6 0.8675317 -0.4973821 -0.7882311 0.5750638 0.2190744 -0.4464669 0.8478941 -0.2859069 -0.7041561 0.7080776 -0.05282342 -0.8730825 0.4854905 0.04501104 -0.1741526 0.8297168 -0.5303217 -0.5521738 0.7263972 -0.4092079 -0.7655506 0.6069574 -0.2133891 -0.9318099 0.309301 0.1899036 -0.8836074 0.4085674 -0.2287157 -0.6187431 0.5932804 -0.5149518 -0.8475934 0.3073332 -0.4325871 -0.3287116 0.7239241 -0.6065333 -0.5967529 0.4969723 -0.6300036 -0.3369 0.6149934 -0.7129386 -0.1369745 0.73385 -0.6653588 -0.7666927 0.1995009 -0.6102309 -0.5245784 0.5500174 -0.649845 -0.7069063 0.09397482 -0.7010366 -0.2232819 0.7481946 -0.62478 -0.5401752 0.6047807 -0.5851933 -0.3912384 0.35993 -0.8469847 -0.2272064 0.8539705 -0.4680936 -0.1585876 0.2251584 -0.9613292 1.28895e-6 0.7669407 -0.641718 -0.09201347 0.8084284 -0.581358 -5.64385e-7 0.2250106 -0.9743564 0.1585883 0.2251597 -0.9613288 -1.42027e-7 0.8065368 -0.591184 0.09201282 0.8084294 -0.5813567 0.2272052 0.8539709 -0.4680938 0.3912373 0.3599322 -0.8469842 0.7069057 0.09397494 -0.7010372 0.540177 0.6047802 -0.5851922 0.2232859 0.7481923 -0.6247813 0.5245787 0.550018 -0.6498442 0.7666929 0.1995013 -0.6102304 0.847594 0.3073323 -0.4325867 0.5967526 0.4969726 -0.6300038 0.3369011 0.6149941 -0.7129375 0.136975 0.7338483 -0.6653605 0.6187093 0.5932819 -0.5149909 -5.12693e-7 0.7686958 -0.6396145 0.3287114 0.723926 -0.6065312 0.1741513 0.8297179 -0.5303202 0.5521296 0.7264187 -0.4092294 0.4464682 0.8478936 -0.285907 0.7041574 0.7080762 -0.05282551 0.7655494 0.6069589 -0.2133892 0.8836076 0.4085667 -0.2287161 0.8730823 0.4854909 0.04501098 0.7882313 0.5750633 0.2190745 0.8258721 0.3796889 0.4168596 0.9318099 0.309301 0.1899034 0.916554 0.07051062 0.3936461 0.9965248 0.076361 0.03327989 0.2600505 0.103625 0.9600186 -0.1134897 -0.05282634 0.9921338 0.1193837 -0.2779281 0.9531545 -0.1997512 -0.4876201 0.8498977 0.08410692 0.4596469 0.8841102 0.3993269 0.4502248 0.7986463 0.2762054 0.7620053 0.5857122 -0.5950701 -0.2192715 0.7731828 -0.559807 -0.5402278 0.6283074 -0.8608446 -0.3345336 0.3834499 -0.4848688 0.3538524 0.7998067 -0.2075657 0.8047736 0.5561078 0.003783464 0.9515818 0.3073723 -0.3852872 0.915305 0.1173478 -0.8867673 0.1272472 0.4443559 -0.9847664 -0.02350038 0.1722879 -0.9179376 0.3757819 0.1271955 -0.6912511 0.6403453 0.3348581 -0.7070247 0.7070153 0.01566833 -0.2600505 0.1036249 0.9600185 -0.08410882 0.459647 0.8841099 -0.3993268 0.4502248 0.7986462 -0.2764303 0.7620139 0.5855947 0.1134898 -0.05282628 0.9921339 -0.1193856 -0.2779293 0.953154 0.1997523 -0.4876196 0.8498977 0.2075653 0.8047736 0.5561082 -0.003783464 0.9515818 0.3073722 0.3852873 0.9153051 0.1173478 0.4848974 0.3538847 0.7997751 0.5950704 -0.2192716 0.7731825 0.5598071 -0.5402278 0.6283072 0.860859 -0.3346039 0.3833563 0.6912512 0.6403459 0.3348566 0.7070247 0.7070153 0.01566833 0.9179375 0.3757818 0.1271957 0.8867663 0.1272478 0.4443576 0.9847663 -0.02350056 0.1722878 -0.4601315 0.2506485 0.8517362 0.04505991 0.02545589 0.9986599 0.2938341 -0.3349782 0.8952381 0.2032837 0.4007275 0.8933607 -0.2721617 0.7498853 0.6029925 -0.7317903 -0.07826256 0.6770215 0.1096518 0.704789 0.7008916 -0.7067008 -0.32886 0.6264384 0.2405977 0.9037414 0.3540682 -0.1818261 0.9814583 0.06065481 -0.7730989 0.3914366 0.4990948 -0.7635179 0.148783 0.6284139 -0.9926106 -0.121344 4.41149e-5 -0.7943796 0.5497879 0.2582526 -0.7931328 0.6090205 -0.005881428 0.0430212 0.9990435 -0.007837533 0.195808 0.9065408 -0.3739562 -0.2639659 0.6531046 -0.7097721 -0.7912904 0.5445231 -0.2781262 0.03713899 0.7153508 -0.6977779 0.3974717 0.3739553 -0.8379581 -0.7788648 0.3972755 -0.4853266 -0.3873996 -0.1075928 -0.915612 -0.7628981 0.1760632 -0.6220839 0.268335 0.05681335 -0.9616489 -0.7304032 -0.08617347 -0.6775584 -0.690791 -0.3580973 -0.6281515 0.2523741 -0.3697879 -0.8941836 0.2288151 -0.6863743 -0.6903144 -0.2484177 -0.7569481 -0.6044157 -0.6514322 -0.5849285 -0.4832131 0.3977451 -0.8385791 -0.3722686 -0.05863845 -0.9932847 -0.09973561 -0.6264202 -0.7282344 -0.2779793 -0.6178577 -0.7860466 -0.01955747 0.2603685 -0.9650629 -0.02935856 -0.6359886 -0.7318971 0.2446328 0.417024 -0.845762 0.3328329 -0.6520092 -0.6226413 0.4326683 -0.6597525 -0.5736007 0.4854986 0.2408459 -0.6793859 0.6931293 0.3873995 -0.1075929 -0.9156121 -0.228805 -0.6863759 -0.6903162 0.2484174 -0.7569482 -0.6044155 -0.3977586 -0.8385685 -0.3722781 0.078359 -0.9930182 -0.08817595 -0.252379 -0.3697854 -0.8941833 -0.2603651 -0.9650639 -0.02935814 0.6514458 -0.5849213 -0.4832034 -0.417001 -0.8457789 0.3328187 0.633432 -0.647145 0.4242255 0.6178962 -0.7860177 -0.01951187 0.6264172 -0.7282331 -0.2779892 -0.2408287 -0.679403 0.6931185 0.6359895 -0.7319061 0.2446034 -0.2938671 -0.3349801 0.8952265 0.6597499 -0.5736113 0.4854896 0.4601321 0.2506008 0.8517498 0.9926105 -0.121344 4.4324e-5 0.706693 -0.3288614 0.6264465 0.7317897 -0.07826226 0.6770222 -0.0450598 0.0254575 0.99866 -0.2032834 0.4007427 0.8933539 0.2721618 0.7498854 0.6029924 0.7635156 0.1487932 0.6284143 -0.1096555 0.704786 0.7008941 -0.2405923 0.9037408 0.3540735 0.7731059 0.3914222 0.4990953 0.1818265 0.9814583 0.06065475 0.7943857 0.5497791 0.2582528 -0.04300028 0.9990445 -0.007825314 -0.1958094 0.9065312 -0.3739784 0.793137 0.609015 -0.005880415 0.2639658 0.6531043 -0.7097724 0.7912898 0.5445175 -0.2781391 -0.03713858 0.7153707 -0.6977576 -0.3974717 0.3739547 -0.8379583 0.7788639 0.3972632 -0.485338 -0.2683323 0.05679011 -0.961651 0.7628982 0.1760638 -0.6220835 0.7303966 -0.08617067 -0.6775659 0.6907646 -0.3581047 -0.6281763</float_array>
          <technique_common>
            <accessor source="#Untitled-mesh-normals-array" count="1824" stride="3">
              <param name="X" type="float"/>
              <param name="Y" type="float"/>
              <param name="Z" type="float"/>
            </accessor>
          </technique_common>
        </source>
        <source id="Untitled-mesh-map-0">
          <float_array id="Untitled-mesh-map-0-array" count="16176">0.4671092 0.5398032 0.467628 0.5462883 0.4564431 0.5541924 0.0306248 0.5541924 0.01942473 0.5462883 0.01994353 0.5398032 0.9438621 0.5973297 0.9469596 0.5839933 0.9345388 0.5758908 0.4650492 0.722652 0.450721 0.7059434 0.4473335 0.6806287 0.9345388 0.5758908 0.9469596 0.5839933 0.9438621 0.5973297 0.6241398 0.9859617 0.5967804 0.9515221 0.5795376 0.9668574 0.5967804 0.9515221 0.6157168 0.9351797 0.5608912 0.9523003 0.6241398 0.9859617 0.5795376 0.9668574 0.5967804 0.9515221 0.5967804 0.9515221 0.5608912 0.9523003 0.6157168 0.9351797 0.5608912 0.9523003 0.5795376 0.9668574 0.5967804 0.9515221 0.6157168 0.9351797 0.590753 0.9358053 0.5608912 0.9523003 0.6059968 0.9101396 0.590753 0.9358053 0.6157168 0.9351797 0.6317846 0.8818799 0.6059968 0.9101396 0.6157168 0.9351797 0.590753 0.9358053 0.579263 0.9295491 0.5608912 0.9523003 0.6050813 0.8756847 0.6059968 0.9101396 0.6317846 0.8818799 0.5897307 0.9048753 0.579263 0.9295491 0.590753 0.9358053 0.6059968 0.9101396 0.5897307 0.9048753 0.590753 0.9358053 0.579263 0.9295491 0.550515 0.9426718 0.5608912 0.9523003 0.5608912 0.9523003 0.550515 0.9426718 0.5301137 0.9493095 0.5886778 0.8775922 0.5897307 0.9048753 0.6059968 0.9101396 0.6050813 0.8756847 0.5886778 0.8775922 0.6059968 0.9101396 0.5897307 0.9048753 0.569604 0.9111925 0.579263 0.9295491 0.569604 0.9111925 0.550515 0.9426718 0.579263 0.9295491 0.5886778 0.8775922 0.5658046 0.868101 0.5897307 0.9048753 0.5897307 0.9048753 0.5658046 0.868101 0.569604 0.9111925 0.575143 0.8519265 0.5886778 0.8775922 0.6050813 0.8756847 0.575143 0.8519265 0.5658046 0.868101 0.5886778 0.8775922 0.5908751 0.8467384 0.6050813 0.8756847 0.6317846 0.8818799 0.575143 0.8519265 0.6050813 0.8756847 0.5908751 0.8467384 0.5908751 0.8467384 0.6317846 0.8818799 0.6190585 0.8473488 0.5447623 0.8270695 0.575143 0.8519265 0.5908751 0.8467384 0.5447623 0.8270695 0.5658046 0.868101 0.575143 0.8519265 0.5908751 0.8467384 0.6190585 0.8473488 0.5618677 0.8269017 0.5447623 0.8270695 0.5908751 0.8467384 0.5618677 0.8269017 0.5618677 0.8269017 0.6190585 0.8473488 0.6071259 0.815961 0.5618677 0.8269017 0.6071259 0.815961 0.5777829 0.8076601 0.5447623 0.8270695 0.5618677 0.8269017 0.5777829 0.8076601 0.5777829 0.8076601 0.6071259 0.815961 0.5831083 0.7877928 0.5777829 0.8076601 0.5831083 0.7877928 0.56701 0.8055848 0.5447623 0.8270695 0.5777829 0.8076601 0.56701 0.8055848 0.5318074 0.84271 0.5658046 0.868101 0.5447623 0.8270695 0.5164416 0.8224307 0.5318074 0.84271 0.5447623 0.8270695 0.5164416 0.8224307 0.4936446 0.8267491 0.5318074 0.84271 0.5318074 0.84271 0.5324178 0.8834058 0.5658046 0.868101 0.5324178 0.8834058 0.569604 0.9111925 0.5658046 0.868101 0.5318074 0.84271 0.4936446 0.8267491 0.5037766 0.8506752 0.5318074 0.84271 0.5037766 0.8506752 0.5324178 0.8834058 0.4936446 0.8267491 0.4876936 0.8382238 0.5037766 0.8506752 0.5037766 0.8506752 0.4876936 0.8382238 0.4982528 0.8869307 0.5037766 0.8506752 0.4982528 0.8869307 0.5324178 0.8834058 0.4876936 0.8382238 0.4876784 0.886595 0.4982528 0.8869307 0.5324178 0.8834058 0.5460441 0.9298543 0.569604 0.9111925 0.5460441 0.9298543 0.550515 0.9426718 0.569604 0.9111925 0.4982528 0.8869307 0.5160906 0.9178912 0.5324178 0.8834058 0.4982528 0.8869307 0.4876784 0.886595 0.5160906 0.9178912 0.5160906 0.9178912 0.5460441 0.9298543 0.5324178 0.8834058 0.4876784 0.886595 0.493843 0.9077439 0.5160906 0.9178912 0.5286946 0.9392538 0.550515 0.9426718 0.5460441 0.9298543 0.5160906 0.9178912 0.5286946 0.9392538 0.5460441 0.9298543 0.5160906 0.9178912 0.493843 0.9077439 0.5286946 0.9392538 0.5286946 0.9392538 0.5301137 0.9493095 0.550515 0.9426718 0.493843 0.9077439 0.5301137 0.9493095 0.5286946 0.9392538 0.5608912 0.9523003 0.5967804 0.9515221 0.5795376 0.9668574 0.6157168 0.9351797 0.5608912 0.9523003 0.590753 0.9358053 0.6059968 0.9101396 0.6157168 0.9351797 0.590753 0.9358053 0.6317846 0.8818799 0.6157168 0.9351797 0.6059968 0.9101396 0.590753 0.9358053 0.5608912 0.9523003 0.579263 0.9295491 0.6050813 0.8756847 0.6317846 0.8818799 0.6059968 0.9101396 0.6059968 0.9101396 0.590753 0.9358053 0.5897307 0.9048753 0.5897307 0.9048753 0.590753 0.9358053 0.579263 0.9295491 0.6050813 0.8756847 0.6059968 0.9101396 0.5886778 0.8775922 0.5886778 0.8775922 0.6059968 0.9101396 0.5897307 0.9048753 0.5908751 0.8467384 0.6317846 0.8818799 0.6050813 0.8756847 0.5908751 0.8467384 0.6190585 0.8473488 0.6317846 0.8818799 0.575143 0.8519265 0.6050813 0.8756847 0.5886778 0.8775922 0.5908751 0.8467384 0.6050813 0.8756847 0.575143 0.8519265 0.5618677 0.8269017 0.6190585 0.8473488 0.5908751 0.8467384 0.5618677 0.8269017 0.6071259 0.815961 0.6190585 0.8473488 0.5447623 0.8270695 0.5908751 0.8467384 0.575143 0.8519265 0.5447623 0.8270695 0.5618677 0.8269017 0.5908751 0.8467384 0.5618677 0.8269017 0.5777829 0.8076601 0.6071259 0.815961 0.5447623 0.8270695 0.5777829 0.8076601 0.5618677 0.8269017 0.5777829 0.8076601 0.5831083 0.7877928 0.6071259 0.815961 0.5777829 0.8076601 0.56701 0.8055848 0.5831083 0.7877928 0.5447623 0.8270695 0.56701 0.8055848 0.5777829 0.8076601 0.575143 0.8519265 0.5886778 0.8775922 0.5658046 0.868101 0.5447623 0.8270695 0.575143 0.8519265 0.5658046 0.868101 0.5886778 0.8775922 0.5897307 0.9048753 0.5658046 0.868101 0.5447623 0.8270695 0.5658046 0.868101 0.5318074 0.84271 0.5164416 0.8224307 0.5447623 0.8270695 0.5318074 0.84271 0.5164416 0.8224307 0.5318074 0.84271 0.4936446 0.8267491 0.5897307 0.9048753 0.569604 0.9111925 0.5658046 0.868101 0.5897307 0.9048753 0.579263 0.9295491 0.569604 0.9111925 0.5318074 0.84271 0.5658046 0.868101 0.5324178 0.8834058 0.5658046 0.868101 0.569604 0.9111925 0.5324178 0.8834058 0.5318074 0.84271 0.5037766 0.8506752 0.4936446 0.8267491 0.5318074 0.84271 0.5324178 0.8834058 0.5037766 0.8506752 0.4936446 0.8267491 0.5037766 0.8506752 0.4876936 0.8382238 0.5037766 0.8506752 0.4982528 0.8869307 0.4876936 0.8382238 0.5037766 0.8506752 0.5324178 0.8834058 0.4982528 0.8869307 0.4876936 0.8382238 0.4982528 0.8869307 0.4876784 0.886595 0.4982528 0.8869307 0.5160906 0.9178912 0.4876784 0.886595 0.4982528 0.8869307 0.5324178 0.8834058 0.5160906 0.9178912 0.4876784 0.886595 0.5160906 0.9178912 0.493843 0.9077439 0.5160906 0.9178912 0.5324178 0.8834058 0.5460441 0.9298543 0.5324178 0.8834058 0.569604 0.9111925 0.5460441 0.9298543 0.5160906 0.9178912 0.5286946 0.9392538 0.493843 0.9077439 0.5160906 0.9178912 0.5460441 0.9298543 0.5286946 0.9392538 0.493843 0.9077439 0.5286946 0.9392538 0.5301137 0.9493095 0.569604 0.9111925 0.550515 0.9426718 0.5460441 0.9298543 0.5460441 0.9298543 0.550515 0.9426718 0.5286946 0.9392538 0.5286946 0.9392538 0.550515 0.9426718 0.5301137 0.9493095 0.579263 0.9295491 0.550515 0.9426718 0.569604 0.9111925 0.5608912 0.9523003 0.5301137 0.9493095 0.550515 0.9426718 0.5608912 0.9523003 0.550515 0.9426718 0.579263 0.9295491 0.8007019 0.9351491 0.8064545 0.9148089 0.8064545 0.9554895 0.8064545 0.9148089 0.8204166 0.8959487 0.8064545 0.9554895 0.8064545 0.9554895 0.8204166 0.8959487 0.8204013 0.9748837 0.8204166 0.8959487 0.8488899 0.8842603 0.8204013 0.9748837 0.8204013 0.9748837 0.8488899 0.8842603 0.8488899 0.9888762 0.8488899 0.8842603 0.8850386 0.8870222 0.8488899 0.9888762 0.8488899 0.9888762 0.8850386 0.8870222 0.8850386 0.9893187 0.8850386 0.8870222 0.9176471 0.8948959 0.8850386 0.9893187 0.8850386 0.9893187 0.9176471 0.8948959 0.9176471 0.9831083 0.9176471 0.8948959 0.9290913 0.9831083 0.9176471 0.9831083 0.9176471 0.8948959 0.9290913 0.8948959 0.9290913 0.9831083 0.9290913 0.9831083 0.9290913 0.8948959 0.9558099 0.9794309 0.9290913 0.8948959 0.9558099 0.8922408 0.9558099 0.9794309 0.9558099 0.9794309 0.9558099 0.8922408 0.9851225 0.9629053 0.9558099 0.8922408 0.9851225 0.9054704 0.9851225 0.9629053 0.9851225 0.9629053 0.9851225 0.9054704 0.9953002 0.9328756 0.7826352 0.411078 0.8206455 0.4359503 0.7826352 0.4354162 0.8206455 0.408896 0.8206455 0.4359503 0.7826352 0.411078 0.7826352 0.3833371 0.8206455 0.408896 0.7826352 0.411078 0.7826352 0.3833371 0.8206455 0.3831846 0.8206455 0.408896 0.8206455 0.3464714 0.8206455 0.3831846 0.7826352 0.3833371 0.8206455 0.3464714 0.7826352 0.3833371 0.7826352 0.3472191 0.8206455 0.3464714 0.7826352 0.3472191 0.8206455 0.3239643 0.7826352 0.3472191 0.7826352 0.3203174 0.8206455 0.3239643 0.8206455 0.3239643 0.7826352 0.3203174 0.8206455 0.296025 0.7826352 0.3203174 0.7826352 0.296025 0.8206455 0.296025 0.8206455 0.296025 0.7826352 0.296025 0.7826352 0.2717327 0.8206455 0.296025 0.7826352 0.2717327 0.8206455 0.268101 0.7826352 0.2717327 0.7826352 0.2451667 0.8206455 0.268101 0.8206455 0.268101 0.7826352 0.2451667 0.8206455 0.2453498 0.7826352 0.2451667 0.7826352 0.2088196 0.8206455 0.2453498 0.8206455 0.2453498 0.7826352 0.2088196 0.8206455 0.2088502 0.7826352 0.2088196 0.8206455 0.1831693 0.8206455 0.2088502 0.7826352 0.2088196 0.7826352 0.181033 0.8206455 0.1831693 0.7826352 0.181033 0.8206455 0.156176 0.8206455 0.1831693 0.7826352 0.181033 0.7826352 0.1566491 0.8206455 0.156176 0.6510872 0.9510644 0.6466774 0.9208667 0.6611734 0.9598993 0.6466774 0.9208667 0.6746929 0.9739681 0.6611734 0.9598993 0.6466774 0.9208667 0.6484321 0.895079 0.6746929 0.9739681 0.6484321 0.895079 0.6953842 0.9814298 0.6746929 0.9739681 0.6484321 0.895079 0.6544595 0.879469 0.6953842 0.9814298 0.6953842 0.9814298 0.6544595 0.879469 0.6628672 0.8654765 0.6953842 0.9814298 0.6628672 0.8654765 0.7141222 0.9833372 0.6628672 0.8654765 0.6816968 0.8535591 0.7141222 0.9833372 0.7141222 0.9833372 0.6816968 0.8535591 0.6987564 0.8475013 0.7141222 0.9833372 0.6987564 0.8475013 0.7141222 0.8457313 0.7141222 0.9833372 0.7141222 0.8457313 0.7295033 0.8475013 0.7141222 0.9833372 0.7295033 0.8475013 0.7465629 0.8535591 0.7141222 0.9833372 0.7465629 0.8535591 0.7653926 0.8654765 0.7141222 0.9833372 0.7653926 0.8654765 0.7328603 0.9814298 0.7653926 0.8654765 0.773785 0.879469 0.7328603 0.9814298 0.7328603 0.9814298 0.773785 0.879469 0.7798276 0.895079 0.7328603 0.9814298 0.7798276 0.895079 0.7535668 0.9739681 0.7798276 0.895079 0.7815824 0.9208667 0.7535668 0.9739681 0.7535668 0.9739681 0.7815824 0.9208667 0.7670863 0.9598993 0.7815824 0.9208667 0.7771725 0.9510644 0.7670863 0.9598993 0.9706569 0.7617762 0.9930266 0.7450217 0.9921874 0.769543 0.9763028 0.8104067 0.9706569 0.7617762 0.9921874 0.769543 0.9381857 0.7795835 0.9706569 0.7617762 0.9763028 0.8104067 0.9443046 0.8439307 0.9381857 0.7795835 0.9763028 0.8104067 0.9033341 0.7916839 0.9381857 0.7795835 0.9443046 0.8439307 0.9033341 0.7916839 0.9443046 0.8439307 0.9029679 0.8628062 0.9033341 0.7916839 0.9029679 0.8628062 0.8549935 0.798291 0.9029679 0.8628062 0.8549935 0.8698406 0.8549935 0.798291 0.8549935 0.798291 0.8549935 0.8698406 0.8070192 0.8628062 0.8549935 0.798291 0.8070192 0.8628062 0.8066529 0.7916839 0.8070192 0.8628062 0.7656825 0.8439307 0.8066529 0.7916839 0.8066529 0.7916839 0.7656825 0.8439307 0.7718166 0.7795835 0.7656825 0.8439307 0.7336843 0.8104067 0.7718166 0.7795835 0.7718166 0.7795835 0.7336843 0.8104067 0.7393301 0.7617762 0.7336843 0.8104067 0.7177997 0.769543 0.7393301 0.7617762 0.7393301 0.7617762 0.7177997 0.769543 0.7169757 0.7450217 0.7740597 0.6529946 0.752987 0.6603647 0.7574731 0.6362402 0.7584039 0.7038682 0.752987 0.6603647 0.7740597 0.6529946 0.7985199 0.6770429 0.7584039 0.7038682 0.7740597 0.6529946 0.7985199 0.6770429 0.7821164 0.7436789 0.7584039 0.7038682 0.7985199 0.6770429 0.8350805 0.6896467 0.7821164 0.7436789 0.7821164 0.7436789 0.8350805 0.6896467 0.8203098 0.7682918 0.8350805 0.6896467 0.8680247 0.6928665 0.8203098 0.7682918 0.8203098 0.7682918 0.8680247 0.6928665 0.8680247 0.7769589 0.8680247 0.6928665 0.9157397 0.7682918 0.8680247 0.7769589 0.8680247 0.6928665 0.9009842 0.6896467 0.9157397 0.7682918 0.9009842 0.6896467 0.953933 0.7436789 0.9157397 0.7682918 0.9009842 0.6896467 0.9375448 0.6770429 0.953933 0.7436789 0.9375448 0.6770429 0.9776455 0.7038682 0.953933 0.7436789 0.9375448 0.6770429 0.9619898 0.6529946 0.9776455 0.7038682 0.9776455 0.7038682 0.9619898 0.6529946 0.9830625 0.6603647 0.9619898 0.6529946 0.9785764 0.6362402 0.9830625 0.6603647 0.8007019 0.9351491 0.8064545 0.9554895 0.8064545 0.9148089 0.8064545 0.9554895 0.8204166 0.8959487 0.8064545 0.9148089 0.8064545 0.9554895 0.8204013 0.9748837 0.8204166 0.8959487 0.8204013 0.9748837 0.8488899 0.8842603 0.8204166 0.8959487 0.8204013 0.9748837 0.8488899 0.9888762 0.8488899 0.8842603 0.8488899 0.9888762 0.8850386 0.8870222 0.8488899 0.8842603 0.8488899 0.9888762 0.8850386 0.9893187 0.8850386 0.8870222 0.8850386 0.8870222 0.8850386 0.9893187 0.9176471 0.8948959 0.8850386 0.9893187 0.9176471 0.9831083 0.9176471 0.8948959 0.9176471 0.8948959 0.9176471 0.9831083 0.9290913 0.9831083 0.9176471 0.8948959 0.9290913 0.9831083 0.9290913 0.8948959 0.9290913 0.9831083 0.9558099 0.9794309 0.9290913 0.8948959 0.9290913 0.8948959 0.9558099 0.9794309 0.9558099 0.8922408 0.9558099 0.9794309 0.9851225 0.9629053 0.9558099 0.8922408 0.9558099 0.8922408 0.9851225 0.9629053 0.9851225 0.9054704 0.9851225 0.9629053 0.9953002 0.9328756 0.9851225 0.9054704 0.4803082 0.9965667 0.4495918 0.9710384 0.460441 0.974258 0.4495918 0.9710384 0.4434729 0.9528802 0.460441 0.974258 0.4495918 0.9710384 0.4032349 0.9483177 0.4434729 0.9528802 0.4495918 0.9710384 0.4032349 0.9646296 0.4032349 0.9483177 0.4032349 0.9483177 0.4032349 0.9145342 0.4434729 0.9528802 0.4032349 0.9646296 0.3568627 0.9710384 0.4032349 0.9483177 0.4032349 0.9483177 0.3629816 0.9528802 0.4032349 0.9145342 0.4032349 0.9483177 0.3568627 0.9710384 0.3629816 0.9528802 0.3568627 0.9710384 0.3460288 0.974258 0.3629816 0.9528802 0.3568627 0.9710384 0.3261463 0.9965667 0.3460288 0.974258 0.9979858 0.1309224 0.9979858 0.09782558 0.9677272 0.1336537 0.9637904 0.168368 0.9979858 0.1309224 0.9677272 0.1336537 0.9773404 0.1846799 0.9979858 0.1309224 0.9637904 0.168368 0.9773404 0.1846799 0.9979858 0.1723353 0.9979858 0.1309224 0.9773404 0.1846799 0.9979858 0.1943694 0.9979858 0.1723353 0.9979858 0.224979 0.9979858 0.1943694 0.9773404 0.1846799 0.9756161 0.2182192 0.9979858 0.224979 0.9773404 0.1846799 0.9756161 0.2182192 0.9773404 0.1846799 0.9637904 0.168368 0.9979858 0.2446479 0.9979858 0.224979 0.9756161 0.2182192 0.9637904 0.168368 0.9510185 0.1425955 0.9111009 0.1660639 0.9799344 0.2567026 0.9979858 0.2446479 0.9756161 0.2182192 0.9979858 0.2615091 0.9979858 0.2446479 0.9799344 0.2567026 0.9979858 0.2884718 0.9979858 0.2615091 0.9799344 0.2567026 0.9756161 0.2182192 0.9637904 0.168368 0.94374 0.2214999 0.9979858 0.2884718 0.9799344 0.2567026 0.9814755 0.2884718 0.9799344 0.2567026 0.9756161 0.2182192 0.9668117 0.2590371 0.9979858 0.2884718 0.9814755 0.2884718 0.98056 0.3181353 0.9979858 0.3172045 0.9979858 0.2884718 0.98056 0.3181353 0.9814755 0.2884718 0.9799344 0.2567026 0.9674525 0.2884718 0.9799344 0.2567026 0.9668117 0.2590371 0.9674525 0.2884718 0.9814755 0.2884718 0.9674525 0.2884718 0.98056 0.3181353 0.9979858 0.3401999 0.9979858 0.3172045 0.98056 0.3181353 0.953521 0.2606699 0.9668117 0.2590371 0.9756161 0.2182192 0.953521 0.2606699 0.9756161 0.2182192 0.94374 0.2214999 0.9535515 0.2884718 0.9674525 0.2884718 0.9668117 0.2590371 0.9535515 0.2884718 0.9668117 0.2590371 0.953521 0.2606699 0.9676662 0.3183337 0.98056 0.3181353 0.9674525 0.2884718 0.9676662 0.3183337 0.9674525 0.2884718 0.9535515 0.2884718 0.9816892 0.3544518 0.9979858 0.3401999 0.98056 0.3181353 0.9979858 0.3616846 0.9979858 0.3401999 0.9816892 0.3544518 0.9680476 0.360235 0.98056 0.3181353 0.9676662 0.3183337 0.9816892 0.3544518 0.98056 0.3181353 0.9680476 0.360235 0.9824674 0.3867857 0.9979858 0.3616846 0.9816892 0.3544518 0.9824674 0.3867857 0.9816892 0.3544518 0.9680476 0.360235 0.9824674 0.3867857 0.9979858 0.3950866 0.9979858 0.3616846 0.9824674 0.3867857 0.9979858 0.414313 0.9979858 0.3950866 0.9979858 0.4441139 0.9979858 0.414313 0.9824674 0.3867857 0.9654383 0.4114748 0.9979858 0.4441139 0.9824674 0.3867857 0.9654383 0.4114748 0.9824674 0.3867857 0.9680476 0.360235 0.9654383 0.4114748 0.9979858 0.4788129 0.9979858 0.4441139 0.9654383 0.4114748 0.9687038 0.4459907 0.9979858 0.4788129 0.9519036 0.4366522 0.9654383 0.4114748 0.9116045 0.4099489 0.9654383 0.4114748 0.9165637 0.3847715 0.9116045 0.4099489 0.9116045 0.4099489 0.9165637 0.3847715 0.8893263 0.4057832 0.8893263 0.4057832 0.8453651 0.3739681 0.8453651 0.3974365 0.8893263 0.4057832 0.8953689 0.3819181 0.8453651 0.3739681 0.9165637 0.3847715 0.8953689 0.3819181 0.8893263 0.4057832 0.8953689 0.3819181 0.8453651 0.3423209 0.8453651 0.3739681 0.9654383 0.4114748 0.9446403 0.3566491 0.9165637 0.3847715 0.9654383 0.4114748 0.9680476 0.360235 0.9446403 0.3566491 0.9165637 0.3847715 0.9174487 0.3487144 0.8953689 0.3819181 0.9165637 0.3847715 0.9446403 0.3566491 0.9174487 0.3487144 0.8953689 0.3819181 0.8983291 0.347921 0.8453651 0.3423209 0.9174487 0.3487144 0.8983291 0.347921 0.8953689 0.3819181 0.8983291 0.347921 0.8453651 0.3110857 0.8453651 0.3423209 0.8983291 0.347921 0.8962386 0.3138781 0.8453651 0.3110857 0.9174487 0.3487144 0.8962386 0.3138781 0.8983291 0.347921 0.8453651 0.3110857 0.8962386 0.3138781 0.8453651 0.2884718 0.9174487 0.3487144 0.9446403 0.3566491 0.9167621 0.3150683 0.9174487 0.3487144 0.9167621 0.3150683 0.8962386 0.3138781 0.8962386 0.3138781 0.8934615 0.2884718 0.8453651 0.2884718 0.8453651 0.2884718 0.8934615 0.2884718 0.8453651 0.2658427 0.9167621 0.3150683 0.9157091 0.2884718 0.8962386 0.3138781 0.8962386 0.3138781 0.9157091 0.2884718 0.8934615 0.2884718 0.9167621 0.3150683 0.9446403 0.3566491 0.942092 0.3168994 0.9167621 0.3150683 0.942092 0.3168994 0.9157091 0.2884718 0.9446403 0.3566491 0.9548485 0.3169909 0.942092 0.3168994 0.9680476 0.360235 0.9548485 0.3169909 0.9446403 0.3566491 0.9680476 0.360235 0.9676662 0.3183337 0.9548485 0.3169909 0.9676662 0.3183337 0.9535515 0.2884718 0.9548485 0.3169909 0.9548485 0.3169909 0.9397422 0.2884718 0.942092 0.3168994 0.9548485 0.3169909 0.9535515 0.2884718 0.9397422 0.2884718 0.942092 0.3168994 0.9397422 0.2884718 0.9157091 0.2884718 0.9535515 0.2884718 0.953521 0.2606699 0.9397422 0.2884718 0.9397422 0.2884718 0.953521 0.2606699 0.9402915 0.2606394 0.9397422 0.2884718 0.9402915 0.2606394 0.9157091 0.2884718 0.953521 0.2606699 0.94374 0.2214999 0.9402915 0.2606394 0.9402915 0.2606394 0.9249562 0.2602579 0.9157091 0.2884718 0.9402915 0.2606394 0.94374 0.2214999 0.9249562 0.2602579 0.9157091 0.2884718 0.9249562 0.2602579 0.9154955 0.2608225 0.9157091 0.2884718 0.9154955 0.2608225 0.8934615 0.2884718 0.94374 0.2214999 0.9256886 0.2263828 0.9249562 0.2602579 0.9249562 0.2602579 0.9256886 0.2263828 0.9154955 0.2608225 0.94374 0.2214999 0.9244374 0.1901426 0.9256886 0.2263828 0.94374 0.2214999 0.9637904 0.168368 0.9244374 0.1901426 0.9637904 0.168368 0.9111009 0.1660639 0.9244374 0.1901426 0.9154955 0.2608225 0.9256886 0.2263828 0.9159991 0.2268711 0.9256886 0.2263828 0.9244374 0.1901426 0.9159991 0.2268711 0.8934615 0.2884718 0.9154955 0.2608225 0.8915084 0.2618753 0.9154955 0.2608225 0.9159991 0.2268711 0.8915084 0.2618753 0.8934615 0.2884718 0.8915084 0.2618753 0.8453651 0.2658427 0.8453651 0.2658427 0.8915084 0.2618753 0.8453651 0.2342717 0.8915084 0.2618753 0.8895705 0.2281986 0.8453651 0.2342717 0.8915084 0.2618753 0.9159991 0.2268711 0.8895705 0.2281986 0.8453651 0.2342717 0.8895705 0.2281986 0.8453651 0.2023041 0.9244374 0.1901426 0.9151446 0.1917601 0.9159991 0.2268711 0.9244374 0.1901426 0.9111009 0.1660639 0.9151446 0.1917601 0.9159991 0.2268711 0.8898604 0.1943084 0.8895705 0.2281986 0.9159991 0.2268711 0.9151446 0.1917601 0.8898604 0.1943084 0.8895705 0.2281986 0.8898604 0.1943084 0.8453651 0.2023041 0.9111009 0.1660639 0.8898604 0.1943084 0.9151446 0.1917601 0.8453651 0.2023041 0.8898604 0.1943084 0.8453651 0.1789578 0.9111009 0.1660639 0.8884718 0.1678645 0.8898604 0.1943084 0.8898604 0.1943084 0.8884718 0.1678645 0.8453651 0.1789578 0.9979858 0.1309224 0.9677272 0.1336537 0.9979858 0.09782558 0.9637904 0.168368 0.9677272 0.1336537 0.9979858 0.1309224 0.9637904 0.168368 0.9979858 0.1309224 0.9773404 0.1846799 0.9979858 0.1309224 0.9979858 0.1723353 0.9773404 0.1846799 0.9773404 0.1846799 0.9979858 0.1723353 0.9979858 0.1943694 0.9979858 0.224979 0.9773404 0.1846799 0.9979858 0.1943694 0.9979858 0.224979 0.9756161 0.2182192 0.9773404 0.1846799 0.9637904 0.168368 0.9773404 0.1846799 0.9756161 0.2182192 0.9979858 0.2446479 0.9756161 0.2182192 0.9979858 0.224979 0.9637904 0.168368 0.9111009 0.1660639 0.9510185 0.1425955 0.9799344 0.2567026 0.9756161 0.2182192 0.9979858 0.2446479 0.9799344 0.2567026 0.9979858 0.2446479 0.9979858 0.2615091 0.9799344 0.2567026 0.9979858 0.2615091 0.9979858 0.2884718 0.94374 0.2214999 0.9637904 0.168368 0.9756161 0.2182192 0.9814755 0.2884718 0.9799344 0.2567026 0.9979858 0.2884718 0.94374 0.2214999 0.9244374 0.1901426 0.9637904 0.168368 0.9244374 0.1901426 0.9111009 0.1660639 0.9637904 0.168368 0.9814755 0.2884718 0.9979858 0.2884718 0.98056 0.3181353 0.98056 0.3181353 0.9979858 0.2884718 0.9979858 0.3172045 0.9979858 0.3401999 0.98056 0.3181353 0.9979858 0.3172045 0.9674525 0.2884718 0.9799344 0.2567026 0.9814755 0.2884718 0.9674525 0.2884718 0.9814755 0.2884718 0.98056 0.3181353 0.9668117 0.2590371 0.9756161 0.2182192 0.9799344 0.2567026 0.9674525 0.2884718 0.9668117 0.2590371 0.9799344 0.2567026 0.953521 0.2606699 0.9756161 0.2182192 0.9668117 0.2590371 0.953521 0.2606699 0.94374 0.2214999 0.9756161 0.2182192 0.9535515 0.2884718 0.9668117 0.2590371 0.9674525 0.2884718 0.9535515 0.2884718 0.953521 0.2606699 0.9668117 0.2590371 0.9676662 0.3183337 0.9674525 0.2884718 0.98056 0.3181353 0.9676662 0.3183337 0.9535515 0.2884718 0.9674525 0.2884718 0.9816892 0.3544518 0.98056 0.3181353 0.9979858 0.3401999 0.9816892 0.3544518 0.9979858 0.3401999 0.9979858 0.3616846 0.9676662 0.3183337 0.98056 0.3181353 0.9680476 0.360235 0.9680476 0.360235 0.98056 0.3181353 0.9816892 0.3544518 0.9548485 0.3169909 0.9535515 0.2884718 0.9676662 0.3183337 0.9548485 0.3169909 0.9676662 0.3183337 0.9680476 0.360235 0.9824674 0.3867857 0.9816892 0.3544518 0.9979858 0.3616846 0.9824674 0.3867857 0.9680476 0.360235 0.9816892 0.3544518 0.9824674 0.3867857 0.9979858 0.3616846 0.9979858 0.3950866 0.9979858 0.414313 0.9824674 0.3867857 0.9979858 0.3950866 0.9979858 0.4441139 0.9824674 0.3867857 0.9979858 0.414313 0.9654383 0.4114748 0.9824674 0.3867857 0.9979858 0.4441139 0.9654383 0.4114748 0.9680476 0.360235 0.9824674 0.3867857 0.9654383 0.4114748 0.9979858 0.4441139 0.9979858 0.4788129 0.9654383 0.4114748 0.9979858 0.4788129 0.9687038 0.4459907 0.9519036 0.4366522 0.9116045 0.4099489 0.9654383 0.4114748 0.9654383 0.4114748 0.9446403 0.3566491 0.9680476 0.360235 0.9446403 0.3566491 0.9548485 0.3169909 0.9680476 0.360235 0.9116045 0.4099489 0.9165637 0.3847715 0.9654383 0.4114748 0.9654383 0.4114748 0.9165637 0.3847715 0.9446403 0.3566491 0.9116045 0.4099489 0.8893263 0.4057832 0.9165637 0.3847715 0.8893263 0.4057832 0.8453651 0.3974365 0.8453651 0.3739681 0.8893263 0.4057832 0.8453651 0.3739681 0.8953689 0.3819181 0.8893263 0.4057832 0.8953689 0.3819181 0.9165637 0.3847715 0.8453651 0.3739681 0.8453651 0.3423209 0.8953689 0.3819181 0.8953689 0.3819181 0.8453651 0.3423209 0.8983291 0.347921 0.9165637 0.3847715 0.8953689 0.3819181 0.8983291 0.347921 0.8983291 0.347921 0.8453651 0.3423209 0.8453651 0.3110857 0.9165637 0.3847715 0.8983291 0.347921 0.9174487 0.3487144 0.9165637 0.3847715 0.9174487 0.3487144 0.9446403 0.3566491 0.8983291 0.347921 0.8453651 0.3110857 0.8962386 0.3138781 0.8453651 0.3110857 0.8453651 0.2884718 0.8962386 0.3138781 0.8983291 0.347921 0.9167621 0.3150683 0.9174487 0.3487144 0.9446403 0.3566491 0.9174487 0.3487144 0.9167621 0.3150683 0.8983291 0.347921 0.8962386 0.3138781 0.9167621 0.3150683 0.9446403 0.3566491 0.9167621 0.3150683 0.942092 0.3168994 0.9446403 0.3566491 0.942092 0.3168994 0.9548485 0.3169909 0.9167621 0.3150683 0.8962386 0.3138781 0.9157091 0.2884718 0.9167621 0.3150683 0.9157091 0.2884718 0.942092 0.3168994 0.8962386 0.3138781 0.8453651 0.2884718 0.8934615 0.2884718 0.8962386 0.3138781 0.8934615 0.2884718 0.9157091 0.2884718 0.8453651 0.2884718 0.8453651 0.2658427 0.8934615 0.2884718 0.9548485 0.3169909 0.942092 0.3168994 0.9397422 0.2884718 0.942092 0.3168994 0.9157091 0.2884718 0.9397422 0.2884718 0.9548485 0.3169909 0.9397422 0.2884718 0.9535515 0.2884718 0.9535515 0.2884718 0.9397422 0.2884718 0.953521 0.2606699 0.9397422 0.2884718 0.9402915 0.2606394 0.953521 0.2606699 0.9397422 0.2884718 0.9157091 0.2884718 0.9402915 0.2606394 0.953521 0.2606699 0.9402915 0.2606394 0.94374 0.2214999 0.9157091 0.2884718 0.9249562 0.2602579 0.9402915 0.2606394 0.9402915 0.2606394 0.9249562 0.2602579 0.94374 0.2214999 0.9157091 0.2884718 0.9154955 0.2608225 0.9249562 0.2602579 0.9157091 0.2884718 0.8934615 0.2884718 0.9154955 0.2608225 0.9249562 0.2602579 0.9256886 0.2263828 0.94374 0.2214999 0.9154955 0.2608225 0.9256886 0.2263828 0.9249562 0.2602579 0.9256886 0.2263828 0.9244374 0.1901426 0.94374 0.2214999 0.8934615 0.2884718 0.8915084 0.2618753 0.9154955 0.2608225 0.8934615 0.2884718 0.8453651 0.2658427 0.8915084 0.2618753 0.8453651 0.2658427 0.8453651 0.2342717 0.8915084 0.2618753 0.9154955 0.2608225 0.9159991 0.2268711 0.9256886 0.2263828 0.9154955 0.2608225 0.8915084 0.2618753 0.9159991 0.2268711 0.9256886 0.2263828 0.9159991 0.2268711 0.9244374 0.1901426 0.8915084 0.2618753 0.8453651 0.2342717 0.8895705 0.2281986 0.8915084 0.2618753 0.8895705 0.2281986 0.9159991 0.2268711 0.8453651 0.2342717 0.8453651 0.2023041 0.8895705 0.2281986 0.9244374 0.1901426 0.9159991 0.2268711 0.9151446 0.1917601 0.9244374 0.1901426 0.9151446 0.1917601 0.9111009 0.1660639 0.8895705 0.2281986 0.8898604 0.1943084 0.9159991 0.2268711 0.9151446 0.1917601 0.9159991 0.2268711 0.8898604 0.1943084 0.8895705 0.2281986 0.8453651 0.2023041 0.8898604 0.1943084 0.9151446 0.1917601 0.8898604 0.1943084 0.9111009 0.1660639 0.8453651 0.2023041 0.8453651 0.1789578 0.8898604 0.1943084 0.8898604 0.1943084 0.8884718 0.1678645 0.9111009 0.1660639 0.8898604 0.1943084 0.8453651 0.1789578 0.8884718 0.1678645 0.4785687 0.07827877 0.5130999 0.07936215 0.4785687 0.06378269 0.5130999 0.07936215 0.5158465 0.06518656 0.4785687 0.06378269 0.5130999 0.07936215 0.5440909 0.08136111 0.5158465 0.06518656 0.4785687 0.06378269 0.5158465 0.06518656 0.5161364 0.04917985 0.4785687 0.06378269 0.5161364 0.04917985 0.4785687 0.04791331 0.5158465 0.06518656 0.5440909 0.08136111 0.5512322 0.06518656 0.5158465 0.06518656 0.5512322 0.06518656 0.5161364 0.04917985 0.5440909 0.08136111 0.5866789 0.07020676 0.5512322 0.06518656 0.5440909 0.08136111 0.6231632 0.09451436 0.5866789 0.07020676 0.5161364 0.04917985 0.5512322 0.06518656 0.5512932 0.04864573 0.5512322 0.06518656 0.5866789 0.07020676 0.5512932 0.04864573 0.5161364 0.04917985 0.5148394 0.03195238 0.4785687 0.04791331 0.5161364 0.04917985 0.5512932 0.04864573 0.5148394 0.03195238 0.4785687 0.04791331 0.5148394 0.03195238 0.4785687 0.03141832 0.6231632 0.09451436 0.670924 0.0925765 0.5866789 0.07020676 0.6231632 0.09451436 0.7017319 0.1185015 0.670924 0.0925765 0.5866789 0.07020676 0.5863127 0.05162125 0.5512932 0.04864573 0.5866789 0.07020676 0.670924 0.0925765 0.5863127 0.05162125 0.5512932 0.04864573 0.5485466 0.03253221 0.5148394 0.03195238 0.5512932 0.04864573 0.5863127 0.05162125 0.5485466 0.03253221 0.5148394 0.03195238 0.5131609 0.01597619 0.4785687 0.03141832 0.5148394 0.03195238 0.5485466 0.03253221 0.5131609 0.01597619 0.4785687 0.03141832 0.5131609 0.01597619 0.4785687 0.01484704 0.5131609 0.01597619 0.4785687 0.003845274 0.4785687 0.01484704 0.5131609 0.01597619 0.5117571 0.003845274 0.4785687 0.003845274 0.5131609 0.01597619 0.5423057 0.003845274 0.5117571 0.003845274 0.5131609 0.01597619 0.5445487 0.01565575 0.5423057 0.003845274 0.5485466 0.03253221 0.5445487 0.01565575 0.5131609 0.01597619 0.5445487 0.01565575 0.5768521 0.003845274 0.5423057 0.003845274 0.5485466 0.03253221 0.5816587 0.03144884 0.5445487 0.01565575 0.5863127 0.05162125 0.5816587 0.03144884 0.5485466 0.03253221 0.5445487 0.01565575 0.5787594 0.0162661 0.5768521 0.003845274 0.5445487 0.01565575 0.5816587 0.03144884 0.5787594 0.0162661 0.5787594 0.0162661 0.6049745 0.003845274 0.5768521 0.003845274 0.5787594 0.0162661 0.6095827 0.01583886 0.6049745 0.003845274 0.5787594 0.0162661 0.5816587 0.03144884 0.6095827 0.01583886 0.5863127 0.05162125 0.6574655 0.0665751 0.5816587 0.03144884 0.670924 0.0925765 0.6574655 0.0665751 0.5863127 0.05162125 0.5816587 0.03144884 0.6513161 0.03982603 0.6095827 0.01583886 0.6574655 0.0665751 0.6513161 0.03982603 0.5816587 0.03144884 0.6095827 0.01583886 0.6513161 0.03982603 0.6469673 0.0185855 0.6095827 0.01583886 0.6469673 0.0185855 0.6432288 0.003845274 0.6469673 0.0185855 0.6806287 0.003845274 0.6432288 0.003845274 0.6469673 0.0185855 0.6801251 0.01591515 0.6806287 0.003845274 0.6513161 0.03982603 0.6801251 0.01591515 0.6469673 0.0185855 0.6801251 0.01591515 0.7147326 0.003845274 0.6806287 0.003845274 0.6513161 0.03982603 0.682765 0.03453117 0.6801251 0.01591515 0.6574655 0.0665751 0.682765 0.03453117 0.6513161 0.03982603 0.6801251 0.01591515 0.716228 0.01490807 0.7147326 0.003845274 0.682765 0.03453117 0.716228 0.01490807 0.6801251 0.01591515 0.716228 0.01490807 0.7414664 0.003845274 0.7147326 0.003845274 0.6872969 0.06221103 0.682765 0.03453117 0.6574655 0.0665751 0.716228 0.01490807 0.7456169 0.0140841 0.7414664 0.003845274 0.7456169 0.0140841 0.7694057 0.003845274 0.7414664 0.003845274 0.682765 0.03453117 0.7191424 0.03416496 0.716228 0.01490807 0.7191424 0.03416496 0.7456169 0.0140841 0.716228 0.01490807 0.6872969 0.06221103 0.7202106 0.06089878 0.682765 0.03453117 0.7202106 0.06089878 0.7191424 0.03416496 0.682765 0.03453117 0.6981613 0.09037917 0.6872969 0.06221103 0.6574655 0.0665751 0.6981613 0.09037917 0.7202106 0.06089878 0.6872969 0.06221103 0.670924 0.0925765 0.6981613 0.09037917 0.6574655 0.0665751 0.670924 0.0925765 0.7017319 0.1185015 0.6981613 0.09037917 0.7202106 0.06089878 0.7450981 0.0337072 0.7191424 0.03416496 0.7191424 0.03416496 0.7450981 0.0337072 0.7456169 0.0140841 0.7017319 0.1185015 0.7310292 0.1114824 0.6981613 0.09037917 0.7017319 0.1185015 0.7736324 0.1382619 0.7310292 0.1114824 0.6981613 0.09037917 0.74168 0.08542001 0.7202106 0.06089878 0.6981613 0.09037917 0.7310292 0.1114824 0.74168 0.08542001 0.74168 0.08542001 0.7455101 0.05951017 0.7202106 0.06089878 0.7455101 0.05951017 0.7450981 0.0337072 0.7202106 0.06089878 0.7310292 0.1114824 0.7690547 0.1126573 0.74168 0.08542001 0.7310292 0.1114824 0.7736324 0.1382619 0.7690547 0.1126573 0.74168 0.08542001 0.7725033 0.08802932 0.7455101 0.05951017 0.74168 0.08542001 0.7690547 0.1126573 0.7725033 0.08802932 0.7455101 0.05951017 0.7727627 0.0620737 0.7450981 0.0337072 0.7455101 0.05951017 0.7725033 0.08802932 0.7727627 0.0620737 0.7736324 0.1382619 0.8080415 0.108751 0.7690547 0.1126573 0.7736324 0.1382619 0.8469368 0.1179064 0.8080415 0.108751 0.7690547 0.1126573 0.8041352 0.08702218 0.7725033 0.08802932 0.7690547 0.1126573 0.8080415 0.108751 0.8041352 0.08702218 0.7727627 0.0620737 0.7725033 0.08802932 0.7988709 0.06160068 0.7725033 0.08802932 0.8041352 0.08702218 0.7988709 0.06160068 0.7727627 0.0620737 0.7695888 0.03582817 0.7450981 0.0337072 0.7727627 0.0620737 0.7988709 0.06160068 0.7695888 0.03582817 0.7450981 0.0337072 0.7695888 0.03582817 0.7717708 0.01425194 0.7456169 0.0140841 0.7450981 0.0337072 0.7717708 0.01425194 0.7456169 0.0140841 0.7717708 0.01425194 0.7694057 0.003845274 0.7694057 0.003845274 0.7717708 0.01425194 0.7981689 0.003845274 0.7695888 0.03582817 0.7988709 0.06160068 0.7947967 0.03564506 0.7695888 0.03582817 0.7947967 0.03564506 0.7717708 0.01425194 0.7981689 0.003845274 0.7717708 0.01425194 0.7963226 0.01501488 0.7947967 0.03564506 0.7963226 0.01501488 0.7717708 0.01425194 0.7981689 0.003845274 0.7963226 0.01501488 0.8247959 0.01512169 0.7981689 0.003845274 0.8247959 0.01512169 0.8241398 0.003845274 0.8247959 0.01512169 0.8609903 0.003845274 0.8241398 0.003845274 0.7947967 0.03564506 0.8196079 0.03372246 0.7963226 0.01501488 0.8196079 0.03372246 0.8247959 0.01512169 0.7963226 0.01501488 0.8220188 0.06016629 0.7947967 0.03564506 0.7988709 0.06160068 0.8220188 0.06016629 0.8196079 0.03372246 0.7947967 0.03564506 0.8041352 0.08702218 0.8220188 0.06016629 0.7988709 0.06160068 0.8596475 0.01562523 0.8609903 0.003845274 0.8247959 0.01512169 0.8596475 0.01562523 0.8994583 0.003845274 0.8609903 0.003845274 0.8557565 0.03454643 0.8247959 0.01512169 0.8196079 0.03372246 0.8557565 0.03454643 0.8596475 0.01562523 0.8247959 0.01512169 0.8974594 0.01721215 0.8994583 0.003845274 0.8596475 0.01562523 0.8974594 0.01721215 0.9304189 0.01675438 0.8994583 0.003845274 0.8937515 0.03721678 0.8974594 0.01721215 0.8596475 0.01562523 0.8937515 0.03721678 0.9304189 0.01675438 0.8974594 0.01721215 0.8937515 0.03721678 0.8596475 0.01562523 0.8557565 0.03454643 0.8550393 0.06178379 0.8557565 0.03454643 0.8196079 0.03372246 0.8220188 0.06016629 0.8550393 0.06178379 0.8196079 0.03372246 0.8874189 0.0651713 0.8937515 0.03721678 0.8557565 0.03454643 0.8874189 0.0651713 0.8557565 0.03454643 0.8550393 0.06178379 0.840589 0.09074538 0.8550393 0.06178379 0.8220188 0.06016629 0.840589 0.09074538 0.8874189 0.0651713 0.8550393 0.06178379 0.8041352 0.08702218 0.840589 0.09074538 0.8220188 0.06016629 0.8080415 0.108751 0.840589 0.09074538 0.8041352 0.08702218 0.8469368 0.1179064 0.840589 0.09074538 0.8080415 0.108751 0.8469368 0.1179064 0.8735027 0.09213399 0.840589 0.09074538 0.8735027 0.09213399 0.8874189 0.0651713 0.840589 0.09074538 0.8469368 0.1179064 0.9178912 0.09336996 0.8735027 0.09213399 0.8735027 0.09213399 0.9575799 0.05130082 0.8874189 0.0651713 0.8874189 0.0651713 0.9575799 0.05130082 0.8937515 0.03721678 0.9178912 0.09336996 0.9562524 0.06939804 0.8735027 0.09213399 0.9562524 0.06939804 0.9575799 0.05130082 0.8735027 0.09213399 0.9178912 0.09336996 0.9959716 0.0817731 0.9562524 0.06939804 0.9959716 0.0817731 0.9959716 0.0651713 0.9562524 0.06939804 0.9562524 0.06939804 0.9959716 0.0651713 0.9959716 0.04916459 0.9562524 0.06939804 0.9959716 0.04916459 0.9575799 0.05130082 0.9959716 0.04916459 0.9959716 0.03302049 0.9575799 0.05130082 0.9959716 0.03302049 0.9592737 0.03283739 0.9575799 0.05130082 0.9575799 0.05130082 0.9592737 0.03283739 0.8937515 0.03721678 0.8937515 0.03721678 0.9592737 0.03283739 0.9304189 0.01675438 0.9959716 0.03302049 0.9959716 0.01562523 0.9592737 0.03283739 0.9592737 0.03283739 0.9603723 0.01640343 0.9304189 0.01675438 0.9959716 0.01562523 0.9603723 0.01640343 0.9592737 0.03283739 0.9304189 0.01675438 0.9603723 0.01640343 0.9339284 0.003845274 0.9959716 0.01562523 0.9959716 0.003845274 0.9603723 0.01640343 0.9603723 0.01640343 0.9615167 0.003845274 0.9339284 0.003845274 0.9603723 0.01640343 0.9959716 0.003845274 0.9615167 0.003845274 0.04512089 0.6121156 0.02127104 0.6153506 0.02337682 0.5948119 0.04512089 0.6121156 0.02337682 0.5948119 0.0332036 0.5714351 0.0332036 0.5714351 0.02337682 0.5948119 0.01760888 0.5801633 0.05157548 0.5621271 0.04512089 0.6121156 0.0332036 0.5714351 0.06987106 0.6114595 0.04512089 0.6121156 0.05157548 0.5621271 0.0332036 0.5714351 0.01760888 0.5801633 0.02336156 0.5603571 0.02336156 0.5603571 0.01760888 0.5801633 0.004699766 0.5709926 0.02336156 0.5603571 0.004699766 0.5709926 0.003479003 0.5592432 0.02336156 0.5603571 0.003479003 0.5592432 0.008850216 0.5497062 0.02040129 0.5447929 0.02336156 0.5603571 0.008850216 0.5497062 0.0306248 0.5541924 0.02336156 0.5603571 0.02040129 0.5447929 0.0306248 0.5541924 0.0332036 0.5714351 0.02336156 0.5603571 0.05157548 0.5621271 0.0332036 0.5714351 0.0306248 0.5541924 0.0306248 0.5541924 0.01994353 0.5398032 0.02087432 0.5294728 0.08598458 0.5736019 0.06987106 0.6114595 0.05157548 0.5621271 0.1207446 0.5830168 0.06987106 0.6114595 0.08598458 0.5736019 0.08598458 0.5736019 0.05157548 0.5621271 0.06301975 0.5546044 0.1207446 0.5830168 0.08598458 0.5736019 0.1007858 0.5700923 0.1207446 0.5830168 0.1007858 0.5700923 0.1090867 0.5456169 0.06301975 0.5546044 0.05157548 0.5621271 0.04538029 0.5488975 0.04538029 0.5488975 0.05157548 0.5621271 0.0306248 0.5541924 0.06301975 0.5546044 0.04538029 0.5488975 0.0598306 0.539086 0.04538029 0.5488975 0.05047684 0.5241627 0.0598306 0.539086 0.04538029 0.5488975 0.0306248 0.5541924 0.03730827 0.5370718 0.04538029 0.5488975 0.03730827 0.5370718 0.05047684 0.5241627 0.03730827 0.5370718 0.0306248 0.5541924 0.02087432 0.5294728 0.05047684 0.5241627 0.03730827 0.5370718 0.03927671 0.5202258 0.03730827 0.5370718 0.02087432 0.5294728 0.02812236 0.5225452 0.03730827 0.5370718 0.02812236 0.5225452 0.03927671 0.5202258 0.1312581 0.5477836 0.1207446 0.5830168 0.1090867 0.5456169 0.1589837 0.5898833 0.1207446 0.5830168 0.1312581 0.5477836 0.1312581 0.5477836 0.1090867 0.5456169 0.1336385 0.5212177 0.1090867 0.5456169 0.1104906 0.5269398 0.1336385 0.5212177 0.1633325 0.5423667 0.1589837 0.5898833 0.1312581 0.5477836 0.1633325 0.5423667 0.1312581 0.5477836 0.1336385 0.5212177 0.2006561 0.5897154 0.1589837 0.5898833 0.1633325 0.5423667 0.1104906 0.5269398 0.1210803 0.5064164 0.1336385 0.5212177 0.1104906 0.5269398 0.1019608 0.5043412 0.1210803 0.5064164 0.1220264 0.4788739 0.1210803 0.5064164 0.1019608 0.5043412 0.1220264 0.4788739 0.1419394 0.4840162 0.1210803 0.5064164 0.1437399 0.4602274 0.1419394 0.4840162 0.1220264 0.4788739 0.1336385 0.5212177 0.1210803 0.5064164 0.1365377 0.5023728 0.1210803 0.5064164 0.1419394 0.4840162 0.1365377 0.5023728 0.1336385 0.5212177 0.1365377 0.5023728 0.149691 0.5100328 0.1500267 0.4966659 0.1365377 0.5023728 0.1419394 0.4840162 0.1500267 0.4966659 0.149691 0.5100328 0.1365377 0.5023728 0.1437399 0.4602274 0.1501945 0.4816052 0.1419394 0.4840162 0.1501945 0.4816052 0.1500267 0.4966659 0.1419394 0.4840162 0.1437399 0.4602274 0.1584649 0.4792096 0.1501945 0.4816052 0.1501945 0.4816052 0.1584649 0.4792096 0.1500267 0.4966659 0.1632868 0.5026932 0.149691 0.5100328 0.1500267 0.4966659 0.1584649 0.4792096 0.1632868 0.5026932 0.1500267 0.4966659 0.1336385 0.5212177 0.149691 0.5100328 0.1678339 0.5176013 0.1632868 0.5026932 0.1678339 0.5176013 0.149691 0.5100328 0.1633325 0.5423667 0.1336385 0.5212177 0.1678339 0.5176013 0.1795071 0.4962539 0.1632868 0.5026932 0.1584649 0.4792096 0.1795071 0.4962539 0.1678339 0.5176013 0.1632868 0.5026932 0.1687343 0.4658579 0.1584649 0.4792096 0.1437399 0.4602274 0.1687343 0.4658579 0.1795071 0.4962539 0.1584649 0.4792096 0.1816586 0.4435951 0.1687343 0.4658579 0.1437399 0.4602274 0.1994506 0.5366751 0.1633325 0.5423667 0.1678339 0.5176013 0.1994506 0.5366751 0.2006561 0.5897154 0.1633325 0.5423667 0.1816586 0.4435951 0.1970092 0.4696879 0.1687343 0.4658579 0.1970092 0.4696879 0.1795071 0.4962539 0.1687343 0.4658579 0.1994506 0.5366751 0.1678339 0.5176013 0.1960174 0.509926 0.1960174 0.509926 0.1678339 0.5176013 0.1795071 0.4962539 0.243534 0.5285726 0.2006561 0.5897154 0.1994506 0.5366751 0.243534 0.5285726 0.243534 0.586038 0.2006561 0.5897154 0.2864118 0.5897154 0.243534 0.586038 0.243534 0.5285726 0.1994506 0.5366751 0.1960174 0.509926 0.2299534 0.503975 0.243534 0.5285726 0.1994506 0.5366751 0.2299534 0.503975 0.1960174 0.509926 0.1795071 0.4962539 0.1975128 0.490364 0.1975128 0.490364 0.1795071 0.4962539 0.1970092 0.4696879 0.1960174 0.509926 0.1975128 0.490364 0.2118563 0.4955825 0.2299534 0.503975 0.1960174 0.509926 0.2118563 0.4955825 0.2099488 0.4827802 0.1975128 0.490364 0.1970092 0.4696879 0.2118563 0.4955825 0.1975128 0.490364 0.2099488 0.4827802 0.2099488 0.4827802 0.1970092 0.4696879 0.2062867 0.4684978 0.2062867 0.4684978 0.1970092 0.4696879 0.1816586 0.4435951 0.2242618 0.484474 0.2118563 0.4955825 0.2099488 0.4827802 0.2299534 0.503975 0.2118563 0.4955825 0.2242618 0.484474 0.2155642 0.4673228 0.2099488 0.4827802 0.2062867 0.4684978 0.2155642 0.4673228 0.2062867 0.4684978 0.1816586 0.4435951 0.2242618 0.484474 0.2099488 0.4827802 0.2155642 0.4673228 0.2155642 0.4673228 0.1816586 0.4435951 0.2124666 0.441413 0.243534 0.4757763 0.2155642 0.4673228 0.2124666 0.441413 0.243534 0.4757763 0.2242618 0.484474 0.2155642 0.4673228 0.243534 0.4757763 0.2299534 0.503975 0.2242618 0.484474 0.243534 0.4985428 0.2299534 0.503975 0.243534 0.4757763 0.243534 0.5285726 0.2299534 0.503975 0.243534 0.4985428 0.2570993 0.503975 0.243534 0.4985428 0.243534 0.4757763 0.2570993 0.503975 0.243534 0.5285726 0.243534 0.4985428 0.2627909 0.484474 0.2570993 0.503975 0.243534 0.4757763 0.287602 0.5366751 0.243534 0.5285726 0.2570993 0.503975 0.287602 0.5366751 0.2864118 0.5897154 0.243534 0.5285726 0.2714885 0.4673228 0.2627909 0.484474 0.243534 0.4757763 0.2745861 0.441413 0.2714885 0.4673228 0.243534 0.4757763 0.2745861 0.441413 0.3053941 0.4435951 0.2714885 0.4673228 0.287602 0.5366751 0.3237202 0.5423667 0.2864118 0.5897154 0.3237202 0.5423667 0.328069 0.5898833 0.2864118 0.5897154 0.2714885 0.4673228 0.3053941 0.4435951 0.280766 0.4684978 0.3237202 0.5423667 0.3558099 0.5477836 0.328069 0.5898833 0.3558099 0.5477836 0.3663081 0.5830168 0.328069 0.5898833 0.2714885 0.4673228 0.280766 0.4684978 0.2771039 0.4827802 0.2714885 0.4673228 0.2771039 0.4827802 0.2627909 0.484474 0.3053941 0.4435951 0.2900435 0.4696879 0.280766 0.4684978 0.2771039 0.4827802 0.280766 0.4684978 0.2900435 0.4696879 0.2627909 0.484474 0.2771039 0.4827802 0.2751964 0.4955825 0.2627909 0.484474 0.2751964 0.4955825 0.2570993 0.503975 0.2771039 0.4827802 0.2895399 0.490364 0.2751964 0.4955825 0.2771039 0.4827802 0.2900435 0.4696879 0.2895399 0.490364 0.2751964 0.4955825 0.2910353 0.509926 0.2570993 0.503975 0.2751964 0.4955825 0.2895399 0.490364 0.2910353 0.509926 0.2910353 0.509926 0.287602 0.5366751 0.2570993 0.503975 0.2900435 0.4696879 0.3075608 0.4962539 0.2895399 0.490364 0.2895399 0.490364 0.3075608 0.4962539 0.2910353 0.509926 0.3053941 0.4435951 0.3183184 0.4658579 0.2900435 0.4696879 0.3183184 0.4658579 0.3075608 0.4962539 0.2900435 0.4696879 0.3053941 0.4435951 0.3433127 0.4602274 0.3183184 0.4658579 0.2910353 0.509926 0.3192187 0.5176013 0.287602 0.5366751 0.3075608 0.4962539 0.3192187 0.5176013 0.2910353 0.509926 0.3192187 0.5176013 0.3237202 0.5423667 0.287602 0.5366751 0.3183184 0.4658579 0.3285878 0.4792096 0.3075608 0.4962539 0.3183184 0.4658579 0.3433127 0.4602274 0.3285878 0.4792096 0.3075608 0.4962539 0.3237659 0.5026932 0.3192187 0.5176013 0.3075608 0.4962539 0.3285878 0.4792096 0.3237659 0.5026932 0.3192187 0.5176013 0.3534142 0.5212177 0.3237202 0.5423667 0.3237202 0.5423667 0.3534142 0.5212177 0.3558099 0.5477836 0.3192187 0.5176013 0.3237659 0.5026932 0.3373617 0.5100328 0.3192187 0.5176013 0.3373617 0.5100328 0.3534142 0.5212177 0.3285878 0.4792096 0.337026 0.4966659 0.3237659 0.5026932 0.3237659 0.5026932 0.337026 0.4966659 0.3373617 0.5100328 0.3433127 0.4602274 0.3368582 0.4816052 0.3285878 0.4792096 0.3285878 0.4792096 0.3368582 0.4816052 0.337026 0.4966659 0.3433127 0.4602274 0.3451133 0.4840162 0.3368582 0.4816052 0.3451133 0.4840162 0.337026 0.4966659 0.3368582 0.4816052 0.3433127 0.4602274 0.3650263 0.4788739 0.3451133 0.4840162 0.337026 0.4966659 0.350515 0.5023728 0.3373617 0.5100328 0.3451133 0.4840162 0.350515 0.5023728 0.337026 0.4966659 0.350515 0.5023728 0.3534142 0.5212177 0.3373617 0.5100328 0.3451133 0.4840162 0.3650263 0.4788739 0.3659723 0.5064164 0.3451133 0.4840162 0.3659723 0.5064164 0.350515 0.5023728 0.3659723 0.5064164 0.3534142 0.5212177 0.350515 0.5023728 0.3650263 0.4788739 0.3850919 0.5043412 0.3659723 0.5064164 0.3659723 0.5064164 0.3850919 0.5043412 0.3765621 0.5269398 0.3659723 0.5064164 0.3765621 0.5269398 0.3534142 0.5212177 0.3534142 0.5212177 0.3765621 0.5269398 0.377966 0.5456169 0.3534142 0.5212177 0.377966 0.5456169 0.3558099 0.5477836 0.3558099 0.5477836 0.377966 0.5456169 0.3663081 0.5830168 0.377966 0.5456169 0.3862669 0.5700923 0.3663081 0.5830168 0.3663081 0.5830168 0.3862669 0.5700923 0.4010681 0.5736019 0.3663081 0.5830168 0.4010681 0.5736019 0.4171969 0.6114595 0.4010681 0.5736019 0.4354772 0.5621271 0.4171969 0.6114595 0.4010681 0.5736019 0.4240329 0.5546044 0.4354772 0.5621271 0.4171969 0.6114595 0.4354772 0.5621271 0.4419471 0.6121156 0.4419471 0.6121156 0.4636759 0.5948119 0.4657816 0.6153506 0.4538491 0.5714351 0.4636759 0.5948119 0.4419471 0.6121156 0.4354772 0.5621271 0.4538491 0.5714351 0.4419471 0.6121156 0.4538491 0.5714351 0.4694438 0.5801633 0.4636759 0.5948119 0.4240329 0.5546044 0.4416724 0.5488975 0.4354772 0.5621271 0.4240329 0.5546044 0.4272221 0.539086 0.4416724 0.5488975 0.4272221 0.539086 0.4365759 0.5241627 0.4416724 0.5488975 0.4354772 0.5621271 0.4564431 0.5541924 0.4538491 0.5714351 0.4416724 0.5488975 0.4564431 0.5541924 0.4354772 0.5621271 0.4538491 0.5714351 0.4636911 0.5603571 0.4694438 0.5801633 0.4538491 0.5714351 0.4564431 0.5541924 0.4636911 0.5603571 0.4694438 0.5801633 0.4636911 0.5603571 0.4823529 0.5709926 0.4636911 0.5603571 0.4835737 0.5592432 0.4823529 0.5709926 0.4636911 0.5603571 0.4782177 0.5497062 0.4835737 0.5592432 0.4636911 0.5603571 0.4666514 0.5447929 0.4782177 0.5497062 0.4636911 0.5603571 0.4564431 0.5541924 0.4666514 0.5447929 0.4661784 0.5294728 0.4671092 0.5398032 0.4564431 0.5541924 0.4497444 0.5370718 0.4661784 0.5294728 0.4564431 0.5541924 0.4497444 0.5370718 0.4564431 0.5541924 0.4416724 0.5488975 0.4365759 0.5241627 0.4497444 0.5370718 0.4416724 0.5488975 0.4497444 0.5370718 0.4589303 0.5225452 0.4661784 0.5294728 0.4365759 0.5241627 0.4477912 0.5202258 0.4497444 0.5370718 0.4497444 0.5370718 0.4477912 0.5202258 0.4589303 0.5225452 0.3098955 0.3774472 0.3263142 0.3739529 0.31458 0.3928588 0.3098955 0.3774472 0.3110551 0.3500725 0.3263142 0.3739529 0.3035324 0.3569085 0.3110551 0.3500725 0.3098955 0.3774472 0.275227 0.3501335 0.3110551 0.3500725 0.3035324 0.3569085 0.3494926 0.3500267 0.3263142 0.3739529 0.3110551 0.3500725 0.3532921 0.3588464 0.3263142 0.3739529 0.3494926 0.3500267 0.3903868 0.3491874 0.3532921 0.3588464 0.3494926 0.3500267 0.3881895 0.3398489 0.3903868 0.3491874 0.3494926 0.3500267 0.3831998 0.3199817 0.3881895 0.3398489 0.3494926 0.3500267 0.344564 0.3224842 0.3494926 0.3500267 0.3110551 0.3500725 0.3831998 0.3199817 0.3494926 0.3500267 0.344564 0.3224842 0.306508 0.3249561 0.344564 0.3224842 0.3110551 0.3500725 0.306508 0.3249561 0.3110551 0.3500725 0.275227 0.3501335 0.3414206 0.2928359 0.3831998 0.3199817 0.344564 0.3224842 0.3414206 0.2928359 0.344564 0.3224842 0.306508 0.3249561 0.3414206 0.2928359 0.3785611 0.2898146 0.3831998 0.3199817 0.306508 0.3249561 0.275227 0.3501335 0.2580453 0.3288777 0.3414206 0.2928359 0.347097 0.2697795 0.3785611 0.2898146 0.3785611 0.2898146 0.347097 0.2697795 0.3909056 0.2701762 0.3909056 0.2701762 0.347097 0.2697795 0.3931029 0.249607 0.3042344 0.2979019 0.3414206 0.2928359 0.306508 0.3249561 0.347097 0.2697795 0.3494163 0.248661 0.3931029 0.249607 0.3931029 0.249607 0.3494163 0.248661 0.3931029 0.1390249 0.3052873 0.2740368 0.3414206 0.2928359 0.3042344 0.2979019 0.3052873 0.2740368 0.347097 0.2697795 0.3414206 0.2928359 0.3042344 0.2979019 0.306508 0.3249561 0.2556191 0.3036698 0.3052873 0.2740368 0.3042344 0.2979019 0.2556191 0.3036698 0.2556191 0.3036698 0.306508 0.3249561 0.2580453 0.3288777 0.3083543 0.2571756 0.347097 0.2697795 0.3052873 0.2740368 0.2580453 0.3288777 0.275227 0.3501335 0.2271153 0.3480278 0.275227 0.3501335 0.2449073 0.3605554 0.2271153 0.3480278 0.3083543 0.2571756 0.3109941 0.2387426 0.347097 0.2697795 0.347097 0.2697795 0.3109941 0.2387426 0.3494163 0.248661 0.2271153 0.3480278 0.2449073 0.3605554 0.2246586 0.3711299 0.2449073 0.3605554 0.2432441 0.3806515 0.2246586 0.3711299 0.2432441 0.3806515 0.2423895 0.4103151 0.2246586 0.3711299 0.2580453 0.3288777 0.2271153 0.3480278 0.1982147 0.321828 0.2556191 0.3036698 0.2580453 0.3288777 0.1982147 0.321828 0.2271153 0.3480278 0.2246586 0.3711299 0.1982147 0.3456473 0.1982147 0.321828 0.2271153 0.3480278 0.1982147 0.3456473 0.2423895 0.4103151 0.2196231 0.3985199 0.2246586 0.3711299 0.2423895 0.4103151 0.2404516 0.4161288 0.2196231 0.3985199 0.2404516 0.4161288 0.2172427 0.4047456 0.2196231 0.3985199 0.2196231 0.3985199 0.2172427 0.4047456 0.1982147 0.39234 0.2246586 0.3711299 0.2196231 0.3985199 0.1982147 0.39234 0.2172427 0.4047456 0.1982147 0.3984588 0.1982147 0.39234 0.1982147 0.3984588 0.1791867 0.4047456 0.1982147 0.39234 0.2246586 0.3711299 0.1982147 0.39234 0.1982147 0.3663386 0.2246586 0.3711299 0.1982147 0.3663386 0.1982147 0.3456473 0.1982147 0.39234 0.1791867 0.4047456 0.1768215 0.3985199 0.1791867 0.4047456 0.1559777 0.4161288 0.1768215 0.3985199 0.1768215 0.3985199 0.1559777 0.4161288 0.1540398 0.4103151 0.1982147 0.3663386 0.1982147 0.39234 0.1717708 0.3711299 0.1982147 0.39234 0.1768215 0.3985199 0.1717708 0.3711299 0.1768215 0.3985199 0.1540398 0.4103151 0.1717708 0.3711299 0.1982147 0.3663386 0.1717708 0.3711299 0.1982147 0.3456473 0.1717708 0.3711299 0.1540398 0.4103151 0.1531853 0.3806515 0.151522 0.3605554 0.1717708 0.3711299 0.1531853 0.3806515 0.1982147 0.3456473 0.1717708 0.3711299 0.1693294 0.3480278 0.1693294 0.3480278 0.1717708 0.3711299 0.151522 0.3605554 0.1982147 0.321828 0.1982147 0.3456473 0.1693294 0.3480278 0.1693294 0.3480278 0.151522 0.3605554 0.1212024 0.3501335 0.1982147 0.321828 0.1693294 0.3480278 0.1383993 0.3288777 0.1383993 0.3288777 0.1693294 0.3480278 0.1212024 0.3501335 0.1408102 0.3036698 0.1982147 0.321828 0.1383993 0.3288777 0.1383993 0.3288777 0.1212024 0.3501335 0.08992141 0.3249561 0.1408102 0.3036698 0.1383993 0.3288777 0.08992141 0.3249561 0.1982147 0.2982681 0.1982147 0.321828 0.1408102 0.3036698 0.1982147 0.2982681 0.2556191 0.3036698 0.1982147 0.321828 0.1982147 0.2777447 0.2556191 0.3036698 0.1982147 0.2982681 0.1982147 0.2777447 0.1982147 0.2982681 0.1408102 0.3036698 0.1982147 0.2777447 0.2533303 0.281529 0.2556191 0.3036698 0.2533303 0.281529 0.3052873 0.2740368 0.2556191 0.3036698 0.1430991 0.281529 0.1982147 0.2777447 0.1408102 0.3036698 0.1982147 0.2777447 0.1982147 0.2576181 0.2533303 0.281529 0.1430991 0.281529 0.1982147 0.2576181 0.1982147 0.2777447 0.2533303 0.281529 0.2481727 0.2596933 0.3052873 0.2740368 0.1982147 0.2576181 0.2481727 0.2596933 0.2533303 0.281529 0.2481727 0.2596933 0.2753948 0.2562143 0.3052873 0.2740368 0.2753948 0.2562143 0.3083543 0.2571756 0.3052873 0.2740368 0.1982147 0.2387273 0.2481727 0.2596933 0.1982147 0.2576181 0.2457007 0.2380102 0.2753948 0.2562143 0.2481727 0.2596933 0.1982147 0.2387273 0.2457007 0.2380102 0.2481727 0.2596933 0.2655833 0.2354314 0.3083543 0.2571756 0.2753948 0.2562143 0.2457007 0.2380102 0.2655833 0.2354314 0.2753948 0.2562143 0.1482566 0.2596933 0.1982147 0.2387273 0.1982147 0.2576181 0.1482566 0.2596933 0.1982147 0.2576181 0.1430991 0.281529 0.2655833 0.2354314 0.26981 0.2231174 0.3083543 0.2571756 0.26981 0.2231174 0.3109941 0.2387426 0.3083543 0.2571756 0.1482566 0.2596933 0.1430991 0.281529 0.09114211 0.2740368 0.1430991 0.281529 0.1408102 0.3036698 0.09114211 0.2740368 0.1507286 0.2380102 0.1982147 0.2387273 0.1482566 0.2596933 0.1408102 0.3036698 0.09219497 0.2979019 0.09114211 0.2740368 0.1408102 0.3036698 0.08992141 0.3249561 0.09219497 0.2979019 0.1210345 0.2562143 0.1482566 0.2596933 0.09114211 0.2740368 0.1210345 0.2562143 0.1507286 0.2380102 0.1482566 0.2596933 0.09219497 0.2979019 0.05500876 0.2928359 0.09114211 0.2740368 0.09219497 0.2979019 0.08992141 0.3249561 0.05500876 0.2928359 0.08807504 0.2571756 0.1210345 0.2562143 0.09114211 0.2740368 0.05500876 0.2928359 0.08992141 0.3249561 0.05186539 0.3224842 0.08807504 0.2571756 0.1308461 0.2354314 0.1210345 0.2562143 0.1308461 0.2354314 0.1507286 0.2380102 0.1210345 0.2562143 0.08807504 0.2571756 0.09114211 0.2740368 0.04933238 0.2697795 0.09114211 0.2740368 0.05500876 0.2928359 0.04933238 0.2697795 0.08807504 0.2571756 0.1266193 0.2231174 0.1308461 0.2354314 0.04933238 0.2697795 0.05500876 0.2928359 0.01786828 0.2898146 0.05500876 0.2928359 0.01322954 0.3199817 0.01786828 0.2898146 0.05500876 0.2928359 0.05186539 0.3224842 0.01322954 0.3199817 0.04933238 0.2697795 0.01786828 0.2898146 0.005523741 0.2701762 0.003341674 0.249607 0.04933238 0.2697795 0.005523741 0.2701762 0.01322954 0.3199817 0.05186539 0.3224842 0.046952 0.3500267 0.01322954 0.3199817 0.046952 0.3500267 0.008255124 0.3398489 0.008255124 0.3398489 0.046952 0.3500267 0.00604254 0.3491874 0.00604254 0.3491874 0.046952 0.3500267 0.04313725 0.3588464 0.046952 0.3500267 0.0701152 0.3739529 0.04313725 0.3588464 0.05186539 0.3224842 0.08537423 0.3500725 0.046952 0.3500267 0.046952 0.3500267 0.08537423 0.3500725 0.0701152 0.3739529 0.08992141 0.3249561 0.08537423 0.3500725 0.05186539 0.3224842 0.08992141 0.3249561 0.1212024 0.3501335 0.08537423 0.3500725 0.08537423 0.3500725 0.1212024 0.3501335 0.09291213 0.3569085 0.08537423 0.3500725 0.09291213 0.3569085 0.0865339 0.3774472 0.0701152 0.3739529 0.08537423 0.3500725 0.0865339 0.3774472 0.0701152 0.3739529 0.0865339 0.3774472 0.08186465 0.3928588 0.04701304 0.248661 0.04933238 0.2697795 0.003341674 0.249607 0.04701304 0.248661 0.003341674 0.249607 0.003341674 0.1390249 0.08545053 0.2387426 0.04933238 0.2697795 0.04701304 0.248661 0.08807504 0.2571756 0.04933238 0.2697795 0.08545053 0.2387426 0.08807504 0.2571756 0.08545053 0.2387426 0.1266193 0.2231174 0.0333867 0.1707789 0.04701304 0.248661 0.003341674 0.1390249 0.08545053 0.2387426 0.04701304 0.248661 0.06805521 0.1778897 0.06805521 0.1778897 0.04701304 0.248661 0.0333867 0.1707789 0.03479051 0.1526054 0.0333867 0.1707789 0.003341674 0.1390249 0.03479051 0.1526054 0.06805521 0.1778897 0.0333867 0.1707789 0.003341674 0.1212634 0.03479051 0.1526054 0.003341674 0.1390249 0.08545053 0.2387426 0.06805521 0.1778897 0.1058671 0.1799343 0.08545053 0.2387426 0.1058671 0.1799343 0.1266193 0.2231174 0.06646829 0.159411 0.06805521 0.1778897 0.03479051 0.1526054 0.1058671 0.1799343 0.06805521 0.1778897 0.06646829 0.159411 0.03472948 0.1333943 0.03479051 0.1526054 0.003341674 0.1212634 0.06646829 0.159411 0.03479051 0.1526054 0.03472948 0.1333943 0.03472948 0.1333943 0.003341674 0.1212634 0.03457689 0.1084916 0.003341674 0.1212634 0.003341674 0.0948348 0.03457689 0.1084916 0.003341674 0.0948348 0.003341674 0.04489201 0.03457689 0.1084916 0.06646829 0.159411 0.03472948 0.1333943 0.06488132 0.138796 0.03472948 0.1333943 0.03457689 0.1084916 0.06488132 0.138796 0.1058671 0.1799343 0.06646829 0.159411 0.1012588 0.1613641 0.1012588 0.1613641 0.06646829 0.159411 0.06488132 0.138796 0.003341674 0.04489201 0.03556877 0.05772489 0.03457689 0.1084916 0.003341674 0.04489201 0.003341674 0.03088426 0.03556877 0.05772489 0.06488132 0.138796 0.03457689 0.1084916 0.06405735 0.1165789 0.06405735 0.1165789 0.03457689 0.1084916 0.03556877 0.05772489 0.1012588 0.1613641 0.06488132 0.138796 0.09919887 0.1403524 0.06488132 0.138796 0.06405735 0.1165789 0.09919887 0.1403524 0.03556877 0.05772489 0.003341674 0.03088426 0.04080259 0.04475468 0.003341674 0.03088426 0.1027237 0.005951046 0.04080259 0.04475468 0.06405735 0.1165789 0.03556877 0.05772489 0.06054776 0.09253072 0.03556877 0.05772489 0.04080259 0.04475468 0.06201261 0.08236819 0.06054776 0.09253072 0.03556877 0.05772489 0.06201261 0.08236819 0.09810024 0.1187609 0.06405735 0.1165789 0.06054776 0.09253072 0.09919887 0.1403524 0.06405735 0.1165789 0.09810024 0.1187609 0.06054776 0.09253072 0.06201261 0.08236819 0.09744411 0.1002212 0.09810024 0.1187609 0.06054776 0.09253072 0.09744411 0.1002212 0.06201261 0.08236819 0.04080259 0.04475468 0.06297397 0.07208359 0.1027237 0.005951046 0.06297397 0.07208359 0.04080259 0.04475468 0.09744411 0.1002212 0.06201261 0.08236819 0.095613 0.09091323 0.06201261 0.08236819 0.06297397 0.07208359 0.095613 0.09091323 0.09810024 0.1187609 0.09744411 0.1002212 0.1318684 0.08364993 0.09744411 0.1002212 0.095613 0.09091323 0.1318684 0.08364993 0.1027237 0.005951046 0.09501791 0.08081179 0.06297397 0.07208359 0.06297397 0.07208359 0.09501791 0.08081179 0.095613 0.09091323 0.1027237 0.005951046 0.1290608 0.06573587 0.09501791 0.08081179 0.1290608 0.06573587 0.095613 0.09091323 0.09501791 0.08081179 0.1532921 0.03860533 0.1290608 0.06573587 0.1027237 0.005951046 0.1916227 0.03088426 0.1532921 0.03860533 0.1027237 0.005951046 0.1916227 0.04489201 0.1532921 0.03860533 0.1916227 0.03088426 0.1299763 0.0744335 0.095613 0.09091323 0.1290608 0.06573587 0.1318684 0.08364993 0.095613 0.09091323 0.1299763 0.0744335 0.1579003 0.052491 0.1290608 0.06573587 0.1532921 0.03860533 0.1579003 0.052491 0.1299763 0.0744335 0.1290608 0.06573587 0.1916227 0.04489201 0.1579003 0.052491 0.1532921 0.03860533 0.1579003 0.052491 0.1318684 0.08364993 0.1299763 0.0744335 0.1916227 0.04489201 0.1582971 0.1029831 0.1579003 0.052491 0.1916227 0.0933547 0.1582971 0.1029831 0.1916227 0.04489201 0.1296864 0.1129167 0.1318684 0.08364993 0.1579003 0.052491 0.1296864 0.1129167 0.09810024 0.1187609 0.1318684 0.08364993 0.1582971 0.1029831 0.1296864 0.1129167 0.1579003 0.052491 0.1296864 0.1129167 0.09919887 0.1403524 0.09810024 0.1187609 0.1916227 0.1206378 0.1582971 0.1029831 0.1916227 0.0933547 0.131197 0.1351034 0.09919887 0.1403524 0.1296864 0.1129167 0.131197 0.1351034 0.1296864 0.1129167 0.1582971 0.1029831 0.131197 0.1351034 0.1012588 0.1613641 0.09919887 0.1403524 0.1916227 0.1206378 0.158236 0.1263751 0.1582971 0.1029831 0.158236 0.1263751 0.131197 0.1351034 0.1582971 0.1029831 0.1316701 0.1557183 0.1012588 0.1613641 0.131197 0.1351034 0.158236 0.1263751 0.1316701 0.1557183 0.131197 0.1351034 0.1316701 0.1557183 0.1058671 0.1799343 0.1012588 0.1613641 0.15906 0.1521324 0.158236 0.1263751 0.1916227 0.1206378 0.15906 0.1521324 0.1316701 0.1557183 0.158236 0.1263751 0.1916227 0.1379567 0.15906 0.1521324 0.1916227 0.1206378 0.1377584 0.1744106 0.1058671 0.1799343 0.1316701 0.1557183 0.1377584 0.1744106 0.1316701 0.1557183 0.15906 0.1521324 0.1266193 0.2231174 0.1058671 0.1799343 0.1377584 0.1744106 0.1831387 0.1833371 0.15906 0.1521324 0.1916227 0.1379567 0.1831387 0.1833371 0.1916227 0.1379567 0.1921416 0.1612878 0.1377584 0.1744106 0.15906 0.1521324 0.1602197 0.2089417 0.1266193 0.2231174 0.1377584 0.1744106 0.1602197 0.2089417 0.1602197 0.2089417 0.15906 0.1521324 0.1831387 0.1833371 0.1308461 0.2354314 0.1266193 0.2231174 0.1602197 0.2089417 0.1831387 0.1833371 0.1921416 0.1612878 0.1889372 0.1863126 0.1602197 0.2089417 0.1831387 0.1833371 0.1889372 0.1863126 0.1962615 0.1643396 0.1889372 0.1863126 0.1921416 0.1612878 0.1308461 0.2354314 0.1602197 0.2089417 0.1671931 0.2142824 0.1671931 0.2142824 0.1602197 0.2089417 0.1889372 0.1863126 0.1308461 0.2354314 0.1671931 0.2142824 0.1507286 0.2380102 0.1910277 0.1870298 0.1889372 0.1863126 0.1962615 0.1643396 0.1671931 0.2142824 0.1889372 0.1863126 0.1910277 0.1870298 0.1671931 0.2142824 0.1783932 0.2186465 0.1507286 0.2380102 0.1671931 0.2142824 0.1910277 0.1870298 0.1783932 0.2186465 0.1910277 0.1870298 0.1962615 0.1643396 0.1982147 0.1888151 0.1783932 0.2186465 0.1910277 0.1870298 0.1982147 0.1888151 0.1962615 0.1643396 0.1982147 0.1644006 0.1982147 0.1888151 0.1507286 0.2380102 0.1783932 0.2186465 0.1982147 0.2178378 0.1783932 0.2186465 0.1982147 0.1888151 0.1982147 0.2178378 0.1507286 0.2380102 0.1982147 0.2178378 0.1982147 0.2387273 0.1982147 0.1644006 0.2001678 0.1643396 0.1982147 0.1888151 0.1982147 0.2178378 0.2457007 0.2380102 0.1982147 0.2387273 0.1982147 0.2178378 0.1982147 0.1888151 0.2180361 0.2186465 0.1982147 0.2178378 0.2180361 0.2186465 0.2457007 0.2380102 0.2054017 0.1870298 0.1982147 0.1888151 0.2001678 0.1643396 0.2180361 0.2186465 0.1982147 0.1888151 0.2054017 0.1870298 0.2180361 0.2186465 0.2292363 0.2142824 0.2457007 0.2380102 0.2180361 0.2186465 0.2054017 0.1870298 0.2292363 0.2142824 0.2292363 0.2142824 0.2655833 0.2354314 0.2457007 0.2380102 0.2054017 0.1870298 0.2001678 0.1643396 0.2075074 0.1863126 0.2054017 0.1870298 0.2075074 0.1863126 0.2292363 0.2142824 0.2001678 0.1643396 0.2042878 0.1612878 0.2075074 0.1863126 0.2292363 0.2142824 0.2362249 0.2089417 0.2655833 0.2354314 0.2292363 0.2142824 0.2075074 0.1863126 0.2362249 0.2089417 0.2362249 0.2089417 0.26981 0.2231174 0.2655833 0.2354314 0.2075074 0.1863126 0.2042878 0.1612878 0.2132906 0.1833371 0.2075074 0.1863126 0.2132906 0.1833371 0.2362249 0.2089417 0.2042878 0.1612878 0.2048066 0.1379567 0.2132906 0.1833371 0.2132906 0.1833371 0.2048066 0.1379567 0.2373693 0.1521324 0.2132906 0.1833371 0.2373693 0.1521324 0.2362249 0.2089417 0.2048066 0.1379567 0.2048066 0.1206378 0.2373693 0.1521324 0.2362249 0.2089417 0.2586709 0.1744106 0.26981 0.2231174 0.2362249 0.2089417 0.2373693 0.1521324 0.2586709 0.1744106 0.2586709 0.1744106 0.2905623 0.1799343 0.26981 0.2231174 0.26981 0.2231174 0.2905623 0.1799343 0.3109941 0.2387426 0.2373693 0.1521324 0.2647593 0.1557183 0.2586709 0.1744106 0.2586709 0.1744106 0.2647593 0.1557183 0.2905623 0.1799343 0.2048066 0.1206378 0.2381933 0.1263751 0.2373693 0.1521324 0.2373693 0.1521324 0.2381933 0.1263751 0.2647593 0.1557183 0.2048066 0.1206378 0.2381322 0.1029831 0.2381933 0.1263751 0.2048066 0.1206378 0.2048066 0.0933547 0.2381322 0.1029831 0.2048066 0.0933547 0.2048066 0.04489201 0.2381322 0.1029831 0.2647593 0.1557183 0.2381933 0.1263751 0.2652476 0.1351034 0.2652476 0.1351034 0.2381933 0.1263751 0.2381322 0.1029831 0.2647593 0.1557183 0.2652476 0.1351034 0.2951705 0.1613641 0.2905623 0.1799343 0.2647593 0.1557183 0.2951705 0.1613641 0.2652476 0.1351034 0.2381322 0.1029831 0.266743 0.1129167 0.3109941 0.2387426 0.2905623 0.1799343 0.3283742 0.1778897 0.3109941 0.2387426 0.3283742 0.1778897 0.3494163 0.248661 0.2905623 0.1799343 0.2951705 0.1613641 0.3299611 0.159411 0.2905623 0.1799343 0.3299611 0.159411 0.3283742 0.1778897 0.2951705 0.1613641 0.2652476 0.1351034 0.2972305 0.1403524 0.2652476 0.1351034 0.266743 0.1129167 0.2972305 0.1403524 0.3630427 0.1707789 0.3494163 0.248661 0.3283742 0.1778897 0.3931029 0.1390249 0.3494163 0.248661 0.3630427 0.1707789 0.3630427 0.1707789 0.3283742 0.1778897 0.3616541 0.1526054 0.3931029 0.1390249 0.3630427 0.1707789 0.3616541 0.1526054 0.3299611 0.159411 0.3616541 0.1526054 0.3283742 0.1778897 0.3931029 0.1212634 0.3931029 0.1390249 0.3616541 0.1526054 0.3616998 0.1333943 0.3616541 0.1526054 0.3299611 0.159411 0.3616998 0.1333943 0.3931029 0.1212634 0.3616541 0.1526054 0.2951705 0.1613641 0.331548 0.138796 0.3299611 0.159411 0.331548 0.138796 0.3616998 0.1333943 0.3299611 0.159411 0.2951705 0.1613641 0.2972305 0.1403524 0.331548 0.138796 0.3616998 0.1333943 0.3618524 0.1084916 0.3931029 0.1212634 0.331548 0.138796 0.3618524 0.1084916 0.3616998 0.1333943 0.3931029 0.1212634 0.3618524 0.1084916 0.3931029 0.0948348 0.3618524 0.1084916 0.3931029 0.04489201 0.3931029 0.0948348 0.2972305 0.1403524 0.3323873 0.1165789 0.331548 0.138796 0.331548 0.138796 0.3323873 0.1165789 0.3618524 0.1084916 0.3618524 0.1084916 0.3608759 0.05772489 0.3931029 0.04489201 0.3618524 0.1084916 0.3323873 0.1165789 0.3608759 0.05772489 0.3608759 0.05772489 0.3931029 0.03088426 0.3931029 0.04489201 0.2972305 0.1403524 0.2983291 0.1187609 0.3323873 0.1165789 0.2972305 0.1403524 0.266743 0.1129167 0.2983291 0.1187609 0.3358816 0.09253072 0.3608759 0.05772489 0.3323873 0.1165789 0.2983291 0.1187609 0.3358816 0.09253072 0.3323873 0.1165789 0.3608759 0.05772489 0.3556268 0.04475468 0.3931029 0.03088426 0.2937057 0.005951046 0.3931029 0.03088426 0.3556268 0.04475468 0.334432 0.08236819 0.3608759 0.05772489 0.3358816 0.09253072 0.334432 0.08236819 0.3556268 0.04475468 0.3608759 0.05772489 0.2990463 0.1002823 0.3358816 0.09253072 0.2983291 0.1187609 0.2990463 0.1002823 0.334432 0.08236819 0.3358816 0.09253072 0.3334859 0.07206833 0.3556268 0.04475468 0.334432 0.08236819 0.2937057 0.005951046 0.3556268 0.04475468 0.3334859 0.07206833 0.30103 0.09117263 0.334432 0.08236819 0.2990463 0.1002823 0.30103 0.09117263 0.3334859 0.07206833 0.334432 0.08236819 0.2645609 0.08364993 0.2990463 0.1002823 0.2983291 0.1187609 0.2645609 0.08364993 0.30103 0.09117263 0.2990463 0.1002823 0.266743 0.1129167 0.2645609 0.08364993 0.2983291 0.1187609 0.30103 0.09117263 0.3017624 0.08081179 0.3334859 0.07206833 0.3017624 0.08081179 0.2937057 0.005951046 0.3334859 0.07206833 0.2645609 0.08364993 0.2664836 0.07441824 0.30103 0.09117263 0.2675212 0.06562906 0.3017624 0.08081179 0.30103 0.09117263 0.2675212 0.06562906 0.30103 0.09117263 0.2664836 0.07441824 0.2675212 0.06562906 0.2937057 0.005951046 0.3017624 0.08081179 0.238529 0.052491 0.2664836 0.07441824 0.2645609 0.08364993 0.266743 0.1129167 0.238529 0.052491 0.2645609 0.08364993 0.238529 0.052491 0.2675212 0.06562906 0.2664836 0.07441824 0.2381322 0.1029831 0.238529 0.052491 0.266743 0.1129167 0.2381322 0.1029831 0.2048066 0.04489201 0.238529 0.052491 0.2431373 0.03860533 0.2937057 0.005951046 0.2675212 0.06562906 0.238529 0.052491 0.2431373 0.03860533 0.2675212 0.06562906 0.2048066 0.04489201 0.2431373 0.03860533 0.238529 0.052491 0.2048066 0.03088426 0.2937057 0.005951046 0.2431373 0.03860533 0.2048066 0.04489201 0.2048066 0.03088426 0.2431373 0.03860533 0.7566034 0.4663767 0.7537194 0.4759289 0.7153277 0.4793469 0.7566034 0.4663767 0.7153277 0.4793469 0.7149615 0.4710155 0.7149615 0.4710155 0.7153277 0.4793469 0.6746472 0.4962234 0.7170978 0.4438545 0.7566034 0.4663767 0.7149615 0.4710155 0.7610895 0.4456092 0.7566034 0.4663767 0.7170978 0.4438545 0.6665141 0.4699321 0.7149615 0.4710155 0.6746472 0.4962234 0.7170978 0.4438545 0.7149615 0.4710155 0.6665141 0.4699321 0.7129931 0.4135958 0.7610895 0.4456092 0.7170978 0.4438545 0.7599604 0.4142062 0.7610895 0.4456092 0.7129931 0.4135958 0.7599604 0.4142062 0.7129931 0.4135958 0.7096056 0.3977569 0.7599604 0.4142062 0.7096056 0.3977569 0.746746 0.3926604 0.7129931 0.4135958 0.7170978 0.4438545 0.6664226 0.4168918 0.7096056 0.3977569 0.7129931 0.4135958 0.6664226 0.4168918 0.7170978 0.4438545 0.6665141 0.4699321 0.6684215 0.4435188 0.6664226 0.4168918 0.7170978 0.4438545 0.6684215 0.4435188 0.7096056 0.3977569 0.7099718 0.3836423 0.746746 0.3926604 0.7096056 0.3977569 0.6664226 0.4168918 0.6644694 0.38439 0.7096056 0.3977569 0.6644694 0.38439 0.7099718 0.3836423 0.746746 0.3926604 0.7099718 0.3836423 0.7057298 0.3609827 0.746746 0.3926604 0.7057298 0.3609827 0.7505608 0.370306 0.6644694 0.38439 0.6501411 0.3665065 0.7099718 0.3836423 0.7099718 0.3836423 0.6501411 0.3665065 0.7057298 0.3609827 0.6644694 0.38439 0.6664226 0.4168918 0.6165561 0.3918212 0.7505608 0.370306 0.7057298 0.3609827 0.7160296 0.2768902 0.7505608 0.370306 0.7160296 0.2768902 0.7505608 0.2766003 0.7505608 0.2766003 0.7160296 0.2768902 0.7505608 0.2569009 0.6664226 0.4168918 0.6172732 0.4153353 0.6165561 0.3918212 0.6664226 0.4168918 0.6684215 0.4435188 0.6172732 0.4153353 0.6644694 0.38439 0.6165561 0.3918212 0.6205081 0.3634394 0.6644694 0.38439 0.6205081 0.3634394 0.6501411 0.3665065 0.6684215 0.4435188 0.6171664 0.441886 0.6172732 0.4153353 0.6684215 0.4435188 0.6665141 0.4699321 0.6171664 0.441886 0.6165561 0.3918212 0.6172732 0.4153353 0.5798276 0.3887999 0.6165561 0.3918212 0.5798276 0.3887999 0.6205081 0.3634394 0.6172732 0.4153353 0.6171664 0.441886 0.5798276 0.4132296 0.6172732 0.4153353 0.5798276 0.4132296 0.5798276 0.3887999 0.6665141 0.4699321 0.6179751 0.4688182 0.6171664 0.441886 0.6171664 0.441886 0.5798276 0.4411383 0.5798276 0.4132296 0.6171664 0.441886 0.6179751 0.4688182 0.5798276 0.4411383 0.6665141 0.4699321 0.6261082 0.4948501 0.6179751 0.4688182 0.6665141 0.4699321 0.6746472 0.4962234 0.6261082 0.4948501 0.6746472 0.4962234 0.6575418 0.5211872 0.6261082 0.4948501 0.6179751 0.4688182 0.5798276 0.4690166 0.5798276 0.4411383 0.6261082 0.4948501 0.6575418 0.5211872 0.6263828 0.513634 0.6179751 0.4688182 0.6261082 0.4948501 0.5798276 0.4962844 0.6179751 0.4688182 0.5798276 0.4962844 0.5798276 0.4690166 0.6261082 0.4948501 0.6263828 0.513634 0.5798276 0.4962844 0.5798276 0.4411383 0.5798276 0.4690166 0.54168 0.4688182 0.5798276 0.4690166 0.5798276 0.4962844 0.54168 0.4688182 0.6575418 0.5211872 0.626749 0.5424277 0.6263828 0.513634 0.6575418 0.5211872 0.6565042 0.5563439 0.626749 0.5424277 0.6263828 0.513634 0.626749 0.5424277 0.5798276 0.5467002 0.6263828 0.513634 0.5798276 0.5467002 0.5798276 0.4962844 0.626749 0.5424277 0.6565042 0.5563439 0.6133974 0.5705501 0.626749 0.5424277 0.6133974 0.5705501 0.5798276 0.5467002 0.6565042 0.5563439 0.6583963 0.5782406 0.6133974 0.5705501 0.6133974 0.5705501 0.6583963 0.5782406 0.6247349 0.5853971 0.6583963 0.5782406 0.6607309 0.5975891 0.6247349 0.5853971 0.6133974 0.5705501 0.5798276 0.5514458 0.5798276 0.5467002 0.6247349 0.5853971 0.6607309 0.5975891 0.6326543 0.6039673 0.6607309 0.5975891 0.6626994 0.6304113 0.6326543 0.6039673 0.6326543 0.6039673 0.6626994 0.6304113 0.6379034 0.6327306 0.6626994 0.6304113 0.6382238 0.6664225 0.6379034 0.6327306 0.6626994 0.6304113 0.6664226 0.6632639 0.6382238 0.6664225 0.6382238 0.6664225 0.6664226 0.6632639 0.636759 0.6920882 0.6664226 0.6632639 0.6694896 0.689189 0.636759 0.6920882 0.5798276 0.5514458 0.5462577 0.5705501 0.5798276 0.5467002 0.636759 0.6920882 0.6694896 0.689189 0.6339055 0.7220722 0.636759 0.6920882 0.6339055 0.7220722 0.6293889 0.7197681 0.6694896 0.689189 0.6733654 0.7176166 0.6339055 0.7220722 0.6694896 0.689189 0.680354 0.713344 0.6733654 0.7176166 0.6339055 0.7220722 0.6313878 0.7471733 0.6293889 0.7197681 0.6339055 0.7220722 0.6733654 0.7176166 0.6313878 0.7471733 0.6293889 0.7197681 0.6255131 0.741558 0.6208591 0.7372244 0.6293889 0.7197681 0.6313878 0.7471733 0.6255131 0.741558 0.6313878 0.7471733 0.6223239 0.7725033 0.6255131 0.741558 0.680354 0.713344 0.6764782 0.7449759 0.6733654 0.7176166 0.6733654 0.7176166 0.6764782 0.7449759 0.6313878 0.7471733 0.680354 0.713344 0.6862135 0.7508659 0.6764782 0.7449759 0.6764782 0.7449759 0.6862135 0.7508659 0.6880293 0.7692226 0.6313878 0.7471733 0.6288243 0.7713589 0.6223239 0.7725033 0.6313878 0.7471733 0.6764782 0.7449759 0.6288243 0.7713589 0.6764782 0.7449759 0.6880293 0.7692226 0.6787518 0.7693294 0.6764782 0.7449759 0.6787518 0.7693294 0.6288243 0.7713589 0.6880293 0.7692226 0.6872816 0.7931029 0.6787518 0.7693294 0.6288243 0.7713589 0.6310369 0.7907835 0.6223239 0.7725033 0.6223239 0.7725033 0.6310369 0.7907835 0.6248875 0.7956054 0.6310369 0.7907835 0.6589151 0.8102388 0.6248875 0.7956054 0.6288243 0.7713589 0.6573587 0.8029298 0.6310369 0.7907835 0.6310369 0.7907835 0.6573587 0.8029298 0.6589151 0.8102388 0.6288243 0.7713589 0.6787518 0.7693294 0.6573587 0.8029298 0.6872816 0.7931029 0.6589151 0.8102388 0.680354 0.7899596 0.6787518 0.7693294 0.6872816 0.7931029 0.680354 0.7899596 0.6573587 0.8029298 0.680354 0.7899596 0.6589151 0.8102388 0.6787518 0.7693294 0.680354 0.7899596 0.6573587 0.8029298 0.5462577 0.5705501 0.5349355 0.5853971 0.5012589 0.5782406 0.5012589 0.5782406 0.5349355 0.5853971 0.4989242 0.5975891 0.5349355 0.5853971 0.5270009 0.6039673 0.4989242 0.5975891 0.503151 0.5563439 0.5462577 0.5705501 0.5012589 0.5782406 0.4989242 0.5975891 0.5270009 0.6039673 0.4969558 0.6304113 0.5270009 0.6039673 0.521767 0.6327306 0.4969558 0.6304113 0.4969558 0.6304113 0.521767 0.6327306 0.5214313 0.6664225 0.4969558 0.6304113 0.5214313 0.6664225 0.4932479 0.6632639 0.5214313 0.6664225 0.5228962 0.6920882 0.4932479 0.6632639 0.4932479 0.6632639 0.5228962 0.6920882 0.4901655 0.689189 0.5329061 0.5424277 0.5462577 0.5705501 0.503151 0.5563439 0.5329061 0.5424277 0.5798276 0.5467002 0.5462577 0.5705501 0.5021134 0.5211872 0.5329061 0.5424277 0.503151 0.5563439 0.5332723 0.513634 0.5798276 0.5467002 0.5329061 0.5424277 0.5021134 0.5211872 0.5332723 0.513634 0.5329061 0.5424277 0.5332723 0.513634 0.5798276 0.4962844 0.5798276 0.5467002 0.533547 0.4948501 0.5332723 0.513634 0.5021134 0.5211872 0.533547 0.4948501 0.5798276 0.4962844 0.5332723 0.513634 0.533547 0.4948501 0.5021134 0.5211872 0.485008 0.4962234 0.54168 0.4688182 0.5798276 0.4962844 0.533547 0.4948501 0.4931563 0.4699321 0.533547 0.4948501 0.485008 0.4962234 0.54168 0.4688182 0.533547 0.4948501 0.4931563 0.4699321 0.4931563 0.4699321 0.485008 0.4962234 0.4446937 0.4710155 0.4446937 0.4710155 0.485008 0.4962234 0.4443274 0.4793469 0.54168 0.4688182 0.4931563 0.4699321 0.5424888 0.441886 0.5798276 0.4411383 0.54168 0.4688182 0.5424888 0.441886 0.5798276 0.4132296 0.5798276 0.4411383 0.5424888 0.441886 0.4446937 0.4710155 0.4443274 0.4793469 0.4030518 0.4663767 0.4030518 0.4663767 0.4443274 0.4793469 0.405951 0.4759289 0.4425727 0.4438545 0.4446937 0.4710155 0.4030518 0.4663767 0.4425727 0.4438545 0.4931563 0.4699321 0.4446937 0.4710155 0.4425727 0.4438545 0.4030518 0.4663767 0.3985657 0.4456092 0.5424888 0.441886 0.4931563 0.4699321 0.491249 0.4435188 0.491249 0.4435188 0.4931563 0.4699321 0.4425727 0.4438545 0.5798276 0.4132296 0.5424888 0.441886 0.542382 0.4153353 0.5424888 0.441886 0.491249 0.4435188 0.542382 0.4153353 0.5798276 0.4132296 0.542382 0.4153353 0.5798276 0.3887999 0.491249 0.4435188 0.4425727 0.4438545 0.4932326 0.4168918 0.542382 0.4153353 0.491249 0.4435188 0.4932326 0.4168918 0.4466621 0.4135958 0.4425727 0.4438545 0.3985657 0.4456092 0.4932326 0.4168918 0.4425727 0.4438545 0.4466621 0.4135958 0.3996948 0.4142062 0.4466621 0.4135958 0.3985657 0.4456092 0.542382 0.4153353 0.4932326 0.4168918 0.5430991 0.3918212 0.5798276 0.3887999 0.542382 0.4153353 0.5430991 0.3918212 0.4500648 0.3977569 0.4466621 0.4135958 0.3996948 0.4142062 0.4500648 0.3977569 0.4932326 0.4168918 0.4466621 0.4135958 0.4129091 0.3926604 0.4500648 0.3977569 0.3996948 0.4142062 0.5430991 0.3918212 0.4932326 0.4168918 0.4951858 0.38439 0.4951858 0.38439 0.4932326 0.4168918 0.4500648 0.3977569 0.4496834 0.3836423 0.4500648 0.3977569 0.4129091 0.3926604 0.4496834 0.3836423 0.4951858 0.38439 0.4500648 0.3977569 0.4539406 0.3609827 0.4496834 0.3836423 0.4129091 0.3926604 0.4539406 0.3609827 0.4129091 0.3926604 0.4090943 0.370306 0.509514 0.3665065 0.4951858 0.38439 0.4496834 0.3836423 0.509514 0.3665065 0.4496834 0.3836423 0.4539406 0.3609827 0.5430991 0.3918212 0.4951858 0.38439 0.539147 0.3634394 0.539147 0.3634394 0.4951858 0.38439 0.509514 0.3665065 0.5798276 0.3887999 0.5430991 0.3918212 0.539147 0.3634394 0.5798276 0.358114 0.5798276 0.3887999 0.539147 0.3634394 0.6205081 0.3634394 0.5798276 0.3887999 0.5798276 0.358114 0.5798276 0.358114 0.539147 0.3634394 0.5798276 0.3231403 0.6205081 0.3634394 0.5798276 0.358114 0.5798276 0.3231403 0.539147 0.3634394 0.509514 0.3665065 0.5511559 0.3424125 0.5798276 0.3231403 0.539147 0.3634394 0.5511559 0.3424125 0.6085146 0.3424125 0.6205081 0.3634394 0.5798276 0.3231403 0.6501411 0.3665065 0.6205081 0.3634394 0.6085146 0.3424125 0.5798276 0.3231403 0.5511559 0.3424125 0.5747921 0.304448 0.5798276 0.3004349 0.5798276 0.3231403 0.5747921 0.304448 0.5848783 0.304448 0.5798276 0.3231403 0.5798276 0.3004349 0.6085146 0.3424125 0.5798276 0.3231403 0.5848783 0.304448 0.5747921 0.304448 0.5511559 0.3424125 0.5407492 0.332372 0.5511559 0.3424125 0.509514 0.3665065 0.5407492 0.332372 0.5747921 0.304448 0.5407492 0.332372 0.570367 0.2999008 0.6085146 0.3424125 0.5848783 0.304448 0.6189212 0.332372 0.6501411 0.3665065 0.6085146 0.3424125 0.6189212 0.332372 0.5848783 0.304448 0.5892882 0.2999008 0.6189212 0.332372 0.6529488 0.3478294 0.6501411 0.3665065 0.6189212 0.332372 0.7057298 0.3609827 0.6501411 0.3665065 0.6529488 0.3478294 0.6189212 0.332372 0.5892882 0.2999008 0.6340734 0.2738689 0.6529488 0.3478294 0.6189212 0.332372 0.6340734 0.2738689 0.5892882 0.2999008 0.5892882 0.2738842 0.6340734 0.2738689 0.7057298 0.3609827 0.6529488 0.3478294 0.6699016 0.2776379 0.6529488 0.3478294 0.6340734 0.2738689 0.6699016 0.2776379 0.5892882 0.2738842 0.5892882 0.254902 0.6340734 0.2738689 0.7160296 0.2768902 0.7057298 0.3609827 0.6699016 0.2776379 0.6323797 0.2623789 0.6340734 0.2738689 0.5892882 0.254902 0.6699016 0.2776379 0.6340734 0.2738689 0.6323797 0.2623789 0.7160296 0.2768902 0.6699016 0.2776379 0.6710613 0.2664988 0.6710613 0.2664988 0.6699016 0.2776379 0.6323797 0.2623789 0.7160296 0.2768902 0.6710613 0.2664988 0.7163805 0.2643015 0.7505608 0.2569009 0.7160296 0.2768902 0.7163805 0.2643015 0.6710613 0.2664988 0.6323797 0.2623789 0.6706798 0.2223392 0.7163805 0.2643015 0.6710613 0.2664988 0.6706798 0.2223392 0.7505608 0.2569009 0.7163805 0.2643015 0.7171435 0.22504 0.7163805 0.2643015 0.6706798 0.2223392 0.7171435 0.22504 0.7505608 0.2569009 0.7171435 0.22504 0.7505608 0.2270084 0.6323797 0.2623789 0.5892882 0.254902 0.6318303 0.2230716 0.6706798 0.2223392 0.6323797 0.2623789 0.6318303 0.2230716 0.5892882 0.254902 0.5892882 0.224216 0.6318303 0.2230716 0.6318303 0.2230716 0.5892882 0.224216 0.5892882 0.1702754 0.6318303 0.2230716 0.5892882 0.1702754 0.6304265 0.1794766 0.6706798 0.2223392 0.6318303 0.2230716 0.6304265 0.1794766 0.5892882 0.1702754 0.5892882 0.1562829 0.6304265 0.1794766 0.7171435 0.22504 0.6706798 0.2223392 0.7175555 0.1763637 0.7171435 0.22504 0.7175555 0.1763637 0.7505608 0.2270084 0.7505608 0.2270084 0.7175555 0.1763637 0.7505608 0.1702754 0.6706798 0.2223392 0.6304265 0.1794766 0.6703899 0.1859464 0.7175555 0.1763637 0.6706798 0.2223392 0.6703899 0.1859464 0.6304265 0.1794766 0.5892882 0.1562829 0.632105 0.1626306 0.6304265 0.1794766 0.632105 0.1626306 0.6703899 0.1859464 0.5892882 0.1562829 0.663859 0.1309834 0.632105 0.1626306 0.632105 0.1626306 0.6703441 0.1682307 0.6703899 0.1859464 0.632105 0.1626306 0.663859 0.1309834 0.6703441 0.1682307 0.7175555 0.1763637 0.6703899 0.1859464 0.6703441 0.1682307 0.7153735 0.1616998 0.6703441 0.1682307 0.663859 0.1309834 0.7153735 0.1616998 0.7175555 0.1763637 0.6703441 0.1682307 0.7505608 0.1702754 0.7175555 0.1763637 0.7153735 0.1616998 0.7505608 0.1562829 0.7153735 0.1616998 0.663859 0.1309834 0.7505608 0.1702754 0.7153735 0.1616998 0.7505608 0.1562829 0.5302663 0.7197681 0.5387961 0.7372244 0.5341421 0.741558 0.5302663 0.7197681 0.5341421 0.741558 0.5282826 0.7471733 0.5341421 0.741558 0.5373312 0.7725033 0.5282826 0.7471733 0.5302663 0.7197681 0.5282826 0.7471733 0.5257496 0.7220722 0.5228962 0.6920882 0.5302663 0.7197681 0.5257496 0.7220722 0.5228962 0.6920882 0.5257496 0.7220722 0.4901655 0.689189 0.4901655 0.689189 0.5257496 0.7220722 0.4862897 0.7176166 0.5257496 0.7220722 0.5282826 0.7471733 0.4862897 0.7176166 0.4901655 0.689189 0.4862897 0.7176166 0.4793011 0.713344 0.4862897 0.7176166 0.4831769 0.7449759 0.4793011 0.713344 0.4862897 0.7176166 0.5282826 0.7471733 0.4831769 0.7449759 0.4793011 0.713344 0.4831769 0.7449759 0.4734569 0.7508659 0.4831769 0.7449759 0.4716411 0.7692226 0.4734569 0.7508659 0.5282826 0.7471733 0.5308309 0.7713589 0.4831769 0.7449759 0.5282826 0.7471733 0.5373312 0.7725033 0.5308309 0.7713589 0.4831769 0.7449759 0.4809033 0.7693294 0.4716411 0.7692226 0.4831769 0.7449759 0.5308309 0.7713589 0.4809033 0.7693294 0.4809033 0.7693294 0.4723888 0.7931029 0.4716411 0.7692226 0.5373312 0.7725033 0.5286183 0.7907835 0.5308309 0.7713589 0.5373312 0.7725033 0.5347677 0.7956054 0.5286183 0.7907835 0.5347677 0.7956054 0.5007401 0.8102388 0.5286183 0.7907835 0.5308309 0.7713589 0.5286183 0.7907835 0.5023118 0.8029298 0.5286183 0.7907835 0.5007401 0.8102388 0.5023118 0.8029298 0.5308309 0.7713589 0.5023118 0.8029298 0.4809033 0.7693294 0.4793011 0.7899596 0.5007401 0.8102388 0.4723888 0.7931029 0.5023118 0.8029298 0.5007401 0.8102388 0.4793011 0.7899596 0.4809033 0.7693294 0.4793011 0.7899596 0.4723888 0.7931029 0.4809033 0.7693294 0.5023118 0.8029298 0.4793011 0.7899596 0.2960403 0.9639582 0.2760204 0.9904784 0.2718394 0.983917 0.2986038 0.9725338 0.2760204 0.9904784 0.2960403 0.9639582 0.3207752 0.9472038 0.2986038 0.9725338 0.2960403 0.9639582 0.3024948 0.9783932 0.2831006 0.9942474 0.2760204 0.9904784 0.3024948 0.9783932 0.2760204 0.9904784 0.2986038 0.9725338 0.3251392 0.951339 0.2986038 0.9725338 0.3207752 0.9472038 0.3251392 0.951339 0.3024948 0.9783932 0.2986038 0.9725338 0.3251392 0.951339 0.3291371 0.9548791 0.3024948 0.9783932 0.3538414 0.9240864 0.3291371 0.9548791 0.3251392 0.951339 0.3423972 0.9265736 0.3251392 0.951339 0.3207752 0.9472038 0.3423972 0.9265736 0.3538414 0.9240864 0.3251392 0.951339 0.3754635 0.9021592 0.3538414 0.9240864 0.3423972 0.9265736 0.3731746 0.89337 0.3754635 0.9021592 0.3423972 0.9265736 0.3731746 0.89337 0.3423972 0.9265736 0.3540093 0.8923018 0.3556268 0.8639353 0.3731746 0.89337 0.3540093 0.8923018 0.4024567 0.889662 0.3754635 0.9021592 0.3731746 0.89337 0.4024567 0.889662 0.4024567 0.8987869 0.3754635 0.9021592 0.3652094 0.8505837 0.3731746 0.89337 0.3556268 0.8639353 0.3652094 0.8505837 0.4024567 0.889662 0.3731746 0.89337 0.3572442 0.8325017 0.3652094 0.8505837 0.3556268 0.8639353 0.4024567 0.889662 0.4294499 0.9021592 0.4024567 0.8987869 0.3572442 0.8325017 0.378851 0.819913 0.3652094 0.8505837 0.3572442 0.8325017 0.3561151 0.8115969 0.378851 0.819913 0.3561151 0.8115969 0.3812009 0.8007019 0.378851 0.819913 0.378851 0.819913 0.3812009 0.8007019 0.4024567 0.7978332 0.378851 0.819913 0.4024567 0.8440833 0.3652094 0.8505837 0.3652094 0.8505837 0.4024567 0.8440833 0.4024567 0.889662 0.378851 0.819913 0.4024567 0.7978332 0.4024567 0.8179904 0.378851 0.819913 0.4024567 0.8179904 0.4024567 0.8440833 0.4024567 0.7978332 0.4260624 0.819913 0.4024567 0.8179904 0.4024567 0.8179904 0.4260624 0.819913 0.4024567 0.8440833 0.4024567 0.7978332 0.4237125 0.8007019 0.4260624 0.819913 0.4260624 0.819913 0.4237125 0.8007019 0.4487984 0.8115969 0.4260624 0.819913 0.4487984 0.8115969 0.4476692 0.8325017 0.4024567 0.8440833 0.4260624 0.819913 0.439704 0.8505837 0.4260624 0.819913 0.4476692 0.8325017 0.439704 0.8505837 0.4024567 0.8440833 0.439704 0.8505837 0.4024567 0.889662 0.439704 0.8505837 0.4476692 0.8325017 0.4492866 0.8639353 0.4024567 0.889662 0.439704 0.8505837 0.4317387 0.89337 0.439704 0.8505837 0.4492866 0.8639353 0.4317387 0.89337 0.4024567 0.889662 0.4317387 0.89337 0.4294499 0.9021592 0.4317387 0.89337 0.4492866 0.8639353 0.4509041 0.8923018 0.4317387 0.89337 0.4509041 0.8923018 0.4625162 0.9265736 0.4317387 0.89337 0.4625162 0.9265736 0.4294499 0.9021592 0.4294499 0.9021592 0.4625162 0.9265736 0.4514229 0.9238117 0.4625162 0.9265736 0.4797437 0.9513695 0.4514229 0.9238117 0.4514229 0.9238117 0.4797437 0.9513695 0.4758221 0.9548485 0.4625162 0.9265736 0.4841383 0.9472038 0.4797437 0.9513695 0.4797437 0.9513695 0.5024338 0.9783932 0.4758221 0.9548485 0.4797437 0.9513695 0.4841383 0.9472038 0.5063096 0.9725338 0.4797437 0.9513695 0.5063096 0.9725338 0.5024338 0.9783932 0.4841383 0.9472038 0.5089036 0.963943 0.5063096 0.9725338 0.5063096 0.9725338 0.5288777 0.9904784 0.5024338 0.9783932 0.5063096 0.9725338 0.5089036 0.963943 0.5288777 0.9904784 0.5024338 0.9783932 0.5288777 0.9904784 0.5218128 0.9942321 0.5089036 0.963943 0.5330739 0.983917 0.5288777 0.9904784 0.8730449 0.5787594 0.8582285 0.6002594 0.8809186 0.6115816 0.8730449 0.5787594 0.8809186 0.6115816 0.8850691 0.5828336 0.8718547 0.5569238 0.8730449 0.5787594 0.8850691 0.5828336 0.8850691 0.5828336 0.8809186 0.6115816 0.8963302 0.5967804 0.8809186 0.6115816 0.897673 0.6184024 0.8963302 0.5967804 0.8718547 0.5569238 0.8850691 0.5828336 0.903151 0.5701076 0.8850691 0.5828336 0.8963302 0.5967804 0.903151 0.5701076 0.8963302 0.5967804 0.897673 0.6184024 0.9148699 0.6009461 0.903151 0.5701076 0.8963302 0.5967804 0.9148699 0.6009461 0.897673 0.6184024 0.9115892 0.6225529 0.9148699 0.6009461 0.8718547 0.5569238 0.903151 0.5701076 0.8968796 0.5452507 0.9115892 0.6225529 0.9277027 0.6177005 0.9148699 0.6009461 0.9115892 0.6225529 0.9250782 0.6259251 0.9277027 0.6177005 0.9250782 0.6259251 0.9357901 0.6327306 0.9277027 0.6177005 0.8718547 0.5569238 0.8968796 0.5452507 0.8785535 0.5270924 0.8718547 0.5569238 0.8785535 0.5270924 0.8551156 0.5445945 0.9277027 0.6177005 0.9357901 0.6327306 0.9370718 0.6246891 0.9370718 0.6246891 0.9357901 0.6327306 0.9468223 0.6356145 0.8785535 0.5270924 0.8506905 0.5225147 0.8551156 0.5445945 0.8551156 0.5445945 0.8506905 0.5225147 0.8368505 0.5426261 0.9370718 0.6246891 0.9468223 0.6356145 0.9458915 0.6288243 0.9458915 0.6288243 0.9468223 0.6356145 0.9574884 0.6313573 0.9370718 0.6246891 0.9458915 0.6288243 0.949218 0.6184939 0.9458915 0.6288243 0.9574884 0.6313573 0.9524224 0.6257572 0.9458915 0.6288243 0.9524224 0.6257572 0.949218 0.6184939 0.9571832 0.6207218 0.9524224 0.6257572 0.9574884 0.6313573 0.9571832 0.6207218 0.949218 0.6184939 0.9524224 0.6257572 0.9571832 0.6207218 0.9574884 0.6313573 0.961532 0.6261845 0.9648585 0.6148166 0.9571832 0.6207218 0.961532 0.6261845 0.9575799 0.6131228 0.9571832 0.6207218 0.9648585 0.6148166 0.9575799 0.6131228 0.949218 0.6184939 0.9571832 0.6207218 0.9602655 0.602945 0.9575799 0.6131228 0.9648585 0.6148166 0.9413138 0.6123598 0.9370718 0.6246891 0.949218 0.6184939 0.9413138 0.6123598 0.949218 0.6184939 0.9575799 0.6131228 0.9413138 0.6123598 0.9277027 0.6177005 0.9370718 0.6246891 0.9602655 0.602945 0.9516595 0.6057374 0.9575799 0.6131228 0.9516595 0.6057374 0.9413138 0.6123598 0.9575799 0.6131228 0.9438621 0.5973297 0.9516595 0.6057374 0.9602655 0.602945 0.9438621 0.5973297 0.9413138 0.6123598 0.9516595 0.6057374 0.9517663 0.5938354 0.9438621 0.5973297 0.9602655 0.602945 0.9469596 0.5839933 0.9438621 0.5973297 0.9517663 0.5938354 0.9330892 0.6051423 0.9277027 0.6177005 0.9413138 0.6123598 0.9438621 0.5973297 0.9330892 0.6051423 0.9413138 0.6123598 0.9148699 0.6009461 0.9277027 0.6177005 0.9330892 0.6051423 0.9345388 0.5758908 0.9330892 0.6051423 0.9438621 0.5973297 0.9148699 0.6009461 0.9330892 0.6051423 0.9345388 0.5758908 0.903151 0.5701076 0.9148699 0.6009461 0.9345388 0.5758908 0.9577325 0.5659877 0.9345388 0.5758908 0.9469596 0.5839933 0.9577325 0.5659877 0.9469596 0.5839933 0.9621881 0.5747921 0.9783017 0.5713893 0.9577325 0.5659877 0.9621881 0.5747921 0.903151 0.5701076 0.9345388 0.5758908 0.9224994 0.5321889 0.8968796 0.5452507 0.903151 0.5701076 0.9224994 0.5321889 0.8968796 0.5452507 0.9224994 0.5321889 0.8785535 0.5270924 0.9541161 0.5514305 0.9345388 0.5758908 0.9577325 0.5659877 0.9224994 0.5321889 0.9345388 0.5758908 0.9541161 0.5514305 0.9731441 0.5635157 0.9577325 0.5659877 0.9783017 0.5713893 0.9915923 0.5649958 0.9731441 0.5635157 0.9783017 0.5713893 0.9541161 0.5514305 0.9577325 0.5659877 0.9665522 0.5504997 0.9665522 0.5504997 0.9577325 0.5659877 0.9731441 0.5635157 0.9851682 0.5604487 0.9731441 0.5635157 0.9915923 0.5649958 0.9851682 0.5604487 0.9665522 0.5504997 0.9731441 0.5635157 0.997116 0.551751 0.9851682 0.5604487 0.9915923 0.5649958 0.9541161 0.5514305 0.9665522 0.5504997 0.9547265 0.5366141 0.9224994 0.5321889 0.9541161 0.5514305 0.9547265 0.5366141 0.997116 0.551751 0.9883421 0.5525903 0.9851682 0.5604487 0.9877318 0.5450676 0.9883421 0.5525903 0.997116 0.551751 0.9958343 0.5443962 0.9877318 0.5450676 0.997116 0.551751 0.9883421 0.5525903 0.978851 0.5495079 0.9851682 0.5604487 0.9877318 0.5450676 0.978851 0.5495079 0.9883421 0.5525903 0.9851682 0.5604487 0.978851 0.5495079 0.9665522 0.5504997 0.9829099 0.5379111 0.9877318 0.5450676 0.9958343 0.5443962 0.9829099 0.5379111 0.978851 0.5495079 0.9877318 0.5450676 0.9829099 0.5379111 0.9665522 0.5504997 0.978851 0.5495079 0.9883421 0.5323567 0.9829099 0.5379111 0.9958343 0.5443962 0.9705043 0.5367667 0.9665522 0.5504997 0.9829099 0.5379111 0.9705043 0.5367667 0.9829099 0.5379111 0.9883421 0.5323567 0.9547265 0.5366141 0.9665522 0.5504997 0.9705043 0.5367667 0.9741512 0.528191 0.9705043 0.5367667 0.9883421 0.5323567 0.9547265 0.5366141 0.9705043 0.5367667 0.9741512 0.528191 0.9576257 0.5273671 0.9547265 0.5366141 0.9741512 0.528191 0.9403067 0.5246662 0.9547265 0.5366141 0.9576257 0.5273671 0.9224994 0.5321889 0.9547265 0.5366141 0.9403067 0.5246662 0.9399405 0.5034562 0.9224994 0.5321889 0.9403067 0.5246662 0.9399405 0.5034562 0.9403067 0.5246662 0.9490654 0.5075761 0.9606012 0.4940108 0.9399405 0.5034562 0.9490654 0.5075761 0.9283284 0.4939498 0.9224994 0.5321889 0.9399405 0.5034562 0.9514001 0.4914016 0.9399405 0.5034562 0.9606012 0.4940108 0.9514001 0.4914016 0.9606012 0.4940108 0.9669795 0.4793012 0.9379416 0.4842146 0.9283284 0.4939498 0.9399405 0.5034562 0.9379416 0.4842146 0.9399405 0.5034562 0.9514001 0.4914016 0.8944381 0.4935225 0.9224994 0.5321889 0.9283284 0.4939498 0.8785535 0.5270924 0.9224994 0.5321889 0.8944381 0.4935225 0.9192187 0.4822156 0.9283284 0.4939498 0.9379416 0.4842146 0.8944381 0.4935225 0.9283284 0.4939498 0.9192187 0.4822156 0.9590143 0.4799268 0.9514001 0.4914016 0.9669795 0.4793012 0.9633631 0.4645762 0.9590143 0.4799268 0.9669795 0.4793012 0.9473869 0.4746777 0.9379416 0.4842146 0.9514001 0.4914016 0.9473869 0.4746777 0.9514001 0.4914016 0.9590143 0.4799268 0.9633631 0.4645762 0.9569848 0.4704814 0.9590143 0.4799268 0.9473869 0.4746777 0.9590143 0.4799268 0.9569848 0.4704814 0.9515832 0.4651255 0.9569848 0.4704814 0.9633631 0.4645762 0.9515832 0.4651255 0.9473869 0.4746777 0.9569848 0.4704814 0.9576867 0.4595713 0.9515832 0.4651255 0.9633631 0.4645762 0.9428855 0.4629588 0.9515832 0.4651255 0.9576867 0.4595713 0.9428855 0.4629588 0.9473869 0.4746777 0.9515832 0.4651255 0.9432517 0.4551461 0.9428855 0.4629588 0.9576867 0.4595713 0.9428855 0.4629588 0.9312276 0.4706187 0.9473869 0.4746777 0.9432517 0.4551461 0.9312276 0.4706187 0.9428855 0.4629588 0.9312276 0.4706187 0.9379416 0.4842146 0.9473869 0.4746777 0.9275349 0.4620432 0.9312276 0.4706187 0.9432517 0.4551461 0.9312276 0.4706187 0.9192187 0.4822156 0.9379416 0.4842146 0.9275349 0.4620432 0.9192187 0.4822156 0.9312276 0.4706187 0.9146105 0.473579 0.9192187 0.4822156 0.9275349 0.4620432 0.8959945 0.4803082 0.9192187 0.4822156 0.9146105 0.473579 0.8944381 0.4935225 0.9192187 0.4822156 0.8959945 0.4803082 0.8944381 0.4935225 0.8959945 0.4803082 0.8841993 0.4683452 0.8959945 0.4803082 0.8938888 0.4646677 0.8841993 0.4683452 0.8938888 0.4646677 0.8928207 0.4487068 0.8841993 0.4683452 0.8841993 0.4683452 0.8928207 0.4487068 0.884245 0.4531319 0.8928207 0.4487068 0.8872511 0.4352483 0.884245 0.4531319 0.8682994 0.4695201 0.8944381 0.4935225 0.8841993 0.4683452 0.884245 0.4531319 0.8872511 0.4352483 0.8819715 0.4407111 0.8748303 0.4280309 0.8819715 0.4407111 0.8872511 0.4352483 0.8841993 0.4683452 0.884245 0.4531319 0.869337 0.4577096 0.8682994 0.4695201 0.8841993 0.4683452 0.869337 0.4577096 0.884245 0.4531319 0.8819715 0.4407111 0.8699169 0.4455787 0.869337 0.4577096 0.884245 0.4531319 0.8699169 0.4455787 0.8748303 0.4280309 0.8744335 0.4366675 0.8819715 0.4407111 0.8699169 0.4455787 0.8819715 0.4407111 0.8744335 0.4366675 0.8666514 0.4361792 0.8744335 0.4366675 0.8748303 0.4280309 0.8699169 0.4455787 0.8744335 0.4366675 0.8666514 0.4361792 0.8670329 0.4282292 0.8666514 0.4361792 0.8748303 0.4280309 0.858732 0.4396582 0.8666514 0.4361792 0.8670329 0.4282292 0.858732 0.4396582 0.8699169 0.4455787 0.8666514 0.4361792 0.8540017 0.4338293 0.858732 0.4396582 0.8670329 0.4282292 0.8551919 0.4517434 0.869337 0.4577096 0.8699169 0.4455787 0.8551919 0.4517434 0.8699169 0.4455787 0.858732 0.4396582 0.8540017 0.4338293 0.8551919 0.4517434 0.858732 0.4396582 0.8682994 0.4695201 0.869337 0.4577096 0.8551919 0.4517434 0.8469825 0.4465553 0.8551919 0.4517434 0.8540017 0.4338293 0.853605 0.4662699 0.8551919 0.4517434 0.8469825 0.4465553 0.8682994 0.4695201 0.8551919 0.4517434 0.853605 0.4662699 0.853605 0.4662699 0.8469825 0.4465553 0.8443122 0.4625925 0.853605 0.4662699 0.8443122 0.4625925 0.8388495 0.4795606 0.8584268 0.4945907 0.8682994 0.4695201 0.853605 0.4662699 0.8584268 0.4945907 0.853605 0.4662699 0.8388495 0.4795606 0.8584268 0.4945907 0.8944381 0.4935225 0.8682994 0.4695201 0.8785535 0.5270924 0.8944381 0.4935225 0.8584268 0.4945907 0.8785535 0.5270924 0.8584268 0.4945907 0.8506905 0.5225147 0.8584268 0.4945907 0.8388495 0.4795606 0.8245365 0.503624 0.8506905 0.5225147 0.8584268 0.4945907 0.8245365 0.503624 0.8388495 0.4795606 0.8217288 0.4767071 0.8245365 0.503624 0.8506905 0.5225147 0.8245365 0.503624 0.8368505 0.5426261 0.8217288 0.4767071 0.8142672 0.482124 0.8245365 0.503624 0.8368505 0.5426261 0.8245365 0.503624 0.8138704 0.5286641 0.8368505 0.5426261 0.8138704 0.5286641 0.820325 0.5535058 0.8142672 0.482124 0.8084688 0.4936293 0.8245365 0.503624 0.8142672 0.482124 0.8040284 0.4720379 0.8084688 0.4936293 0.820325 0.5535058 0.8138704 0.5286641 0.8009461 0.5381247 0.820325 0.5535058 0.8009461 0.5381247 0.8106966 0.5745785 0.8040284 0.4720379 0.7998322 0.4848402 0.8084688 0.4936293 0.8040284 0.4720379 0.7917296 0.4687877 0.7998322 0.4848402 0.8084688 0.4936293 0.7953003 0.5021896 0.8245365 0.503624 0.8084688 0.4936293 0.7998322 0.4848402 0.7953003 0.5021896 0.8245365 0.503624 0.8068666 0.5137255 0.8138704 0.5286641 0.8245365 0.503624 0.7953003 0.5021896 0.8068666 0.5137255 0.8068666 0.5137255 0.7937438 0.5204089 0.8138704 0.5286641 0.8068666 0.5137255 0.7953003 0.5021896 0.7937438 0.5204089 0.8138704 0.5286641 0.7937438 0.5204089 0.8009461 0.5381247 0.7953003 0.5021896 0.7825284 0.508751 0.7937438 0.5204089 0.7735256 0.4989853 0.7825284 0.508751 0.7953003 0.5021896 0.7937438 0.5204089 0.7874571 0.5375449 0.8009461 0.5381247 0.8009461 0.5381247 0.7874571 0.5375449 0.8106966 0.5745785 0.7937438 0.5204089 0.7791867 0.5142291 0.7874571 0.5375449 0.7874113 0.4939956 0.7735256 0.4989853 0.7953003 0.5021896 0.7998322 0.4848402 0.7874113 0.4939956 0.7953003 0.5021896 0.7874113 0.4939956 0.7821927 0.4886397 0.7735256 0.4989853 0.7821927 0.4886397 0.770779 0.4865339 0.7735256 0.4989853 0.7998322 0.4848402 0.7907988 0.4787824 0.7874113 0.4939956 0.7907988 0.4787824 0.7821927 0.4886397 0.7874113 0.4939956 0.7917296 0.4687877 0.7907988 0.4787824 0.7998322 0.4848402 0.7917296 0.4687877 0.7781186 0.4730144 0.7907988 0.4787824 0.7821927 0.4886397 0.7792172 0.4811017 0.770779 0.4865339 0.7781186 0.4730144 0.770779 0.4865339 0.7792172 0.4811017 0.7907988 0.4787824 0.7792172 0.4811017 0.7821927 0.4886397 0.7907988 0.4787824 0.7781186 0.4730144 0.7792172 0.4811017 0.7791867 0.5142291 0.7727016 0.5259632 0.7874571 0.5375449 0.7791867 0.5142291 0.7647364 0.5154345 0.7727016 0.5259632 0.7791867 0.5142291 0.7715572 0.5042954 0.7647364 0.5154345 0.7727016 0.5259632 0.7744106 0.539147 0.7874571 0.5375449 0.7715572 0.5042954 0.7583429 0.5071336 0.7647364 0.5154345 0.7715572 0.5042954 0.7622492 0.498085 0.7583429 0.5071336 0.7583429 0.5071336 0.7622492 0.498085 0.7497368 0.5021744 0.7583429 0.5071336 0.7497368 0.5021744 0.7512016 0.512108 0.7583429 0.5071336 0.7512016 0.512108 0.7647364 0.5154345 0.7497368 0.5021744 0.7442436 0.5134814 0.7512016 0.512108 0.7512016 0.512108 0.7442436 0.5134814 0.747509 0.5248188 0.7647364 0.5154345 0.7512016 0.512108 0.7566644 0.5217213 0.7512016 0.512108 0.747509 0.5248188 0.7566644 0.5217213 0.7727016 0.5259632 0.7647364 0.5154345 0.7566644 0.5217213 0.7566644 0.5217213 0.747509 0.5248188 0.7637599 0.531899 0.7727016 0.5259632 0.7566644 0.5217213 0.7637599 0.531899 0.747509 0.5248188 0.7536584 0.5357595 0.7637599 0.531899 0.7727016 0.5259632 0.7637599 0.531899 0.7744106 0.539147 0.7637599 0.531899 0.7536584 0.5357595 0.7603266 0.5416495 0.7744106 0.539147 0.7637599 0.531899 0.7603266 0.5416495 0.7874571 0.5375449 0.7744106 0.539147 0.7911193 0.5702297 0.8106966 0.5745785 0.7874571 0.5375449 0.7911193 0.5702297 0.7744106 0.539147 0.7603266 0.5416495 0.7706569 0.569955 0.7744106 0.539147 0.7706569 0.569955 0.7911193 0.5702297 0.8106966 0.5745785 0.7911193 0.5702297 0.791989 0.5887388 0.8106966 0.5745785 0.791989 0.5887388 0.8098268 0.5992676 0.7911193 0.5702297 0.7791104 0.5910583 0.791989 0.5887388 0.7911193 0.5702297 0.7706569 0.569955 0.7791104 0.5910583 0.8098268 0.5992676 0.791989 0.5887388 0.7853361 0.607065 0.791989 0.5887388 0.7791104 0.5910583 0.7853361 0.607065 0.8098268 0.5992676 0.7853361 0.607065 0.8075532 0.6120546 0.8075532 0.6120546 0.7853361 0.607065 0.7827268 0.6237431 0.7827268 0.6237431 0.7853361 0.607065 0.7645381 0.622797 0.7853361 0.607065 0.7665675 0.6077821 0.7645381 0.622797 0.7853361 0.607065 0.7791104 0.5910583 0.7665675 0.6077821 0.7645381 0.622797 0.7665675 0.6077821 0.7519188 0.6148318 0.7665675 0.6077821 0.7791104 0.5910583 0.7682155 0.5953765 0.7791104 0.5910583 0.7706569 0.569955 0.7682155 0.5953765 0.7665675 0.6077821 0.7488365 0.6049592 0.7519188 0.6148318 0.7665675 0.6077821 0.7682155 0.5953765 0.7488365 0.6049592 0.7519188 0.6148318 0.7488365 0.6049592 0.7398794 0.6182803 0.7682155 0.5953765 0.7706569 0.569955 0.7437247 0.5841764 0.7682155 0.5953765 0.7437247 0.5841764 0.7488365 0.6049592 0.7398794 0.6182803 0.7488365 0.6049592 0.7367666 0.6085451 0.7367666 0.6085451 0.7488365 0.6049592 0.7426261 0.5961394 0.7488365 0.6049592 0.7437247 0.5841764 0.7426261 0.5961394 0.7367666 0.6085451 0.7426261 0.5961394 0.7329519 0.599466 0.7426261 0.5961394 0.7437247 0.5841764 0.726482 0.5983215 0.7367666 0.6085451 0.7329519 0.599466 0.7273671 0.6118105 0.7398794 0.6182803 0.7367666 0.6085451 0.7273671 0.6118105 0.7273671 0.6118105 0.7329519 0.599466 0.7214924 0.6033112 0.7398794 0.6182803 0.7273671 0.6118105 0.728832 0.623209 0.7273671 0.6118105 0.7214924 0.6033112 0.7166857 0.6158999 0.7273671 0.6118105 0.7166857 0.6158999 0.728832 0.623209 0.7214924 0.6033112 0.712581 0.6084993 0.7166857 0.6158999 0.728832 0.623209 0.7166857 0.6158999 0.7187305 0.6249943 0.712581 0.6084993 0.7075456 0.6165713 0.7166857 0.6158999 0.7187305 0.6249943 0.7166857 0.6158999 0.7095903 0.6218967 0.7095903 0.6218967 0.7166857 0.6158999 0.7075456 0.6165713 0.7437247 0.5841764 0.7257954 0.586862 0.726482 0.5983215 0.7257954 0.586862 0.712108 0.588571 0.726482 0.5983215 0.726482 0.5983215 0.712108 0.588571 0.7107805 0.6016785 0.7437247 0.5841764 0.7236896 0.5762723 0.7257954 0.586862 0.7236896 0.5762723 0.712108 0.588571 0.7257954 0.586862 0.7388113 0.5738613 0.7236896 0.5762723 0.7437247 0.5841764 0.7236896 0.5762723 0.7076829 0.5775845 0.712108 0.588571 0.7428702 0.5624781 0.7388113 0.5738613 0.7437247 0.5841764 0.7706569 0.569955 0.7428702 0.5624781 0.7437247 0.5841764 0.7428702 0.5624781 0.7218586 0.571252 0.7388113 0.5738613 0.7603266 0.5416495 0.7428702 0.5624781 0.7706569 0.569955 0.712108 0.588571 0.7076829 0.5775845 0.6979019 0.5905547 0.712108 0.588571 0.6979019 0.5905547 0.7107805 0.6016785 0.7076829 0.5775845 0.6945754 0.5813688 0.6979019 0.5905547 0.7107805 0.6016785 0.6979019 0.5905547 0.6972 0.6013428 0.6979019 0.5905547 0.6945754 0.5813688 0.6857252 0.5892729 0.6979019 0.5905547 0.6866407 0.5956664 0.6972 0.6013428 0.6979019 0.5905547 0.6857252 0.5892729 0.6866407 0.5956664 0.7603266 0.5416495 0.7480583 0.5421073 0.7428702 0.5624781 0.7603266 0.5416495 0.7482109 0.5311208 0.7480583 0.5421073 0.7482109 0.5311208 0.7331045 0.5272603 0.7480583 0.5421073 0.7331045 0.5272603 0.73019 0.5376974 0.7480583 0.5421073 0.7331045 0.5272603 0.7189136 0.522942 0.73019 0.5376974 0.7480583 0.5421073 0.7414969 0.5519189 0.7428702 0.5624781 0.7480583 0.5421073 0.73019 0.5376974 0.7414969 0.5519189 0.7414969 0.5519189 0.7250782 0.5491569 0.7428702 0.5624781 0.7414969 0.5519189 0.73019 0.5376974 0.7269398 0.5492942 0.7250782 0.5491569 0.723949 0.5599756 0.7428702 0.5624781 0.723949 0.5599756 0.7218586 0.571252 0.7428702 0.5624781 0.7250782 0.5491569 0.7087663 0.5476463 0.723949 0.5599756 0.723949 0.5599756 0.7087815 0.5589838 0.7218586 0.571252 0.723949 0.5599756 0.7087663 0.5476463 0.7087815 0.5589838 0.7218586 0.571252 0.7087815 0.5589838 0.7044785 0.5713741 0.7087663 0.5476463 0.6937362 0.5571526 0.7087815 0.5589838 0.7087815 0.5589838 0.6937362 0.5571526 0.7044785 0.5713741 0.7087663 0.5476463 0.6932021 0.5474022 0.6937362 0.5571526 0.7044785 0.5713741 0.6937362 0.5571526 0.6904555 0.567422 0.6932021 0.5474022 0.6818799 0.5526208 0.6937362 0.5571526 0.6937362 0.5571526 0.6810559 0.5590448 0.6904555 0.567422 0.6818799 0.5526208 0.6810559 0.5590448 0.6937362 0.5571526 0.7183337 0.5346151 0.7269398 0.5492942 0.73019 0.5376974 0.7189136 0.522942 0.7183337 0.5346151 0.73019 0.5376974 0.7183337 0.5346151 0.7121233 0.5461509 0.7269398 0.5492942 0.7189136 0.522942 0.7055162 0.5310903 0.7183337 0.5346151 0.7183337 0.5346151 0.7055162 0.5310903 0.7121233 0.5461509 0.7189136 0.522942 0.7061265 0.5213703 0.7055162 0.5310903 0.7121233 0.5461509 0.7055162 0.5310903 0.7005569 0.5406576 0.7061265 0.5213703 0.6953842 0.5251697 0.7055162 0.5310903 0.7055162 0.5310903 0.6936447 0.5314107 0.7005569 0.5406576 0.6953842 0.5251697 0.6936447 0.5314107 0.7055162 0.5310903 0.8730449 0.5787594 0.8809186 0.6115816 0.8582285 0.6002594 0.8850691 0.5828336 0.8809186 0.6115816 0.8730449 0.5787594 0.8718547 0.5569238 0.8850691 0.5828336 0.8730449 0.5787594 0.8850691 0.5828336 0.8963302 0.5967804 0.8809186 0.6115816 0.8963302 0.5967804 0.897673 0.6184024 0.8809186 0.6115816 0.8718547 0.5569238 0.903151 0.5701076 0.8850691 0.5828336 0.8850691 0.5828336 0.903151 0.5701076 0.8963302 0.5967804 0.8963302 0.5967804 0.9148699 0.6009461 0.897673 0.6184024 0.903151 0.5701076 0.9148699 0.6009461 0.8963302 0.5967804 0.897673 0.6184024 0.9148699 0.6009461 0.9115892 0.6225529 0.8718547 0.5569238 0.8968796 0.5452507 0.903151 0.5701076 0.9148699 0.6009461 0.9277027 0.6177005 0.9115892 0.6225529 0.9115892 0.6225529 0.9277027 0.6177005 0.9250782 0.6259251 0.9250782 0.6259251 0.9277027 0.6177005 0.9357901 0.6327306 0.8718547 0.5569238 0.8785535 0.5270924 0.8968796 0.5452507 0.8718547 0.5569238 0.8551156 0.5445945 0.8785535 0.5270924 0.9357901 0.6327306 0.9277027 0.6177005 0.9370718 0.6246891 0.9357901 0.6327306 0.9370718 0.6246891 0.9468223 0.6356145 0.8785535 0.5270924 0.8551156 0.5445945 0.8506905 0.5225147 0.8551156 0.5445945 0.8368505 0.5426261 0.8506905 0.5225147 0.9468223 0.6356145 0.9370718 0.6246891 0.9458915 0.6288243 0.9468223 0.6356145 0.9458915 0.6288243 0.9574884 0.6313573 0.9370718 0.6246891 0.949218 0.6184939 0.9458915 0.6288243 0.9458915 0.6288243 0.9524224 0.6257572 0.9574884 0.6313573 0.949218 0.6184939 0.9524224 0.6257572 0.9458915 0.6288243 0.9571832 0.6207218 0.9574884 0.6313573 0.9524224 0.6257572 0.949218 0.6184939 0.9571832 0.6207218 0.9524224 0.6257572 0.9571832 0.6207218 0.961532 0.6261845 0.9574884 0.6313573 0.9648585 0.6148166 0.961532 0.6261845 0.9571832 0.6207218 0.9575799 0.6131228 0.9648585 0.6148166 0.9571832 0.6207218 0.9575799 0.6131228 0.9571832 0.6207218 0.949218 0.6184939 0.9602655 0.602945 0.9648585 0.6148166 0.9575799 0.6131228 0.9413138 0.6123598 0.949218 0.6184939 0.9370718 0.6246891 0.9413138 0.6123598 0.9575799 0.6131228 0.949218 0.6184939 0.9277027 0.6177005 0.9413138 0.6123598 0.9370718 0.6246891 0.9602655 0.602945 0.9575799 0.6131228 0.9516595 0.6057374 0.9516595 0.6057374 0.9575799 0.6131228 0.9413138 0.6123598 0.9438621 0.5973297 0.9602655 0.602945 0.9516595 0.6057374 0.9438621 0.5973297 0.9516595 0.6057374 0.9413138 0.6123598 0.9517663 0.5938354 0.9602655 0.602945 0.9438621 0.5973297 0.9469596 0.5839933 0.9517663 0.5938354 0.9438621 0.5973297 0.9277027 0.6177005 0.9330892 0.6051423 0.9413138 0.6123598 0.9330892 0.6051423 0.9438621 0.5973297 0.9413138 0.6123598 0.9148699 0.6009461 0.9330892 0.6051423 0.9277027 0.6177005 0.9330892 0.6051423 0.9345388 0.5758908 0.9438621 0.5973297 0.9148699 0.6009461 0.9345388 0.5758908 0.9330892 0.6051423 0.903151 0.5701076 0.9345388 0.5758908 0.9148699 0.6009461 0.9345388 0.5758908 0.9577325 0.5659877 0.9469596 0.5839933 0.9469596 0.5839933 0.9577325 0.5659877 0.9621881 0.5747921 0.9621881 0.5747921 0.9577325 0.5659877 0.9783017 0.5713893 0.903151 0.5701076 0.9224994 0.5321889 0.9345388 0.5758908 0.8968796 0.5452507 0.9224994 0.5321889 0.903151 0.5701076 0.8785535 0.5270924 0.9224994 0.5321889 0.8968796 0.5452507 0.9345388 0.5758908 0.9541161 0.5514305 0.9577325 0.5659877 0.9224994 0.5321889 0.9541161 0.5514305 0.9345388 0.5758908 0.9577325 0.5659877 0.9731441 0.5635157 0.9783017 0.5713893 0.9783017 0.5713893 0.9731441 0.5635157 0.9915923 0.5649958 0.9541161 0.5514305 0.9665522 0.5504997 0.9577325 0.5659877 0.9577325 0.5659877 0.9665522 0.5504997 0.9731441 0.5635157 0.9731441 0.5635157 0.9851682 0.5604487 0.9915923 0.5649958 0.9731441 0.5635157 0.9665522 0.5504997 0.9851682 0.5604487 0.997116 0.551751 0.9915923 0.5649958 0.9851682 0.5604487 0.9547265 0.5366141 0.9665522 0.5504997 0.9541161 0.5514305 0.9224994 0.5321889 0.9547265 0.5366141 0.9541161 0.5514305 0.997116 0.551751 0.9851682 0.5604487 0.9883421 0.5525903 0.997116 0.551751 0.9883421 0.5525903 0.9877318 0.5450676 0.9958343 0.5443962 0.997116 0.551751 0.9877318 0.5450676 0.9883421 0.5525903 0.9851682 0.5604487 0.978851 0.5495079 0.9877318 0.5450676 0.9883421 0.5525903 0.978851 0.5495079 0.9851682 0.5604487 0.9665522 0.5504997 0.978851 0.5495079 0.9958343 0.5443962 0.9877318 0.5450676 0.9829099 0.5379111 0.9877318 0.5450676 0.978851 0.5495079 0.9829099 0.5379111 0.978851 0.5495079 0.9665522 0.5504997 0.9829099 0.5379111 0.9883421 0.5323567 0.9958343 0.5443962 0.9829099 0.5379111 0.9705043 0.5367667 0.9829099 0.5379111 0.9665522 0.5504997 0.9883421 0.5323567 0.9829099 0.5379111 0.9705043 0.5367667 0.9705043 0.5367667 0.9665522 0.5504997 0.9547265 0.5366141 0.9741512 0.528191 0.9883421 0.5323567 0.9705043 0.5367667 0.9741512 0.528191 0.9705043 0.5367667 0.9547265 0.5366141 0.9576257 0.5273671 0.9741512 0.528191 0.9547265 0.5366141 0.9403067 0.5246662 0.9576257 0.5273671 0.9547265 0.5366141 0.9403067 0.5246662 0.9547265 0.5366141 0.9224994 0.5321889 0.9399405 0.5034562 0.9403067 0.5246662 0.9224994 0.5321889 0.9399405 0.5034562 0.9490654 0.5075761 0.9403067 0.5246662 0.9399405 0.5034562 0.9606012 0.4940108 0.9490654 0.5075761 0.9283284 0.4939498 0.9399405 0.5034562 0.9224994 0.5321889 0.9399405 0.5034562 0.9514001 0.4914016 0.9606012 0.4940108 0.9606012 0.4940108 0.9514001 0.4914016 0.9669795 0.4793012 0.9283284 0.4939498 0.9379263 0.4842146 0.9399405 0.5034562 0.9379263 0.4842146 0.9514001 0.4914016 0.9399405 0.5034562 0.8944381 0.4935225 0.9283284 0.4939498 0.9224994 0.5321889 0.8785535 0.5270924 0.8944381 0.4935225 0.9224994 0.5321889 0.9192187 0.4822156 0.9379263 0.4842146 0.9283284 0.4939498 0.8944381 0.4935225 0.9192187 0.4822156 0.9283284 0.4939498 0.9669795 0.4793012 0.9514001 0.4914016 0.9590143 0.4799268 0.9633631 0.4645762 0.9669795 0.4793012 0.9590143 0.4799268 0.9379263 0.4842146 0.9473869 0.4746777 0.9514001 0.4914016 0.9473869 0.4746777 0.9590143 0.4799268 0.9514001 0.4914016 0.9633631 0.4645762 0.9590143 0.4799268 0.9569848 0.4704814 0.9569848 0.4704814 0.9590143 0.4799268 0.9473869 0.4746777 0.9515832 0.4651255 0.9633631 0.4645762 0.9569848 0.4704814 0.9515832 0.4651255 0.9569848 0.4704814 0.9473869 0.4746777 0.9576867 0.4595713 0.9633631 0.4645762 0.9515832 0.4651255 0.9428855 0.4629588 0.9576867 0.4595713 0.9515832 0.4651255 0.9428855 0.4629588 0.9515832 0.4651255 0.9473869 0.4746777 0.9432517 0.4551461 0.9576867 0.4595713 0.9428855 0.4629588 0.9312276 0.4706187 0.9428855 0.4629588 0.9473869 0.4746777 0.9312276 0.4706187 0.9432517 0.4551461 0.9428855 0.4629588 0.9312276 0.4706187 0.9473869 0.4746777 0.9379263 0.4842146 0.9192187 0.4822156 0.9312276 0.4706187 0.9379263 0.4842146 0.9275349 0.4620432 0.9432517 0.4551461 0.9312276 0.4706187 0.9192187 0.4822156 0.9275349 0.4620432 0.9312276 0.4706187 0.9146105 0.473579 0.9275349 0.4620432 0.9192187 0.4822156 0.8959945 0.4803082 0.9146105 0.473579 0.9192187 0.4822156 0.8959945 0.4803082 0.9192187 0.4822156 0.8944381 0.4935225 0.8841993 0.4683452 0.8959945 0.4803082 0.8944381 0.4935225 0.8841993 0.4683452 0.8938888 0.4646677 0.8959945 0.4803082 0.8928207 0.4487068 0.8938888 0.4646677 0.8841993 0.4683452 0.884245 0.4531319 0.8928207 0.4487068 0.8841993 0.4683452 0.884245 0.4531319 0.8872511 0.4352483 0.8928207 0.4487068 0.8682994 0.4695201 0.8841993 0.4683452 0.8944381 0.4935225 0.8819715 0.4407111 0.8872511 0.4352483 0.884245 0.4531319 0.8748303 0.4280309 0.8872511 0.4352483 0.8819715 0.4407111 0.869337 0.4577096 0.884245 0.4531319 0.8841993 0.4683452 0.8682994 0.4695201 0.869337 0.4577096 0.8841993 0.4683452 0.8699169 0.4455787 0.8819715 0.4407111 0.884245 0.4531319 0.869337 0.4577096 0.8699169 0.4455787 0.884245 0.4531319 0.8748303 0.4280309 0.8819715 0.4407111 0.8744335 0.4366675 0.8699169 0.4455787 0.8744335 0.4366675 0.8819715 0.4407111 0.8666514 0.4361792 0.8748303 0.4280309 0.8744335 0.4366675 0.8699169 0.4455787 0.8666514 0.4361792 0.8744335 0.4366675 0.8670329 0.4282292 0.8748303 0.4280309 0.8666514 0.4361792 0.858732 0.4396582 0.8670329 0.4282292 0.8666514 0.4361792 0.858732 0.4396582 0.8666514 0.4361792 0.8699169 0.4455787 0.8540017 0.4338293 0.8670329 0.4282292 0.858732 0.4396582 0.869337 0.4577096 0.8551919 0.4517434 0.8699169 0.4455787 0.8551919 0.4517434 0.858732 0.4396582 0.8699169 0.4455787 0.8540017 0.4338293 0.858732 0.4396582 0.8551919 0.4517434 0.8682994 0.4695201 0.8551919 0.4517434 0.869337 0.4577096 0.8469825 0.4465553 0.8540017 0.4338293 0.8551919 0.4517434 0.853605 0.4662699 0.8469825 0.4465553 0.8551919 0.4517434 0.8682994 0.4695201 0.853605 0.4662699 0.8551919 0.4517434 0.853605 0.4662699 0.8443122 0.4625925 0.8469825 0.4465553 0.8388495 0.4795606 0.8443122 0.4625925 0.853605 0.4662699 0.8584268 0.4945907 0.853605 0.4662699 0.8682994 0.4695201 0.8584268 0.4945907 0.8388495 0.4795606 0.853605 0.4662699 0.8584268 0.4945907 0.8682994 0.4695201 0.8944381 0.4935225 0.8785535 0.5270924 0.8584268 0.4945907 0.8944381 0.4935225 0.8785535 0.5270924 0.8506905 0.5225147 0.8584268 0.4945907 0.8584268 0.4945907 0.8245365 0.503624 0.8388495 0.4795606 0.8506905 0.5225147 0.8245365 0.503624 0.8584268 0.4945907 0.8388495 0.4795606 0.8245365 0.503624 0.8217288 0.4767071 0.8506905 0.5225147 0.8368505 0.5426261 0.8245365 0.503624 0.8217288 0.4767071 0.8245365 0.503624 0.8142672 0.482124 0.8368505 0.5426261 0.8138704 0.5286641 0.8245365 0.503624 0.8368505 0.5426261 0.820325 0.5535058 0.8138704 0.5286641 0.8245365 0.503624 0.8084688 0.4936293 0.8142672 0.482124 0.8142672 0.482124 0.8084688 0.4936293 0.8040284 0.4720379 0.820325 0.5535058 0.8009461 0.5381247 0.8138704 0.5286641 0.820325 0.5535058 0.8106966 0.5745785 0.8009461 0.5381247 0.8084688 0.4936293 0.7998322 0.4848402 0.8040284 0.4720379 0.8040284 0.4720379 0.7998322 0.4848402 0.7917296 0.4687877 0.8245365 0.503624 0.7953003 0.5021896 0.8084688 0.4936293 0.8084688 0.4936293 0.7953003 0.5021896 0.7998322 0.4848402 0.8245365 0.503624 0.8138704 0.5286641 0.8068666 0.5137255 0.8245365 0.503624 0.8068666 0.5137255 0.7953003 0.5021896 0.8068666 0.5137255 0.8138704 0.5286641 0.7937438 0.5204089 0.8068666 0.5137255 0.7937438 0.5204089 0.7953003 0.5021896 0.8138704 0.5286641 0.8009461 0.5381247 0.7937438 0.5204089 0.7953003 0.5021896 0.7937438 0.5204089 0.7825284 0.508751 0.7735256 0.4989853 0.7953003 0.5021896 0.7825284 0.508751 0.8009461 0.5381247 0.7874571 0.5375449 0.7937438 0.5204089 0.8009461 0.5381247 0.8106966 0.5745785 0.7874571 0.5375449 0.7937438 0.5204089 0.7874571 0.5375449 0.7791867 0.5142291 0.7735256 0.4989853 0.7874113 0.4939956 0.7953003 0.5021896 0.7998322 0.4848402 0.7953003 0.5021896 0.7874113 0.4939956 0.7821927 0.4886397 0.7874113 0.4939956 0.7735256 0.4989853 0.770779 0.4865339 0.7821927 0.4886397 0.7735256 0.4989853 0.7907988 0.4787824 0.7998322 0.4848402 0.7874113 0.4939956 0.7907988 0.4787824 0.7874113 0.4939956 0.7821927 0.4886397 0.7917296 0.4687877 0.7998322 0.4848402 0.7907988 0.4787824 0.7917296 0.4687877 0.7907988 0.4787824 0.7781186 0.4730144 0.7792172 0.4811017 0.7821927 0.4886397 0.770779 0.4865339 0.7792172 0.4811017 0.7907988 0.4787824 0.7821927 0.4886397 0.7781186 0.4730144 0.7792172 0.4811017 0.770779 0.4865339 0.7781186 0.4730144 0.7907988 0.4787824 0.7792172 0.4811017 0.7791867 0.5142291 0.7874571 0.5375449 0.7727016 0.5259632 0.7791867 0.5142291 0.7727016 0.5259632 0.7647364 0.5154345 0.7791867 0.5142291 0.7647364 0.5154345 0.7715572 0.5042954 0.7727016 0.5259632 0.7874571 0.5375449 0.7744106 0.539147 0.7647364 0.5154345 0.7583429 0.5071336 0.7715572 0.5042954 0.7715572 0.5042954 0.7583429 0.5071336 0.7622492 0.498085 0.7583429 0.5071336 0.7497368 0.5021744 0.7622492 0.498085 0.7583429 0.5071336 0.7512016 0.512108 0.7497368 0.5021744 0.7647364 0.5154345 0.7512016 0.512108 0.7583429 0.5071336 0.7497368 0.5021744 0.7512016 0.512108 0.7442436 0.5134814 0.7512016 0.512108 0.747509 0.5248188 0.7442436 0.5134814 0.7647364 0.5154345 0.7566644 0.5217213 0.7512016 0.512108 0.7512016 0.512108 0.7566644 0.5217213 0.747509 0.5248188 0.7647364 0.5154345 0.7727016 0.5259632 0.7566644 0.5217213 0.7566644 0.5217213 0.7637599 0.531899 0.747509 0.5248188 0.7566644 0.5217213 0.7727016 0.5259632 0.7637599 0.531899 0.747509 0.5248188 0.7637599 0.531899 0.7536584 0.5357595 0.7637599 0.531899 0.7727016 0.5259632 0.7744106 0.539147 0.7637599 0.531899 0.7603266 0.5416495 0.7536584 0.5357595 0.7637599 0.531899 0.7744106 0.539147 0.7603266 0.5416495 0.7744106 0.539147 0.7874571 0.5375449 0.7911193 0.5702297 0.8106966 0.5745785 0.7911193 0.5702297 0.7874571 0.5375449 0.7603266 0.5416495 0.7744106 0.539147 0.7706569 0.569955 0.7744106 0.539147 0.7911193 0.5702297 0.7706569 0.569955 0.8106966 0.5745785 0.791989 0.5887388 0.7911193 0.5702297 0.8106966 0.5745785 0.8098268 0.5992676 0.791989 0.5887388 0.791989 0.5887388 0.7791104 0.5910583 0.7911193 0.5702297 0.7706569 0.569955 0.7911193 0.5702297 0.7791104 0.5910583 0.791989 0.5887388 0.8098268 0.5992676 0.7853361 0.607065 0.791989 0.5887388 0.7853361 0.607065 0.7791104 0.5910583 0.8098268 0.5992676 0.8075532 0.6120546 0.7853361 0.607065 0.8075532 0.6120546 0.7827268 0.6237431 0.7853361 0.607065 0.7827268 0.6237431 0.7645381 0.622797 0.7853361 0.607065 0.7645381 0.622797 0.7665675 0.6077821 0.7853361 0.607065 0.7853361 0.607065 0.7665675 0.6077821 0.7791104 0.5910583 0.7645381 0.622797 0.7519188 0.6148318 0.7665675 0.6077821 0.7791104 0.5910583 0.7665675 0.6077821 0.7682155 0.5953765 0.7706569 0.569955 0.7791104 0.5910583 0.7682155 0.5953765 0.7519188 0.6148318 0.7488365 0.6049592 0.7665675 0.6077821 0.7682155 0.5953765 0.7665675 0.6077821 0.7488365 0.6049592 0.7519188 0.6148318 0.7398794 0.6182803 0.7488365 0.6049592 0.7706569 0.569955 0.7682155 0.5953765 0.7437247 0.5841764 0.7682155 0.5953765 0.7488365 0.6049592 0.7437247 0.5841764 0.7488365 0.6049592 0.7398794 0.6182803 0.7367666 0.6085451 0.7488365 0.6049592 0.7367666 0.6085451 0.7426261 0.5961394 0.7488365 0.6049592 0.7426261 0.5961394 0.7437247 0.5841764 0.7426261 0.5961394 0.7367666 0.6085451 0.7329519 0.599466 0.7426261 0.5961394 0.726482 0.5983215 0.7437247 0.5841764 0.7367666 0.6085451 0.7273671 0.6118105 0.7329519 0.599466 0.7367666 0.6085451 0.7398794 0.6182803 0.7273671 0.6118105 0.7329519 0.599466 0.7273671 0.6118105 0.7214924 0.6033112 0.7398794 0.6182803 0.728832 0.623209 0.7273671 0.6118105 0.7273671 0.6118105 0.7166857 0.6158999 0.7214924 0.6033112 0.7273671 0.6118105 0.728832 0.623209 0.7166857 0.6158999 0.7214924 0.6033112 0.7166857 0.6158999 0.712581 0.6084993 0.728832 0.623209 0.7187305 0.6249943 0.7166857 0.6158999 0.7166857 0.6158999 0.7075456 0.6165713 0.712581 0.6084993 0.7166857 0.6158999 0.7187305 0.6249943 0.7095903 0.6218967 0.7166857 0.6158999 0.7095903 0.6218967 0.7075456 0.6165713 0.7437247 0.5841764 0.726482 0.5983215 0.7257954 0.586862 0.726482 0.5983215 0.712108 0.588571 0.7257954 0.586862 0.726482 0.5983215 0.7107805 0.6016785 0.712108 0.588571 0.7437247 0.5841764 0.7257954 0.586862 0.7236896 0.5762723 0.7236896 0.5762723 0.7257954 0.586862 0.712108 0.588571 0.7388113 0.5738613 0.7437247 0.5841764 0.7236896 0.5762723 0.7236896 0.5762723 0.712108 0.588571 0.7076829 0.5775845 0.7428702 0.5624781 0.7437247 0.5841764 0.7388113 0.5738613 0.7706569 0.569955 0.7437247 0.5841764 0.7428702 0.5624781 0.7428702 0.5624781 0.7388113 0.5738613 0.7218586 0.571252 0.7603266 0.5416495 0.7706569 0.569955 0.7428702 0.5624781 0.712108 0.588571 0.6979019 0.5905547 0.7076829 0.5775845 0.7107805 0.6016785 0.6979019 0.5905547 0.712108 0.588571 0.7076829 0.5775845 0.6979019 0.5905547 0.6945754 0.5813688 0.7107805 0.6016785 0.6972 0.6013428 0.6979019 0.5905547 0.6979019 0.5905547 0.6857252 0.5892729 0.6945754 0.5813688 0.6979019 0.5905547 0.6972 0.6013428 0.6866407 0.5956664 0.6979019 0.5905547 0.6866407 0.5956664 0.6857252 0.5892729 0.7603266 0.5416495 0.7428702 0.5624781 0.7480583 0.5421073 0.7603266 0.5416495 0.7480583 0.5421073 0.7482109 0.5311208 0.7480583 0.5421073 0.7331045 0.5272603 0.7482109 0.5311208 0.7480583 0.5421073 0.73019 0.5376974 0.7331045 0.5272603 0.73019 0.5376974 0.7189136 0.522942 0.7331045 0.5272603 0.7480583 0.5421073 0.7428702 0.5624781 0.7414969 0.5519189 0.7480583 0.5421073 0.7414969 0.5519189 0.73019 0.5376974 0.7414969 0.5519189 0.7428702 0.5624781 0.7250782 0.5491569 0.73019 0.5376974 0.7414969 0.5519189 0.7269398 0.5492942 0.7250782 0.5491569 0.7428702 0.5624781 0.723949 0.5599756 0.7428702 0.5624781 0.7218586 0.571252 0.723949 0.5599756 0.7250782 0.5491569 0.723949 0.5599756 0.7087663 0.5476463 0.73019 0.5376974 0.7269398 0.5492942 0.7183337 0.5346151 0.73019 0.5376974 0.7183337 0.5346151 0.7189136 0.522942 0.7183337 0.5346151 0.7269398 0.5492942 0.7121233 0.5461509 0.7183337 0.5346151 0.7055162 0.5310903 0.7189136 0.522942 0.7183337 0.5346151 0.7121233 0.5461509 0.7055162 0.5310903 0.7189136 0.522942 0.7055162 0.5310903 0.7061265 0.5213703 0.7121233 0.5461509 0.7005569 0.5406576 0.7055162 0.5310903 0.7055162 0.5310903 0.6953842 0.5251697 0.7061265 0.5213703 0.7055162 0.5310903 0.7005569 0.5406576 0.6936447 0.5314107 0.7055162 0.5310903 0.6936447 0.5314107 0.6953842 0.5251697 0.723949 0.5599756 0.7218586 0.571252 0.7087815 0.5589838 0.723949 0.5599756 0.7087815 0.5589838 0.7087663 0.5476463 0.7218586 0.571252 0.7044785 0.5713741 0.7087815 0.5589838 0.7087663 0.5476463 0.7087815 0.5589838 0.6937362 0.5571526 0.7087815 0.5589838 0.7044785 0.5713741 0.6937362 0.5571526 0.7087663 0.5476463 0.6937362 0.5571526 0.6932021 0.5474022 0.6937362 0.5571526 0.7044785 0.5713741 0.6904555 0.567422 0.6932021 0.5474022 0.6937362 0.5571526 0.6818799 0.5526208 0.6937362 0.5571526 0.6904555 0.567422 0.6810559 0.5590448 0.6937362 0.5571526 0.6810559 0.5590448 0.6818799 0.5526208 0.4785687 0.06378269 0.5130999 0.07936215 0.4785687 0.07827877 0.5158465 0.06518656 0.5130999 0.07936215 0.4785687 0.06378269 0.5440909 0.08136111 0.5130999 0.07936215 0.5158465 0.06518656 0.5161364 0.04917985 0.5158465 0.06518656 0.4785687 0.06378269 0.5161364 0.04917985 0.4785687 0.06378269 0.4785687 0.04791331 0.5512322 0.06518656 0.5440909 0.08136111 0.5158465 0.06518656 0.5512322 0.06518656 0.5158465 0.06518656 0.5161364 0.04917985 0.5512322 0.06518656 0.5866789 0.07020676 0.5440909 0.08136111 0.6231632 0.09451436 0.5440909 0.08136111 0.5866789 0.07020676 0.5512932 0.04864573 0.5512322 0.06518656 0.5161364 0.04917985 0.5512932 0.04864573 0.5866789 0.07020676 0.5512322 0.06518656 0.5161364 0.04917985 0.4785687 0.04791331 0.5148394 0.03195238 0.5512932 0.04864573 0.5161364 0.04917985 0.5148394 0.03195238 0.4785687 0.03141832 0.5148394 0.03195238 0.4785687 0.04791331 0.670924 0.0925765 0.6231632 0.09451436 0.5866789 0.07020676 0.670924 0.0925765 0.7017319 0.1185015 0.6231632 0.09451436 0.5863127 0.05162125 0.5866789 0.07020676 0.5512932 0.04864573 0.670924 0.0925765 0.5866789 0.07020676 0.5863127 0.05162125 0.5485466 0.03253221 0.5512932 0.04864573 0.5148394 0.03195238 0.5863127 0.05162125 0.5512932 0.04864573 0.5485466 0.03253221 0.5131609 0.01597619 0.5148394 0.03195238 0.4785687 0.03141832 0.5485466 0.03253221 0.5148394 0.03195238 0.5131609 0.01597619 0.5131609 0.01597619 0.4785687 0.03141832 0.4785687 0.01484704 0.4785687 0.003845274 0.5131609 0.01597619 0.4785687 0.01484704 0.5117571 0.003845274 0.5131609 0.01597619 0.4785687 0.003845274 0.5423057 0.003845274 0.5131609 0.01597619 0.5117571 0.003845274 0.5423057 0.003845274 0.5445487 0.01565575 0.5131609 0.01597619 0.5445487 0.01565575 0.5485466 0.03253221 0.5131609 0.01597619 0.5768521 0.003845274 0.5445487 0.01565575 0.5423057 0.003845274 0.5816587 0.03144884 0.5485466 0.03253221 0.5445487 0.01565575 0.5816587 0.03144884 0.5863127 0.05162125 0.5485466 0.03253221 0.5787594 0.0162661 0.5445487 0.01565575 0.5768521 0.003845274 0.5787594 0.0162661 0.5816587 0.03144884 0.5445487 0.01565575 0.5787594 0.0162661 0.5768521 0.003845274 0.6049745 0.003845274 0.6095827 0.01583886 0.5787594 0.0162661 0.6049745 0.003845274 0.6095827 0.01583886 0.5816587 0.03144884 0.5787594 0.0162661 0.6574655 0.0665751 0.5863127 0.05162125 0.5816587 0.03144884 0.6574655 0.0665751 0.670924 0.0925765 0.5863127 0.05162125 0.6513161 0.03982603 0.5816587 0.03144884 0.6095827 0.01583886 0.6513161 0.03982603 0.6574655 0.0665751 0.5816587 0.03144884 0.6513161 0.03982603 0.6095827 0.01583886 0.6469673 0.0185855 0.6469673 0.0185855 0.6095827 0.01583886 0.6432288 0.003845274 0.6806287 0.003845274 0.6469673 0.0185855 0.6432288 0.003845274 0.6801251 0.01591515 0.6469673 0.0185855 0.6806287 0.003845274 0.6801251 0.01591515 0.6513161 0.03982603 0.6469673 0.0185855 0.7147326 0.003845274 0.6801251 0.01591515 0.6806287 0.003845274 0.6801251 0.01591515 0.682765 0.03453117 0.6513161 0.03982603 0.682765 0.03453117 0.6574655 0.0665751 0.6513161 0.03982603 0.7147326 0.003845274 0.716228 0.01490807 0.6801251 0.01591515 0.716228 0.01490807 0.682765 0.03453117 0.6801251 0.01591515 0.7147326 0.003845274 0.7414664 0.003845274 0.716228 0.01490807 0.682765 0.03453117 0.6872969 0.06221103 0.6574655 0.0665751 0.7414664 0.003845274 0.7456169 0.0140841 0.716228 0.01490807 0.7414664 0.003845274 0.7694057 0.003845274 0.7456169 0.0140841 0.716228 0.01490807 0.7191424 0.03416496 0.682765 0.03453117 0.716228 0.01490807 0.7456169 0.0140841 0.7191424 0.03416496 0.682765 0.03453117 0.7202106 0.06089878 0.6872969 0.06221103 0.682765 0.03453117 0.7191424 0.03416496 0.7202106 0.06089878 0.6872969 0.06221103 0.6981613 0.09037917 0.6574655 0.0665751 0.6872969 0.06221103 0.7202106 0.06089878 0.6981613 0.09037917 0.6574655 0.0665751 0.6981613 0.09037917 0.670924 0.0925765 0.670924 0.0925765 0.6981613 0.09037917 0.7017319 0.1185015 0.7017319 0.1185015 0.6981613 0.09037917 0.7310292 0.1114824 0.7017319 0.1185015 0.7310292 0.1114824 0.7736324 0.1382619 0.6981613 0.09037917 0.74168 0.08542001 0.7310292 0.1114824 0.7202106 0.06089878 0.74168 0.08542001 0.6981613 0.09037917 0.7310292 0.1114824 0.7690547 0.1126573 0.7736324 0.1382619 0.7310292 0.1114824 0.74168 0.08542001 0.7690547 0.1126573 0.7736324 0.1382619 0.7690547 0.1126573 0.8080415 0.108751 0.7736324 0.1382619 0.8080415 0.108751 0.8469368 0.1179064 0.7690547 0.1126573 0.74168 0.08542001 0.7725033 0.08802932 0.7690547 0.1126573 0.8041352 0.08702218 0.8080415 0.108751 0.7690547 0.1126573 0.7725033 0.08802932 0.8041352 0.08702218 0.8080415 0.108751 0.840589 0.09074538 0.8469368 0.1179064 0.8080415 0.108751 0.8041352 0.08702218 0.840589 0.09074538 0.74168 0.08542001 0.7455101 0.05951017 0.7725033 0.08802932 0.7202106 0.06089878 0.7455101 0.05951017 0.74168 0.08542001 0.7725033 0.08802932 0.7988709 0.06160068 0.8041352 0.08702218 0.7450981 0.0337072 0.7455101 0.05951017 0.7202106 0.06089878 0.7191424 0.03416496 0.7450981 0.0337072 0.7202106 0.06089878 0.7456169 0.0140841 0.7450981 0.0337072 0.7191424 0.03416496 0.7725033 0.08802932 0.7455101 0.05951017 0.7727627 0.0620737 0.7450981 0.0337072 0.7727627 0.0620737 0.7455101 0.05951017 0.7725033 0.08802932 0.7727627 0.0620737 0.7988709 0.06160068 0.7456169 0.0140841 0.7717708 0.01425194 0.7450981 0.0337072 0.7694057 0.003845274 0.7717708 0.01425194 0.7456169 0.0140841 0.7695888 0.03582817 0.7727627 0.0620737 0.7450981 0.0337072 0.7717708 0.01425194 0.7695888 0.03582817 0.7450981 0.0337072 0.7695888 0.03582817 0.7988709 0.06160068 0.7727627 0.0620737 0.7694057 0.003845274 0.7981689 0.003845274 0.7717708 0.01425194 0.7695888 0.03582817 0.7947967 0.03564506 0.7988709 0.06160068 0.7717708 0.01425194 0.7947967 0.03564506 0.7695888 0.03582817 0.8041352 0.08702218 0.7988709 0.06160068 0.8220188 0.06016629 0.7988709 0.06160068 0.7947967 0.03564506 0.8220188 0.06016629 0.8041352 0.08702218 0.8220188 0.06016629 0.840589 0.09074538 0.7717708 0.01425194 0.7963226 0.01501488 0.7947967 0.03564506 0.7717708 0.01425194 0.7981689 0.003845274 0.7963226 0.01501488 0.8220188 0.06016629 0.7947967 0.03564506 0.8196079 0.03372246 0.7963226 0.01501488 0.8196079 0.03372246 0.7947967 0.03564506 0.7981689 0.003845274 0.8247959 0.01512169 0.7963226 0.01501488 0.7963226 0.01501488 0.8247959 0.01512169 0.8196079 0.03372246 0.7981689 0.003845274 0.8241398 0.003845274 0.8247959 0.01512169 0.8241398 0.003845274 0.8609903 0.003845274 0.8247959 0.01512169 0.8220188 0.06016629 0.8196079 0.03372246 0.8550393 0.06178379 0.840589 0.09074538 0.8220188 0.06016629 0.8550393 0.06178379 0.8247959 0.01512169 0.8557565 0.03454643 0.8196079 0.03372246 0.8550393 0.06178379 0.8196079 0.03372246 0.8557565 0.03454643 0.8609903 0.003845274 0.8596475 0.01562523 0.8247959 0.01512169 0.8247959 0.01512169 0.8596475 0.01562523 0.8557565 0.03454643 0.8609903 0.003845274 0.8994583 0.003845274 0.8596475 0.01562523 0.8550393 0.06178379 0.8557565 0.03454643 0.8874189 0.0651713 0.840589 0.09074538 0.8550393 0.06178379 0.8874189 0.0651713 0.8994583 0.003845274 0.8974594 0.01721215 0.8596475 0.01562523 0.8994583 0.003845274 0.9304189 0.01675438 0.8974594 0.01721215 0.8596475 0.01562523 0.8937515 0.03721678 0.8557565 0.03454643 0.8974594 0.01721215 0.8937515 0.03721678 0.8596475 0.01562523 0.8874189 0.0651713 0.8557565 0.03454643 0.8937515 0.03721678 0.8974594 0.01721215 0.9304189 0.01675438 0.8937515 0.03721678 0.840589 0.09074538 0.8874189 0.0651713 0.8735027 0.09213399 0.8469368 0.1179064 0.840589 0.09074538 0.8735027 0.09213399 0.8469368 0.1179064 0.8735027 0.09213399 0.9178912 0.09336996 0.8874189 0.0651713 0.8937515 0.03721678 0.9575799 0.05130082 0.8874189 0.0651713 0.9575799 0.05130082 0.8735027 0.09213399 0.9178912 0.09336996 0.8735027 0.09213399 0.9562524 0.06939804 0.8735027 0.09213399 0.9575799 0.05130082 0.9562524 0.06939804 0.9178912 0.09336996 0.9562524 0.06939804 0.9959716 0.0817731 0.9959716 0.0817731 0.9562524 0.06939804 0.9959716 0.0651713 0.9959716 0.0651713 0.9562524 0.06939804 0.9959716 0.04916459 0.9562524 0.06939804 0.9575799 0.05130082 0.9959716 0.04916459 0.9959716 0.04916459 0.9575799 0.05130082 0.9959716 0.03302049 0.9592737 0.03283739 0.9959716 0.03302049 0.9575799 0.05130082 0.8937515 0.03721678 0.9592737 0.03283739 0.9575799 0.05130082 0.8937515 0.03721678 0.9304189 0.01675438 0.9592737 0.03283739 0.9592737 0.03283739 0.9959716 0.01562523 0.9959716 0.03302049 0.9592737 0.03283739 0.9304189 0.01675438 0.9603723 0.01640343 0.9592737 0.03283739 0.9603723 0.01640343 0.9959716 0.01562523 0.9304189 0.01675438 0.9339284 0.003845274 0.9603723 0.01640343 0.9603723 0.01640343 0.9959716 0.003845274 0.9959716 0.01562523 0.9603723 0.01640343 0.9339284 0.003845274 0.9615167 0.003845274 0.9603723 0.01640343 0.9615167 0.003845274 0.9959716 0.003845274 0.5493248 0.6484932 0.5485923 0.6269932 0.5688411 0.6232395 0.569131 0.6328527 0.5493248 0.6484932 0.5688411 0.6232395 0.5485923 0.6269932 0.5527123 0.612726 0.5688411 0.6232395 0.569131 0.6328527 0.5688411 0.6232395 0.5734035 0.6194095 0.5750362 0.6305791 0.569131 0.6328527 0.5734035 0.6194095 0.58851 0.6416724 0.5750362 0.6305791 0.5734035 0.6194095 0.5527123 0.612726 0.5654994 0.6099184 0.5688411 0.6232395 0.5734035 0.6194095 0.5688411 0.6232395 0.5666438 0.5988098 0.5688411 0.6232395 0.5654994 0.6099184 0.5666438 0.5988098 0.5527123 0.612726 0.5605555 0.602121 0.5654994 0.6099184 0.5654994 0.6099184 0.5605555 0.602121 0.5666438 0.5988098 0.5527123 0.612726 0.5563134 0.5974823 0.5605555 0.602121 0.5734035 0.6194095 0.5666438 0.5988098 0.580911 0.6155185 0.58851 0.6416724 0.5734035 0.6194095 0.580911 0.6155185 0.5605555 0.602121 0.561944 0.5957732 0.5666438 0.5988098 0.5605555 0.602121 0.5563134 0.5974823 0.561944 0.5957732 0.5666438 0.5988098 0.561944 0.5957732 0.572076 0.5933013 0.580911 0.6155185 0.5666438 0.5988098 0.572076 0.5933013 0.5563134 0.5974823 0.566537 0.5910583 0.561944 0.5957732 0.561944 0.5957732 0.566537 0.5910583 0.572076 0.5933013 0.5563134 0.5974823 0.5736172 0.5802548 0.566537 0.5910583 0.566537 0.5910583 0.5783932 0.5897307 0.572076 0.5933013 0.5736172 0.5802548 0.5783932 0.5897307 0.566537 0.5910583 0.5736172 0.5802548 0.5871366 0.5968414 0.5783932 0.5897307 0.572076 0.5933013 0.5783932 0.5897307 0.5871366 0.5968414 0.5914092 0.5921569 0.5871366 0.5968414 0.5736172 0.5802548 0.5874876 0.6083467 0.5871366 0.5968414 0.5914092 0.5921569 0.5874876 0.6083467 0.572076 0.5933013 0.5871366 0.5968414 0.580911 0.6155185 0.572076 0.5933013 0.5874876 0.6083467 0.5929504 0.6195315 0.580911 0.6155185 0.5874876 0.6083467 0.58851 0.6416724 0.580911 0.6155185 0.5929504 0.6195315 0.5929504 0.6195315 0.5874876 0.6083467 0.5941863 0.6107423 0.6012665 0.6037079 0.5941863 0.6107423 0.5874876 0.6083467 0.6015259 0.6179446 0.5941863 0.6107423 0.6012665 0.6037079 0.6015259 0.6179446 0.5929504 0.6195315 0.5941863 0.6107423 0.6127413 0.6297246 0.6015259 0.6179446 0.6012665 0.6037079 0.6017853 0.6285954 0.6015259 0.6179446 0.6127413 0.6297246 0.6017853 0.6285954 0.5929504 0.6195315 0.6015259 0.6179446 0.5968872 0.632456 0.6017853 0.6285954 0.6127413 0.6297246 0.5968872 0.632456 0.5929504 0.6195315 0.6017853 0.6285954 0.5968872 0.632456 0.58851 0.6416724 0.5929504 0.6195315 0.6045472 0.6453498 0.58851 0.6416724 0.5968872 0.632456 0.6045472 0.6453498 0.5954375 0.6572671 0.58851 0.6416724 0.6045472 0.6453498 0.5968872 0.632456 0.6044404 0.6354772 0.6133211 0.6315709 0.6044404 0.6354772 0.5968872 0.632456 0.6084077 0.6419928 0.6044404 0.6354772 0.6133211 0.6315709 0.6084077 0.6419928 0.6045472 0.6453498 0.6044404 0.6354772 0.6219882 0.6510414 0.6084077 0.6419928 0.6133211 0.6315709 0.6219882 0.6510414 0.608423 0.6504768 0.6084077 0.6419928 0.6084077 0.6419928 0.608423 0.6504768 0.6045472 0.6453498 0.6219882 0.6510414 0.6041963 0.6572671 0.608423 0.6504768 0.608423 0.6504768 0.5997712 0.6572671 0.6045472 0.6453498 0.6041963 0.6572671 0.5997712 0.6572671 0.608423 0.6504768 0.6045472 0.6453498 0.5997712 0.6572671 0.5954375 0.6572671 0.6041963 0.6572671 0.608423 0.6640421 0.5997712 0.6572671 0.6041963 0.6572671 0.6219882 0.6634775 0.608423 0.6640421 0.5997712 0.6572671 0.6045472 0.6691692 0.5954375 0.6572671 0.608423 0.6640421 0.6045472 0.6691692 0.5997712 0.6572671 0.5954375 0.6572671 0.6045472 0.6691692 0.58851 0.6773328 0.608423 0.6640421 0.6219882 0.6634775 0.6084077 0.6725261 0.608423 0.6640421 0.6084077 0.6725261 0.6045472 0.6691692 0.6219882 0.6634775 0.6133211 0.6829481 0.6084077 0.6725261 0.6084077 0.6725261 0.6133211 0.6829481 0.6044404 0.6790418 0.6045472 0.6691692 0.6084077 0.6725261 0.6044404 0.6790418 0.6133211 0.6829481 0.5968872 0.682063 0.6044404 0.6790418 0.6045472 0.6691692 0.6044404 0.6790418 0.5968872 0.682063 0.6045472 0.6691692 0.5968872 0.682063 0.58851 0.6773328 0.58851 0.6773328 0.5968872 0.682063 0.5929504 0.6950027 0.5968872 0.682063 0.6017853 0.6859236 0.5929504 0.6950027 0.5968872 0.682063 0.6127413 0.6847944 0.6017853 0.6859236 0.6017853 0.6859236 0.6127413 0.6847944 0.6015259 0.6965896 0.6017853 0.6859236 0.6015259 0.6965896 0.5929504 0.6950027 0.6127413 0.6847944 0.6012665 0.7108263 0.6015259 0.6965896 0.6015259 0.6965896 0.6012665 0.7108263 0.5941863 0.7037766 0.6015259 0.6965896 0.5941863 0.7037766 0.5929504 0.6950027 0.6012665 0.7108263 0.5874876 0.7061723 0.5941863 0.7037766 0.5929504 0.6950027 0.5941863 0.7037766 0.5874876 0.7061723 0.58851 0.6773328 0.5929504 0.6950027 0.580911 0.6990005 0.580911 0.6990005 0.5929504 0.6950027 0.5874876 0.7061723 0.58851 0.6773328 0.580911 0.6990005 0.5734035 0.6951095 0.58851 0.6773328 0.5734035 0.6951095 0.5750362 0.6839399 0.5750362 0.6839399 0.5734035 0.6951095 0.569131 0.6816663 0.580911 0.6990005 0.5874876 0.7061723 0.572076 0.7212329 0.569131 0.6816663 0.5734035 0.6951095 0.5688411 0.6912947 0.569131 0.6816663 0.5688411 0.6912947 0.5493248 0.666041 0.5493248 0.666041 0.5688411 0.6912947 0.5485923 0.687541 0.5688411 0.6912947 0.5527123 0.701793 0.5485923 0.687541 0.580911 0.6990005 0.5666438 0.7157092 0.5734035 0.6951095 0.5734035 0.6951095 0.5666438 0.7157092 0.5688411 0.6912947 0.580911 0.6990005 0.572076 0.7212329 0.5666438 0.7157092 0.5688411 0.6912947 0.5654994 0.7046006 0.5527123 0.701793 0.5688411 0.6912947 0.5666438 0.7157092 0.5654994 0.7046006 0.5654994 0.7046006 0.5605555 0.7124132 0.5527123 0.701793 0.5654994 0.7046006 0.5666438 0.7157092 0.5605555 0.7124132 0.5527123 0.701793 0.5605555 0.7124132 0.5563134 0.7170367 0.5666438 0.7157092 0.561944 0.7187457 0.5605555 0.7124132 0.5605555 0.7124132 0.561944 0.7187457 0.5563134 0.7170367 0.5666438 0.7157092 0.572076 0.7212329 0.561944 0.7187457 0.561944 0.7187457 0.566537 0.723476 0.5563134 0.7170367 0.572076 0.7212329 0.566537 0.723476 0.561944 0.7187457 0.5563134 0.7170367 0.566537 0.723476 0.5736172 0.7342641 0.572076 0.7212329 0.5783932 0.7247883 0.566537 0.723476 0.5783932 0.7247883 0.5736172 0.7342641 0.566537 0.723476 0.572076 0.7212329 0.5871366 0.7176776 0.5783932 0.7247883 0.5871366 0.7176776 0.5736172 0.7342641 0.5783932 0.7247883 0.5874876 0.7061723 0.5871366 0.7176776 0.572076 0.7212329 0.5914092 0.7223621 0.5736172 0.7342641 0.5871366 0.7176776 0.5874876 0.7061723 0.5914092 0.7223621 0.5871366 0.7176776 0.4090943 0.370306 0.4090943 0.2766003 0.4436408 0.2768902 0.4539406 0.3609827 0.4090943 0.370306 0.4436408 0.2768902 0.4090943 0.2766003 0.4090943 0.2569009 0.4436408 0.2768902 0.4897536 0.2776379 0.4539406 0.3609827 0.4436408 0.2768902 0.4432746 0.2643015 0.4436408 0.2768902 0.4090943 0.2569009 0.5067064 0.3478294 0.4539406 0.3609827 0.4897536 0.2776379 0.5067064 0.3478294 0.509514 0.3665065 0.4539406 0.3609827 0.5407492 0.332372 0.509514 0.3665065 0.5067064 0.3478294 0.4897536 0.2776379 0.4436408 0.2768902 0.4885939 0.2664988 0.4885939 0.2664988 0.4436408 0.2768902 0.4432746 0.2643015 0.5255818 0.2738689 0.5407492 0.332372 0.5067064 0.3478294 0.5255818 0.2738689 0.5067064 0.3478294 0.4897536 0.2776379 0.570367 0.2999008 0.5407492 0.332372 0.5255818 0.2738689 0.570367 0.2999008 0.5255818 0.2738689 0.570367 0.2738842 0.570367 0.2738842 0.5255818 0.2738689 0.570367 0.254902 0.5255818 0.2738689 0.4897536 0.2776379 0.5272755 0.2623789 0.570367 0.254902 0.5255818 0.2738689 0.5272755 0.2623789 0.4897536 0.2776379 0.4885939 0.2664988 0.5272755 0.2623789 0.570367 0.254902 0.5272755 0.2623789 0.5278248 0.2230716 0.570367 0.254902 0.5278248 0.2230716 0.570367 0.224216 0.570367 0.224216 0.5278248 0.2230716 0.570367 0.1702754 0.4885939 0.2664988 0.4889754 0.2223392 0.5272755 0.2623789 0.5272755 0.2623789 0.4889754 0.2223392 0.5278248 0.2230716 0.4885939 0.2664988 0.4432746 0.2643015 0.4889754 0.2223392 0.570367 0.1702754 0.5278248 0.2230716 0.5292286 0.1794766 0.5278248 0.2230716 0.4889754 0.2223392 0.5292286 0.1794766 0.570367 0.1702754 0.5292286 0.1794766 0.570367 0.1562829 0.4432746 0.2643015 0.4425116 0.22504 0.4889754 0.2223392 0.4432746 0.2643015 0.4090943 0.2569009 0.4425116 0.22504 0.4425116 0.22504 0.4090943 0.2569009 0.4090943 0.2270084 0.570367 0.1562829 0.5292286 0.1794766 0.5275654 0.1626306 0.570367 0.1562829 0.5275654 0.1626306 0.4958114 0.1309834 0.4425116 0.22504 0.4090943 0.2270084 0.4420996 0.1763637 0.4889754 0.2223392 0.4425116 0.22504 0.4420996 0.1763637 0.4420996 0.1763637 0.4090943 0.2270084 0.4090943 0.1702754 0.5292286 0.1794766 0.4889754 0.2223392 0.4892653 0.1859464 0.4889754 0.2223392 0.4420996 0.1763637 0.4892653 0.1859464 0.5292286 0.1794766 0.4892653 0.1859464 0.5275654 0.1626306 0.4420996 0.1763637 0.4090943 0.1702754 0.4442969 0.1616998 0.4442969 0.1616998 0.4090943 0.1702754 0.4090943 0.1562829 0.4958114 0.1309834 0.4442969 0.1616998 0.4090943 0.1562829 0.4892653 0.1859464 0.4420996 0.1763637 0.4893263 0.1682307 0.4420996 0.1763637 0.4442969 0.1616998 0.4893263 0.1682307 0.5275654 0.1626306 0.4892653 0.1859464 0.4893263 0.1682307 0.4958114 0.1309834 0.4893263 0.1682307 0.4442969 0.1616998 0.5275654 0.1626306 0.4893263 0.1682307 0.4958114 0.1309834 0.33608 0.7057908 0.3176165 0.6609293 0.3259785 0.6533609 0.3176165 0.6609293 0.2911574 0.6268864 0.3259785 0.6533609 0.3296712 0.7189746 0.3176165 0.6609293 0.33608 0.7057908 0.3408865 0.807538 0.3296712 0.7189746 0.33608 0.7057908 0.3176165 0.6609293 0.2910506 0.6562905 0.2911574 0.6268864 0.2911574 0.6268864 0.2910506 0.6562905 0.2440223 0.6361181 0.3296712 0.7189746 0.3130236 0.6877699 0.3176165 0.6609293 0.3176165 0.6609293 0.3130236 0.6877699 0.2910506 0.6562905 0.3329824 0.807538 0.3296712 0.7189746 0.3408865 0.807538 0.3248646 0.8720226 0.3329824 0.807538 0.3408865 0.807538 0.2910506 0.6562905 0.2464331 0.6723735 0.2440223 0.6361181 0.2440223 0.6361181 0.2464331 0.6723735 0.1743496 0.6442054 0.316701 0.867628 0.3329824 0.807538 0.3248646 0.8720226 0.30663 0.9080796 0.316701 0.867628 0.3248646 0.8720226 0.2910506 0.6562905 0.2876936 0.6990768 0.2464331 0.6723735 0.3130236 0.6877699 0.2876936 0.6990768 0.2910506 0.6562905 0.3004349 0.9028 0.316701 0.867628 0.30663 0.9080796 0.2839856 0.9353476 0.3004349 0.9028 0.30663 0.9080796 0.316701 0.867628 0.307805 0.8642252 0.3329824 0.807538 0.2780499 0.9310597 0.3004349 0.9028 0.2839856 0.9353476 0.2454261 0.9614405 0.2780499 0.9310597 0.2839856 0.9353476 0.3004349 0.9028 0.2932174 0.8987869 0.316701 0.867628 0.2932174 0.8987869 0.307805 0.8642252 0.316701 0.867628 0.2430457 0.9539788 0.2780499 0.9310597 0.2454261 0.9614405 0.2089723 0.9740597 0.2430457 0.9539788 0.2454261 0.9614405 0.2780499 0.9310597 0.2717784 0.9255665 0.3004349 0.9028 0.2717784 0.9255665 0.2932174 0.8987869 0.3004349 0.9028 0.2430457 0.9539788 0.2396734 0.9463798 0.2780499 0.9310597 0.2396734 0.9463798 0.2717784 0.9255665 0.2780499 0.9310597 0.2023346 0.9616541 0.2430457 0.9539788 0.2089723 0.9740597 0.2023346 0.9616541 0.2396734 0.9463798 0.2430457 0.9539788 0.1743496 0.9781185 0.2023346 0.9616541 0.2089723 0.9740597 0.2396734 0.9463798 0.2312352 0.9334249 0.2717784 0.9255665 0.2023346 0.9616541 0.1968719 0.9462272 0.2396734 0.9463798 0.1968719 0.9462272 0.2312352 0.9334249 0.2396734 0.9463798 0.1743496 0.9781185 0.1743496 0.9656825 0.2023346 0.9616541 0.1743496 0.9656825 0.1968719 0.9462272 0.2023346 0.9616541 0.1463798 0.9616541 0.1743496 0.9656825 0.1743496 0.9781185 0.1397268 0.9740597 0.1463798 0.9616541 0.1743496 0.9781185 0.1743496 0.9656825 0.1743496 0.9506065 0.1968719 0.9462272 0.1056687 0.9539788 0.1463798 0.9616541 0.1397268 0.9740597 0.1032883 0.9614405 0.1056687 0.9539788 0.1397268 0.9740597 0.1463798 0.9616541 0.1518425 0.9462272 0.1743496 0.9656825 0.1518425 0.9462272 0.1743496 0.9506065 0.1743496 0.9656825 0.1056687 0.9539788 0.1090257 0.9463798 0.1463798 0.9616541 0.1463798 0.9616541 0.1090257 0.9463798 0.1518425 0.9462272 0.07066452 0.9310597 0.1056687 0.9539788 0.1032883 0.9614405 0.07066452 0.9310597 0.1090257 0.9463798 0.1056687 0.9539788 0.06472873 0.9353476 0.07066452 0.9310597 0.1032883 0.9614405 0.1090257 0.9463798 0.1174792 0.9334249 0.1518425 0.9462272 0.04826426 0.9028 0.07066452 0.9310597 0.06472873 0.9353476 0.04208433 0.9080796 0.04826426 0.9028 0.06472873 0.9353476 0.07066452 0.9310597 0.07692068 0.9255665 0.1090257 0.9463798 0.04826426 0.9028 0.07692068 0.9255665 0.07066452 0.9310597 0.1090257 0.9463798 0.07692068 0.9255665 0.1174792 0.9334249 0.04208433 0.9080796 0.03201341 0.867628 0.04826426 0.9028 0.02384984 0.8720226 0.03201341 0.867628 0.04208433 0.9080796 0.04826426 0.9028 0.05548179 0.8987869 0.07692068 0.9255665 0.03201341 0.867628 0.05548179 0.8987869 0.04826426 0.9028 0.01571679 0.807538 0.03201341 0.867628 0.02384984 0.8720226 0.01571679 0.807538 0.02384984 0.8720226 0.007812619 0.807538 0.04089415 0.8642252 0.05548179 0.8987869 0.03201341 0.867628 0.01571679 0.807538 0.04089415 0.8642252 0.03201341 0.867628 0.0190432 0.7189746 0.01571679 0.807538 0.007812619 0.807538 0.0190432 0.7189746 0.007812619 0.807538 0.01261919 0.7057908 0.02343785 0.807538 0.04089415 0.8642252 0.01571679 0.807538 0.02343785 0.807538 0.01571679 0.807538 0.0190432 0.7189746 0.0190432 0.7189746 0.01261919 0.7057908 0.03108263 0.6609293 0.01261919 0.7057908 0.02273589 0.6533609 0.03108263 0.6609293 0.03108263 0.6609293 0.02273589 0.6533609 0.05755698 0.6268864 0.02775615 0.7363546 0.02343785 0.807538 0.0190432 0.7189746 0.03108263 0.6609293 0.05755698 0.6268864 0.05766379 0.6562905 0.05766379 0.6562905 0.05755698 0.6268864 0.1046769 0.6361181 0.0190432 0.7189746 0.03108263 0.6609293 0.03569084 0.6877699 0.03569084 0.6877699 0.03108263 0.6609293 0.05766379 0.6562905 0.02775615 0.7363546 0.0190432 0.7189746 0.03569084 0.6877699 0.05766379 0.6562905 0.1046769 0.6361181 0.1022812 0.6723735 0.1022812 0.6723735 0.1046769 0.6361181 0.1743496 0.6442054 0.03569084 0.6877699 0.05766379 0.6562905 0.06102079 0.6990768 0.05766379 0.6562905 0.1022812 0.6723735 0.06102079 0.6990768 0.02775615 0.7363546 0.03569084 0.6877699 0.04441899 0.7182574 0.03569084 0.6877699 0.06102079 0.6990768 0.04441899 0.7182574 0.1022812 0.6723735 0.1743496 0.6442054 0.1743496 0.6771649 0.2464331 0.6723735 0.1743496 0.6771649 0.1743496 0.6442054 0.06102079 0.6990768 0.1022812 0.6723735 0.1067674 0.7199512 0.1022812 0.6723735 0.1743496 0.6771649 0.1067674 0.7199512 0.2464331 0.6723735 0.2419317 0.7199512 0.1743496 0.6771649 0.2876936 0.6990768 0.2419317 0.7199512 0.2464331 0.6723735 0.1067674 0.7199512 0.1743496 0.6771649 0.1743496 0.7256276 0.2419317 0.7199512 0.1743496 0.7256276 0.1743496 0.6771649 0.06102079 0.6990768 0.1067674 0.7199512 0.07470816 0.7299458 0.1067674 0.7199512 0.1743496 0.7256276 0.1218585 0.7523308 0.1067674 0.7199512 0.1218585 0.7523308 0.07470816 0.7299458 0.2419317 0.7199512 0.2268406 0.7523308 0.1743496 0.7256276 0.1743496 0.7256276 0.1743496 0.7538567 0.1218585 0.7523308 0.2268406 0.7523308 0.1743496 0.7538567 0.1743496 0.7256276 0.1743496 0.7697108 0.1218585 0.7523308 0.1743496 0.7538567 0.2268406 0.7523308 0.1743496 0.7697108 0.1743496 0.7538567 0.2740063 0.7299458 0.2268406 0.7523308 0.2419317 0.7199512 0.2876936 0.6990768 0.2740063 0.7299458 0.2419317 0.7199512 0.2217288 0.7662165 0.1743496 0.7697108 0.2268406 0.7523308 0.2740063 0.7299458 0.2217288 0.7662165 0.2268406 0.7523308 0.1269856 0.7662165 0.1218585 0.7523308 0.1743496 0.7697108 0.07470816 0.7299458 0.1218585 0.7523308 0.1269856 0.7662165 0.1743496 0.7903258 0.1743496 0.7697108 0.2217288 0.7662165 0.1269856 0.7662165 0.1743496 0.7697108 0.1743496 0.7903258 0.2594797 0.754818 0.2217288 0.7662165 0.2740063 0.7299458 0.07470816 0.7299458 0.1269856 0.7662165 0.08923476 0.754818 0.2197147 0.7826352 0.2217288 0.7662165 0.2594797 0.754818 0.1743496 0.7903258 0.2217288 0.7662165 0.2197147 0.7826352 0.1269856 0.7662165 0.1743496 0.7903258 0.1289845 0.7826352 0.08923476 0.754818 0.1269856 0.7662165 0.1289845 0.7826352 0.1743496 0.7903258 0.2197147 0.7826352 0.1743496 0.8144808 0.1289845 0.7826352 0.1743496 0.7903258 0.1743496 0.8144808 0.05313187 0.7456932 0.07470816 0.7299458 0.08923476 0.754818 0.06102079 0.6990768 0.07470816 0.7299458 0.05313187 0.7456932 0.04441899 0.7182574 0.06102079 0.6990768 0.05313187 0.7456932 0.08923476 0.754818 0.1289845 0.7826352 0.09716945 0.7801938 0.05313187 0.7456932 0.08923476 0.754818 0.07394522 0.7645228 0.08923476 0.754818 0.09716945 0.7801938 0.07394522 0.7645228 0.04441899 0.7182574 0.05313187 0.7456932 0.04586857 0.7722744 0.05313187 0.7456932 0.07394522 0.7645228 0.04586857 0.7722744 0.09716945 0.7801938 0.1289845 0.7826352 0.1224384 0.8018006 0.1289845 0.7826352 0.1743496 0.8144808 0.1224384 0.8018006 0.07394522 0.7645228 0.09716945 0.7801938 0.08767831 0.8014954 0.09716945 0.7801938 0.1224384 0.8018006 0.08767831 0.8014954 0.04586857 0.7722744 0.07394522 0.7645228 0.06132596 0.7941405 0.07394522 0.7645228 0.08767831 0.8014954 0.06132596 0.7941405 0.04441899 0.7182574 0.04586857 0.7722744 0.03604179 0.752987 0.02775615 0.7363546 0.04441899 0.7182574 0.03604179 0.752987 0.02775615 0.7363546 0.03604179 0.752987 0.02343785 0.807538 0.03604179 0.752987 0.04586857 0.7722744 0.03880369 0.807538 0.02343785 0.807538 0.03604179 0.752987 0.03880369 0.807538 0.04586857 0.7722744 0.06132596 0.7941405 0.03880369 0.807538 0.02343785 0.807538 0.03880369 0.807538 0.04089415 0.8642252 0.06132596 0.7941405 0.06681925 0.833692 0.03880369 0.807538 0.06132596 0.7941405 0.08767831 0.8014954 0.06681925 0.833692 0.03880369 0.807538 0.05197221 0.8605936 0.04089415 0.8642252 0.03880369 0.807538 0.06681925 0.833692 0.05197221 0.8605936 0.04089415 0.8642252 0.05197221 0.8605936 0.05548179 0.8987869 0.08767831 0.8014954 0.0945754 0.832639 0.06681925 0.833692 0.08767831 0.8014954 0.1224384 0.8018006 0.0945754 0.832639 0.06681925 0.833692 0.07238876 0.8654765 0.05197221 0.8605936 0.0945754 0.832639 0.09533834 0.8699321 0.06681925 0.833692 0.09533834 0.8699321 0.07238876 0.8654765 0.06681925 0.833692 0.1224384 0.8018006 0.1294118 0.8362097 0.0945754 0.832639 0.0945754 0.832639 0.1294118 0.8362097 0.09533834 0.8699321 0.07238876 0.8654765 0.06832987 0.8924849 0.05197221 0.8605936 0.05197221 0.8605936 0.06832987 0.8924849 0.05548179 0.8987869 0.09533834 0.8699321 0.08799874 0.8899214 0.07238876 0.8654765 0.08799874 0.8899214 0.06832987 0.8924849 0.07238876 0.8654765 0.06832987 0.8924849 0.0882734 0.9138781 0.05548179 0.8987869 0.08799874 0.8899214 0.0882734 0.9138781 0.06832987 0.8924849 0.05548179 0.8987869 0.0882734 0.9138781 0.07692068 0.9255665 0.0882734 0.9138781 0.1174792 0.9334249 0.07692068 0.9255665 0.09533834 0.8699321 0.126009 0.8796063 0.08799874 0.8899214 0.1294118 0.8362097 0.126009 0.8796063 0.09533834 0.8699321 0.08799874 0.8899214 0.1071641 0.903151 0.0882734 0.9138781 0.126009 0.8796063 0.1071641 0.903151 0.08799874 0.8899214 0.0882734 0.9138781 0.1314564 0.9187762 0.1174792 0.9334249 0.1071641 0.903151 0.1314564 0.9187762 0.0882734 0.9138781 0.126009 0.8796063 0.1436484 0.9006791 0.1071641 0.903151 0.1071641 0.903151 0.1436484 0.9006791 0.1314564 0.9187762 0.1314564 0.9187762 0.1567101 0.9300679 0.1174792 0.9334249 0.1314564 0.9187762 0.1436484 0.9006791 0.1567101 0.9300679 0.1518425 0.9462272 0.1174792 0.9334249 0.1567101 0.9300679 0.1518425 0.9462272 0.1567101 0.9300679 0.1743496 0.9506065 0.126009 0.8796063 0.1743496 0.9033646 0.1436484 0.9006791 0.1294118 0.8362097 0.1743496 0.9033646 0.126009 0.8796063 0.1567101 0.9300679 0.1436484 0.9006791 0.1637903 0.9136187 0.1436484 0.9006791 0.1743496 0.9033646 0.1637903 0.9136187 0.1567101 0.9300679 0.1743496 0.9339437 0.1743496 0.9506065 0.1567101 0.9300679 0.1637903 0.9136187 0.1743496 0.9339437 0.1743496 0.9506065 0.1743496 0.9339437 0.1920043 0.9300679 0.1743496 0.9506065 0.1920043 0.9300679 0.1968719 0.9462272 0.1637903 0.9136187 0.1743496 0.917586 0.1743496 0.9339437 0.1637903 0.9136187 0.1743496 0.9033646 0.1743496 0.917586 0.1968719 0.9462272 0.1920043 0.9300679 0.2312352 0.9334249 0.1743496 0.9339437 0.1743496 0.917586 0.1849241 0.9136187 0.1743496 0.9339437 0.1849241 0.9136187 0.1920043 0.9300679 0.1743496 0.917586 0.1743496 0.9033646 0.1849241 0.9136187 0.1920043 0.9300679 0.1849241 0.9136187 0.205066 0.9006791 0.1849241 0.9136187 0.1743496 0.9033646 0.205066 0.9006791 0.1920043 0.9300679 0.2172427 0.9187762 0.2312352 0.9334249 0.1920043 0.9300679 0.205066 0.9006791 0.2172427 0.9187762 0.2312352 0.9334249 0.2172427 0.9187762 0.260441 0.9138781 0.2312352 0.9334249 0.260441 0.9138781 0.2717784 0.9255665 0.2717784 0.9255665 0.260441 0.9138781 0.2932174 0.8987869 0.2172427 0.9187762 0.205066 0.9006791 0.241535 0.903151 0.2172427 0.9187762 0.241535 0.903151 0.260441 0.9138781 0.205066 0.9006791 0.2226901 0.8796063 0.241535 0.903151 0.205066 0.9006791 0.1743496 0.9033646 0.2226901 0.8796063 0.260441 0.9138781 0.241535 0.903151 0.2607156 0.8899214 0.241535 0.903151 0.2226901 0.8796063 0.2607156 0.8899214 0.260441 0.9138781 0.2803693 0.8924849 0.2932174 0.8987869 0.260441 0.9138781 0.2607156 0.8899214 0.2803693 0.8924849 0.2932174 0.8987869 0.2803693 0.8924849 0.296727 0.8605936 0.2932174 0.8987869 0.296727 0.8605936 0.307805 0.8642252 0.2803693 0.8924849 0.2607156 0.8899214 0.2763256 0.8654765 0.2803693 0.8924849 0.2763256 0.8654765 0.296727 0.8605936 0.2226901 0.8796063 0.2533761 0.8699321 0.2607156 0.8899214 0.2607156 0.8899214 0.2533761 0.8699321 0.2763256 0.8654765 0.2193027 0.8362097 0.2226901 0.8796063 0.1743496 0.9033646 0.2193027 0.8362097 0.2533761 0.8699321 0.2226901 0.8796063 0.296727 0.8605936 0.2763256 0.8654765 0.2818799 0.833692 0.2533761 0.8699321 0.2818799 0.833692 0.2763256 0.8654765 0.1743496 0.8546578 0.2193027 0.8362097 0.1743496 0.9033646 0.1743496 0.8546578 0.1743496 0.9033646 0.1294118 0.8362097 0.1224384 0.8018006 0.1743496 0.8546578 0.1294118 0.8362097 0.1224384 0.8018006 0.1743496 0.8144808 0.1743496 0.8546578 0.2193027 0.8362097 0.254139 0.832639 0.2533761 0.8699321 0.2533761 0.8699321 0.254139 0.832639 0.2818799 0.833692 0.1743496 0.8546578 0.226276 0.8018006 0.2193027 0.8362097 0.1743496 0.8144808 0.226276 0.8018006 0.1743496 0.8546578 0.226276 0.8018006 0.254139 0.832639 0.2193027 0.8362097 0.1743496 0.8144808 0.2197147 0.7826352 0.226276 0.8018006 0.226276 0.8018006 0.2610361 0.8014954 0.254139 0.832639 0.2818799 0.833692 0.254139 0.832639 0.2610361 0.8014954 0.2197147 0.7826352 0.251545 0.7801938 0.226276 0.8018006 0.251545 0.7801938 0.2610361 0.8014954 0.226276 0.8018006 0.2197147 0.7826352 0.2594797 0.754818 0.251545 0.7801938 0.251545 0.7801938 0.2747539 0.7645228 0.2610361 0.8014954 0.251545 0.7801938 0.2594797 0.754818 0.2747539 0.7645228 0.2818799 0.833692 0.2610361 0.8014954 0.2873731 0.7941405 0.2873731 0.7941405 0.2610361 0.8014954 0.2747539 0.7645228 0.3099107 0.807538 0.2818799 0.833692 0.2873731 0.7941405 0.296727 0.8605936 0.2818799 0.833692 0.3099107 0.807538 0.307805 0.8642252 0.296727 0.8605936 0.3099107 0.807538 0.3028458 0.7722744 0.2873731 0.7941405 0.2747539 0.7645228 0.3099107 0.807538 0.2873731 0.7941405 0.3028458 0.7722744 0.2747539 0.7645228 0.2594797 0.754818 0.2955825 0.7456932 0.3028458 0.7722744 0.2747539 0.7645228 0.2955825 0.7456932 0.2955825 0.7456932 0.2594797 0.754818 0.2740063 0.7299458 0.2955825 0.7456932 0.2740063 0.7299458 0.2876936 0.6990768 0.3042954 0.7182574 0.2955825 0.7456932 0.2876936 0.6990768 0.3028458 0.7722744 0.2955825 0.7456932 0.3042954 0.7182574 0.3130236 0.6877699 0.3042954 0.7182574 0.2876936 0.6990768 0.3099107 0.807538 0.3028458 0.7722744 0.3126726 0.752987 0.3126726 0.752987 0.3028458 0.7722744 0.3042954 0.7182574 0.320943 0.7363546 0.3042954 0.7182574 0.3130236 0.6877699 0.320943 0.7363546 0.3126726 0.752987 0.3042954 0.7182574 0.3296712 0.7189746 0.320943 0.7363546 0.3130236 0.6877699 0.3252766 0.807538 0.3099107 0.807538 0.3126726 0.752987 0.3252766 0.807538 0.3126726 0.752987 0.320943 0.7363546 0.3252766 0.807538 0.320943 0.7363546 0.3296712 0.7189746 0.307805 0.8642252 0.3099107 0.807538 0.3252766 0.807538 0.3329824 0.807538 0.3252766 0.807538 0.3296712 0.7189746 0.307805 0.8642252 0.3252766 0.807538 0.3329824 0.807538 0.008468747 0.453254 0.03472948 0.4389258 0.01373308 0.4326848 0.03472948 0.4389258 0.0333867 0.4118868 0.01373308 0.4326848 0.008468747 0.453254 0.03471422 0.4678111 0.03472948 0.4389258 0.008468747 0.453254 0.01368731 0.4738231 0.03471422 0.4678111 0.03471422 0.4678111 0.01368731 0.4738231 0.03384447 0.4948806 0.03472948 0.4389258 0.05470359 0.4277867 0.0333867 0.4118868 0.05470359 0.4277867 0.05470359 0.4065461 0.0333867 0.4118868 0.05470359 0.4277867 0.07550162 0.4117647 0.05470359 0.4065461 0.03471422 0.4678111 0.05470359 0.4533608 0.03472948 0.4389258 0.03472948 0.4389258 0.05470359 0.4533608 0.05470359 0.4277867 0.03471422 0.4678111 0.03384447 0.4948806 0.05470359 0.4788587 0.03471422 0.4678111 0.05470359 0.4788587 0.05470359 0.4533608 0.05470359 0.4788587 0.03384447 0.4948806 0.05470359 0.5000687 0.05470359 0.4788587 0.05470359 0.5000687 0.07551687 0.4949111 0.05470359 0.4277867 0.07483023 0.4388647 0.07550162 0.4117647 0.05470359 0.4533608 0.07483023 0.4388647 0.05470359 0.4277867 0.07483023 0.4388647 0.09578084 0.4327306 0.07550162 0.4117647 0.07483023 0.4388647 0.1009994 0.4533303 0.09578084 0.4327306 0.05470359 0.4788587 0.07479971 0.4678874 0.05470359 0.4533608 0.05470359 0.4533608 0.07479971 0.4678874 0.07483023 0.4388647 0.05470359 0.4788587 0.07551687 0.4949111 0.07479971 0.4678874 0.07479971 0.4678874 0.1009994 0.4533303 0.07483023 0.4388647 0.07479971 0.4678874 0.07551687 0.4949111 0.09578084 0.4739147 0.07479971 0.4678874 0.09578084 0.4739147 0.1009994 0.4533303 0.008468747 0.453254 0.03471422 0.4678111 0.01368731 0.4738231 0.03471422 0.4678111 0.03384447 0.4948806 0.01368731 0.4738231 0.008468747 0.453254 0.03472948 0.4389258 0.03471422 0.4678111 0.008468747 0.453254 0.01373308 0.4326848 0.03472948 0.4389258 0.03472948 0.4389258 0.01373308 0.4326848 0.0333867 0.4118868 0.03471422 0.4678111 0.05470359 0.4788587 0.03384447 0.4948806 0.05470359 0.4788587 0.05470359 0.5000687 0.03384447 0.4948806 0.05470359 0.4788587 0.07551687 0.4949111 0.05470359 0.5000687 0.03472948 0.4389258 0.05470359 0.4533608 0.03471422 0.4678111 0.03471422 0.4678111 0.05470359 0.4533608 0.05470359 0.4788587 0.03472948 0.4389258 0.0333867 0.4118868 0.05470359 0.4277867 0.03472948 0.4389258 0.05470359 0.4277867 0.05470359 0.4533608 0.0333867 0.4118868 0.05470359 0.4065461 0.05470359 0.4277867 0.05470359 0.4277867 0.05470359 0.4065461 0.07550162 0.4117647 0.05470359 0.4788587 0.07479971 0.4678874 0.07551687 0.4949111 0.05470359 0.4533608 0.07479971 0.4678874 0.05470359 0.4788587 0.07479971 0.4678874 0.09578084 0.4739147 0.07551687 0.4949111 0.07479971 0.4678874 0.1009994 0.4533303 0.09578084 0.4739147 0.05470359 0.4277867 0.07483023 0.4388647 0.05470359 0.4533608 0.05470359 0.4533608 0.07483023 0.4388647 0.07479971 0.4678874 0.05470359 0.4277867 0.07550162 0.4117647 0.07483023 0.4388647 0.07483023 0.4388647 0.1009994 0.4533303 0.07479971 0.4678874 0.07550162 0.4117647 0.09578084 0.4327306 0.07483023 0.4388647 0.07483023 0.4388647 0.09578084 0.4327306 0.1009994 0.4533303 0.4650492 0.722652 0.4534371 0.7233234 0.450721 0.7059434 0.451255 0.7418937 0.4534371 0.7233234 0.4650492 0.722652 0.4529793 0.7638209 0.451255 0.7418937 0.4650492 0.722652 0.4534371 0.7233234 0.4396277 0.7233844 0.450721 0.7059434 0.451255 0.7418937 0.4396277 0.7233844 0.4534371 0.7233234 0.4529793 0.7638209 0.4435645 0.7577783 0.451255 0.7418937 0.4396277 0.7233844 0.4368353 0.7090258 0.450721 0.7059434 0.4529793 0.7638209 0.4257267 0.7701076 0.4435645 0.7577783 0.4529793 0.7638209 0.4054933 0.7870756 0.4257267 0.7701076 0.451255 0.7418937 0.4435645 0.7577783 0.4322118 0.7506371 0.4435645 0.7577783 0.4257267 0.7701076 0.4322118 0.7506371 0.451255 0.7418937 0.4377813 0.7381094 0.4396277 0.7233844 0.451255 0.7418937 0.4322118 0.7506371 0.4377813 0.7381094 0.4396277 0.7233844 0.4377813 0.7381094 0.4054933 0.7214313 0.4377813 0.7381094 0.4322118 0.7506371 0.4054933 0.7214313 0.4396277 0.7233844 0.4054933 0.7214313 0.4368353 0.7090258 0.4257267 0.7701076 0.4196536 0.7593042 0.4322118 0.7506371 0.4322118 0.7506371 0.4196536 0.7593042 0.4054933 0.7214313 0.4257267 0.7701076 0.4057222 0.7630426 0.4196536 0.7593042 0.4196536 0.7593042 0.4057222 0.7630426 0.4054933 0.7214313 0.4054933 0.7870756 0.4057222 0.7760739 0.4257267 0.7701076 0.4257267 0.7701076 0.4057222 0.7760739 0.4057222 0.7630426 0.4054933 0.7870756 0.386801 0.769482 0.4057222 0.7760739 0.4057222 0.7760739 0.386801 0.769482 0.4057222 0.7630426 0.4054933 0.7870756 0.3608606 0.7630121 0.386801 0.769482 0.386801 0.769482 0.3926146 0.7587701 0.4057222 0.7630426 0.4057222 0.7630426 0.3926146 0.7587701 0.4054933 0.7214313 0.3608606 0.7630121 0.370779 0.7565881 0.386801 0.769482 0.386801 0.769482 0.370779 0.7565881 0.3926146 0.7587701 0.3608606 0.7630121 0.3649195 0.7406882 0.370779 0.7565881 0.370779 0.7565881 0.3816739 0.74963 0.3926146 0.7587701 0.3649195 0.7406882 0.3816739 0.74963 0.370779 0.7565881 0.3926146 0.7587701 0.3816739 0.74963 0.4054933 0.7214313 0.3608606 0.7630121 0.3520104 0.7039902 0.3649195 0.7406882 0.3649195 0.7406882 0.3775387 0.7364309 0.3816739 0.74963 0.3775387 0.7364309 0.4054933 0.7214313 0.3816739 0.74963 0.3649195 0.7406882 0.3634394 0.7222553 0.3775387 0.7364309 0.3649195 0.7406882 0.3520104 0.7039902 0.3634394 0.7222553 0.3775387 0.7364309 0.3634394 0.7222553 0.3761349 0.7212787 0.3775387 0.7364309 0.3761349 0.7212787 0.4054933 0.7214313 0.3634394 0.7222553 0.3765164 0.705684 0.3761349 0.7212787 0.3761349 0.7212787 0.3765164 0.705684 0.4054933 0.7214313 0.3520104 0.7039902 0.3631647 0.7037919 0.3634394 0.7222553 0.3634394 0.7222553 0.3631647 0.7037919 0.3765164 0.705684 0.3520104 0.7039902 0.3675135 0.6876021 0.3631647 0.7037919 0.3520104 0.7039902 0.3604944 0.6790265 0.3675135 0.6876021 0.3631647 0.7037919 0.379736 0.692134 0.3765164 0.705684 0.3631647 0.7037919 0.3675135 0.6876021 0.379736 0.692134 0.4054933 0.7214313 0.3765164 0.705684 0.379736 0.692134 0.3604944 0.6790265 0.3850461 0.673991 0.3675135 0.6876021 0.4054933 0.6555276 0.3850461 0.673991 0.3604944 0.6790265 0.3675135 0.6876021 0.3915923 0.6835737 0.379736 0.692134 0.3675135 0.6876021 0.3850461 0.673991 0.3915923 0.6835737 0.4054933 0.7214313 0.379736 0.692134 0.3915923 0.6835737 0.3850461 0.673991 0.4057222 0.6799268 0.3915923 0.6835737 0.4054933 0.7214313 0.3915923 0.6835737 0.4057222 0.6799268 0.4054933 0.6555276 0.4057222 0.6665446 0.3850461 0.673991 0.4057222 0.6665446 0.4057222 0.6799268 0.3850461 0.673991 0.4187076 0.6857863 0.4054933 0.7214313 0.4057222 0.6799268 0.4187076 0.6857863 0.4057222 0.6799268 0.4057222 0.6665446 0.4252079 0.6755779 0.4057222 0.6665446 0.4054933 0.6555276 0.4252079 0.6755779 0.4187076 0.6857863 0.4057222 0.6665446 0.4473335 0.6806287 0.4252079 0.6755779 0.4054933 0.6555276 0.4304417 0.6962692 0.4054933 0.7214313 0.4187076 0.6857863 0.4304417 0.6962692 0.4187076 0.6857863 0.4252079 0.6755779 0.4368353 0.7090258 0.4054933 0.7214313 0.4304417 0.6962692 0.4426032 0.6905776 0.4252079 0.6755779 0.4473335 0.6806287 0.4426032 0.6905776 0.4304417 0.6962692 0.4252079 0.6755779 0.4368353 0.7090258 0.4304417 0.6962692 0.4426032 0.6905776 0.450721 0.7059434 0.4426032 0.6905776 0.4473335 0.6806287 0.450721 0.7059434 0.4368353 0.7090258 0.4426032 0.6905776 0.3520104 0.7039902 0.3675135 0.6876021 0.3604944 0.6790265 0.3850461 0.673991 0.3604944 0.6790265 0.3675135 0.6876021 0.4054933 0.6555276 0.3604944 0.6790265 0.3850461 0.673991 0.3520104 0.7039902 0.3631647 0.7037919 0.3675135 0.6876021 0.4054933 0.6555276 0.3850461 0.673991 0.4057222 0.6665446 0.3631647 0.7037919 0.379736 0.692134 0.3675135 0.6876021 0.3850461 0.673991 0.3675135 0.6876021 0.379736 0.692134 0.4252079 0.6755779 0.4054933 0.6555276 0.4057222 0.6665446 0.4473335 0.6806287 0.4054933 0.6555276 0.4252079 0.6755779 0.4057222 0.6665446 0.3850461 0.673991 0.4057222 0.6799268 0.4252079 0.6755779 0.4057222 0.6665446 0.4057222 0.6799268 0.3850461 0.673991 0.379736 0.692134 0.3915923 0.6835737 0.4057222 0.6799268 0.3850461 0.673991 0.3915923 0.6835737 0.4473335 0.6806287 0.4252079 0.6755779 0.4426032 0.6905776 0.4252079 0.6755779 0.4057222 0.6799268 0.4187076 0.6857863 0.450721 0.7059434 0.4473335 0.6806287 0.4426032 0.6905776 0.4426032 0.6905776 0.4252079 0.6755779 0.4304417 0.6962692 0.4304417 0.6962692 0.4252079 0.6755779 0.4187076 0.6857863 0.450721 0.7059434 0.4426032 0.6905776 0.4304417 0.6962692 0.4650492 0.722652 0.4473335 0.6806287 0.450721 0.7059434 0.4187076 0.6857863 0.4057222 0.6799268 0.4054933 0.7214313 0.4057222 0.6799268 0.3915923 0.6835737 0.4054933 0.7214313 0.4304417 0.6962692 0.4187076 0.6857863 0.4054933 0.7214313 0.4054933 0.7214313 0.3915923 0.6835737 0.379736 0.692134 0.450721 0.7059434 0.4304417 0.6962692 0.4368353 0.7090258 0.4368353 0.7090258 0.4304417 0.6962692 0.4054933 0.7214313 0.4396277 0.7233844 0.450721 0.7059434 0.4368353 0.7090258 0.4396277 0.7233844 0.4368353 0.7090258 0.4054933 0.7214313 0.4650492 0.722652 0.450721 0.7059434 0.4534371 0.7233234 0.4534371 0.7233234 0.450721 0.7059434 0.4396277 0.7233844 0.451255 0.7418937 0.4650492 0.722652 0.4534371 0.7233234 0.451255 0.7418937 0.4534371 0.7233234 0.4396277 0.7233844 0.4529793 0.7638209 0.4650492 0.722652 0.451255 0.7418937 0.451255 0.7418937 0.4396277 0.7233844 0.4377813 0.7381094 0.4377813 0.7381094 0.4396277 0.7233844 0.4054933 0.7214313 0.4529793 0.7638209 0.451255 0.7418937 0.4435645 0.7577783 0.451255 0.7418937 0.4377813 0.7381094 0.4435645 0.7577783 0.4529793 0.7638209 0.4435645 0.7577783 0.4257267 0.7701076 0.4435645 0.7577783 0.4377813 0.7381094 0.4322118 0.7506371 0.4435645 0.7577783 0.4322118 0.7506371 0.4257267 0.7701076 0.4377813 0.7381094 0.4054933 0.7214313 0.4322118 0.7506371 0.4529793 0.7638209 0.4257267 0.7701076 0.4054933 0.7870756 0.4257267 0.7701076 0.4322118 0.7506371 0.4196536 0.7593042 0.4322118 0.7506371 0.4054933 0.7214313 0.4196536 0.7593042 0.4257267 0.7701076 0.4057222 0.7760739 0.4054933 0.7870756 0.4257267 0.7701076 0.4196536 0.7593042 0.4057222 0.7760739 0.4054933 0.7870756 0.4057222 0.7760739 0.386801 0.769482 0.4196536 0.7593042 0.4057222 0.7630426 0.4057222 0.7760739 0.4057222 0.7760739 0.4057222 0.7630426 0.386801 0.769482 0.4196536 0.7593042 0.4054933 0.7214313 0.4057222 0.7630426 0.4054933 0.7870756 0.386801 0.769482 0.3608606 0.7630121 0.386801 0.769482 0.4057222 0.7630426 0.3926146 0.7587701 0.4057222 0.7630426 0.4054933 0.7214313 0.3926146 0.7587701 0.386801 0.769482 0.370779 0.7565881 0.3608606 0.7630121 0.386801 0.769482 0.3926146 0.7587701 0.370779 0.7565881 0.3608606 0.7630121 0.370779 0.7565881 0.3649195 0.7406882 0.3608606 0.7630121 0.3649195 0.7406882 0.3520104 0.7039902 0.3926146 0.7587701 0.3816739 0.74963 0.370779 0.7565881 0.370779 0.7565881 0.3816739 0.74963 0.3649195 0.7406882 0.3926146 0.7587701 0.4054933 0.7214313 0.3816739 0.74963 0.3649195 0.7406882 0.3634394 0.7222553 0.3520104 0.7039902 0.3520104 0.7039902 0.3634394 0.7222553 0.3631647 0.7037919 0.3649195 0.7406882 0.3816739 0.74963 0.3775387 0.7364309 0.3649195 0.7406882 0.3775387 0.7364309 0.3634394 0.7222553 0.3816739 0.74963 0.4054933 0.7214313 0.3775387 0.7364309 0.3775387 0.7364309 0.3761349 0.7212787 0.3634394 0.7222553 0.4054933 0.7214313 0.3761349 0.7212787 0.3775387 0.7364309 0.3634394 0.7222553 0.3761349 0.7212787 0.3631647 0.7037919 0.4054933 0.7214313 0.3765164 0.705684 0.3761349 0.7212787 0.3631647 0.7037919 0.3761349 0.7212787 0.3765164 0.705684 0.4054933 0.7214313 0.379736 0.692134 0.3765164 0.705684 0.3631647 0.7037919 0.3765164 0.705684 0.379736 0.692134</float_array>
          <technique_common>
            <accessor source="#Untitled-mesh-map-0-array" count="8088" stride="2">
              <param name="S" type="float"/>
              <param name="T" type="float"/>
            </accessor>
          </technique_common>
        </source>
        <source id="Untitled-mesh-map-1">
          <float_array id="Untitled-mesh-map-1-array" count="16176">0.6132754 0.02893108 0.6176394 0.02858012 0.6229648 0.03613334 0.6229648 0.3230335 0.6176394 0.3305867 0.6132754 0.3302205 0.04129087 0.5427634 0.05029368 0.5406729 0.05574119 0.5490348 0.09167617 0.7968414 0.08201724 0.7855955 0.07972836 0.7685359 0.301442 0.5255054 0.3068894 0.5171282 0.3158923 0.5192188 0.1363698 0.8095216 0.1548027 0.7863126 0.1664149 0.796643 0.1548027 0.7863126 0.142031 0.7752956 0.1789883 0.7868315 0.6212711 0.7683376 0.5912108 0.755459 0.6028382 0.7451286 0.6028382 0.7451286 0.5786526 0.7456474 0.6155948 0.7341116 0.1789883 0.7868315 0.1664149 0.796643 0.1548027 0.7863126 0.142031 0.7752956 0.1588616 0.7757229 0.1789883 0.7868315 0.148577 0.7584344 0.1588616 0.7757229 0.142031 0.7752956 0.1312123 0.7393912 0.148577 0.7584344 0.142031 0.7752956 0.1588616 0.7757229 0.166598 0.7715114 0.1789883 0.7868315 0.1492027 0.7352102 0.148577 0.7584344 0.1312123 0.7393912 0.1595483 0.7548791 0.166598 0.7715114 0.1588616 0.7757229 0.148577 0.7584344 0.1595483 0.7548791 0.1588616 0.7757229 0.166598 0.7715114 0.1859769 0.7803464 0.1789883 0.7868315 0.1789883 0.7868315 0.1859769 0.7803464 0.1997253 0.7848173 0.1602502 0.7364919 0.1595483 0.7548791 0.148577 0.7584344 0.1492027 0.7352102 0.1602502 0.7364919 0.148577 0.7584344 0.1595483 0.7548791 0.1731136 0.7591363 0.166598 0.7715114 0.1731136 0.7591363 0.1859769 0.7803464 0.166598 0.7715114 0.1602502 0.7364919 0.1756618 0.7301137 0.1595483 0.7548791 0.1595483 0.7548791 0.1756618 0.7301137 0.1731136 0.7591363 0.1693751 0.7192035 0.1602502 0.7364919 0.1492027 0.7352102 0.1693751 0.7192035 0.1756618 0.7301137 0.1602502 0.7364919 0.1587854 0.7157092 0.1492027 0.7352102 0.1312123 0.7393912 0.1693751 0.7192035 0.1492027 0.7352102 0.1587854 0.7157092 0.1587854 0.7157092 0.1312123 0.7393912 0.1397879 0.7161212 0.1898527 0.7024644 0.1693751 0.7192035 0.1587854 0.7157092 0.1898527 0.7024644 0.1756618 0.7301137 0.1693751 0.7192035 0.1587854 0.7157092 0.1397879 0.7161212 0.1783169 0.7023423 0.1898527 0.7024644 0.1587854 0.7157092 0.1783169 0.7023423 0.1783169 0.7023423 0.1397879 0.7161212 0.1478294 0.6949722 0.1783169 0.7023423 0.1478294 0.6949722 0.1675898 0.6893873 0.1898527 0.7024644 0.1783169 0.7023423 0.1675898 0.6893873 0.1675898 0.6893873 0.1478294 0.6949722 0.1640039 0.6759899 0.1675898 0.6893873 0.1640039 0.6759899 0.1748684 0.6879835 0.1898527 0.7024644 0.1675898 0.6893873 0.1748684 0.6879835 0.1985809 0.7130083 0.1756618 0.7301137 0.1898527 0.7024644 0.2089265 0.6993362 0.1985809 0.7130083 0.1898527 0.7024644 0.2089265 0.6993362 0.2242923 0.7022355 0.1985809 0.7130083 0.1985809 0.7130083 0.1981689 0.7404288 0.1756618 0.7301137 0.1981689 0.7404288 0.1731136 0.7591363 0.1756618 0.7301137 0.1985809 0.7130083 0.2242923 0.7022355 0.2174563 0.7183642 0.1985809 0.7130083 0.2174563 0.7183642 0.1981689 0.7404288 0.2242923 0.7022355 0.2283055 0.7099718 0.2174563 0.7183642 0.2174563 0.7183642 0.2283055 0.7099718 0.2211795 0.7427939 0.2174563 0.7183642 0.2211795 0.7427939 0.1981689 0.7404288 0.2283055 0.7099718 0.2283055 0.742565 0.2211795 0.7427939 0.1981689 0.7404288 0.188983 0.7717251 0.1731136 0.7591363 0.188983 0.7717251 0.1859769 0.7803464 0.1731136 0.7591363 0.2211795 0.7427939 0.2091706 0.763653 0.1981689 0.7404288 0.2211795 0.7427939 0.2283055 0.742565 0.2091706 0.763653 0.2091706 0.763653 0.188983 0.7717251 0.1981689 0.7404288 0.2283055 0.742565 0.224155 0.756817 0.2091706 0.763653 0.2006714 0.7780423 0.1859769 0.7803464 0.188983 0.7717251 0.2091706 0.763653 0.2006714 0.7780423 0.188983 0.7717251 0.2091706 0.763653 0.224155 0.756817 0.2006714 0.7780423 0.2006714 0.7780423 0.1997253 0.7848173 0.1859769 0.7803464 0.224155 0.756817 0.1997253 0.7848173 0.2006714 0.7780423 0.5786526 0.7456474 0.6028382 0.7451286 0.5912108 0.755459 0.6155948 0.7341116 0.5786526 0.7456474 0.5987793 0.7345388 0.6090486 0.7172504 0.6155948 0.7341116 0.5987793 0.7345388 0.6264134 0.698207 0.6155948 0.7341116 0.6090486 0.7172504 0.5987793 0.7345388 0.5786526 0.7456474 0.5910277 0.7303273 0.608423 0.6940261 0.6264134 0.698207 0.6090486 0.7172504 0.6090486 0.7172504 0.5987793 0.7345388 0.5980774 0.7136949 0.5980774 0.7136949 0.5987793 0.7345388 0.5910277 0.7303273 0.608423 0.6940261 0.6090486 0.7172504 0.5973755 0.6953079 0.5973755 0.6953079 0.6090486 0.7172504 0.5980774 0.7136949 0.5988556 0.674525 0.6264134 0.698207 0.608423 0.6940261 0.5988556 0.674525 0.6178531 0.6749371 0.6264134 0.698207 0.5882506 0.6780194 0.608423 0.6940261 0.5973755 0.6953079 0.5988556 0.674525 0.608423 0.6940261 0.5882506 0.6780194 0.5793088 0.6611582 0.6178531 0.6749371 0.5988556 0.674525 0.5793088 0.6611582 0.6097963 0.6537881 0.6178531 0.6749371 0.5677882 0.6612803 0.5988556 0.674525 0.5882506 0.6780194 0.5677882 0.6612803 0.5793088 0.6611582 0.5988556 0.674525 0.5793088 0.6611582 0.5900359 0.6482033 0.6097963 0.6537881 0.5677882 0.6612803 0.5900359 0.6482033 0.5793088 0.6611582 0.5900359 0.6482033 0.5936217 0.6348058 0.6097963 0.6537881 0.5900359 0.6482033 0.5827726 0.6467995 0.5936217 0.6348058 0.5677882 0.6612803 0.5827726 0.6467995 0.5900359 0.6482033 0.5882506 0.6780194 0.5973755 0.6953079 0.5819638 0.6889143 0.5677882 0.6612803 0.5882506 0.6780194 0.5819638 0.6889143 0.5973755 0.6953079 0.5980774 0.7136949 0.5819638 0.6889143 0.5677882 0.6612803 0.5819638 0.6889143 0.55906 0.6718242 0.5486992 0.6581521 0.5677882 0.6612803 0.55906 0.6718242 0.5486992 0.6581521 0.55906 0.6718242 0.5333486 0.6610513 0.5980774 0.7136949 0.5845121 0.7179523 0.5819638 0.6889143 0.5980774 0.7136949 0.5910277 0.7303273 0.5845121 0.7179523 0.55906 0.6718242 0.5819638 0.6889143 0.559472 0.6992447 0.5819638 0.6889143 0.5845121 0.7179523 0.559472 0.6992447 0.55906 0.6718242 0.5401694 0.6771802 0.5333486 0.6610513 0.55906 0.6718242 0.559472 0.6992447 0.5401694 0.6771802 0.5333486 0.6610513 0.5401694 0.6771802 0.5293355 0.6687877 0.5401694 0.6771802 0.5364462 0.7016099 0.5293355 0.6687877 0.5401694 0.6771802 0.559472 0.6992447 0.5364462 0.7016099 0.5293355 0.6687877 0.5364462 0.7016099 0.5293202 0.701381 0.5364462 0.7016099 0.5484703 0.7224689 0.5293202 0.701381 0.5364462 0.7016099 0.559472 0.6992447 0.5484703 0.7224689 0.5293202 0.701381 0.5484703 0.7224689 0.5334707 0.7156329 0.5484703 0.7224689 0.559472 0.6992447 0.5686427 0.7305257 0.559472 0.6992447 0.5845121 0.7179523 0.5686427 0.7305257 0.5484703 0.7224689 0.5569696 0.7368581 0.5334707 0.7156329 0.5484703 0.7224689 0.5686427 0.7305257 0.5569696 0.7368581 0.5334707 0.7156329 0.5569696 0.7368581 0.5579156 0.7436332 0.5845121 0.7179523 0.571664 0.7391623 0.5686427 0.7305257 0.5686427 0.7305257 0.571664 0.7391623 0.5569696 0.7368581 0.5569696 0.7368581 0.571664 0.7391623 0.5579156 0.7436332 0.5910277 0.7303273 0.571664 0.7391623 0.5845121 0.7179523 0.5786526 0.7456474 0.5579156 0.7436332 0.571664 0.7391623 0.5786526 0.7456474 0.571664 0.7391623 0.5910277 0.7303273 0.6871748 0.8262608 0.6734569 0.822385 0.7008774 0.822385 0.6734569 0.822385 0.6607614 0.8129702 0.7008774 0.822385 0.7008774 0.822385 0.6607614 0.8129702 0.7139391 0.8129854 0.6607614 0.8129702 0.6528878 0.7937896 0.7139391 0.8129854 0.7139391 0.8129854 0.6528878 0.7937896 0.7233692 0.7937896 0.6528878 0.7937896 0.6547341 0.7694209 0.7233692 0.7937896 0.7233692 0.7937896 0.6547341 0.7694209 0.7236591 0.7694362 0.6547341 0.7694209 0.6600443 0.747448 0.7236591 0.7694362 0.7236591 0.7694362 0.6600443 0.747448 0.7194781 0.7474632 0.6600443 0.747448 0.7194781 0.7397422 0.7194781 0.7474632 0.6600443 0.747448 0.6600443 0.7397422 0.7194781 0.7397422 0.7194781 0.7397422 0.6600443 0.7397422 0.7170062 0.7217365 0.6600443 0.7397422 0.658259 0.7217365 0.7170062 0.7217365 0.7170062 0.7217365 0.658259 0.7217365 0.7058671 0.7020066 0.658259 0.7217365 0.6671702 0.7019913 0.7058671 0.7020066 0.7058671 0.7020066 0.6671702 0.7019913 0.6856337 0.69514 0.6332647 0.5476768 0.6588846 0.5644465 0.6332647 0.5640802 0.6588846 0.546212 0.6588846 0.5644465 0.6332647 0.5476768 0.6332647 0.5289998 0.6588846 0.546212 0.6332647 0.5476768 0.6332647 0.5289998 0.6588846 0.528893 0.6588846 0.546212 0.6588846 0.5041581 0.6588846 0.528893 0.6332647 0.5289998 0.6588846 0.5041581 0.6332647 0.5289998 0.6332647 0.5046616 0.6588846 0.5041581 0.6332647 0.5046616 0.6588846 0.4889906 0.6332647 0.5046616 0.6332647 0.4865339 0.6588846 0.4889906 0.6588846 0.4889906 0.6332647 0.4865339 0.6588846 0.470161 0.6332647 0.4865339 0.6332647 0.470161 0.6588846 0.470161 0.6588846 0.470161 0.6332647 0.470161 0.6332647 0.4538033 0.6588846 0.470161 0.6332647 0.4538033 0.6588846 0.4513466 0.6332647 0.4538033 0.6332647 0.4358893 0.6588846 0.4513466 0.6588846 0.4513466 0.6332647 0.4358893 0.6588846 0.4360266 0.6332647 0.4358893 0.6332647 0.4114137 0.6588846 0.4360266 0.6588846 0.4360266 0.6332647 0.4114137 0.6588846 0.411429 0.6332647 0.4114137 0.6588846 0.3941253 0.6588846 0.411429 0.6332647 0.4114137 0.6332647 0.392691 0.6588846 0.3941253 0.6332647 0.392691 0.6588846 0.3759365 0.6588846 0.3941253 0.6332647 0.392691 0.6332647 0.376257 0.6588846 0.3759365 0.4813153 0.8467994 0.4783398 0.8264592 0.4881056 0.8527504 0.4783398 0.8264592 0.4972152 0.8622416 0.4881056 0.8527504 0.4783398 0.8264592 0.47953 0.8090791 0.4972152 0.8622416 0.47953 0.8090791 0.511162 0.8672618 0.4972152 0.8622416 0.47953 0.8090791 0.4835889 0.7985656 0.511162 0.8672618 0.511162 0.8672618 0.4835889 0.7985656 0.48925 0.7891203 0.511162 0.8672618 0.48925 0.7891203 0.5237812 0.8685435 0.48925 0.7891203 0.5019302 0.7811093 0.5237812 0.8685435 0.5237812 0.8685435 0.5019302 0.7811093 0.5134203 0.7770199 0.5237812 0.8685435 0.5134203 0.7770199 0.5237812 0.7758297 0.5237812 0.8685435 0.5237812 0.7758297 0.5341421 0.7770199 0.5237812 0.8685435 0.5341421 0.7770199 0.5456321 0.7811093 0.5237812 0.8685435 0.5456321 0.7811093 0.5583276 0.7891203 0.5237812 0.8685435 0.5583276 0.7891203 0.5364156 0.8672618 0.5583276 0.7891203 0.5639887 0.7985656 0.5364156 0.8672618 0.5364156 0.8672618 0.5639887 0.7985656 0.5680476 0.8090791 0.5364156 0.8672618 0.5680476 0.8090791 0.5503624 0.8622416 0.5680476 0.8090791 0.5692378 0.8264592 0.5503624 0.8622416 0.5503624 0.8622416 0.5692378 0.8264592 0.559472 0.8527504 0.5692378 0.8264592 0.5662623 0.8467994 0.559472 0.8527504 0.8485084 0.5308919 0.837232 0.5158312 0.8537423 0.5163806 0.8812848 0.5270924 0.8485084 0.5308919 0.8537423 0.5163806 0.860502 0.5527734 0.8485084 0.5308919 0.8812848 0.5270924 0.9038681 0.5486534 0.860502 0.5527734 0.8812848 0.5270924 0.8686656 0.576257 0.860502 0.5527734 0.9038681 0.5486534 0.8686656 0.576257 0.9038681 0.5486534 0.916579 0.5765011 0.8686656 0.576257 0.916579 0.5765011 0.8731213 0.6088197 0.916579 0.5765011 0.9213245 0.6088197 0.8731213 0.6088197 0.8731213 0.6088197 0.9213245 0.6088197 0.916579 0.6411536 0.8731213 0.6088197 0.916579 0.6411536 0.8686656 0.6413977 0.916579 0.6411536 0.9038681 0.6690014 0.8686656 0.6413977 0.8686656 0.6413977 0.9038681 0.6690014 0.860502 0.6648661 0.9038681 0.6690014 0.8812848 0.6905623 0.860502 0.6648661 0.860502 0.6648661 0.8812848 0.6905623 0.8485084 0.6867628 0.8812848 0.6905623 0.8537423 0.7012589 0.8485084 0.6867628 0.8485084 0.6867628 0.8537423 0.7012589 0.837232 0.7018235 0.3778286 0.7865873 0.3828031 0.8007782 0.3665522 0.7977569 0.4121156 0.7971313 0.3828031 0.8007782 0.3778286 0.7865873 0.3940337 0.7701076 0.4121156 0.7971313 0.3778286 0.7865873 0.3940337 0.7701076 0.438941 0.7811551 0.4121156 0.7971313 0.3940337 0.7701076 0.402533 0.7454795 0.438941 0.7811551 0.438941 0.7811551 0.402533 0.7454795 0.4555276 0.7554132 0.402533 0.7454795 0.4046998 0.7232776 0.4555276 0.7554132 0.4555276 0.7554132 0.4046998 0.7232776 0.4613718 0.7232776 0.4046998 0.7232776 0.4555276 0.6911269 0.4613718 0.7232776 0.4046998 0.7232776 0.402533 0.7010758 0.4555276 0.6911269 0.402533 0.7010758 0.438941 0.6653849 0.4555276 0.6911269 0.402533 0.7010758 0.3940337 0.6764324 0.438941 0.6653849 0.3940337 0.6764324 0.4121156 0.6494087 0.438941 0.6653849 0.3940337 0.6764324 0.3778286 0.6599527 0.4121156 0.6494087 0.4121156 0.6494087 0.3778286 0.6599527 0.3828031 0.6457619 0.3778286 0.6599527 0.3665522 0.6487831 0.3828031 0.6457619 0.9502098 0.8301823 0.9365072 0.8263066 0.9639124 0.8263066 0.9365072 0.8263066 0.9766232 0.8168917 0.9639124 0.8263066 0.9365072 0.8263066 0.9234455 0.816907 0.9766232 0.8168917 0.9234455 0.816907 0.9844968 0.7977111 0.9766232 0.8168917 0.9234455 0.816907 0.9140154 0.7977111 0.9844968 0.7977111 0.9140154 0.7977111 0.9826353 0.7733578 0.9844968 0.7977111 0.9140154 0.7977111 0.9137102 0.7733578 0.9826353 0.7733578 0.9826353 0.7733578 0.9137102 0.7733578 0.9773251 0.7513695 0.9137102 0.7733578 0.9178912 0.7513847 0.9773251 0.7513695 0.9773251 0.7513695 0.9178912 0.7513847 0.9178912 0.7436637 0.9773251 0.7513695 0.9178912 0.7436637 0.9773251 0.7436637 0.9178912 0.7436637 0.9203785 0.7256733 0.9773251 0.7436637 0.9773251 0.7436637 0.9203785 0.7256733 0.9791257 0.7256581 0.9203785 0.7256733 0.9315022 0.7059281 0.9791257 0.7256581 0.9791257 0.7256581 0.9315022 0.7059281 0.9702144 0.7059281 0.9315022 0.7059281 0.951751 0.6990616 0.9702144 0.7059281 0.3218128 0.7272908 0.3046006 0.747982 0.3067674 0.740673 0.3046006 0.747982 0.2923629 0.7521019 0.3067674 0.740673 0.3046006 0.747982 0.2892958 0.7792173 0.2923629 0.7521019 0.3046006 0.747982 0.3002976 0.7792173 0.2892958 0.7792173 0.2892958 0.7792173 0.2665293 0.7792173 0.2923629 0.7521019 0.3002976 0.7792173 0.3046006 0.8104677 0.2892958 0.7792173 0.2892958 0.7792173 0.2923629 0.8063477 0.2665293 0.7792173 0.2892958 0.7792173 0.3046006 0.8104677 0.2923629 0.8063477 0.3046006 0.8104677 0.3067674 0.8177615 0.2923629 0.8063477 0.3046006 0.8104677 0.3218128 0.8311589 0.3067674 0.8177615 0.6999466 0.3157855 0.6999466 0.2934768 0.7203326 0.3176165 0.7229877 0.3410086 0.6999466 0.3157855 0.7203326 0.3176165 0.7138628 0.3519951 0.6999466 0.3157855 0.7229877 0.3410086 0.7138628 0.3519951 0.6999466 0.343679 0.6999466 0.3157855 0.7138628 0.3519951 0.6999466 0.358526 0.6999466 0.343679 0.6999466 0.3791409 0.6999466 0.358526 0.7138628 0.3519951 0.7150225 0.3745937 0.6999466 0.3791409 0.7138628 0.3519951 0.7150225 0.3745937 0.7138628 0.3519951 0.7229877 0.3410086 0.6999466 0.392401 0.6999466 0.3791409 0.7150225 0.3745937 0.7229877 0.3410086 0.7315938 0.3236439 0.7584802 0.3394522 0.712108 0.4005341 0.6999466 0.392401 0.7150225 0.3745937 0.6999466 0.403769 0.6999466 0.392401 0.712108 0.4005341 0.6999466 0.4219425 0.6999466 0.403769 0.712108 0.4005341 0.7150225 0.3745937 0.7229877 0.3410086 0.7365072 0.3768063 0.6999466 0.4219425 0.712108 0.4005341 0.7110704 0.4219425 0.712108 0.4005341 0.7150225 0.3745937 0.7209583 0.4020905 0.6999466 0.4219425 0.7110704 0.4219425 0.711696 0.4419165 0.6999466 0.4412909 0.6999466 0.4219425 0.711696 0.4419165 0.7110704 0.4219425 0.712108 0.4005341 0.720531 0.4219425 0.712108 0.4005341 0.7209583 0.4020905 0.720531 0.4219425 0.7110704 0.4219425 0.720531 0.4219425 0.711696 0.4419165 0.6999466 0.4567941 0.6999466 0.4412909 0.711696 0.4419165 0.7299001 0.4031891 0.7209583 0.4020905 0.7150225 0.3745937 0.7299001 0.4031891 0.7150225 0.3745937 0.7365072 0.3768063 0.7298848 0.4219425 0.720531 0.4219425 0.7209583 0.4020905 0.7298848 0.4219425 0.7209583 0.4020905 0.7299001 0.4031891 0.7203784 0.4420539 0.711696 0.4419165 0.720531 0.4219425 0.7203784 0.4420539 0.720531 0.4219425 0.7298848 0.4219425 0.7109331 0.466392 0.6999466 0.4567941 0.711696 0.4419165 0.6999466 0.4712597 0.6999466 0.4567941 0.7109331 0.466392 0.720119 0.470283 0.711696 0.4419165 0.7203784 0.4420539 0.7109331 0.466392 0.711696 0.4419165 0.720119 0.470283 0.7104143 0.4881666 0.6999466 0.4712597 0.7109331 0.466392 0.7104143 0.4881666 0.7109331 0.466392 0.720119 0.470283 0.7104143 0.4881666 0.6999466 0.4937667 0.6999466 0.4712597 0.7104143 0.4881666 0.6999466 0.5067216 0.6999466 0.4937667 0.6999466 0.5268025 0.6999466 0.5067216 0.7104143 0.4881666 0.7218738 0.504799 0.6999466 0.5268025 0.7104143 0.4881666 0.7218738 0.504799 0.7104143 0.4881666 0.720119 0.470283 0.7218738 0.504799 0.6999466 0.5501793 0.6999466 0.5268025 0.7218738 0.504799 0.7196765 0.5280537 0.6999466 0.5501793 0.7309987 0.521767 0.7218738 0.504799 0.7581598 0.5037766 0.7218738 0.504799 0.7548028 0.4868086 0.7581598 0.5037766 0.7581598 0.5037766 0.7548028 0.4868086 0.7731594 0.5009689 0.7731594 0.5009689 0.8027772 0.47953 0.8027772 0.4953536 0.7731594 0.5009689 0.7690852 0.4848859 0.8027772 0.47953 0.7548028 0.4868086 0.7690852 0.4848859 0.7731594 0.5009689 0.7690852 0.4848859 0.8027772 0.4582132 0.8027772 0.47953 0.7218738 0.504799 0.7358816 0.4678722 0.7548028 0.4868086 0.7218738 0.504799 0.720119 0.470283 0.7358816 0.4678722 0.7548028 0.4868086 0.7542229 0.4625162 0.7690852 0.4848859 0.7548028 0.4868086 0.7358816 0.4678722 0.7542229 0.4625162 0.7690852 0.4848859 0.7671015 0.4619821 0.8027772 0.4582132 0.7542229 0.4625162 0.7671015 0.4619821 0.7690852 0.4848859 0.7671015 0.4619821 0.8027772 0.437171 0.8027772 0.4582132 0.7671015 0.4619821 0.7685054 0.4390478 0.8027772 0.437171 0.7542229 0.4625162 0.7685054 0.4390478 0.7671015 0.4619821 0.8027772 0.437171 0.7685054 0.4390478 0.8027772 0.4219425 0.7542229 0.4625162 0.7358816 0.4678722 0.7546807 0.4398413 0.7542229 0.4625162 0.7546807 0.4398413 0.7685054 0.4390478 0.7685054 0.4390478 0.7703822 0.4219425 0.8027772 0.4219425 0.8027772 0.4219425 0.7703822 0.4219425 0.8027772 0.4066835 0.7546807 0.4398413 0.7553826 0.4219425 0.7685054 0.4390478 0.7685054 0.4390478 0.7553826 0.4219425 0.7703822 0.4219425 0.7546807 0.4398413 0.7358816 0.4678722 0.7376059 0.4410773 0.7546807 0.4398413 0.7376059 0.4410773 0.7553826 0.4219425 0.7358816 0.4678722 0.7290151 0.4411383 0.7376059 0.4410773 0.720119 0.470283 0.7290151 0.4411383 0.7358816 0.4678722 0.720119 0.470283 0.7203784 0.4420539 0.7290151 0.4411383 0.7203784 0.4420539 0.7298848 0.4219425 0.7290151 0.4411383 0.7290151 0.4411383 0.7391928 0.4219425 0.7376059 0.4410773 0.7290151 0.4411383 0.7298848 0.4219425 0.7391928 0.4219425 0.7376059 0.4410773 0.7391928 0.4219425 0.7553826 0.4219425 0.7298848 0.4219425 0.7299001 0.4031891 0.7391928 0.4219425 0.7391928 0.4219425 0.7299001 0.4031891 0.7388266 0.4031739 0.7391928 0.4219425 0.7388266 0.4031739 0.7553826 0.4219425 0.7299001 0.4031891 0.7365072 0.3768063 0.7388266 0.4031739 0.7388266 0.4031739 0.749157 0.4029145 0.7553826 0.4219425 0.7388266 0.4031739 0.7365072 0.3768063 0.749157 0.4029145 0.7553826 0.4219425 0.749157 0.4029145 0.7555352 0.4032959 0.7553826 0.4219425 0.7555352 0.4032959 0.7703822 0.4219425 0.7365072 0.3768063 0.7486534 0.3801022 0.749157 0.4029145 0.749157 0.4029145 0.7486534 0.3801022 0.7555352 0.4032959 0.7365072 0.3768063 0.7495079 0.3556725 0.7486534 0.3801022 0.7365072 0.3768063 0.7229877 0.3410086 0.7495079 0.3556725 0.7229877 0.3410086 0.7584802 0.3394522 0.7495079 0.3556725 0.7555352 0.4032959 0.7486534 0.3801022 0.7551842 0.3804227 0.7486534 0.3801022 0.7495079 0.3556725 0.7551842 0.3804227 0.7703822 0.4219425 0.7555352 0.4032959 0.7716946 0.4040131 0.7555352 0.4032959 0.7551842 0.3804227 0.7716946 0.4040131 0.7703822 0.4219425 0.7716946 0.4040131 0.8027772 0.4066835 0.8027772 0.4066835 0.7716946 0.4040131 0.8027772 0.3854124 0.7716946 0.4040131 0.7730068 0.381323 0.8027772 0.3854124 0.7716946 0.4040131 0.7551842 0.3804227 0.7730068 0.381323 0.8027772 0.3854124 0.7730068 0.381323 0.8027772 0.3638819 0.7495079 0.3556725 0.7557641 0.3567712 0.7551842 0.3804227 0.7495079 0.3556725 0.7584802 0.3394522 0.7557641 0.3567712 0.7551842 0.3804227 0.7728084 0.3584802 0.7730068 0.381323 0.7551842 0.3804227 0.7557641 0.3567712 0.7728084 0.3584802 0.7730068 0.381323 0.7728084 0.3584802 0.8027772 0.3638819 0.7584802 0.3394522 0.7728084 0.3584802 0.7557641 0.3567712 0.8027772 0.3638819 0.7728084 0.3584802 0.8027772 0.3481346 0.7584802 0.3394522 0.7737392 0.3406729 0.7728084 0.3584802 0.7728084 0.3584802 0.7737392 0.3406729 0.8027772 0.3481346 0.9831998 0.3059739 0.9628137 0.3078203 0.9831998 0.2836805 0.9601587 0.3311971 0.9628137 0.3078203 0.9831998 0.3059739 0.9601587 0.3311971 0.9831998 0.3059739 0.9692988 0.3421836 0.9831998 0.3059739 0.9831998 0.3338674 0.9692988 0.3421836 0.9692988 0.3421836 0.9831998 0.3338674 0.9831998 0.3487144 0.9831998 0.3693447 0.9692988 0.3421836 0.9831998 0.3487144 0.9831998 0.3693447 0.9681392 0.3647974 0.9692988 0.3421836 0.9601587 0.3311971 0.9692988 0.3421836 0.9681392 0.3647974 0.9831998 0.3825895 0.9681392 0.3647974 0.9831998 0.3693447 0.9601587 0.3311971 0.9246662 0.3296559 0.9515526 0.3138323 0.9710384 0.3907225 0.9681392 0.3647974 0.9831998 0.3825895 0.9710384 0.3907225 0.9831998 0.3825895 0.9831998 0.3939574 0.9710384 0.3907225 0.9831998 0.3939574 0.9831998 0.412131 0.9466544 0.36701 0.9601587 0.3311971 0.9681392 0.3647974 0.972076 0.412131 0.9710384 0.3907225 0.9831998 0.412131 0.9466544 0.36701 0.9336538 0.3458763 0.9601587 0.3311971 0.9336538 0.3458763 0.9246662 0.3296559 0.9601587 0.3311971 0.972076 0.412131 0.9831998 0.412131 0.9714657 0.4321203 0.9714657 0.4321203 0.9831998 0.412131 0.9831998 0.4314793 0.9831998 0.4469825 0.9714657 0.4321203 0.9831998 0.4314793 0.9626306 0.412131 0.9710384 0.3907225 0.972076 0.412131 0.9626306 0.412131 0.972076 0.412131 0.9714657 0.4321203 0.9622034 0.3922942 0.9681392 0.3647974 0.9710384 0.3907225 0.9626306 0.412131 0.9622034 0.3922942 0.9710384 0.3907225 0.9532464 0.3933929 0.9681392 0.3647974 0.9622034 0.3922942 0.9532464 0.3933929 0.9466544 0.36701 0.9681392 0.3647974 0.9532616 0.412131 0.9622034 0.3922942 0.9626306 0.412131 0.9532616 0.412131 0.9532464 0.3933929 0.9622034 0.3922942 0.962768 0.4322423 0.9626306 0.412131 0.9714657 0.4321203 0.962768 0.4322423 0.9532616 0.412131 0.9626306 0.412131 0.9722286 0.4565805 0.9714657 0.4321203 0.9831998 0.4469825 0.9722286 0.4565805 0.9831998 0.4469825 0.9831998 0.4614481 0.962768 0.4322423 0.9714657 0.4321203 0.9630274 0.4604868 0.9630274 0.4604868 0.9714657 0.4321203 0.9722286 0.4565805 0.9541314 0.431342 0.9532616 0.412131 0.962768 0.4322423 0.9541314 0.431342 0.962768 0.4322423 0.9630274 0.4604868 0.9727474 0.4783703 0.9722286 0.4565805 0.9831998 0.4614481 0.9727474 0.4783703 0.9630274 0.4604868 0.9722286 0.4565805 0.9727474 0.4783703 0.9831998 0.4614481 0.9831998 0.4839552 0.9831998 0.49691 0.9727474 0.4783703 0.9831998 0.4839552 0.9831998 0.5169909 0.9727474 0.4783703 0.9831998 0.49691 0.9612726 0.4950027 0.9727474 0.4783703 0.9831998 0.5169909 0.9612726 0.4950027 0.9630274 0.4604868 0.9727474 0.4783703 0.9612726 0.4950027 0.9831998 0.5169909 0.9831998 0.5403677 0.9612726 0.4950027 0.9831998 0.5403677 0.9634699 0.5182574 0.9521477 0.5119707 0.9250019 0.4939803 0.9612726 0.4950027 0.9612726 0.4950027 0.9472648 0.4580606 0.9630274 0.4604868 0.9472648 0.4580606 0.9541314 0.431342 0.9630274 0.4604868 0.9250019 0.4939803 0.9283437 0.4770123 0.9612726 0.4950027 0.9612726 0.4950027 0.9283437 0.4770123 0.9472648 0.4580606 0.9250019 0.4939803 0.909987 0.4911727 0.9283437 0.4770123 0.909987 0.4911727 0.8803693 0.4855421 0.8803693 0.4697337 0.909987 0.4911727 0.8803693 0.4697337 0.9140612 0.4750897 0.909987 0.4911727 0.9140612 0.4750897 0.9283437 0.4770123 0.8803693 0.4697337 0.8803693 0.4484016 0.9140612 0.4750897 0.9140612 0.4750897 0.8803693 0.4484016 0.9160602 0.4521859 0.9283437 0.4770123 0.9140612 0.4750897 0.9160602 0.4521859 0.9160602 0.4521859 0.8803693 0.4484016 0.8803693 0.4273594 0.9283437 0.4770123 0.9160602 0.4521859 0.9289388 0.4527199 0.9283437 0.4770123 0.9289388 0.4527199 0.9472648 0.4580606 0.9160602 0.4521859 0.8803693 0.4273594 0.914641 0.4292516 0.8803693 0.4273594 0.8803693 0.412131 0.914641 0.4292516 0.9160602 0.4521859 0.928481 0.430045 0.9289388 0.4527199 0.9472648 0.4580606 0.9289388 0.4527199 0.928481 0.430045 0.9160602 0.4521859 0.914641 0.4292516 0.928481 0.430045 0.9472648 0.4580606 0.928481 0.430045 0.9455406 0.431281 0.9472648 0.4580606 0.9455406 0.431281 0.9541314 0.431342 0.928481 0.430045 0.914641 0.4292516 0.9277638 0.412131 0.928481 0.430045 0.9277638 0.412131 0.9455406 0.431281 0.914641 0.4292516 0.8803693 0.412131 0.9127795 0.412131 0.914641 0.4292516 0.9127795 0.412131 0.9277638 0.412131 0.8803693 0.412131 0.8803693 0.3968719 0.9127795 0.412131 0.9541314 0.431342 0.9455406 0.431281 0.9439536 0.412131 0.9455406 0.431281 0.9277638 0.412131 0.9439536 0.412131 0.9541314 0.431342 0.9439536 0.412131 0.9532616 0.412131 0.9532616 0.412131 0.9439536 0.412131 0.9532464 0.3933929 0.9439536 0.412131 0.9443351 0.3933624 0.9532464 0.3933929 0.9439536 0.412131 0.9277638 0.412131 0.9443351 0.3933624 0.9532464 0.3933929 0.9443351 0.3933624 0.9466544 0.36701 0.9277638 0.412131 0.9339895 0.3931182 0.9443351 0.3933624 0.9443351 0.3933624 0.9339895 0.3931182 0.9466544 0.36701 0.9277638 0.412131 0.9276264 0.3934997 0.9339895 0.3931182 0.9277638 0.412131 0.9127795 0.412131 0.9276264 0.3934997 0.9339895 0.3931182 0.934493 0.3702907 0.9466544 0.36701 0.9276264 0.3934997 0.934493 0.3702907 0.9339895 0.3931182 0.934493 0.3702907 0.9336538 0.3458763 0.9466544 0.36701 0.9127795 0.412131 0.9114671 0.3942016 0.9276264 0.3934997 0.9127795 0.412131 0.8803693 0.3968719 0.9114671 0.3942016 0.8803693 0.3968719 0.8803693 0.3756008 0.9114671 0.3942016 0.9276264 0.3934997 0.9279622 0.3706264 0.934493 0.3702907 0.9276264 0.3934997 0.9114671 0.3942016 0.9279622 0.3706264 0.934493 0.3702907 0.9279622 0.3706264 0.9336538 0.3458763 0.9114671 0.3942016 0.8803693 0.3756008 0.9101549 0.3715114 0.9114671 0.3942016 0.9101549 0.3715114 0.9279622 0.3706264 0.8803693 0.3756008 0.8803693 0.3540704 0.9101549 0.3715114 0.9336538 0.3458763 0.9279622 0.3706264 0.9273976 0.3469597 0.9336538 0.3458763 0.9273976 0.3469597 0.9246662 0.3296559 0.9101549 0.3715114 0.9103533 0.3486686 0.9279622 0.3706264 0.9273976 0.3469597 0.9279622 0.3706264 0.9103533 0.3486686 0.9101549 0.3715114 0.8803693 0.3540704 0.9103533 0.3486686 0.9273976 0.3469597 0.9103533 0.3486686 0.9246662 0.3296559 0.8803693 0.3540704 0.8803693 0.3383383 0.9103533 0.3486686 0.9103533 0.3486686 0.9094225 0.3308614 0.9246662 0.3296559 0.9103533 0.3486686 0.8803693 0.3383383 0.9094225 0.3308614 0.4627909 0.3629206 0.4620584 0.3396658 0.4725567 0.3629206 0.4620584 0.3396658 0.4716106 0.3378042 0.4725567 0.3629206 0.4620584 0.3396658 0.4607157 0.3187763 0.4716106 0.3378042 0.4725567 0.3629206 0.4716106 0.3378042 0.4823987 0.3376211 0.4725567 0.3629206 0.4823987 0.3376211 0.4832532 0.3629206 0.4716106 0.3378042 0.4607157 0.3187763 0.4716106 0.3139696 0.4716106 0.3378042 0.4716106 0.3139696 0.4823987 0.3376211 0.4607157 0.3187763 0.4682231 0.2900893 0.4716106 0.3139696 0.4607157 0.3187763 0.4518501 0.265507 0.4682231 0.2900893 0.4823987 0.3376211 0.4716106 0.3139696 0.4827497 0.3139238 0.4716106 0.3139696 0.4682231 0.2900893 0.4827497 0.3139238 0.4823987 0.3376211 0.4940108 0.3384909 0.4832532 0.3629206 0.4823987 0.3376211 0.4827497 0.3139238 0.4940108 0.3384909 0.4832532 0.3629206 0.4940108 0.3384909 0.4943618 0.3629206 0.4518501 0.265507 0.4531472 0.2333257 0.4682231 0.2900893 0.4518501 0.265507 0.4356908 0.2125734 0.4531472 0.2333257 0.4682231 0.2900893 0.4807507 0.2903334 0.4827497 0.3139238 0.4682231 0.2900893 0.4531472 0.2333257 0.4807507 0.2903334 0.4827497 0.3139238 0.4936141 0.3157702 0.4940108 0.3384909 0.4827497 0.3139238 0.4807507 0.2903334 0.4936141 0.3157702 0.4940108 0.3384909 0.5047684 0.3396201 0.4943618 0.3629206 0.4940108 0.3384909 0.4936141 0.3157702 0.5047684 0.3396201 0.4943618 0.3629206 0.5047684 0.3396201 0.5055314 0.3629206 0.5047684 0.3396201 0.5129473 0.3629206 0.5055314 0.3629206 0.5047684 0.3396201 0.5129473 0.3405661 0.5129473 0.3629206 0.5047684 0.3396201 0.5129473 0.3199817 0.5129473 0.3405661 0.5047684 0.3396201 0.5049821 0.3184711 0.5129473 0.3199817 0.4936141 0.3157702 0.5049821 0.3184711 0.5047684 0.3396201 0.5049821 0.3184711 0.5129473 0.2966964 0.5129473 0.3199817 0.4936141 0.3157702 0.4943465 0.2934768 0.5049821 0.3184711 0.4807507 0.2903334 0.4943465 0.2934768 0.4936141 0.3157702 0.5049821 0.3184711 0.5045701 0.2954147 0.5129473 0.2966964 0.5049821 0.3184711 0.4943465 0.2934768 0.5045701 0.2954147 0.5045701 0.2954147 0.5129473 0.27776 0.5129473 0.2966964 0.5045701 0.2954147 0.50486 0.2746471 0.5129473 0.27776 0.5045701 0.2954147 0.4943465 0.2934768 0.50486 0.2746471 0.4807507 0.2903334 0.4706798 0.2423895 0.4943465 0.2934768 0.4531472 0.2333257 0.4706798 0.2423895 0.4807507 0.2903334 0.4943465 0.2934768 0.4887007 0.2465247 0.50486 0.2746471 0.4706798 0.2423895 0.4887007 0.2465247 0.4943465 0.2934768 0.50486 0.2746471 0.4887007 0.2465247 0.5030137 0.2494697 0.50486 0.2746471 0.5030137 0.2494697 0.5129473 0.2519875 0.5030137 0.2494697 0.5129473 0.2267795 0.5129473 0.2519875 0.5030137 0.2494697 0.504799 0.2271305 0.5129473 0.2267795 0.4887007 0.2465247 0.504799 0.2271305 0.5030137 0.2494697 0.504799 0.2271305 0.5129473 0.2038147 0.5129473 0.2267795 0.4887007 0.2465247 0.4922561 0.2253452 0.504799 0.2271305 0.4706798 0.2423895 0.4922561 0.2253452 0.4887007 0.2465247 0.504799 0.2271305 0.5054856 0.2027924 0.5129473 0.2038147 0.4922561 0.2253452 0.5054856 0.2027924 0.504799 0.2271305 0.5054856 0.2027924 0.5129473 0.1857938 0.5129473 0.2038147 0.4736095 0.2222934 0.4922561 0.2253452 0.4706798 0.2423895 0.5054856 0.2027924 0.5060502 0.1829861 0.5129473 0.1857938 0.5060502 0.1829861 0.5129473 0.1669642 0.5129473 0.1857938 0.4922561 0.2253452 0.4925155 0.2008392 0.5054856 0.2027924 0.4925155 0.2008392 0.5060502 0.1829861 0.5054856 0.2027924 0.4736095 0.2222934 0.4744945 0.200122 0.4922561 0.2253452 0.4744945 0.200122 0.4925155 0.2008392 0.4922561 0.2253452 0.4546425 0.214969 0.4736095 0.2222934 0.4706798 0.2423895 0.4546425 0.214969 0.4744945 0.200122 0.4736095 0.2222934 0.4531472 0.2333257 0.4546425 0.214969 0.4706798 0.2423895 0.4531472 0.2333257 0.4356908 0.2125734 0.4546425 0.214969 0.4744945 0.200122 0.4928206 0.1833524 0.4925155 0.2008392 0.4925155 0.2008392 0.4928206 0.1833524 0.5060502 0.1829861 0.4356908 0.2125734 0.4404211 0.1928282 0.4546425 0.214969 0.4356908 0.2125734 0.4223697 0.164126 0.4404211 0.1928282 0.4546425 0.214969 0.4579843 0.1856412 0.4744945 0.200122 0.4546425 0.214969 0.4404211 0.1928282 0.4579843 0.1856412 0.4579843 0.1856412 0.4754406 0.1830777 0.4744945 0.200122 0.4754406 0.1830777 0.4928206 0.1833524 0.4744945 0.200122 0.4404211 0.1928282 0.4396277 0.1671931 0.4579843 0.1856412 0.4404211 0.1928282 0.4223697 0.164126 0.4396277 0.1671931 0.4579843 0.1856412 0.4562143 0.1648889 0.4754406 0.1830777 0.4579843 0.1856412 0.4396277 0.1671931 0.4562143 0.1648889 0.4754406 0.1830777 0.4737011 0.1647058 0.4928206 0.1833524 0.4754406 0.1830777 0.4562143 0.1648889 0.4737011 0.1647058 0.4223697 0.164126 0.4422675 0.1409323 0.4396277 0.1671931 0.4223697 0.164126 0.4360876 0.1147325 0.4422675 0.1409323 0.4396277 0.1671931 0.4569009 0.1435721 0.4562143 0.1648889 0.4396277 0.1671931 0.4422675 0.1409323 0.4569009 0.1435721 0.4737011 0.1647058 0.4562143 0.1648889 0.4740215 0.1471122 0.4562143 0.1648889 0.4569009 0.1435721 0.4740215 0.1471122 0.4737011 0.1647058 0.4914016 0.1668421 0.4928206 0.1833524 0.4737011 0.1647058 0.4740215 0.1471122 0.4914016 0.1668421 0.4928206 0.1833524 0.4914016 0.1668421 0.5059282 0.1653772 0.5060502 0.1829861 0.4928206 0.1833524 0.5059282 0.1653772 0.5060502 0.1829861 0.5059282 0.1653772 0.5129473 0.1669642 0.5129473 0.1669642 0.5059282 0.1653772 0.5129473 0.1475852 0.4914016 0.1668421 0.4740215 0.1471122 0.4915084 0.1498588 0.4914016 0.1668421 0.4915084 0.1498588 0.5059282 0.1653772 0.5129473 0.1475852 0.5059282 0.1653772 0.5054093 0.1488212 0.4915084 0.1498588 0.5054093 0.1488212 0.5059282 0.1653772 0.5129473 0.1475852 0.5054093 0.1488212 0.5053483 0.1296558 0.5129473 0.1475852 0.5053483 0.1296558 0.5129473 0.1300831 0.5053483 0.1296558 0.5129473 0.1052567 0.5129473 0.1300831 0.4915084 0.1498588 0.4928054 0.1331502 0.5054093 0.1488212 0.4928054 0.1331502 0.5053483 0.1296558 0.5054093 0.1488212 0.4749981 0.1315175 0.4915084 0.1498588 0.4740215 0.1471122 0.4749981 0.1315175 0.4928054 0.1331502 0.4915084 0.1498588 0.4569009 0.1435721 0.4749981 0.1315175 0.4740215 0.1471122 0.5050126 0.106157 0.5129473 0.1052567 0.5053483 0.1296558 0.5050126 0.106157 0.5129473 0.07934689 0.5129473 0.1052567 0.4922561 0.1087968 0.5053483 0.1296558 0.4928054 0.1331502 0.4922561 0.1087968 0.5050126 0.106157 0.5053483 0.1296558 0.5039292 0.08068972 0.5129473 0.07934689 0.5050126 0.106157 0.5039292 0.08068972 0.5042496 0.05847257 0.5129473 0.07934689 0.4904555 0.08317691 0.5039292 0.08068972 0.5050126 0.106157 0.4904555 0.08317691 0.5042496 0.05847257 0.5039292 0.08068972 0.4904555 0.08317691 0.5050126 0.106157 0.4922561 0.1087968 0.4738994 0.1092698 0.4922561 0.1087968 0.4928054 0.1331502 0.4749981 0.1315175 0.4738994 0.1092698 0.4928054 0.1331502 0.4716258 0.08744943 0.4904555 0.08317691 0.4922561 0.1087968 0.4716258 0.08744943 0.4922561 0.1087968 0.4738994 0.1092698 0.4543984 0.119005 0.4738994 0.1092698 0.4749981 0.1315175 0.4543984 0.119005 0.4716258 0.08744943 0.4738994 0.1092698 0.4569009 0.1435721 0.4543984 0.119005 0.4749981 0.1315175 0.4422675 0.1409323 0.4543984 0.119005 0.4569009 0.1435721 0.4360876 0.1147325 0.4543984 0.119005 0.4422675 0.1409323 0.4360876 0.1147325 0.4534524 0.09683376 0.4543984 0.119005 0.4534524 0.09683376 0.4716258 0.08744943 0.4543984 0.119005 0.4360876 0.1147325 0.4526131 0.0669108 0.4534524 0.09683376 0.4534524 0.09683376 0.4809644 0.04017698 0.4716258 0.08744943 0.4716258 0.08744943 0.4809644 0.04017698 0.4904555 0.08317691 0.4526131 0.0669108 0.4687724 0.04107731 0.4534524 0.09683376 0.4687724 0.04107731 0.4809644 0.04017698 0.4534524 0.09683376 0.4526131 0.0669108 0.460441 0.01431298 0.4687724 0.04107731 0.460441 0.01431298 0.4716258 0.01431298 0.4687724 0.04107731 0.4687724 0.04107731 0.4716258 0.01431298 0.4823987 0.01431298 0.4687724 0.04107731 0.4823987 0.01431298 0.4809644 0.04017698 0.4823987 0.01431298 0.4932937 0.01431298 0.4809644 0.04017698 0.4932937 0.01431298 0.4934157 0.03904783 0.4809644 0.04017698 0.4809644 0.04017698 0.4934157 0.03904783 0.4904555 0.08317691 0.4904555 0.08317691 0.4934157 0.03904783 0.5042496 0.05847257 0.4932937 0.01431298 0.5050126 0.01431298 0.4934157 0.03904783 0.4934157 0.03904783 0.5044785 0.03830015 0.5042496 0.05847257 0.5050126 0.01431298 0.5044785 0.03830015 0.4934157 0.03904783 0.5042496 0.05847257 0.5044785 0.03830015 0.5129473 0.05612266 0.5050126 0.01431298 0.5129473 0.01431298 0.5044785 0.03830015 0.5044785 0.03830015 0.5129473 0.03752195 0.5129473 0.05612266 0.5044785 0.03830015 0.5129473 0.01431298 0.5129473 0.03752195 0.6619974 0.3132677 0.6641795 0.3293355 0.6503395 0.3279164 0.6619974 0.3132677 0.6503395 0.3279164 0.6345769 0.321294 0.6345769 0.321294 0.6503395 0.3279164 0.6404669 0.3317922 0.6283208 0.3089189 0.6619974 0.3132677 0.6345769 0.321294 0.6615549 0.2965896 0.6619974 0.3132677 0.6283208 0.3089189 0.6345769 0.321294 0.6404669 0.3317922 0.6271153 0.3279317 0.6271153 0.3279317 0.6404669 0.3317922 0.634287 0.3404898 0.6271153 0.3279317 0.634287 0.3404898 0.6263676 0.341329 0.6271153 0.3279317 0.6263676 0.341329 0.6199436 0.3377127 0.6166324 0.3299153 0.6271153 0.3279317 0.6199436 0.3377127 0.6229648 0.3230335 0.6271153 0.3279317 0.6166324 0.3299153 0.6229648 0.3230335 0.6345769 0.321294 0.6271153 0.3279317 0.6283208 0.3089189 0.6345769 0.321294 0.6229648 0.3230335 0.6229648 0.3230335 0.6132754 0.3302205 0.6063172 0.3295949 0.6360418 0.2857252 0.6615549 0.2965896 0.6283208 0.3089189 0.6423895 0.2623026 0.6615549 0.2965896 0.6360418 0.2857252 0.6360418 0.2857252 0.6283208 0.3089189 0.6232548 0.3011978 0.6423895 0.2623026 0.6360418 0.2857252 0.6336767 0.2757458 0.6423895 0.2623026 0.6336767 0.2757458 0.6171817 0.270161 0.6232548 0.3011978 0.6283208 0.3089189 0.6194095 0.3130846 0.6194095 0.3130846 0.6283208 0.3089189 0.6229648 0.3230335 0.6232548 0.3011978 0.6194095 0.3130846 0.6127871 0.3033494 0.6194095 0.3130846 0.6027314 0.3096513 0.6127871 0.3033494 0.6194095 0.3130846 0.6229648 0.3230335 0.611429 0.3185321 0.6194095 0.3130846 0.611429 0.3185321 0.6027314 0.3096513 0.611429 0.3185321 0.6229648 0.3230335 0.6063172 0.3295949 0.6027314 0.3096513 0.611429 0.3185321 0.6000916 0.3172045 0.611429 0.3185321 0.6063172 0.3295949 0.601648 0.324712 0.611429 0.3185321 0.601648 0.324712 0.6000916 0.3172045 0.6186465 0.2552376 0.6423895 0.2623026 0.6171817 0.270161 0.6470131 0.2365453 0.6423895 0.2623026 0.6186465 0.2552376 0.6186465 0.2552376 0.6171817 0.270161 0.6007477 0.2536202 0.6171817 0.270161 0.6046082 0.2692149 0.6007477 0.2536202 0.6149996 0.2336156 0.6470131 0.2365453 0.6186465 0.2552376 0.6149996 0.2336156 0.6186465 0.2552376 0.6007477 0.2536202 0.6469063 0.2084687 0.6470131 0.2365453 0.6149996 0.2336156 0.6046082 0.2692149 0.5907683 0.262089 0.6007477 0.2536202 0.6046082 0.2692149 0.5893797 0.2749676 0.5907683 0.262089 0.5722133 0.2614481 0.5907683 0.262089 0.5893797 0.2749676 0.5722133 0.2614481 0.5756771 0.2480354 0.5907683 0.262089 0.5596551 0.2468146 0.5756771 0.2480354 0.5722133 0.2614481 0.6007477 0.2536202 0.5907683 0.262089 0.5880522 0.251667 0.5907683 0.262089 0.5756771 0.2480354 0.5880522 0.251667 0.6007477 0.2536202 0.5880522 0.251667 0.5932098 0.2428015 0.5842069 0.2425726 0.5880522 0.251667 0.5756771 0.2480354 0.5842069 0.2425726 0.5932098 0.2428015 0.5880522 0.251667 0.5596551 0.2468146 0.5740597 0.2424658 0.5756771 0.2480354 0.5740597 0.2424658 0.5842069 0.2425726 0.5756771 0.2480354 0.5596551 0.2468146 0.5724422 0.2368963 0.5740597 0.2424658 0.5740597 0.2424658 0.5724422 0.2368963 0.5842069 0.2425726 0.5882658 0.2336461 0.5932098 0.2428015 0.5842069 0.2425726 0.5724422 0.2368963 0.5882658 0.2336461 0.5842069 0.2425726 0.6007477 0.2536202 0.5932098 0.2428015 0.5983062 0.230579 0.5882658 0.2336461 0.5983062 0.230579 0.5932098 0.2428015 0.6149996 0.2336156 0.6007477 0.2536202 0.5983062 0.230579 0.5839322 0.2227206 0.5882658 0.2336461 0.5724422 0.2368963 0.5839322 0.2227206 0.5983062 0.230579 0.5882658 0.2336461 0.5634394 0.2299687 0.5724422 0.2368963 0.5596551 0.2468146 0.5634394 0.2299687 0.5839322 0.2227206 0.5724422 0.2368963 0.5484398 0.221271 0.5634394 0.2299687 0.5596551 0.2468146 0.6111696 0.2092775 0.6149996 0.2336156 0.5983062 0.230579 0.6111696 0.2092775 0.6469063 0.2084687 0.6149996 0.2336156 0.5484398 0.221271 0.5660182 0.2109254 0.5634394 0.2299687 0.5660182 0.2109254 0.5839322 0.2227206 0.5634394 0.2299687 0.6111696 0.2092775 0.5983062 0.230579 0.5931335 0.2115968 0.5931335 0.2115968 0.5983062 0.230579 0.5839322 0.2227206 0.6057069 0.1795834 0.6469063 0.2084687 0.6111696 0.2092775 0.6057069 0.1795834 0.644419 0.1795834 0.6469063 0.2084687 0.6469063 0.1506828 0.644419 0.1795834 0.6057069 0.1795834 0.6111696 0.2092775 0.5931335 0.2115968 0.5891356 0.1887235 0.6057069 0.1795834 0.6111696 0.2092775 0.5891356 0.1887235 0.5931335 0.2115968 0.5839322 0.2227206 0.5799649 0.2105745 0.5799649 0.2105745 0.5839322 0.2227206 0.5660182 0.2109254 0.5931335 0.2115968 0.5799649 0.2105745 0.5834745 0.2009155 0.5891356 0.1887235 0.5931335 0.2115968 0.5834745 0.2009155 0.5748531 0.2022125 0.5799649 0.2105745 0.5660182 0.2109254 0.5834745 0.2009155 0.5799649 0.2105745 0.5748531 0.2022125 0.5748531 0.2022125 0.5660182 0.2109254 0.5652247 0.2046692 0.5652247 0.2046692 0.5660182 0.2109254 0.5484398 0.221271 0.5759975 0.1925535 0.5834745 0.2009155 0.5748531 0.2022125 0.5891356 0.1887235 0.5834745 0.2009155 0.5759975 0.1925535 0.5644312 0.198413 0.5748531 0.2022125 0.5652247 0.2046692 0.5644312 0.198413 0.5652247 0.2046692 0.5484398 0.221271 0.5759975 0.1925535 0.5748531 0.2022125 0.5644312 0.198413 0.5644312 0.198413 0.5484398 0.221271 0.5469749 0.2005035 0.5701381 0.1795834 0.5644312 0.198413 0.5469749 0.2005035 0.5701381 0.1795834 0.5759975 0.1925535 0.5644312 0.198413 0.5701381 0.1795834 0.5891356 0.1887235 0.5759975 0.1925535 0.5854734 0.1795834 0.5891356 0.1887235 0.5701381 0.1795834 0.6057069 0.1795834 0.5891356 0.1887235 0.5854734 0.1795834 0.5891356 0.1704432 0.5854734 0.1795834 0.5701381 0.1795834 0.5891356 0.1704432 0.6057069 0.1795834 0.5854734 0.1795834 0.5759975 0.166598 0.5891356 0.1704432 0.5701381 0.1795834 0.6111696 0.149874 0.6057069 0.1795834 0.5891356 0.1704432 0.6111696 0.149874 0.6469063 0.1506828 0.6057069 0.1795834 0.5644312 0.1607385 0.5759975 0.166598 0.5701381 0.1795834 0.5469749 0.158648 0.5644312 0.1607385 0.5701381 0.1795834 0.5469749 0.158648 0.5484398 0.1378957 0.5644312 0.1607385 0.6111696 0.149874 0.6149996 0.1255512 0.6469063 0.1506828 0.6149996 0.1255512 0.6470131 0.1226214 0.6469063 0.1506828 0.5644312 0.1607385 0.5484398 0.1378957 0.5652247 0.1544976 0.6149996 0.1255512 0.6186465 0.1039292 0.6470131 0.1226214 0.6186465 0.1039292 0.6423895 0.09684902 0.6470131 0.1226214 0.5644312 0.1607385 0.5652247 0.1544976 0.5748531 0.1569542 0.5644312 0.1607385 0.5748531 0.1569542 0.5759975 0.166598 0.5484398 0.1378957 0.5660182 0.1482414 0.5652247 0.1544976 0.5748531 0.1569542 0.5652247 0.1544976 0.5660182 0.1482414 0.5759975 0.166598 0.5748531 0.1569542 0.5834745 0.1582513 0.5759975 0.166598 0.5834745 0.1582513 0.5891356 0.1704432 0.5748531 0.1569542 0.5799649 0.148577 0.5834745 0.1582513 0.5748531 0.1569542 0.5660182 0.1482414 0.5799649 0.148577 0.5834745 0.1582513 0.5931335 0.14757 0.5891356 0.1704432 0.5834745 0.1582513 0.5799649 0.148577 0.5931335 0.14757 0.5931335 0.14757 0.6111696 0.149874 0.5891356 0.1704432 0.5660182 0.1482414 0.5839322 0.1364461 0.5799649 0.148577 0.5799649 0.148577 0.5839322 0.1364461 0.5931335 0.14757 0.5484398 0.1378957 0.5634394 0.1291828 0.5660182 0.1482414 0.5634394 0.1291828 0.5839322 0.1364461 0.5660182 0.1482414 0.5484398 0.1378957 0.5596551 0.1123521 0.5634394 0.1291828 0.5931335 0.14757 0.5983062 0.1285877 0.6111696 0.149874 0.5839322 0.1364461 0.5983062 0.1285877 0.5931335 0.14757 0.5983062 0.1285877 0.6149996 0.1255512 0.6111696 0.149874 0.5634394 0.1291828 0.5724422 0.1222705 0.5839322 0.1364461 0.5634394 0.1291828 0.5596551 0.1123521 0.5724422 0.1222705 0.5839322 0.1364461 0.5882658 0.1255207 0.5983062 0.1285877 0.5839322 0.1364461 0.5724422 0.1222705 0.5882658 0.1255207 0.5983062 0.1285877 0.6007477 0.1055466 0.6149996 0.1255512 0.6149996 0.1255512 0.6007477 0.1055466 0.6186465 0.1039292 0.5983062 0.1285877 0.5882658 0.1255207 0.5932098 0.11635 0.5983062 0.1285877 0.5932098 0.11635 0.6007477 0.1055466 0.5724422 0.1222705 0.5842069 0.1165789 0.5882658 0.1255207 0.5882658 0.1255207 0.5842069 0.1165789 0.5932098 0.11635 0.5596551 0.1123521 0.5740597 0.116701 0.5724422 0.1222705 0.5724422 0.1222705 0.5740597 0.116701 0.5842069 0.1165789 0.5596551 0.1123521 0.5756771 0.1111314 0.5740597 0.116701 0.5756771 0.1111314 0.5842069 0.1165789 0.5740597 0.116701 0.5596551 0.1123521 0.5722133 0.09771877 0.5756771 0.1111314 0.5842069 0.1165789 0.5880522 0.1074998 0.5932098 0.11635 0.5756771 0.1111314 0.5880522 0.1074998 0.5842069 0.1165789 0.5880522 0.1074998 0.6007477 0.1055466 0.5932098 0.11635 0.5756771 0.1111314 0.5722133 0.09771877 0.5907683 0.0970779 0.5756771 0.1111314 0.5907683 0.0970779 0.5880522 0.1074998 0.5907683 0.0970779 0.6007477 0.1055466 0.5880522 0.1074998 0.5722133 0.09771877 0.5893797 0.0841993 0.5907683 0.0970779 0.5907683 0.0970779 0.5893797 0.0841993 0.6046082 0.08993667 0.5907683 0.0970779 0.6046082 0.08993667 0.6007477 0.1055466 0.6007477 0.1055466 0.6046082 0.08993667 0.6171817 0.08900588 0.6007477 0.1055466 0.6171817 0.08900588 0.6186465 0.1039292 0.6186465 0.1039292 0.6171817 0.08900588 0.6423895 0.09684902 0.6171817 0.08900588 0.6336767 0.08340579 0.6423895 0.09684902 0.6423895 0.09684902 0.6336767 0.08340579 0.6360418 0.07344168 0.6423895 0.09684902 0.6360418 0.07344168 0.6615549 0.06257724 0.6360418 0.07344168 0.6283208 0.05024796 0.6615549 0.06257724 0.6360418 0.07344168 0.6232548 0.05795377 0.6283208 0.05024796 0.6615549 0.06257724 0.6283208 0.05024796 0.6619974 0.04589915 0.6619974 0.04589915 0.6503395 0.03125047 0.6641795 0.0298314 0.6345769 0.03787291 0.6503395 0.03125047 0.6619974 0.04589915 0.6283208 0.05024796 0.6345769 0.03787291 0.6619974 0.04589915 0.6345769 0.03787291 0.6404669 0.02735942 0.6503395 0.03125047 0.6232548 0.05795377 0.6194095 0.04606699 0.6283208 0.05024796 0.6232548 0.05795377 0.6127871 0.05581748 0.6194095 0.04606699 0.6127871 0.05581748 0.6027314 0.04951554 0.6194095 0.04606699 0.6283208 0.05024796 0.6229648 0.03613334 0.6345769 0.03787291 0.6194095 0.04606699 0.6229648 0.03613334 0.6283208 0.05024796 0.6345769 0.03787291 0.6271153 0.03123521 0.6404669 0.02735942 0.6345769 0.03787291 0.6229648 0.03613334 0.6271153 0.03123521 0.6404669 0.02735942 0.6271153 0.03123521 0.634287 0.01866179 0.6271153 0.03123521 0.6263676 0.01783782 0.634287 0.01866179 0.6271153 0.03123521 0.6199436 0.02145415 0.6263676 0.01783782 0.6271153 0.03123521 0.6166324 0.02925151 0.6199436 0.02145415 0.6271153 0.03123521 0.6229648 0.03613334 0.6166324 0.02925151 0.6063172 0.02957201 0.6132754 0.02893108 0.6229648 0.03613334 0.611429 0.04063475 0.6063172 0.02957201 0.6229648 0.03613334 0.611429 0.04063475 0.6229648 0.03613334 0.6194095 0.04606699 0.6027314 0.04951554 0.611429 0.04063475 0.6194095 0.04606699 0.611429 0.04063475 0.601648 0.03443962 0.6063172 0.02957201 0.6027314 0.04951554 0.6000916 0.04196232 0.611429 0.04063475 0.611429 0.04063475 0.6000916 0.04196232 0.601648 0.03443962 0.9064927 0.2681163 0.9175708 0.2657511 0.9096513 0.2785077 0.9064927 0.2681163 0.9072862 0.2496681 0.9175708 0.2657511 0.9022049 0.2542763 0.9072862 0.2496681 0.9064927 0.2681163 0.8831464 0.2497138 0.9072862 0.2496681 0.9022049 0.2542763 0.9331808 0.2496376 0.9175708 0.2657511 0.9072862 0.2496681 0.9357443 0.2555733 0.9175708 0.2657511 0.9331808 0.2496376 0.9607385 0.249073 0.9357443 0.2555733 0.9331808 0.2496376 0.9592432 0.2427862 0.9607385 0.249073 0.9331808 0.2496376 0.9558862 0.2293888 0.9592432 0.2427862 0.9331808 0.2496376 0.9298695 0.2310826 0.9331808 0.2496376 0.9072862 0.2496681 0.9558862 0.2293888 0.9331808 0.2496376 0.9298695 0.2310826 0.9042191 0.2327458 0.9298695 0.2310826 0.9072862 0.2496681 0.9042191 0.2327458 0.9072862 0.2496681 0.8831464 0.2497138 0.9277486 0.2111085 0.9558862 0.2293888 0.9298695 0.2310826 0.9277486 0.2111085 0.9298695 0.2310826 0.9042191 0.2327458 0.9277486 0.2111085 0.9527733 0.2090638 0.9558862 0.2293888 0.9042191 0.2327458 0.8831464 0.2497138 0.8715648 0.2353856 0.9277486 0.2111085 0.9315633 0.1955748 0.9527733 0.2090638 0.9527733 0.2090638 0.9315633 0.1955748 0.9610895 0.1958342 0.9610895 0.1958342 0.9315633 0.1955748 0.9625543 0.1819791 0.9026932 0.2145265 0.9277486 0.2111085 0.9042191 0.2327458 0.9315633 0.1955748 0.933135 0.1813381 0.9625543 0.1819791 0.9625543 0.1819791 0.933135 0.1813381 0.9625543 0.1074693 0.9033951 0.1984435 0.9277486 0.2111085 0.9026932 0.2145265 0.9033951 0.1984435 0.9315633 0.1955748 0.9277486 0.2111085 0.9026932 0.2145265 0.9042191 0.2327458 0.8699321 0.2184023 0.9033951 0.1984435 0.9026932 0.2145265 0.8699321 0.2184023 0.8699321 0.2184023 0.9042191 0.2327458 0.8715648 0.2353856 0.9054704 0.1870756 0.9315633 0.1955748 0.9033951 0.1984435 0.8715648 0.2353856 0.8831464 0.2497138 0.850721 0.2482948 0.8831464 0.2497138 0.8627146 0.2567331 0.850721 0.2482948 0.9054704 0.1870756 0.9072404 0.1746547 0.9315633 0.1955748 0.9315633 0.1955748 0.9072404 0.1746547 0.933135 0.1813381 0.850721 0.2482948 0.8627146 0.2567331 0.849073 0.263859 0.8627146 0.2567331 0.8616007 0.2702678 0.849073 0.263859 0.8616007 0.2702678 0.8610208 0.2902571 0.849073 0.263859 0.8715648 0.2353856 0.850721 0.2482948 0.8312505 0.2306401 0.8699321 0.2184023 0.8715648 0.2353856 0.8312505 0.2306401 0.850721 0.2482948 0.849073 0.263859 0.8312505 0.2466925 0.8312505 0.2306401 0.850721 0.2482948 0.8312505 0.2466925 0.8610208 0.2902571 0.8456702 0.2823072 0.849073 0.263859 0.8610208 0.2902571 0.8597086 0.2941787 0.8456702 0.2823072 0.8597086 0.2941787 0.8440833 0.2865034 0.8456702 0.2823072 0.8456702 0.2823072 0.8440833 0.2865034 0.8312505 0.2781567 0.849073 0.263859 0.8456702 0.2823072 0.8312505 0.2781567 0.8440833 0.2865034 0.8312505 0.2822614 0.8312505 0.2781567 0.8312505 0.2822614 0.8184329 0.2865034 0.8312505 0.2781567 0.849073 0.263859 0.8312505 0.2781567 0.8312505 0.2606241 0.849073 0.263859 0.8312505 0.2606241 0.8312505 0.2466925 0.8312505 0.2781567 0.8184329 0.2865034 0.8168307 0.2823072 0.8184329 0.2865034 0.8027924 0.2941787 0.8168307 0.2823072 0.8168307 0.2823072 0.8027924 0.2941787 0.8014954 0.2902571 0.8312505 0.2606241 0.8312505 0.2781567 0.8134432 0.263859 0.8312505 0.2781567 0.8168307 0.2823072 0.8134432 0.263859 0.8168307 0.2823072 0.8014954 0.2902571 0.8134432 0.263859 0.8312505 0.2606241 0.8134432 0.263859 0.8312505 0.2466925 0.8134432 0.263859 0.8014954 0.2902571 0.8009155 0.2702678 0.7998017 0.2567331 0.8134432 0.263859 0.8009155 0.2702678 0.8312505 0.2466925 0.8134432 0.263859 0.81178 0.2482948 0.81178 0.2482948 0.8134432 0.263859 0.7998017 0.2567331 0.8312505 0.2306401 0.8312505 0.2466925 0.81178 0.2482948 0.81178 0.2482948 0.7998017 0.2567331 0.7793698 0.2497138 0.8312505 0.2306401 0.81178 0.2482948 0.7909514 0.2353856 0.7909514 0.2353856 0.81178 0.2482948 0.7793698 0.2497138 0.7925841 0.2184023 0.8312505 0.2306401 0.7909514 0.2353856 0.7909514 0.2353856 0.7793698 0.2497138 0.7582818 0.2327458 0.7925841 0.2184023 0.7909514 0.2353856 0.7582818 0.2327458 0.8312505 0.2147707 0.8312505 0.2306401 0.7925841 0.2184023 0.8312505 0.2147707 0.8699321 0.2184023 0.8312505 0.2306401 0.8312505 0.2009307 0.8699321 0.2184023 0.8312505 0.2147707 0.8312505 0.2009307 0.8312505 0.2147707 0.7925841 0.2184023 0.8312505 0.2009307 0.8683909 0.2034943 0.8699321 0.2184023 0.8683909 0.2034943 0.9033951 0.1984435 0.8699321 0.2184023 0.7941253 0.2034943 0.8312505 0.2009307 0.7925841 0.2184023 0.8312505 0.2009307 0.8312505 0.1873807 0.8683909 0.2034943 0.7941253 0.2034943 0.8312505 0.1873807 0.8312505 0.2009307 0.8683909 0.2034943 0.8649119 0.1887693 0.9033951 0.1984435 0.8312505 0.1873807 0.8649119 0.1887693 0.8683909 0.2034943 0.8649119 0.1887693 0.8832532 0.1864347 0.9033951 0.1984435 0.8832532 0.1864347 0.9054704 0.1870756 0.9033951 0.1984435 0.8312505 0.1746395 0.8649119 0.1887693 0.8312505 0.1873807 0.8632487 0.1741665 0.8832532 0.1864347 0.8649119 0.1887693 0.8312505 0.1746395 0.8632487 0.1741665 0.8649119 0.1887693 0.8766461 0.1724269 0.9054704 0.1870756 0.8832532 0.1864347 0.8632487 0.1741665 0.8766461 0.1724269 0.8832532 0.1864347 0.7975891 0.1887693 0.8312505 0.1746395 0.8312505 0.1873807 0.7975891 0.1887693 0.8312505 0.1873807 0.7941253 0.2034943 0.8766461 0.1724269 0.8794995 0.164126 0.9054704 0.1870756 0.8794995 0.164126 0.9072404 0.1746547 0.9054704 0.1870756 0.7975891 0.1887693 0.7941253 0.2034943 0.7591211 0.1984435 0.7941253 0.2034943 0.7925841 0.2184023 0.7591211 0.1984435 0.7992523 0.1741665 0.8312505 0.1746395 0.7975891 0.1887693 0.7925841 0.2184023 0.759823 0.2145265 0.7591211 0.1984435 0.7925841 0.2184023 0.7582818 0.2327458 0.759823 0.2145265 0.7792477 0.1864347 0.7975891 0.1887693 0.7591211 0.1984435 0.7792477 0.1864347 0.7992523 0.1741665 0.7975891 0.1887693 0.759823 0.2145265 0.7347677 0.2111085 0.7591211 0.1984435 0.759823 0.2145265 0.7582818 0.2327458 0.7347677 0.2111085 0.7570459 0.1870756 0.7792477 0.1864347 0.7591211 0.1984435 0.7347677 0.2111085 0.7582818 0.2327458 0.7326467 0.2310826 0.7570459 0.1870756 0.7858549 0.1724269 0.7792477 0.1864347 0.7858549 0.1724269 0.7992523 0.1741665 0.7792477 0.1864347 0.7570459 0.1870756 0.7591211 0.1984435 0.7309377 0.1955748 0.7591211 0.1984435 0.7347677 0.2111085 0.7309377 0.1955748 0.7570459 0.1870756 0.7830167 0.164126 0.7858549 0.1724269 0.7309377 0.1955748 0.7347677 0.2111085 0.7097429 0.2090638 0.7347677 0.2111085 0.7066148 0.2293888 0.7097429 0.2090638 0.7347677 0.2111085 0.7326467 0.2310826 0.7066148 0.2293888 0.7309377 0.1955748 0.7097429 0.2090638 0.7014268 0.1958342 0.6999466 0.1819791 0.7309377 0.1955748 0.7014268 0.1958342 0.7066148 0.2293888 0.7326467 0.2310826 0.7293355 0.2496376 0.7066148 0.2293888 0.7293355 0.2496376 0.7032578 0.2427862 0.7032578 0.2427862 0.7293355 0.2496376 0.7017777 0.249073 0.7017777 0.249073 0.7293355 0.2496376 0.726772 0.2555733 0.7293355 0.2496376 0.7449455 0.2657511 0.726772 0.2555733 0.7326467 0.2310826 0.75523 0.2496681 0.7293355 0.2496376 0.7293355 0.2496376 0.75523 0.2496681 0.7449455 0.2657511 0.7582818 0.2327458 0.75523 0.2496681 0.7326467 0.2310826 0.7582818 0.2327458 0.7793698 0.2497138 0.75523 0.2496681 0.75523 0.2496681 0.7793698 0.2497138 0.7602961 0.2542763 0.75523 0.2496681 0.7602961 0.2542763 0.7560083 0.2681163 0.7449455 0.2657511 0.75523 0.2496681 0.7560083 0.2681163 0.7449455 0.2657511 0.7560083 0.2681163 0.7528496 0.2785077 0.7293813 0.1813381 0.7309377 0.1955748 0.6999466 0.1819791 0.7293813 0.1813381 0.6999466 0.1819791 0.6999466 0.1074693 0.7552758 0.1746547 0.7309377 0.1955748 0.7293813 0.1813381 0.7570459 0.1870756 0.7309377 0.1955748 0.7552758 0.1746547 0.7570459 0.1870756 0.7552758 0.1746547 0.7830167 0.164126 0.7201953 0.1288624 0.7293813 0.1813381 0.6999466 0.1074693 0.7552758 0.1746547 0.7293813 0.1813381 0.7435569 0.1336537 0.7435569 0.1336537 0.7293813 0.1813381 0.7201953 0.1288624 0.7211414 0.1166094 0.7201953 0.1288624 0.6999466 0.1074693 0.7211414 0.1166094 0.7435569 0.1336537 0.7201953 0.1288624 0.6999466 0.09550619 0.7211414 0.1166094 0.6999466 0.1074693 0.7552758 0.1746547 0.7435569 0.1336537 0.7690395 0.1350271 0.7552758 0.1746547 0.7690395 0.1350271 0.7830167 0.164126 0.7424888 0.1212024 0.7435569 0.1336537 0.7211414 0.1166094 0.7690395 0.1350271 0.7435569 0.1336537 0.7424888 0.1212024 0.7210956 0.1036698 0.7211414 0.1166094 0.6999466 0.09550619 0.7424888 0.1212024 0.7211414 0.1166094 0.7210956 0.1036698 0.7210956 0.1036698 0.6999466 0.09550619 0.7210041 0.08690011 0.6999466 0.09550619 0.6999466 0.07769894 0.7210041 0.08690011 0.6999466 0.07769894 0.6999466 0.04403752 0.7210041 0.08690011 0.7424888 0.1212024 0.7210956 0.1036698 0.7414206 0.1073166 0.7210956 0.1036698 0.7210041 0.08690011 0.7414206 0.1073166 0.7690395 0.1350271 0.7424888 0.1212024 0.7659266 0.1225146 0.7659266 0.1225146 0.7424888 0.1212024 0.7414206 0.1073166 0.6999466 0.04403752 0.7216602 0.05268937 0.7210041 0.08690011 0.6999466 0.04403752 0.6999466 0.03460747 0.7216602 0.05268937 0.7414206 0.1073166 0.7210041 0.08690011 0.7408561 0.09234762 0.7408561 0.09234762 0.7210041 0.08690011 0.7216602 0.05268937 0.7659266 0.1225146 0.7414206 0.1073166 0.7645381 0.1083543 0.7414206 0.1073166 0.7408561 0.09234762 0.7645381 0.1083543 0.7216602 0.05268937 0.6999466 0.03460747 0.7252003 0.04394596 0.6999466 0.03460747 0.7669184 0.0178073 0.7252003 0.04394596 0.7408561 0.09234762 0.7216602 0.05268937 0.7385061 0.07614248 0.7216602 0.05268937 0.7252003 0.04394596 0.7394827 0.06929123 0.7385061 0.07614248 0.7216602 0.05268937 0.7394827 0.06929123 0.7637904 0.09381246 0.7408561 0.09234762 0.7385061 0.07614248 0.7645381 0.1083543 0.7408561 0.09234762 0.7637904 0.09381246 0.7385061 0.07614248 0.7394827 0.06929123 0.7633478 0.08133059 0.7637904 0.09381246 0.7385061 0.07614248 0.7633478 0.08133059 0.7394827 0.06929123 0.7252003 0.04394596 0.7401236 0.06236362 0.7669184 0.0178073 0.7401236 0.06236362 0.7252003 0.04394596 0.7633478 0.08133059 0.7394827 0.06929123 0.7621271 0.07505911 0.7394827 0.06929123 0.7401236 0.06236362 0.7621271 0.07505911 0.7637904 0.09381246 0.7633478 0.08133059 0.7865568 0.07016098 0.7633478 0.08133059 0.7621271 0.07505911 0.7865568 0.07016098 0.7669184 0.0178073 0.7617304 0.06825357 0.7401236 0.06236362 0.7401236 0.06236362 0.7617304 0.06825357 0.7621271 0.07505911 0.7669184 0.0178073 0.7846647 0.0580911 0.7617304 0.06825357 0.7846647 0.0580911 0.7621271 0.07505911 0.7617304 0.06825357 0.8009918 0.03981077 0.7846647 0.0580911 0.7669184 0.0178073 0.8268101 0.03460747 0.8009918 0.03981077 0.7669184 0.0178073 0.8268101 0.04403752 0.8009918 0.03981077 0.8268101 0.03460747 0.7852751 0.06395053 0.7621271 0.07505911 0.7846647 0.0580911 0.7865568 0.07016098 0.7621271 0.07505911 0.7852751 0.06395053 0.8040894 0.04916459 0.7846647 0.0580911 0.8009918 0.03981077 0.8040894 0.04916459 0.7852751 0.06395053 0.7846647 0.0580911 0.8268101 0.04403752 0.8040894 0.04916459 0.8009918 0.03981077 0.8040894 0.04916459 0.7865568 0.07016098 0.7852751 0.06395053 0.8268101 0.04403752 0.8043641 0.08319216 0.8040894 0.04916459 0.8268101 0.07670712 0.8043641 0.08319216 0.8268101 0.04403752 0.7850767 0.08987563 0.7865568 0.07016098 0.8040894 0.04916459 0.7850767 0.08987563 0.7637904 0.09381246 0.7865568 0.07016098 0.8043641 0.08319216 0.7850767 0.08987563 0.8040894 0.04916459 0.7850767 0.08987563 0.7645381 0.1083543 0.7637904 0.09381246 0.8268101 0.09507894 0.8043641 0.08319216 0.8268101 0.07670712 0.786099 0.1048294 0.7645381 0.1083543 0.7850767 0.08987563 0.786099 0.1048294 0.7850767 0.08987563 0.8043641 0.08319216 0.786099 0.1048294 0.7659266 0.1225146 0.7645381 0.1083543 0.8268101 0.09507894 0.8043183 0.09893947 0.8043641 0.08319216 0.8043183 0.09893947 0.786099 0.1048294 0.8043641 0.08319216 0.7864195 0.1187151 0.7659266 0.1225146 0.786099 0.1048294 0.8043183 0.09893947 0.7864195 0.1187151 0.786099 0.1048294 0.7864195 0.1187151 0.7690395 0.1350271 0.7659266 0.1225146 0.8048829 0.1163042 0.8043183 0.09893947 0.8268101 0.09507894 0.8048829 0.1163042 0.7864195 0.1187151 0.8043183 0.09893947 0.8268101 0.106752 0.8048829 0.1163042 0.8268101 0.09507894 0.7905241 0.1313039 0.7690395 0.1350271 0.7864195 0.1187151 0.7905241 0.1313039 0.7864195 0.1187151 0.8048829 0.1163042 0.7830167 0.164126 0.7690395 0.1350271 0.7905241 0.1313039 0.8211032 0.1373311 0.8048829 0.1163042 0.8268101 0.106752 0.8211032 0.1373311 0.8268101 0.106752 0.8271611 0.1224688 0.7905241 0.1313039 0.8048829 0.1163042 0.8056458 0.1545739 0.7830167 0.164126 0.7905241 0.1313039 0.8056458 0.1545739 0.8056458 0.1545739 0.8048829 0.1163042 0.8211032 0.1373311 0.7858549 0.1724269 0.7830167 0.164126 0.8056458 0.1545739 0.8211032 0.1373311 0.8271611 0.1224688 0.8249943 0.1393301 0.8056458 0.1545739 0.8211032 0.1373311 0.8249943 0.1393301 0.8299382 0.1245288 0.8249943 0.1393301 0.8271611 0.1224688 0.7858549 0.1724269 0.8056458 0.1545739 0.8103609 0.1581749 0.8103609 0.1581749 0.8056458 0.1545739 0.8249943 0.1393301 0.7858549 0.1724269 0.8103609 0.1581749 0.7992523 0.1741665 0.8264134 0.1398184 0.8249943 0.1393301 0.8299382 0.1245288 0.8103609 0.1581749 0.8249943 0.1393301 0.8264134 0.1398184 0.8103609 0.1581749 0.8178988 0.1611199 0.7992523 0.1741665 0.8103609 0.1581749 0.8264134 0.1398184 0.8178988 0.1611199 0.8264134 0.1398184 0.8299382 0.1245288 0.8312505 0.1410086 0.8178988 0.1611199 0.8264134 0.1398184 0.8312505 0.1410086 0.8299382 0.1245288 0.8312505 0.1245594 0.8312505 0.1410086 0.7992523 0.1741665 0.8178988 0.1611199 0.8312505 0.1605706 0.8178988 0.1611199 0.8312505 0.1410086 0.8312505 0.1605706 0.7992523 0.1741665 0.8312505 0.1605706 0.8312505 0.1746395 0.8312505 0.1245594 0.832578 0.1245288 0.8312505 0.1410086 0.8312505 0.1605706 0.8632487 0.1741665 0.8312505 0.1746395 0.8312505 0.1605706 0.8312505 0.1410086 0.8446174 0.1611199 0.8312505 0.1605706 0.8446174 0.1611199 0.8632487 0.1741665 0.8361029 0.1398184 0.8312505 0.1410086 0.832578 0.1245288 0.8446174 0.1611199 0.8312505 0.1410086 0.8361029 0.1398184 0.8446174 0.1611199 0.8521553 0.1581749 0.8632487 0.1741665 0.8446174 0.1611199 0.8361029 0.1398184 0.8521553 0.1581749 0.8521553 0.1581749 0.8766461 0.1724269 0.8632487 0.1741665 0.8361029 0.1398184 0.832578 0.1245288 0.8375067 0.1393301 0.8361029 0.1398184 0.8375067 0.1393301 0.8521553 0.1581749 0.832578 0.1245288 0.8353399 0.1224688 0.8375067 0.1393301 0.8521553 0.1581749 0.8568551 0.1545739 0.8766461 0.1724269 0.8521553 0.1581749 0.8375067 0.1393301 0.8568551 0.1545739 0.8568551 0.1545739 0.8794995 0.164126 0.8766461 0.1724269 0.8375067 0.1393301 0.8353399 0.1224688 0.841413 0.1373311 0.8375067 0.1393301 0.841413 0.1373311 0.8568551 0.1545739 0.8353399 0.1224688 0.8356909 0.106752 0.841413 0.1373311 0.841413 0.1373311 0.8356909 0.106752 0.8576334 0.1163042 0.841413 0.1373311 0.8576334 0.1163042 0.8568551 0.1545739 0.8356909 0.106752 0.8356909 0.09507894 0.8576334 0.1163042 0.8568551 0.1545739 0.8719921 0.1313039 0.8794995 0.164126 0.8568551 0.1545739 0.8576334 0.1163042 0.8719921 0.1313039 0.8719921 0.1313039 0.8934768 0.1350271 0.8794995 0.164126 0.8794995 0.164126 0.8934768 0.1350271 0.9072404 0.1746547 0.8576334 0.1163042 0.8760967 0.1187151 0.8719921 0.1313039 0.8719921 0.1313039 0.8760967 0.1187151 0.8934768 0.1350271 0.8356909 0.09507894 0.8581979 0.09893947 0.8576334 0.1163042 0.8576334 0.1163042 0.8581979 0.09893947 0.8760967 0.1187151 0.8356909 0.09507894 0.8581522 0.08319216 0.8581979 0.09893947 0.8356909 0.09507894 0.8356909 0.07670712 0.8581522 0.08319216 0.8356909 0.07670712 0.8356909 0.04403752 0.8581522 0.08319216 0.8760967 0.1187151 0.8581979 0.09893947 0.8764172 0.1048294 0.8764172 0.1048294 0.8581979 0.09893947 0.8581522 0.08319216 0.8760967 0.1187151 0.8764172 0.1048294 0.8965744 0.1225146 0.8934768 0.1350271 0.8760967 0.1187151 0.8965744 0.1225146 0.8764172 0.1048294 0.8581522 0.08319216 0.8774243 0.08987563 0.9072404 0.1746547 0.8934768 0.1350271 0.9189593 0.1336537 0.9072404 0.1746547 0.9189593 0.1336537 0.933135 0.1813381 0.8934768 0.1350271 0.8965744 0.1225146 0.9200275 0.1212024 0.8934768 0.1350271 0.9200275 0.1212024 0.9189593 0.1336537 0.8965744 0.1225146 0.8764172 0.1048294 0.8979629 0.1083543 0.8764172 0.1048294 0.8774243 0.08987563 0.8979629 0.1083543 0.9423209 0.1288624 0.933135 0.1813381 0.9189593 0.1336537 0.9625543 0.1074693 0.933135 0.1813381 0.9423209 0.1288624 0.9423209 0.1288624 0.9189593 0.1336537 0.9413748 0.1166094 0.9625543 0.1074693 0.9423209 0.1288624 0.9413748 0.1166094 0.9200275 0.1212024 0.9413748 0.1166094 0.9189593 0.1336537 0.9625543 0.09550619 0.9625543 0.1074693 0.9413748 0.1166094 0.9414054 0.1036698 0.9413748 0.1166094 0.9200275 0.1212024 0.9414054 0.1036698 0.9625543 0.09550619 0.9413748 0.1166094 0.8965744 0.1225146 0.9210956 0.1073166 0.9200275 0.1212024 0.9210956 0.1073166 0.9414054 0.1036698 0.9200275 0.1212024 0.8965744 0.1225146 0.8979629 0.1083543 0.9210956 0.1073166 0.9414054 0.1036698 0.9415122 0.08690011 0.9625543 0.09550619 0.9210956 0.1073166 0.9415122 0.08690011 0.9414054 0.1036698 0.9625543 0.09550619 0.9415122 0.08690011 0.9625543 0.07769894 0.9415122 0.08690011 0.9625543 0.04403752 0.9625543 0.07769894 0.8979629 0.1083543 0.9216449 0.09234762 0.9210956 0.1073166 0.9210956 0.1073166 0.9216449 0.09234762 0.9415122 0.08690011 0.9415122 0.08690011 0.9408408 0.05268937 0.9625543 0.04403752 0.9415122 0.08690011 0.9216449 0.09234762 0.9408408 0.05268937 0.9408408 0.05268937 0.9625543 0.03460747 0.9625543 0.04403752 0.8979629 0.1083543 0.8987106 0.09381246 0.9216449 0.09234762 0.8979629 0.1083543 0.8774243 0.08987563 0.8987106 0.09381246 0.9240101 0.07614248 0.9408408 0.05268937 0.9216449 0.09234762 0.8987106 0.09381246 0.9240101 0.07614248 0.9216449 0.09234762 0.9408408 0.05268937 0.937316 0.04394596 0.9625543 0.03460747 0.8955978 0.0178073 0.9625543 0.03460747 0.937316 0.04394596 0.9230335 0.06930649 0.9408408 0.05268937 0.9240101 0.07614248 0.9230335 0.06930649 0.937316 0.04394596 0.9408408 0.05268937 0.8991989 0.08136111 0.9240101 0.07614248 0.8987106 0.09381246 0.8991989 0.08136111 0.9230335 0.06930649 0.9240101 0.07614248 0.9224079 0.06234836 0.937316 0.04394596 0.9230335 0.06930649 0.8955978 0.0178073 0.937316 0.04394596 0.9224079 0.06234836 0.9005265 0.07522696 0.9230335 0.06930649 0.8991989 0.08136111 0.9005265 0.07522696 0.9224079 0.06234836 0.9230335 0.06930649 0.8759594 0.07016098 0.8991989 0.08136111 0.8987106 0.09381246 0.8759594 0.07016098 0.9005265 0.07522696 0.8991989 0.08136111 0.8774243 0.08987563 0.8759594 0.07016098 0.8987106 0.09381246 0.9005265 0.07522696 0.90103 0.06825357 0.9224079 0.06234836 0.90103 0.06825357 0.8955978 0.0178073 0.9224079 0.06234836 0.8759594 0.07016098 0.8772565 0.06393527 0.9005265 0.07522696 0.8779431 0.05801481 0.90103 0.06825357 0.9005265 0.07522696 0.8779431 0.05801481 0.9005265 0.07522696 0.8772565 0.06393527 0.8779431 0.05801481 0.8955978 0.0178073 0.90103 0.06825357 0.8584268 0.04916459 0.8772565 0.06393527 0.8759594 0.07016098 0.8774243 0.08987563 0.8584268 0.04916459 0.8759594 0.07016098 0.8584268 0.04916459 0.8779431 0.05801481 0.8772565 0.06393527 0.8581522 0.08319216 0.8584268 0.04916459 0.8774243 0.08987563 0.8581522 0.08319216 0.8356909 0.04403752 0.8584268 0.04916459 0.8615244 0.03981077 0.8955978 0.0178073 0.8779431 0.05801481 0.8584268 0.04916459 0.8615244 0.03981077 0.8779431 0.05801481 0.8356909 0.04403752 0.8615244 0.03981077 0.8584268 0.04916459 0.8356909 0.03460747 0.8955978 0.0178073 0.8615244 0.03981077 0.8356909 0.04403752 0.8356909 0.03460747 0.8615244 0.03981077 0.2567483 0.2437018 0.2547951 0.2501412 0.2289311 0.2524453 0.2567483 0.2437018 0.2289311 0.2524453 0.2286869 0.2468299 0.2286869 0.2468299 0.2289311 0.2524453 0.2015259 0.2638133 0.2301213 0.2285344 0.2567483 0.2437018 0.2286869 0.2468299 0.2597543 0.2297093 0.2567483 0.2437018 0.2301213 0.2285344 0.1960327 0.2460975 0.2286869 0.2468299 0.2015259 0.2638133 0.2301213 0.2285344 0.2286869 0.2468299 0.1960327 0.2460975 0.2273594 0.208133 0.2597543 0.2297093 0.2301213 0.2285344 0.2590066 0.208545 0.2597543 0.2297093 0.2273594 0.208133 0.2590066 0.208545 0.2273594 0.208133 0.2250705 0.197467 0.2590066 0.208545 0.2250705 0.197467 0.2500954 0.1940337 0.2273594 0.208133 0.2301213 0.2285344 0.1959716 0.2103608 0.2250705 0.197467 0.2273594 0.208133 0.1959716 0.2103608 0.2301213 0.2285344 0.1960327 0.2460975 0.1973144 0.2283054 0.1959716 0.2103608 0.2301213 0.2285344 0.1973144 0.2283054 0.2250705 0.197467 0.2253147 0.1879606 0.2500954 0.1940337 0.2250705 0.197467 0.1959716 0.2103608 0.1946593 0.1884641 0.2250705 0.197467 0.1946593 0.1884641 0.2253147 0.1879606 0.2500954 0.1940337 0.2253147 0.1879606 0.2224612 0.1726863 0.2500954 0.1940337 0.2224612 0.1726863 0.2526741 0.178973 0.1946593 0.1884641 0.1850004 0.1764095 0.2253147 0.1879606 0.2253147 0.1879606 0.1850004 0.1764095 0.2224612 0.1726863 0.1946593 0.1884641 0.1959716 0.2103608 0.1623865 0.1934691 0.2526741 0.178973 0.2224612 0.1726863 0.2294041 0.1160296 0.2526741 0.178973 0.2294041 0.1160296 0.2526741 0.1158312 0.2526741 0.1158312 0.2294041 0.1160296 0.2526741 0.1025558 0.1959716 0.2103608 0.1628595 0.209308 0.1623865 0.1934691 0.1959716 0.2103608 0.1973144 0.2283054 0.1628595 0.209308 0.1946593 0.1884641 0.1623865 0.1934691 0.1650416 0.1743496 0.1946593 0.1884641 0.1650416 0.1743496 0.1850004 0.1764095 0.1973144 0.2283054 0.1627985 0.2272068 0.1628595 0.209308 0.1973144 0.2283054 0.1960327 0.2460975 0.1627985 0.2272068 0.1623865 0.1934691 0.1628595 0.209308 0.1376364 0.1914396 0.1623865 0.1934691 0.1376364 0.1914396 0.1650416 0.1743496 0.1628595 0.209308 0.1627985 0.2272068 0.1376364 0.2078889 0.1628595 0.209308 0.1376364 0.2078889 0.1376364 0.1914396 0.1960327 0.2460975 0.1633325 0.2453498 0.1627985 0.2272068 0.1627985 0.2272068 0.1376364 0.2267032 0.1376364 0.2078889 0.1627985 0.2272068 0.1633325 0.2453498 0.1376364 0.2267032 0.1960327 0.2460975 0.1688106 0.2628824 0.1633325 0.2453498 0.1960327 0.2460975 0.2015259 0.2638133 0.1688106 0.2628824 0.2015259 0.2638133 0.1899901 0.2806287 0.1688106 0.2628824 0.1633325 0.2453498 0.1376364 0.2454871 0.1376364 0.2267032 0.1688106 0.2628824 0.1899901 0.2806287 0.1689937 0.2755475 0.1633325 0.2453498 0.1688106 0.2628824 0.1376364 0.2638438 0.1633325 0.2453498 0.1376364 0.2638438 0.1376364 0.2454871 0.1688106 0.2628824 0.1689937 0.2755475 0.1376364 0.2638438 0.1376364 0.2267032 0.1376364 0.2454871 0.1119249 0.2453498 0.1376364 0.2454871 0.1376364 0.2638438 0.1119249 0.2453498 0.1899901 0.2806287 0.1692531 0.2949417 0.1689937 0.2755475 0.1899901 0.2806287 0.1893034 0.3043259 0.1692531 0.2949417 0.1689937 0.2755475 0.1692531 0.2949417 0.1376364 0.2978256 0.1689937 0.2755475 0.1376364 0.2978256 0.1376364 0.2638438 0.1692531 0.2949417 0.1893034 0.3043259 0.1602502 0.3138933 0.1692531 0.2949417 0.1602502 0.3138933 0.1376364 0.2978256 0.1893034 0.3043259 0.1905699 0.3190662 0.1602502 0.3138933 0.1602502 0.3138933 0.1905699 0.3190662 0.1678797 0.3239033 0.1905699 0.3190662 0.1921416 0.3321126 0.1678797 0.3239033 0.1602502 0.3138933 0.1376364 0.3010147 0.1376364 0.2978256 0.1678797 0.3239033 0.1921416 0.3321126 0.1732357 0.3364004 0.1921416 0.3321126 0.1934691 0.354223 0.1732357 0.3364004 0.1732357 0.3364004 0.1934691 0.354223 0.1767605 0.3557946 0.1934691 0.354223 0.1769741 0.3785001 0.1767605 0.3557946 0.1934691 0.354223 0.1959716 0.3763638 0.1769741 0.3785001 0.1769741 0.3785001 0.1959716 0.3763638 0.1759822 0.3957885 0.1959716 0.3763638 0.1980468 0.3938354 0.1759822 0.3957885 0.1376364 0.3010147 0.1150072 0.3138933 0.1376364 0.2978256 0.1759822 0.3957885 0.1980468 0.3938354 0.1740749 0.4159914 0.1759822 0.3957885 0.1740749 0.4159914 0.1710231 0.414435 0.1980468 0.3938354 0.2006561 0.4129855 0.1740749 0.4159914 0.1980468 0.3938354 0.2053712 0.4101015 0.2006561 0.4129855 0.1740749 0.4159914 0.1723659 0.4328985 0.1710231 0.414435 0.1740749 0.4159914 0.2006561 0.4129855 0.1723659 0.4328985 0.1710231 0.414435 0.1684138 0.4291142 0.1652857 0.4261997 0.1710231 0.414435 0.1723659 0.4328985 0.1684138 0.4291142 0.1723659 0.4328985 0.1662623 0.4499733 0.1684138 0.4291142 0.2053712 0.4101015 0.2027618 0.4314183 0.2006561 0.4129855 0.2006561 0.4129855 0.2027618 0.4314183 0.1723659 0.4328985 0.2053712 0.4101015 0.209308 0.4353857 0.2027618 0.4314183 0.2027618 0.4314183 0.209308 0.4353857 0.2105287 0.4477608 0.1723659 0.4328985 0.1706416 0.4491951 0.1662623 0.4499733 0.1723659 0.4328985 0.2027618 0.4314183 0.1706416 0.4491951 0.2027618 0.4314183 0.2105287 0.4477608 0.2042878 0.4478218 0.2027618 0.4314183 0.2042878 0.4478218 0.1706416 0.4491951 0.2105287 0.4477608 0.2100251 0.4638438 0.2042878 0.4478218 0.1706416 0.4491951 0.172137 0.4622873 0.1662623 0.4499733 0.1662623 0.4499733 0.172137 0.4622873 0.1680018 0.4655375 0.172137 0.4622873 0.1909208 0.4753949 0.1680018 0.4655375 0.1706416 0.4491951 0.189868 0.4704661 0.172137 0.4622873 0.172137 0.4622873 0.189868 0.4704661 0.1909208 0.4753949 0.1706416 0.4491951 0.2042878 0.4478218 0.189868 0.4704661 0.2100251 0.4638438 0.1909208 0.4753949 0.2053559 0.4617227 0.2042878 0.4478218 0.2100251 0.4638438 0.2053559 0.4617227 0.189868 0.4704661 0.2053559 0.4617227 0.1909208 0.4753949 0.2042878 0.4478218 0.2053559 0.4617227 0.189868 0.4704661 0.1150072 0.3138933 0.1073777 0.3239033 0.08468753 0.3190662 0.08468753 0.3190662 0.1073777 0.3239033 0.08311587 0.3321126 0.1073777 0.3239033 0.1020371 0.3364004 0.08311587 0.3321126 0.08596932 0.3043259 0.1150072 0.3138933 0.08468753 0.3190662 0.08311587 0.3321126 0.1020371 0.3364004 0.08180361 0.354223 0.1020371 0.3364004 0.09851223 0.3557946 0.08180361 0.354223 0.08180361 0.354223 0.09851223 0.3557946 0.09828335 0.3785001 0.08180361 0.354223 0.09828335 0.3785001 0.07928586 0.3763638 0.09828335 0.3785001 0.09927517 0.3957885 0.07928586 0.3763638 0.07928586 0.3763638 0.09927517 0.3957885 0.0772106 0.3938354 0.1060197 0.2949417 0.1150072 0.3138933 0.08596932 0.3043259 0.1060197 0.2949417 0.1376364 0.2978256 0.1150072 0.3138933 0.08526742 0.2806287 0.1060197 0.2949417 0.08596932 0.3043259 0.1062638 0.2755475 0.1376364 0.2978256 0.1060197 0.2949417 0.08526742 0.2806287 0.1062638 0.2755475 0.1060197 0.2949417 0.1062638 0.2755475 0.1376364 0.2638438 0.1376364 0.2978256 0.1064469 0.2628824 0.1062638 0.2755475 0.08526742 0.2806287 0.1064469 0.2628824 0.1376364 0.2638438 0.1062638 0.2755475 0.1064469 0.2628824 0.08526742 0.2806287 0.07374686 0.2638133 0.1119249 0.2453498 0.1376364 0.2638438 0.1064469 0.2628824 0.07922482 0.2460975 0.1064469 0.2628824 0.07374686 0.2638133 0.1119249 0.2453498 0.1064469 0.2628824 0.07922482 0.2460975 0.07922482 0.2460975 0.07374686 0.2638133 0.04658579 0.2468299 0.04658579 0.2468299 0.07374686 0.2638133 0.04632633 0.2524453 0.1119249 0.2453498 0.07922482 0.2460975 0.1124742 0.2272068 0.1376364 0.2267032 0.1119249 0.2453498 0.1124742 0.2272068 0.1376364 0.2078889 0.1376364 0.2267032 0.1124742 0.2272068 0.04658579 0.2468299 0.04632633 0.2524453 0.0185244 0.2437018 0.0185244 0.2437018 0.04632633 0.2524453 0.02047759 0.2501412 0.04515141 0.2285344 0.04658579 0.2468299 0.0185244 0.2437018 0.04515141 0.2285344 0.07922482 0.2460975 0.04658579 0.2468299 0.04515141 0.2285344 0.0185244 0.2437018 0.01550316 0.2297093 0.1124742 0.2272068 0.07922482 0.2460975 0.07794308 0.2283054 0.07794308 0.2283054 0.07922482 0.2460975 0.04515141 0.2285344 0.1376364 0.2078889 0.1124742 0.2272068 0.1123979 0.209308 0.1124742 0.2272068 0.07794308 0.2283054 0.1123979 0.209308 0.1376364 0.2078889 0.1123979 0.209308 0.1376364 0.1914396 0.07794308 0.2283054 0.04515141 0.2285344 0.07928586 0.2103608 0.1123979 0.209308 0.07794308 0.2283054 0.07928586 0.2103608 0.04791331 0.208133 0.04515141 0.2285344 0.01550316 0.2297093 0.07928586 0.2103608 0.04515141 0.2285344 0.04791331 0.208133 0.0162661 0.208545 0.04791331 0.208133 0.01550316 0.2297093 0.1123979 0.209308 0.07928586 0.2103608 0.1128862 0.1934691 0.1376364 0.1914396 0.1123979 0.209308 0.1128862 0.1934691 0.05020213 0.197467 0.04791331 0.208133 0.0162661 0.208545 0.05020213 0.197467 0.07928586 0.2103608 0.04791331 0.208133 0.0251621 0.1940337 0.05020213 0.197467 0.0162661 0.208545 0.1128862 0.1934691 0.07928586 0.2103608 0.08059811 0.1884641 0.08059811 0.1884641 0.07928586 0.2103608 0.05020213 0.197467 0.04994273 0.1879606 0.05020213 0.197467 0.0251621 0.1940337 0.04994273 0.1879606 0.08059811 0.1884641 0.05020213 0.197467 0.05281144 0.1726863 0.04994273 0.1879606 0.0251621 0.1940337 0.05281144 0.1726863 0.0251621 0.1940337 0.02259856 0.178973 0.0902571 0.1764095 0.08059811 0.1884641 0.04994273 0.1879606 0.0902571 0.1764095 0.04994273 0.1879606 0.05281144 0.1726863 0.1128862 0.1934691 0.08059811 0.1884641 0.1102159 0.1743496 0.1102159 0.1743496 0.08059811 0.1884641 0.0902571 0.1764095 0.1376364 0.1914396 0.1128862 0.1934691 0.1102159 0.1743496 0.1376364 0.1707637 0.1376364 0.1914396 0.1102159 0.1743496 0.1650416 0.1743496 0.1376364 0.1914396 0.1376364 0.1707637 0.1376364 0.1707637 0.1102159 0.1743496 0.1376364 0.1472038 0.1650416 0.1743496 0.1376364 0.1707637 0.1376364 0.1472038 0.1102159 0.1743496 0.0902571 0.1764095 0.1183032 0.1601739 0.1376364 0.1472038 0.1102159 0.1743496 0.1183032 0.1601739 0.1569543 0.1601739 0.1650416 0.1743496 0.1376364 0.1472038 0.1850004 0.1764095 0.1650416 0.1743496 0.1569543 0.1601739 0.1376364 0.1472038 0.1183032 0.1601739 0.1342336 0.1345998 0.1376364 0.1318989 0.1376364 0.1472038 0.1342336 0.1345998 0.1410238 0.1345998 0.1376364 0.1472038 0.1376364 0.1318989 0.1569543 0.1601739 0.1376364 0.1472038 0.1410238 0.1345998 0.1342336 0.1345998 0.1183032 0.1601739 0.1112993 0.1534141 0.1183032 0.1601739 0.0902571 0.1764095 0.1112993 0.1534141 0.1342336 0.1345998 0.1112993 0.1534141 0.1312581 0.1315327 0.1569543 0.1601739 0.1410238 0.1345998 0.1639734 0.1534141 0.1850004 0.1764095 0.1569543 0.1601739 0.1639734 0.1534141 0.1410238 0.1345998 0.1439993 0.1315327 0.1639734 0.1534141 0.1869077 0.1638361 0.1850004 0.1764095 0.1639734 0.1534141 0.2224612 0.1726863 0.1850004 0.1764095 0.1869077 0.1638361 0.1639734 0.1534141 0.1439993 0.1315327 0.1741817 0.1140001 0.1869077 0.1638361 0.1639734 0.1534141 0.1741817 0.1140001 0.1439993 0.1315327 0.1439993 0.1140001 0.1741817 0.1140001 0.2224612 0.1726863 0.1869077 0.1638361 0.1983215 0.1165331 0.1869077 0.1638361 0.1741817 0.1140001 0.1983215 0.1165331 0.1439993 0.1140001 0.1439993 0.101213 0.1741817 0.1140001 0.2294041 0.1160296 0.2224612 0.1726863 0.1983215 0.1165331 0.1730373 0.1062638 0.1741817 0.1140001 0.1439993 0.101213 0.1983215 0.1165331 0.1741817 0.1140001 0.1730373 0.1062638 0.2294041 0.1160296 0.1983215 0.1165331 0.1990997 0.1090257 0.1990997 0.1090257 0.1983215 0.1165331 0.1730373 0.1062638 0.2294041 0.1160296 0.1990997 0.1090257 0.2296482 0.1075456 0.2526741 0.1025558 0.2294041 0.1160296 0.2296482 0.1075456 0.1990997 0.1090257 0.1730373 0.1062638 0.1988555 0.0792706 0.2296482 0.1075456 0.1990997 0.1090257 0.1988555 0.0792706 0.2526741 0.1025558 0.2296482 0.1075456 0.2301518 0.08108645 0.2296482 0.1075456 0.1988555 0.0792706 0.2301518 0.08108645 0.2526741 0.1025558 0.2301518 0.08108645 0.2526741 0.08242923 0.1730373 0.1062638 0.1439993 0.101213 0.1726711 0.07977414 0.1988555 0.0792706 0.1730373 0.1062638 0.1726711 0.07977414 0.1439993 0.101213 0.1439993 0.08053714 0.1726711 0.07977414 0.1726711 0.07977414 0.1439993 0.08053714 0.1439993 0.04420536 0.1726711 0.07977414 0.1439993 0.04420536 0.171725 0.05038529 0.1988555 0.0792706 0.1726711 0.07977414 0.171725 0.05038529 0.1439993 0.04420536 0.1439993 0.03476005 0.171725 0.05038529 0.2301518 0.08108645 0.1988555 0.0792706 0.2304264 0.04831004 0.2301518 0.08108645 0.2304264 0.04831004 0.2526741 0.08242923 0.2526741 0.08242923 0.2304264 0.04831004 0.2526741 0.04420536 0.1988555 0.0792706 0.171725 0.05038529 0.1986572 0.05474936 0.2304264 0.04831004 0.1988555 0.0792706 0.1986572 0.05474936 0.171725 0.05038529 0.1439993 0.03476005 0.1728542 0.03904783 0.171725 0.05038529 0.1728542 0.03904783 0.1986572 0.05474936 0.1439993 0.03476005 0.1942473 0.01771575 0.1728542 0.03904783 0.1728542 0.03904783 0.1986114 0.04281681 0.1986572 0.05474936 0.1728542 0.03904783 0.1942473 0.01771575 0.1986114 0.04281681 0.2304264 0.04831004 0.1986572 0.05474936 0.1986114 0.04281681 0.2289616 0.03842222 0.1986114 0.04281681 0.1942473 0.01771575 0.2289616 0.03842222 0.2304264 0.04831004 0.1986114 0.04281681 0.2526741 0.04420536 0.2304264 0.04831004 0.2289616 0.03842222 0.2526741 0.03476005 0.2289616 0.03842222 0.1942473 0.01771575 0.2526741 0.04420536 0.2289616 0.03842222 0.2526741 0.03476005 0.1042343 0.414435 0.109987 0.4261997 0.1068437 0.4291142 0.1042343 0.414435 0.1068437 0.4291142 0.1028916 0.4328985 0.1068437 0.4291142 0.1089951 0.4499733 0.1028916 0.4328985 0.1042343 0.414435 0.1028916 0.4328985 0.1011978 0.4159914 0.09927517 0.3957885 0.1042343 0.414435 0.1011978 0.4159914 0.09927517 0.3957885 0.1011978 0.4159914 0.0772106 0.3938354 0.0772106 0.3938354 0.1011978 0.4159914 0.07460135 0.4129855 0.1011978 0.4159914 0.1028916 0.4328985 0.07460135 0.4129855 0.0772106 0.3938354 0.07460135 0.4129855 0.06990158 0.4101015 0.07460135 0.4129855 0.07251083 0.4314183 0.06990158 0.4101015 0.07460135 0.4129855 0.1028916 0.4328985 0.07251083 0.4314183 0.06990158 0.4101015 0.07251083 0.4314183 0.06594949 0.4353857 0.07251083 0.4314183 0.06472873 0.4477608 0.06594949 0.4353857 0.1028916 0.4328985 0.1046158 0.4491951 0.07251083 0.4314183 0.1028916 0.4328985 0.1089951 0.4499733 0.1046158 0.4491951 0.07251083 0.4314183 0.07098495 0.4478218 0.06472873 0.4477608 0.07251083 0.4314183 0.1046158 0.4491951 0.07098495 0.4478218 0.07098495 0.4478218 0.06523227 0.4638438 0.06472873 0.4477608 0.1089951 0.4499733 0.1031205 0.4622873 0.1046158 0.4491951 0.1089951 0.4499733 0.1072709 0.4655375 0.1031205 0.4622873 0.1072709 0.4655375 0.08433657 0.4753949 0.1031205 0.4622873 0.1046158 0.4491951 0.1031205 0.4622873 0.08540475 0.4704661 0.1031205 0.4622873 0.08433657 0.4753949 0.08540475 0.4704661 0.1046158 0.4491951 0.08540475 0.4704661 0.07098495 0.4478218 0.06990158 0.4617227 0.08433657 0.4753949 0.06523227 0.4638438 0.08540475 0.4704661 0.08433657 0.4753949 0.06990158 0.4617227 0.07098495 0.4478218 0.06990158 0.4617227 0.06523227 0.4638438 0.07098495 0.4478218 0.08540475 0.4704661 0.06990158 0.4617227 0.7667811 0.7009995 0.7846494 0.7144885 0.7802243 0.7172961 0.772549 0.6992752 0.7846494 0.7144885 0.7667811 0.7009995 0.7554894 0.6843366 0.772549 0.6992752 0.7667811 0.7009995 0.7765011 0.6966506 0.7871825 0.7097277 0.7846494 0.7144885 0.7765011 0.6966506 0.7846494 0.7144885 0.772549 0.6992752 0.7582666 0.6813916 0.772549 0.6992752 0.7554894 0.6843366 0.7582666 0.6813916 0.7765011 0.6966506 0.772549 0.6992752 0.7582666 0.6813916 0.760647 0.6787061 0.7765011 0.6966506 0.73991 0.6620585 0.760647 0.6787061 0.7582666 0.6813916 0.7415885 0.6697643 0.7582666 0.6813916 0.7554894 0.6843366 0.7415885 0.6697643 0.73991 0.6620585 0.7582666 0.6813916 0.7251393 0.6474861 0.73991 0.6620585 0.7415885 0.6697643 0.7192187 0.6490272 0.7251393 0.6474861 0.7415885 0.6697643 0.7192187 0.6490272 0.7415885 0.6697643 0.7184863 0.6619517 0.699382 0.660853 0.7192187 0.6490272 0.7184863 0.6619517 0.7167162 0.6292973 0.7251393 0.6474861 0.7192187 0.6490272 0.7167162 0.6292973 0.7228657 0.6292973 0.7251393 0.6474861 0.6903792 0.6543985 0.7192187 0.6490272 0.699382 0.660853 0.6903792 0.6543985 0.7167162 0.6292973 0.7192187 0.6490272 0.6782025 0.6597543 0.6903792 0.6543985 0.699382 0.660853 0.7167162 0.6292973 0.7251393 0.6111086 0.7228657 0.6292973 0.6782025 0.6597543 0.6697185 0.6451972 0.6903792 0.6543985 0.6782025 0.6597543 0.6641184 0.6605173 0.6697185 0.6451972 0.6641184 0.6605173 0.6567788 0.6436256 0.6697185 0.6451972 0.6697185 0.6451972 0.6567788 0.6436256 0.654841 0.6292973 0.6697185 0.6451972 0.6859999 0.6292973 0.6903792 0.6543985 0.6903792 0.6543985 0.6859999 0.6292973 0.7167162 0.6292973 0.6697185 0.6451972 0.654841 0.6292973 0.6684215 0.6292973 0.6697185 0.6451972 0.6684215 0.6292973 0.6859999 0.6292973 0.654841 0.6292973 0.6697185 0.6133974 0.6684215 0.6292973 0.6684215 0.6292973 0.6697185 0.6133974 0.6859999 0.6292973 0.654841 0.6292973 0.6567788 0.6149691 0.6697185 0.6133974 0.6697185 0.6133974 0.6567788 0.6149691 0.6641184 0.5980774 0.6697185 0.6133974 0.6641184 0.5980774 0.6782025 0.5988404 0.6859999 0.6292973 0.6697185 0.6133974 0.6903792 0.6041962 0.6697185 0.6133974 0.6782025 0.5988404 0.6903792 0.6041962 0.6859999 0.6292973 0.6903792 0.6041962 0.7167162 0.6292973 0.6903792 0.6041962 0.6782025 0.5988404 0.699382 0.5977417 0.7167162 0.6292973 0.6903792 0.6041962 0.7192187 0.6095674 0.6903792 0.6041962 0.699382 0.5977417 0.7192187 0.6095674 0.7167162 0.6292973 0.7192187 0.6095674 0.7251393 0.6111086 0.7192187 0.6095674 0.699382 0.5977417 0.7184863 0.5966582 0.7192187 0.6095674 0.7184863 0.5966582 0.7415885 0.5888304 0.7192187 0.6095674 0.7415885 0.5888304 0.7251393 0.6111086 0.7251393 0.6111086 0.7415885 0.5888304 0.7397269 0.5963073 0.7415885 0.5888304 0.7582818 0.5772336 0.7397269 0.5963073 0.7397269 0.5963073 0.7582818 0.5772336 0.7606317 0.5798733 0.7415885 0.5888304 0.7554894 0.574258 0.7582818 0.5772336 0.7582818 0.5772336 0.7765011 0.561944 0.7606317 0.5798733 0.7582818 0.5772336 0.7554894 0.574258 0.772549 0.5593194 0.7582818 0.5772336 0.772549 0.5593194 0.7765011 0.561944 0.7554894 0.574258 0.7667658 0.5575799 0.772549 0.5593194 0.772549 0.5593194 0.7846494 0.5441215 0.7765011 0.561944 0.772549 0.5593194 0.7667658 0.5575799 0.7846494 0.5441215 0.7765011 0.561944 0.7846494 0.5441215 0.7871825 0.5488823 0.7667658 0.5575799 0.7802243 0.5412985 0.7846494 0.5441215 0.05380326 0.5904631 0.03932249 0.6004578 0.03169298 0.585153 0.05380326 0.5904631 0.03169298 0.585153 0.05107194 0.5823758 0.06852823 0.5912719 0.05380326 0.5904631 0.05107194 0.5823758 0.05107194 0.5823758 0.03169298 0.585153 0.04167234 0.5747768 0.03169298 0.585153 0.02710002 0.5738766 0.04167234 0.5747768 0.06852823 0.5912719 0.05107194 0.5823758 0.05963224 0.5701839 0.05107194 0.5823758 0.04167234 0.5747768 0.05963224 0.5701839 0.04167234 0.5747768 0.02710002 0.5738766 0.03886473 0.562295 0.05963224 0.5701839 0.04167234 0.5747768 0.03886473 0.562295 0.02710002 0.5738766 0.0243076 0.5644922 0.03886473 0.562295 0.06852823 0.5912719 0.05963224 0.5701839 0.07638663 0.5744106 0.0243076 0.5644922 0.02757304 0.5536431 0.03886473 0.562295 0.0243076 0.5644922 0.02203398 0.5554131 0.02757304 0.5536431 0.02203398 0.5554131 0.01744103 0.5481956 0.02757304 0.5536431 0.06852823 0.5912719 0.07638663 0.5744106 0.08862435 0.5867552 0.06852823 0.5912719 0.08862435 0.5867552 0.07682913 0.6025483 0.02757304 0.5536431 0.01744103 0.5481956 0.02285796 0.5473259 0.02285796 0.5473259 0.01744103 0.5481956 0.01550316 0.5407645 0.08862435 0.5867552 0.09170669 0.6055238 0.07682913 0.6025483 0.07682913 0.6025483 0.09170669 0.6055238 0.0781567 0.6148471 0.02285796 0.5473259 0.01550316 0.5407645 0.02008086 0.5413901 0.02008086 0.5413901 0.01550316 0.5407645 0.01837182 0.5335775 0.02285796 0.5473259 0.02008086 0.5413901 0.02703899 0.539147 0.02008086 0.5413901 0.01837182 0.5335775 0.0221408 0.5369803 0.02008086 0.5413901 0.0221408 0.5369803 0.02703899 0.539147 0.02554357 0.5337758 0.0221408 0.5369803 0.01837182 0.5335775 0.02554357 0.5337758 0.02703899 0.539147 0.0221408 0.5369803 0.02554357 0.5337758 0.01837182 0.5335775 0.02185088 0.5308461 0.02951091 0.5286031 0.02554357 0.5337758 0.02185088 0.5308461 0.03065532 0.5335164 0.02554357 0.5337758 0.02951091 0.5286031 0.03065532 0.5335164 0.02703899 0.539147 0.02554357 0.5337758 0.03752189 0.5317006 0.03065532 0.5335164 0.02951091 0.5286031 0.03117418 0.5444725 0.02285796 0.5473259 0.02703899 0.539147 0.03117418 0.5444725 0.02703899 0.539147 0.03065532 0.5335164 0.03117418 0.5444725 0.02757304 0.5536431 0.02285796 0.5473259 0.03752189 0.5317006 0.0356298 0.5374991 0.03065532 0.5335164 0.0356298 0.5374991 0.03117418 0.5444725 0.03065532 0.5335164 0.04129087 0.5427634 0.0356298 0.5374991 0.03752189 0.5317006 0.04129087 0.5427634 0.03117418 0.5444725 0.0356298 0.5374991 0.04365605 0.537438 0.04129087 0.5427634 0.03752189 0.5317006 0.05029368 0.5406729 0.04129087 0.5427634 0.04365605 0.537438 0.03602653 0.5500115 0.02757304 0.5536431 0.03117418 0.5444725 0.04129087 0.5427634 0.03602653 0.5500115 0.03117418 0.5444725 0.03886473 0.562295 0.02757304 0.5536431 0.03602653 0.5500115 0.05574119 0.5490348 0.03602653 0.5500115 0.04129087 0.5427634 0.03886473 0.562295 0.03602653 0.5500115 0.05574119 0.5490348 0.05963224 0.5701839 0.03886473 0.562295 0.05574119 0.5490348 0.0624094 0.5334096 0.05574119 0.5490348 0.05029368 0.5406729 0.0624094 0.5334096 0.05029368 0.5406729 0.05648887 0.5304036 0.05877774 0.5195544 0.0624094 0.5334096 0.05648887 0.5304036 0.05963224 0.5701839 0.05574119 0.5490348 0.08517581 0.5571526 0.07638663 0.5744106 0.05963224 0.5701839 0.08517581 0.5571526 0.07638663 0.5744106 0.08517581 0.5571526 0.08862435 0.5867552 0.07222092 0.5358511 0.05574119 0.5490348 0.0624094 0.5334096 0.08517581 0.5571526 0.05574119 0.5490348 0.07222092 0.5358511 0.06408786 0.5230183 0.0624094 0.5334096 0.05877774 0.5195544 0.06308078 0.5105974 0.06408786 0.5230183 0.05877774 0.5195544 0.07222092 0.5358511 0.0624094 0.5334096 0.07286179 0.5274586 0.07286179 0.5274586 0.0624094 0.5334096 0.06408786 0.5230183 0.06614786 0.514931 0.06408786 0.5230183 0.06308078 0.5105974 0.06614786 0.514931 0.07286179 0.5274586 0.06408786 0.5230183 0.07200729 0.5068742 0.06614786 0.514931 0.06308078 0.5105974 0.07222092 0.5358511 0.07286179 0.5274586 0.0822156 0.5354391 0.08517581 0.5571526 0.07222092 0.5358511 0.0822156 0.5354391 0.07200729 0.5068742 0.07144272 0.5127795 0.06614786 0.514931 0.0765087 0.5132067 0.07144272 0.5127795 0.07200729 0.5068742 0.07696646 0.507744 0.0765087 0.5132067 0.07200729 0.5068742 0.07144272 0.5127795 0.07351797 0.519173 0.06614786 0.514931 0.0765087 0.5132067 0.07351797 0.519173 0.07144272 0.5127795 0.06614786 0.514931 0.07351797 0.519173 0.07286179 0.5274586 0.08133059 0.5164416 0.0765087 0.5132067 0.07696646 0.507744 0.08133059 0.5164416 0.07351797 0.519173 0.0765087 0.5132067 0.08133059 0.5164416 0.07286179 0.5274586 0.07351797 0.519173 0.085069 0.5127947 0.08133059 0.5164416 0.07696646 0.507744 0.08210879 0.5248035 0.07286179 0.5274586 0.08133059 0.5164416 0.08210879 0.5248035 0.08133059 0.5164416 0.085069 0.5127947 0.0822156 0.5354391 0.07286179 0.5274586 0.08210879 0.5248035 0.08787667 0.5223469 0.08210879 0.5248035 0.085069 0.5127947 0.0822156 0.5354391 0.08210879 0.5248035 0.08787667 0.5223469 0.08842599 0.5334706 0.0822156 0.5354391 0.08787667 0.5223469 0.0902571 0.5451439 0.0822156 0.5354391 0.08842599 0.5334706 0.08517581 0.5571526 0.0822156 0.5354391 0.0902571 0.5451439 0.1045548 0.5454033 0.08517581 0.5571526 0.0902571 0.5451439 0.1045548 0.5454033 0.0902571 0.5451439 0.1017776 0.5392538 0.1109178 0.5314717 0.1045548 0.5454033 0.1017776 0.5392538 0.1109483 0.5532311 0.08517581 0.5571526 0.1045548 0.5454033 0.1126726 0.5376669 0.1045548 0.5454033 0.1109178 0.5314717 0.1126726 0.5376669 0.1109178 0.5314717 0.1208209 0.5271687 0.1175097 0.546746 0.1109483 0.5532311 0.1045548 0.5454033 0.1175097 0.546746 0.1045548 0.5454033 0.1126726 0.5376669 0.1112383 0.5760586 0.08517581 0.5571526 0.1109483 0.5532311 0.08862435 0.5867552 0.08517581 0.5571526 0.1112383 0.5760586 0.1188525 0.55935 0.1109483 0.5532311 0.1175097 0.546746 0.1112383 0.5760586 0.1109483 0.5532311 0.1188525 0.55935 0.1203936 0.5325399 0.1126726 0.5376669 0.1208209 0.5271687 0.1307393 0.5296254 0.1203936 0.5325399 0.1208209 0.5271687 0.1239337 0.540383 0.1175097 0.546746 0.1126726 0.5376669 0.1239337 0.540383 0.1126726 0.5376669 0.1203936 0.5325399 0.1307393 0.5296254 0.1267567 0.5339131 0.1203936 0.5325399 0.1239337 0.540383 0.1203936 0.5325399 0.1267567 0.5339131 0.1303731 0.5375449 0.1267567 0.5339131 0.1307393 0.5296254 0.1303731 0.5375449 0.1239337 0.540383 0.1267567 0.5339131 0.1341115 0.5334401 0.1303731 0.5375449 0.1307393 0.5296254 0.1318379 0.5434043 0.1303731 0.5375449 0.1341115 0.5334401 0.1318379 0.5434043 0.1239337 0.540383 0.1303731 0.5375449 0.1371023 0.5431602 0.1318379 0.5434043 0.1341115 0.5334401 0.1318379 0.5434043 0.1266651 0.5512627 0.1239337 0.540383 0.1371023 0.5431602 0.1266651 0.5512627 0.1318379 0.5434043 0.1266651 0.5512627 0.1175097 0.546746 0.1239337 0.540383 0.1324483 0.5537499 0.1266651 0.5512627 0.1371023 0.5431602 0.1266651 0.5512627 0.1188525 0.55935 0.1175097 0.546746 0.1324483 0.5537499 0.1188525 0.55935 0.1266651 0.5512627 0.1246814 0.5624628 0.1188525 0.55935 0.1324483 0.5537499 0.1201495 0.5750057 0.1188525 0.55935 0.1246814 0.5624628 0.1112383 0.5760586 0.1188525 0.55935 0.1201495 0.5750057 0.1112383 0.5760586 0.1201495 0.5750057 0.1282063 0.5829557 0.1201495 0.5750057 0.1306935 0.5764248 0.1282063 0.5829557 0.1306935 0.5764248 0.1414359 0.5771573 0.1282063 0.5829557 0.1282063 0.5829557 0.1414359 0.5771573 0.1384603 0.5829252 0.1414359 0.5771573 0.1504997 0.5808957 0.1384603 0.5829252 0.1274128 0.5936675 0.1112383 0.5760586 0.1282063 0.5829557 0.1384603 0.5829252 0.1504997 0.5808957 0.1468223 0.5844511 0.1553673 0.5892577 0.1468223 0.5844511 0.1504997 0.5808957 0.1282063 0.5829557 0.1384603 0.5829252 0.1353628 0.5929656 0.1274128 0.5936675 0.1282063 0.5829557 0.1353628 0.5929656 0.1384603 0.5829252 0.1468223 0.5844511 0.1435416 0.5925841 0.1353628 0.5929656 0.1384603 0.5829252 0.1435416 0.5925841 0.1553673 0.5892577 0.1495537 0.5895323 0.1468223 0.5844511 0.1435416 0.5925841 0.1468223 0.5844511 0.1495537 0.5895323 0.1498741 0.5947814 0.1495537 0.5895323 0.1553673 0.5892577 0.1435416 0.5925841 0.1495537 0.5895323 0.1498741 0.5947814 0.15523 0.594522 0.1498741 0.5947814 0.1553673 0.5892577 0.1475394 0.6001068 0.1498741 0.5947814 0.15523 0.594522 0.1475394 0.6001068 0.1435416 0.5925841 0.1498741 0.5947814 0.151461 0.6033112 0.1475394 0.6001068 0.15523 0.594522 0.1393911 0.6025025 0.1353628 0.5929656 0.1435416 0.5925841 0.1393911 0.6025025 0.1435416 0.5925841 0.1475394 0.6001068 0.151461 0.6033112 0.1393911 0.6025025 0.1475394 0.6001068 0.1274128 0.5936675 0.1353628 0.5929656 0.1393911 0.6025025 0.1428855 0.6080263 0.1393911 0.6025025 0.151461 0.6033112 0.1296101 0.6035706 0.1393911 0.6025025 0.1428855 0.6080263 0.1274128 0.5936675 0.1393911 0.6025025 0.1296101 0.6035706 0.1296101 0.6035706 0.1428855 0.6080263 0.1320821 0.6098268 0.1296101 0.6035706 0.1320821 0.6098268 0.120653 0.6135042 0.1105211 0.6003205 0.1274128 0.5936675 0.1296101 0.6035706 0.1105211 0.6003205 0.1296101 0.6035706 0.120653 0.6135042 0.1105211 0.6003205 0.1112383 0.5760586 0.1274128 0.5936675 0.08862435 0.5867552 0.1112383 0.5760586 0.1105211 0.6003205 0.08862435 0.5867552 0.1105211 0.6003205 0.09170669 0.6055238 0.1105211 0.6003205 0.120653 0.6135042 0.1044327 0.6231632 0.09170669 0.6055238 0.1105211 0.6003205 0.1044327 0.6231632 0.120653 0.6135042 0.1225605 0.6250553 0.1044327 0.6231632 0.09170669 0.6055238 0.1044327 0.6231632 0.0781567 0.6148471 0.1225605 0.6250553 0.1189288 0.6300756 0.1044327 0.6231632 0.0781567 0.6148471 0.1044327 0.6231632 0.08755624 0.630335 0.0781567 0.6148471 0.08755624 0.630335 0.07083237 0.6260014 0.1189288 0.6300756 0.111162 0.6339818 0.1044327 0.6231632 0.1189288 0.6300756 0.1257191 0.6369726 0.111162 0.6339818 0.07083237 0.6260014 0.08755624 0.630335 0.08117794 0.6390479 0.07083237 0.6260014 0.08117794 0.6390479 0.0566262 0.6324712 0.1257191 0.6369726 0.1170824 0.6397956 0.111162 0.6339818 0.1257191 0.6369726 0.1279163 0.6452583 0.1170824 0.6397956 0.111162 0.6339818 0.1054093 0.6428473 0.1044327 0.6231632 0.111162 0.6339818 0.1170824 0.6397956 0.1054093 0.6428473 0.1044327 0.6231632 0.09762722 0.6350652 0.08755624 0.630335 0.1044327 0.6231632 0.1054093 0.6428473 0.09762722 0.6350652 0.09762722 0.6350652 0.09312582 0.6439002 0.08755624 0.630335 0.09762722 0.6350652 0.1054093 0.6428473 0.09312582 0.6439002 0.08755624 0.630335 0.09312582 0.6439002 0.08117794 0.6390479 0.1054093 0.6428473 0.1009842 0.6514534 0.09312582 0.6439002 0.1075608 0.6575265 0.1009842 0.6514534 0.1054093 0.6428473 0.09312582 0.6439002 0.08157473 0.6481422 0.08117794 0.6390479 0.08117794 0.6390479 0.08157473 0.6481422 0.0566262 0.6324712 0.09312582 0.6439002 0.09729152 0.6537118 0.08157473 0.6481422 0.1109331 0.6481575 0.1075608 0.6575265 0.1054093 0.6428473 0.1170824 0.6397956 0.1109331 0.6481575 0.1054093 0.6428473 0.1109331 0.6481575 0.1145342 0.6516823 0.1075608 0.6575265 0.1145342 0.6516823 0.1159533 0.6593729 0.1075608 0.6575265 0.1170824 0.6397956 0.1211718 0.6458839 0.1109331 0.6481575 0.1211718 0.6458839 0.1145342 0.6516823 0.1109331 0.6481575 0.1279163 0.6452583 0.1211718 0.6458839 0.1170824 0.6397956 0.1279163 0.6452583 0.1250476 0.654429 0.1211718 0.6458839 0.1145342 0.6516823 0.1196154 0.6536965 0.1159533 0.6593729 0.1250476 0.654429 0.1159533 0.6593729 0.1196154 0.6536965 0.1211718 0.6458839 0.1196154 0.6536965 0.1145342 0.6516823 0.1211718 0.6458839 0.1250476 0.654429 0.1196154 0.6536965 0.09729152 0.6537118 0.08938735 0.6580758 0.08157473 0.6481422 0.09729152 0.6537118 0.09648275 0.663447 0.08938735 0.6580758 0.09729152 0.6537118 0.1039749 0.658854 0.09648275 0.663447 0.08938735 0.6580758 0.0804913 0.6569314 0.08157473 0.6481422 0.1039749 0.658854 0.1020676 0.6677501 0.09648275 0.663447 0.1039749 0.658854 0.1081712 0.6651255 0.1020676 0.6677501 0.1020676 0.6677501 0.1081712 0.6651255 0.1054093 0.6735637 0.1020676 0.6677501 0.1054093 0.6735637 0.09871059 0.6725566 0.1020676 0.6677501 0.09871059 0.6725566 0.09648275 0.663447 0.1054093 0.6735637 0.09779506 0.6772565 0.09871059 0.6725566 0.09871059 0.6725566 0.09779506 0.6772565 0.09015029 0.6750439 0.09648275 0.663447 0.09871059 0.6725566 0.09224075 0.6688945 0.09871059 0.6725566 0.09015029 0.6750439 0.09224075 0.6688945 0.08938735 0.6580758 0.09648275 0.663447 0.09224075 0.6688945 0.09224075 0.6688945 0.09015029 0.6750439 0.08537423 0.6641032 0.08938735 0.6580758 0.09224075 0.6688945 0.08537423 0.6641032 0.09015029 0.6750439 0.08278018 0.6709087 0.08537423 0.6641032 0.08938735 0.6580758 0.08537423 0.6641032 0.0804913 0.6569314 0.08537423 0.6641032 0.08278018 0.6709087 0.07881283 0.6664225 0.0804913 0.6569314 0.08537423 0.6641032 0.07881283 0.6664225 0.08157473 0.6481422 0.0804913 0.6569314 0.05955594 0.6456703 0.0566262 0.6324712 0.08157473 0.6481422 0.05955594 0.6456703 0.0804913 0.6569314 0.07881283 0.6664225 0.05973905 0.6594644 0.0804913 0.6569314 0.05973905 0.6594644 0.05955594 0.6456703 0.0566262 0.6324712 0.05955594 0.6456703 0.04708933 0.6450752 0.0566262 0.6324712 0.04708933 0.6450752 0.03999388 0.6330663 0.05955594 0.6456703 0.04553288 0.6537576 0.04708933 0.6450752 0.05955594 0.6456703 0.05973905 0.6594644 0.04553288 0.6537576 0.03999388 0.6330663 0.04708933 0.6450752 0.03472948 0.6495613 0.04708933 0.6450752 0.04553288 0.6537576 0.03472948 0.6495613 0.03999388 0.6330663 0.03472948 0.6495613 0.03137254 0.6345922 0.03137254 0.6345922 0.03472948 0.6495613 0.02349889 0.6513313 0.02349889 0.6513313 0.03472948 0.6495613 0.02413976 0.6635844 0.03472948 0.6495613 0.03425645 0.6622111 0.02413976 0.6635844 0.03472948 0.6495613 0.04553288 0.6537576 0.03425645 0.6622111 0.02413976 0.6635844 0.03425645 0.6622111 0.02951091 0.6720836 0.03425645 0.6622111 0.04553288 0.6537576 0.04261845 0.6610971 0.04553288 0.6537576 0.05973905 0.6594644 0.04261845 0.6610971 0.03425645 0.6622111 0.0361486 0.6741588 0.02951091 0.6720836 0.03425645 0.6622111 0.04261845 0.6610971 0.0361486 0.6741588 0.02951091 0.6720836 0.0361486 0.6741588 0.02717632 0.6802014 0.04261845 0.6610971 0.05973905 0.6594644 0.05015635 0.6776074 0.04261845 0.6610971 0.05015635 0.6776074 0.0361486 0.6741588 0.02717632 0.6802014 0.0361486 0.6741588 0.03373765 0.6822919 0.03373765 0.6822919 0.0361486 0.6741588 0.04209959 0.6783551 0.0361486 0.6741588 0.05015635 0.6776074 0.04209959 0.6783551 0.03373765 0.6822919 0.04209959 0.6783551 0.03985655 0.6848555 0.04209959 0.6783551 0.05015635 0.6776074 0.04061949 0.6892195 0.03373765 0.6822919 0.03985655 0.6848555 0.03154039 0.6886244 0.02717632 0.6802014 0.03373765 0.6822919 0.03154039 0.6886244 0.03154039 0.6886244 0.03985655 0.6848555 0.03726249 0.6925765 0.02717632 0.6802014 0.03154039 0.6886244 0.0238651 0.6876478 0.03154039 0.6886244 0.03726249 0.6925765 0.02879375 0.6958267 0.03154039 0.6886244 0.02879375 0.6958267 0.0238651 0.6876478 0.03726249 0.6925765 0.03376817 0.6985886 0.02879375 0.6958267 0.0238651 0.6876478 0.02879375 0.6958267 0.02265959 0.6944534 0.03376817 0.6985886 0.02832072 0.7019761 0.02879375 0.6958267 0.02265959 0.6944534 0.02879375 0.6958267 0.02475011 0.7006028 0.02475011 0.7006028 0.02879375 0.6958267 0.02832072 0.7019761 0.05015635 0.6776074 0.04834055 0.6896925 0.04061949 0.6892195 0.04834055 0.6896925 0.04719614 0.698909 0.04061949 0.6892195 0.04061949 0.6892195 0.04719614 0.698909 0.03836113 0.6998093 0.05015635 0.6776074 0.05548179 0.6910964 0.04834055 0.6896925 0.05548179 0.6910964 0.04719614 0.698909 0.04834055 0.6896925 0.05711448 0.6809033 0.05548179 0.6910964 0.05015635 0.6776074 0.05548179 0.6910964 0.05459678 0.7018845 0.04719614 0.698909 0.06477451 0.678172 0.05711448 0.6809033 0.05015635 0.6776074 0.05973905 0.6594644 0.06477451 0.678172 0.05015635 0.6776074 0.06477451 0.678172 0.0588693 0.6923323 0.05711448 0.6809033 0.07881283 0.6664225 0.06477451 0.678172 0.05973905 0.6594644 0.04719614 0.698909 0.05459678 0.7018845 0.04585331 0.7084764 0.04719614 0.698909 0.04585331 0.7084764 0.03836113 0.6998093 0.05459678 0.7018845 0.0520485 0.7107195 0.04585331 0.7084764 0.03836113 0.6998093 0.04585331 0.7084764 0.03859001 0.7089495 0.04585331 0.7084764 0.0520485 0.7107195 0.04672312 0.7166705 0.04585331 0.7084764 0.04242002 0.7160602 0.03859001 0.7089495 0.04585331 0.7084764 0.04672312 0.7166705 0.04242002 0.7160602 0.07881283 0.6664225 0.07850766 0.6746929 0.06477451 0.678172 0.07881283 0.6664225 0.08590829 0.6745861 0.07850766 0.6746929 0.08590829 0.6745861 0.08851754 0.6847639 0.07850766 0.6746929 0.08851754 0.6847639 0.08146792 0.686717 0.07850766 0.6746929 0.08851754 0.6847639 0.09141677 0.694316 0.08146792 0.686717 0.07850766 0.6746929 0.07190048 0.6791028 0.06477451 0.678172 0.07850766 0.6746929 0.08146792 0.686717 0.07190048 0.6791028 0.07190048 0.6791028 0.07376211 0.6901655 0.06477451 0.678172 0.07190048 0.6791028 0.08146792 0.686717 0.0736553 0.6889143 0.07376211 0.6901655 0.06646829 0.6909285 0.06477451 0.678172 0.06646829 0.6909285 0.0588693 0.6923323 0.06477451 0.678172 0.07376211 0.6901655 0.07476919 0.7011674 0.06646829 0.6909285 0.06646829 0.6909285 0.06712442 0.7011521 0.0588693 0.6923323 0.06646829 0.6909285 0.07476919 0.7011674 0.06712442 0.7011521 0.0588693 0.6923323 0.06712442 0.7011521 0.05877774 0.7040513 0.07476919 0.7011674 0.06837564 0.7112841 0.06712442 0.7011521 0.06712442 0.7011521 0.06837564 0.7112841 0.05877774 0.7040513 0.07476919 0.7011674 0.07493704 0.7116503 0.06837564 0.7112841 0.05877774 0.7040513 0.06837564 0.7112841 0.06144803 0.7134966 0.07493704 0.7116503 0.0714122 0.7192798 0.06837564 0.7112841 0.06837564 0.7112841 0.0670939 0.7198291 0.06144803 0.7134966 0.0714122 0.7192798 0.0670939 0.7198291 0.06837564 0.7112841 0.08355838 0.6947128 0.0736553 0.6889143 0.08146792 0.686717 0.09141677 0.694316 0.08355838 0.6947128 0.08146792 0.686717 0.08355838 0.6947128 0.07577627 0.6988937 0.0736553 0.6889143 0.09141677 0.694316 0.08592355 0.7033494 0.08355838 0.6947128 0.08355838 0.6947128 0.08592355 0.7033494 0.07577627 0.6988937 0.09141677 0.694316 0.09248489 0.7029374 0.08592355 0.7033494 0.07577627 0.6988937 0.08592355 0.7033494 0.07948422 0.7066911 0.09248489 0.7029374 0.08992141 0.7101854 0.08592355 0.7033494 0.08592355 0.7033494 0.08570992 0.7113451 0.07948422 0.7066911 0.08992141 0.7101854 0.08570992 0.7113451 0.08592355 0.7033494 0.3033798 0.5669337 0.3254902 0.5616236 0.3178607 0.5769131 0.3061112 0.5588312 0.3254902 0.5616236 0.3033798 0.5669337 0.2886549 0.5677425 0.3061112 0.5588312 0.3033798 0.5669337 0.3061112 0.5588312 0.3155108 0.5512474 0.3254902 0.5616236 0.3155108 0.5512474 0.3300831 0.5503472 0.3254902 0.5616236 0.2886549 0.5677425 0.2975509 0.5466545 0.3061112 0.5588312 0.3061112 0.5588312 0.2975509 0.5466545 0.3155108 0.5512474 0.3155108 0.5512474 0.3183184 0.5387503 0.3300831 0.5503472 0.2975509 0.5466545 0.3183184 0.5387503 0.3155108 0.5512474 0.3300831 0.5503472 0.3183184 0.5387503 0.3328756 0.5409628 0.2886549 0.5677425 0.2807965 0.5508812 0.2975509 0.5466545 0.3183184 0.5387503 0.3296101 0.5300984 0.3328756 0.5409628 0.3328756 0.5409628 0.3296101 0.5300984 0.3351492 0.5318837 0.3351492 0.5318837 0.3296101 0.5300984 0.3397421 0.5246509 0.2886549 0.5677425 0.2685588 0.5632258 0.2807965 0.5508812 0.2886549 0.5677425 0.280354 0.5790188 0.2685588 0.5632258 0.3397421 0.5246509 0.3296101 0.5300984 0.3343251 0.5237964 0.3397421 0.5246509 0.3343251 0.5237964 0.34168 0.5172198 0.2685588 0.5632258 0.280354 0.5790188 0.2654765 0.5819944 0.280354 0.5790188 0.2790265 0.5913177 0.2654765 0.5819944 0.34168 0.5172198 0.3343251 0.5237964 0.3371023 0.5178454 0.34168 0.5172198 0.3371023 0.5178454 0.3388113 0.510048 0.3343251 0.5237964 0.3301442 0.5156176 0.3371023 0.5178454 0.3371023 0.5178454 0.3350424 0.5134509 0.3388113 0.510048 0.3301442 0.5156176 0.3350424 0.5134509 0.3371023 0.5178454 0.3316396 0.5102464 0.3388113 0.510048 0.3350424 0.5134509 0.3301442 0.5156176 0.3316396 0.5102464 0.3350424 0.5134509 0.3316396 0.5102464 0.3353323 0.5073167 0.3388113 0.510048 0.3276723 0.5050737 0.3353323 0.5073167 0.3316396 0.5102464 0.3265278 0.5099717 0.3276723 0.5050737 0.3316396 0.5102464 0.3265278 0.5099717 0.3316396 0.5102464 0.3301442 0.5156176 0.3196613 0.5081712 0.3276723 0.5050737 0.3265278 0.5099717 0.326009 0.5209431 0.3301442 0.5156176 0.3343251 0.5237964 0.326009 0.5209431 0.3265278 0.5099717 0.3301442 0.5156176 0.3296101 0.5300984 0.326009 0.5209431 0.3343251 0.5237964 0.3196613 0.5081712 0.3265278 0.5099717 0.3215534 0.5139697 0.3215534 0.5139697 0.3265278 0.5099717 0.326009 0.5209431 0.3158923 0.5192188 0.3196613 0.5081712 0.3215534 0.5139697 0.3158923 0.5192188 0.3215534 0.5139697 0.326009 0.5209431 0.3135271 0.5138934 0.3196613 0.5081712 0.3158923 0.5192188 0.3068894 0.5171282 0.3135271 0.5138934 0.3158923 0.5192188 0.3296101 0.5300984 0.3211566 0.5264821 0.326009 0.5209431 0.3211566 0.5264821 0.3158923 0.5192188 0.326009 0.5209431 0.3183184 0.5387503 0.3211566 0.5264821 0.3296101 0.5300984 0.3211566 0.5264821 0.301442 0.5255054 0.3158923 0.5192188 0.3183184 0.5387503 0.301442 0.5255054 0.3211566 0.5264821 0.2975509 0.5466545 0.301442 0.5255054 0.3183184 0.5387503 0.301442 0.5255054 0.2947738 0.5098802 0.3068894 0.5171282 0.3068894 0.5171282 0.2947738 0.5098802 0.3006943 0.5068742 0.3006943 0.5068742 0.2947738 0.5098802 0.2984054 0.4960098 0.2975509 0.5466545 0.2720073 0.5336232 0.301442 0.5255054 0.2807965 0.5508812 0.2720073 0.5336232 0.2975509 0.5466545 0.2685588 0.5632258 0.2720073 0.5336232 0.2807965 0.5508812 0.301442 0.5255054 0.2849622 0.5123217 0.2947738 0.5098802 0.2720073 0.5336232 0.2849622 0.5123217 0.301442 0.5255054 0.2947738 0.5098802 0.2930953 0.4994888 0.2984054 0.4960098 0.2984054 0.4960098 0.2930953 0.4994888 0.2941024 0.487068 0.2849622 0.5123217 0.2843214 0.5039292 0.2947738 0.5098802 0.2947738 0.5098802 0.2843214 0.5039292 0.2930953 0.4994888 0.2930953 0.4994888 0.2910353 0.4913863 0.2941024 0.487068 0.2930953 0.4994888 0.2843214 0.5039292 0.2910353 0.4913863 0.2851759 0.4833448 0.2941024 0.487068 0.2910353 0.4913863 0.2749676 0.5119097 0.2843214 0.5039292 0.2849622 0.5123217 0.2720073 0.5336232 0.2749676 0.5119097 0.2849622 0.5123217 0.2851759 0.4833448 0.2910353 0.4913863 0.2857404 0.48925 0.2851759 0.4833448 0.2857404 0.48925 0.2806745 0.489662 0.2802166 0.4842146 0.2851759 0.4833448 0.2806745 0.489662 0.2857404 0.48925 0.2910353 0.4913863 0.2836652 0.4956436 0.2806745 0.489662 0.2857404 0.48925 0.2836652 0.4956436 0.2910353 0.4913863 0.2843214 0.5039292 0.2836652 0.4956436 0.2802166 0.4842146 0.2806745 0.489662 0.2758526 0.4929122 0.2806745 0.489662 0.2836652 0.4956436 0.2758526 0.4929122 0.2836652 0.4956436 0.2843214 0.5039292 0.2758526 0.4929122 0.2721141 0.48925 0.2802166 0.4842146 0.2758526 0.4929122 0.2750744 0.5012741 0.2758526 0.4929122 0.2843214 0.5039292 0.2721141 0.48925 0.2758526 0.4929122 0.2750744 0.5012741 0.2750744 0.5012741 0.2843214 0.5039292 0.2749676 0.5119097 0.2693065 0.4988022 0.2721141 0.48925 0.2750744 0.5012741 0.2693065 0.4988022 0.2750744 0.5012741 0.2749676 0.5119097 0.2687572 0.5099412 0.2693065 0.4988022 0.2749676 0.5119097 0.2669261 0.5216144 0.2687572 0.5099412 0.2749676 0.5119097 0.2669261 0.5216144 0.2749676 0.5119097 0.2720073 0.5336232 0.2526283 0.5218586 0.2669261 0.5216144 0.2720073 0.5336232 0.2526283 0.5218586 0.2554055 0.5157244 0.2669261 0.5216144 0.2526283 0.5218586 0.2462653 0.5079423 0.2554055 0.5157244 0.2462348 0.5296865 0.2526283 0.5218586 0.2720073 0.5336232 0.2526283 0.5218586 0.2445105 0.5141375 0.2462653 0.5079423 0.2462653 0.5079423 0.2445105 0.5141375 0.2363622 0.5036393 0.2462348 0.5296865 0.2396734 0.5232166 0.2526283 0.5218586 0.2396734 0.5232166 0.2445105 0.5141375 0.2526283 0.5218586 0.2459449 0.552514 0.2462348 0.5296865 0.2720073 0.5336232 0.2685588 0.5632258 0.2459449 0.552514 0.2720073 0.5336232 0.2383306 0.5358206 0.2396734 0.5232166 0.2462348 0.5296865 0.2459449 0.552514 0.2383306 0.5358206 0.2462348 0.5296865 0.2363622 0.5036393 0.2445105 0.5141375 0.2367895 0.5090104 0.2264438 0.5060808 0.2363622 0.5036393 0.2367895 0.5090104 0.2396734 0.5232166 0.2332494 0.5168383 0.2445105 0.5141375 0.2332494 0.5168383 0.2367895 0.5090104 0.2445105 0.5141375 0.2264438 0.5060808 0.2367895 0.5090104 0.2304264 0.5103837 0.2304264 0.5103837 0.2367895 0.5090104 0.2332494 0.5168383 0.22681 0.5140154 0.2264438 0.5060808 0.2304264 0.5103837 0.22681 0.5140154 0.2304264 0.5103837 0.2332494 0.5168383 0.2230716 0.5099107 0.2264438 0.5060808 0.22681 0.5140154 0.2253452 0.5198749 0.2230716 0.5099107 0.22681 0.5140154 0.2253452 0.5198749 0.22681 0.5140154 0.2332494 0.5168383 0.2200809 0.5196307 0.2230716 0.5099107 0.2253452 0.5198749 0.230518 0.5277333 0.2253452 0.5198749 0.2332494 0.5168383 0.230518 0.5277333 0.2200809 0.5196307 0.2253452 0.5198749 0.230518 0.5277333 0.2332494 0.5168383 0.2396734 0.5232166 0.2383306 0.5358206 0.230518 0.5277333 0.2396734 0.5232166 0.2247349 0.5302205 0.2200809 0.5196307 0.230518 0.5277333 0.2383306 0.5358206 0.2247349 0.5302205 0.230518 0.5277333 0.2325017 0.5389334 0.2247349 0.5302205 0.2383306 0.5358206 0.2370336 0.5514763 0.2325017 0.5389334 0.2383306 0.5358206 0.2370336 0.5514763 0.2383306 0.5358206 0.2459449 0.552514 0.2289769 0.5594263 0.2370336 0.5514763 0.2459449 0.552514 0.2289769 0.5594263 0.2264896 0.5528954 0.2370336 0.5514763 0.2157473 0.5536126 0.2264896 0.5528954 0.2289769 0.5594263 0.2187228 0.5593805 0.2157473 0.5536126 0.2289769 0.5594263 0.2187228 0.5593805 0.2066834 0.5573663 0.2157473 0.5536126 0.2297703 0.5701228 0.2289769 0.5594263 0.2459449 0.552514 0.2103608 0.5609217 0.2066834 0.5573663 0.2187228 0.5593805 0.2018158 0.5657283 0.2066834 0.5573663 0.2103608 0.5609217 0.2218204 0.5694362 0.2187228 0.5593805 0.2289769 0.5594263 0.2297703 0.5701228 0.2218204 0.5694362 0.2289769 0.5594263 0.2136415 0.5690395 0.2103608 0.5609217 0.2187228 0.5593805 0.2218204 0.5694362 0.2136415 0.5690395 0.2187228 0.5593805 0.2018158 0.5657283 0.2103608 0.5609217 0.2076295 0.5660029 0.2136415 0.5690395 0.2076295 0.5660029 0.2103608 0.5609217 0.207309 0.571252 0.2018158 0.5657283 0.2076295 0.5660029 0.2136415 0.5690395 0.207309 0.571252 0.2076295 0.5660029 0.2019531 0.5709773 0.2018158 0.5657283 0.207309 0.571252 0.2096437 0.5765774 0.2019531 0.5709773 0.207309 0.571252 0.2096437 0.5765774 0.207309 0.571252 0.2136415 0.5690395 0.2057221 0.5797665 0.2019531 0.5709773 0.2096437 0.5765774 0.2218204 0.5694362 0.217792 0.5789578 0.2136415 0.5690395 0.217792 0.5789578 0.2096437 0.5765774 0.2136415 0.5690395 0.2057221 0.5797665 0.2096437 0.5765774 0.217792 0.5789578 0.2297703 0.5701228 0.217792 0.5789578 0.2218204 0.5694362 0.2142977 0.5844969 0.2057221 0.5797665 0.217792 0.5789578 0.227573 0.5800412 0.2142977 0.5844969 0.217792 0.5789578 0.2297703 0.5701228 0.227573 0.5800412 0.217792 0.5789578 0.227573 0.5800412 0.2251011 0.5862974 0.2142977 0.5844969 0.2365301 0.5899748 0.2251011 0.5862974 0.227573 0.5800412 0.2466621 0.5767758 0.227573 0.5800412 0.2297703 0.5701228 0.2466621 0.5767758 0.2365301 0.5899748 0.227573 0.5800412 0.2466621 0.5767758 0.2297703 0.5701228 0.2459449 0.552514 0.2685588 0.5632258 0.2466621 0.5767758 0.2459449 0.552514 0.2685588 0.5632258 0.2654765 0.5819944 0.2466621 0.5767758 0.2466621 0.5767758 0.2527504 0.5996186 0.2365301 0.5899748 0.2654765 0.5819944 0.2527504 0.5996186 0.2466621 0.5767758 0.2365301 0.5899748 0.2527504 0.5996186 0.2346227 0.6015107 0.2654765 0.5819944 0.2790265 0.5913177 0.2527504 0.5996186 0.2346227 0.6015107 0.2527504 0.5996186 0.2382543 0.6065462 0.2790265 0.5913177 0.2696269 0.6068056 0.2527504 0.5996186 0.2790265 0.5913177 0.2863508 0.6024567 0.2696269 0.6068056 0.2527504 0.5996186 0.2460212 0.6104372 0.2382543 0.6065462 0.2382543 0.6065462 0.2460212 0.6104372 0.2314641 0.6134279 0.2863508 0.6024567 0.2759899 0.6155185 0.2696269 0.6068056 0.2863508 0.6024567 0.300557 0.6089418 0.2759899 0.6155185 0.2460212 0.6104372 0.2401007 0.6162661 0.2314641 0.6134279 0.2314641 0.6134279 0.2401007 0.6162661 0.2292668 0.6217288 0.2527504 0.5996186 0.2517738 0.6193179 0.2460212 0.6104372 0.2460212 0.6104372 0.2517738 0.6193179 0.2401007 0.6162661 0.2527504 0.5996186 0.2696269 0.6068056 0.2595559 0.6115205 0.2527504 0.5996186 0.2595559 0.6115205 0.2517738 0.6193179 0.2595559 0.6115205 0.2696269 0.6068056 0.2640573 0.6203708 0.2595559 0.6115205 0.2640573 0.6203708 0.2517738 0.6193179 0.2696269 0.6068056 0.2759899 0.6155185 0.2640573 0.6203708 0.2517738 0.6193179 0.2640573 0.6203708 0.256199 0.627924 0.2496223 0.6339818 0.2517738 0.6193179 0.256199 0.627924 0.2759899 0.6155185 0.2756084 0.6245976 0.2640573 0.6203708 0.2759899 0.6155185 0.300557 0.6089418 0.2756084 0.6245976 0.2640573 0.6203708 0.2756084 0.6245976 0.2598916 0.6301824 0.2496223 0.6339818 0.24625 0.6246281 0.2517738 0.6193179 0.2401007 0.6162661 0.2517738 0.6193179 0.24625 0.6246281 0.2426489 0.6281529 0.24625 0.6246281 0.2496223 0.6339818 0.2412298 0.6358435 0.2426489 0.6281529 0.2496223 0.6339818 0.2360113 0.6223545 0.2401007 0.6162661 0.24625 0.6246281 0.2360113 0.6223545 0.24625 0.6246281 0.2426489 0.6281529 0.2292668 0.6217288 0.2401007 0.6162661 0.2360113 0.6223545 0.2292668 0.6217288 0.2360113 0.6223545 0.2321355 0.6308843 0.2375677 0.6301519 0.2426489 0.6281529 0.2412298 0.6358435 0.2375677 0.6301519 0.2360113 0.6223545 0.2426489 0.6281529 0.2321355 0.6308843 0.2375677 0.6301519 0.2412298 0.6358435 0.2321355 0.6308843 0.2360113 0.6223545 0.2375677 0.6301519 0.2598916 0.6301824 0.2756084 0.6245976 0.2677958 0.6345464 0.2598916 0.6301824 0.2677958 0.6345464 0.2607004 0.6399176 0.2598916 0.6301824 0.2607004 0.6399176 0.2532082 0.6353246 0.2677958 0.6345464 0.2756084 0.6245976 0.2766919 0.633402 0.2607004 0.6399176 0.2551156 0.6442207 0.2532082 0.6353246 0.2532082 0.6353246 0.2551156 0.6442207 0.2490119 0.6415961 0.2551156 0.6442207 0.2517738 0.6500191 0.2490119 0.6415961 0.2551156 0.6442207 0.2584726 0.6490272 0.2517738 0.6500191 0.2607004 0.6399176 0.2584726 0.6490272 0.2551156 0.6442207 0.2517738 0.6500191 0.2584726 0.6490272 0.2593881 0.6537118 0.2584726 0.6490272 0.2670329 0.6515145 0.2593881 0.6537118 0.2607004 0.6399176 0.2649424 0.6453498 0.2584726 0.6490272 0.2584726 0.6490272 0.2649424 0.6453498 0.2670329 0.6515145 0.2607004 0.6399176 0.2677958 0.6345464 0.2649424 0.6453498 0.2649424 0.6453498 0.2718089 0.6405585 0.2670329 0.6515145 0.2649424 0.6453498 0.2677958 0.6345464 0.2718089 0.6405585 0.2670329 0.6515145 0.2718089 0.6405585 0.274403 0.6473793 0.2718089 0.6405585 0.2677958 0.6345464 0.2766919 0.633402 0.2718089 0.6405585 0.2783703 0.6428778 0.274403 0.6473793 0.2718089 0.6405585 0.2766919 0.633402 0.2783703 0.6428778 0.2766919 0.633402 0.2756084 0.6245976 0.2976272 0.6221256 0.300557 0.6089418 0.2976272 0.6221256 0.2756084 0.6245976 0.2783703 0.6428778 0.2766919 0.633402 0.2974441 0.6359198 0.2766919 0.633402 0.2976272 0.6221256 0.2974441 0.6359198 0.300557 0.6089418 0.3100938 0.6215457 0.2976272 0.6221256 0.300557 0.6089418 0.3171893 0.6095369 0.3100938 0.6215457 0.3100938 0.6215457 0.3116503 0.6302282 0.2976272 0.6221256 0.2974441 0.6359198 0.2976272 0.6221256 0.3116503 0.6302282 0.3100938 0.6215457 0.3171893 0.6095369 0.3224536 0.6260319 0.3100938 0.6215457 0.3224536 0.6260319 0.3116503 0.6302282 0.3171893 0.6095369 0.3258106 0.6110628 0.3224536 0.6260319 0.3258106 0.6110628 0.3336843 0.6277866 0.3224536 0.6260319 0.3336843 0.6277866 0.3330434 0.6400397 0.3224536 0.6260319 0.3330434 0.6400397 0.3229267 0.6386817 0.3224536 0.6260319 0.3224536 0.6260319 0.3229267 0.6386817 0.3116503 0.6302282 0.3330434 0.6400397 0.3276723 0.6485542 0.3229267 0.6386817 0.3116503 0.6302282 0.3229267 0.6386817 0.3145647 0.6375677 0.2974441 0.6359198 0.3116503 0.6302282 0.3145647 0.6375677 0.3276723 0.6485542 0.3210346 0.6506142 0.3229267 0.6386817 0.3145647 0.6375677 0.3229267 0.6386817 0.3210346 0.6506142 0.3276723 0.6485542 0.3300068 0.6566568 0.3210346 0.6506142 0.2974441 0.6359198 0.3145647 0.6375677 0.3070268 0.654078 0.3145647 0.6375677 0.3210346 0.6506142 0.3070268 0.654078 0.3210346 0.6506142 0.3300068 0.6566568 0.3234455 0.6587625 0.3210346 0.6506142 0.3234455 0.6587625 0.3150835 0.6548104 0.3210346 0.6506142 0.3150835 0.6548104 0.3070268 0.654078 0.3150835 0.6548104 0.3234455 0.6587625 0.3173266 0.6613261 0.3150835 0.6548104 0.3165637 0.6656901 0.3070268 0.654078 0.3234455 0.6587625 0.3256428 0.665095 0.3173266 0.6613261 0.3234455 0.6587625 0.3300068 0.6566568 0.3256428 0.665095 0.3173266 0.6613261 0.3256428 0.665095 0.3199207 0.6690471 0.3300068 0.6566568 0.3333181 0.6641032 0.3256428 0.665095 0.3256428 0.665095 0.3283894 0.672282 0.3199207 0.6690471 0.3256428 0.665095 0.3333181 0.6641032 0.3283894 0.672282 0.3199207 0.6690471 0.3283894 0.672282 0.323415 0.6750591 0.3333181 0.6641032 0.3345235 0.6709087 0.3283894 0.672282 0.3283894 0.672282 0.3288472 0.6784467 0.323415 0.6750591 0.3283894 0.672282 0.3345235 0.6709087 0.3324331 0.6770734 0.3283894 0.672282 0.3324331 0.6770734 0.3288472 0.6784467 0.3070268 0.654078 0.3165637 0.6656901 0.3088426 0.6661478 0.3165637 0.6656901 0.309987 0.6753796 0.3088426 0.6661478 0.3165637 0.6656901 0.318822 0.6762646 0.309987 0.6753796 0.3070268 0.654078 0.3088426 0.6661478 0.3017014 0.667567 0.3017014 0.667567 0.3088426 0.6661478 0.309987 0.6753796 0.3000687 0.6573739 0.3070268 0.654078 0.3017014 0.667567 0.3017014 0.667567 0.309987 0.6753796 0.3025864 0.6783551 0.2924087 0.6546426 0.3070268 0.654078 0.3000687 0.6573739 0.2974441 0.6359198 0.3070268 0.654078 0.2924087 0.6546426 0.2924087 0.6546426 0.3000687 0.6573739 0.2983139 0.6688029 0.2783703 0.6428778 0.2974441 0.6359198 0.2924087 0.6546426 0.309987 0.6753796 0.3113298 0.684947 0.3025864 0.6783551 0.318822 0.6762646 0.3113298 0.684947 0.309987 0.6753796 0.3025864 0.6783551 0.3113298 0.684947 0.3051347 0.6871901 0.318822 0.6762646 0.3185931 0.6854048 0.3113298 0.684947 0.3113298 0.684947 0.31046 0.6931411 0.3051347 0.6871901 0.3113298 0.684947 0.3185931 0.6854048 0.3147631 0.6925308 0.3113298 0.684947 0.3147631 0.6925308 0.31046 0.6931411 0.2783703 0.6428778 0.2924087 0.6546426 0.2786755 0.6511482 0.2783703 0.6428778 0.2786755 0.6511482 0.2712749 0.6510414 0.2786755 0.6511482 0.2686656 0.6612345 0.2712749 0.6510414 0.2786755 0.6511482 0.2757152 0.6631876 0.2686656 0.6612345 0.2757152 0.6631876 0.2657664 0.6707866 0.2686656 0.6612345 0.2786755 0.6511482 0.2924087 0.6546426 0.2852827 0.6555734 0.2786755 0.6511482 0.2852827 0.6555734 0.2757152 0.6631876 0.2852827 0.6555734 0.2924087 0.6546426 0.283421 0.6666361 0.2757152 0.6631876 0.2852827 0.6555734 0.2835279 0.6653849 0.283421 0.6666361 0.2924087 0.6546426 0.2907149 0.6673991 0.2924087 0.6546426 0.2983139 0.6688029 0.2907149 0.6673991 0.283421 0.6666361 0.2907149 0.6673991 0.282414 0.6776227 0.2757152 0.6631876 0.2835279 0.6653849 0.2736248 0.6711834 0.2757152 0.6631876 0.2736248 0.6711834 0.2657664 0.6707866 0.2736248 0.6711834 0.2835279 0.6653849 0.2814069 0.6753643 0.2736248 0.6711834 0.2712596 0.6798047 0.2657664 0.6707866 0.2736248 0.6711834 0.2814069 0.6753643 0.2712596 0.6798047 0.2657664 0.6707866 0.2712596 0.6798047 0.2646983 0.6793927 0.2814069 0.6753643 0.2776989 0.6831464 0.2712596 0.6798047 0.2712596 0.6798047 0.2672618 0.6866407 0.2646983 0.6793927 0.2712596 0.6798047 0.2776989 0.6831464 0.2714732 0.6878157 0.2712596 0.6798047 0.2714732 0.6878157 0.2672618 0.6866407 0.2907149 0.6673991 0.2983139 0.6688029 0.2900587 0.6776074 0.2907149 0.6673991 0.2900587 0.6776074 0.282414 0.6776227 0.2983139 0.6688029 0.2984054 0.6805066 0.2900587 0.6776074 0.282414 0.6776227 0.2900587 0.6776074 0.2888075 0.6877546 0.2900587 0.6776074 0.2984054 0.6805066 0.2888075 0.6877546 0.282414 0.6776227 0.2888075 0.6877546 0.2822461 0.6881056 0.2888075 0.6877546 0.2984054 0.6805066 0.2957351 0.6899672 0.2822461 0.6881056 0.2888075 0.6877546 0.2857557 0.6957351 0.2888075 0.6877546 0.2957351 0.6899672 0.2900893 0.6962844 0.2888075 0.6877546 0.2900893 0.6962844 0.2857557 0.6957351 0.3324178 0.3629206 0.342916 0.3396658 0.3421835 0.3629206 0.3333638 0.3378042 0.342916 0.3396658 0.3324178 0.3629206 0.3442588 0.3187763 0.342916 0.3396658 0.3333638 0.3378042 0.3225757 0.3376211 0.3333638 0.3378042 0.3324178 0.3629206 0.3225757 0.3376211 0.3324178 0.3629206 0.3217212 0.3629206 0.3333638 0.3139696 0.3442588 0.3187763 0.3333638 0.3378042 0.3333638 0.3139696 0.3333638 0.3378042 0.3225757 0.3376211 0.3333638 0.3139696 0.3367514 0.2900893 0.3442588 0.3187763 0.3531243 0.265507 0.3442588 0.3187763 0.3367514 0.2900893 0.3222247 0.3139238 0.3333638 0.3139696 0.3225757 0.3376211 0.3222247 0.3139238 0.3367514 0.2900893 0.3333638 0.3139696 0.3225757 0.3376211 0.3217212 0.3629206 0.3109636 0.3384909 0.3222247 0.3139238 0.3225757 0.3376211 0.3109636 0.3384909 0.3106126 0.3629206 0.3109636 0.3384909 0.3217212 0.3629206 0.3518273 0.2333257 0.3531243 0.265507 0.3367514 0.2900893 0.3518273 0.2333257 0.3692836 0.2125734 0.3531243 0.265507 0.3242237 0.2903334 0.3367514 0.2900893 0.3222247 0.3139238 0.3518273 0.2333257 0.3367514 0.2900893 0.3242237 0.2903334 0.3113603 0.3157702 0.3222247 0.3139238 0.3109636 0.3384909 0.3242237 0.2903334 0.3222247 0.3139238 0.3113603 0.3157702 0.300206 0.3396201 0.3109636 0.3384909 0.3106126 0.3629206 0.3113603 0.3157702 0.3109636 0.3384909 0.300206 0.3396201 0.300206 0.3396201 0.3106126 0.3629206 0.299443 0.3629206 0.2920272 0.3629206 0.300206 0.3396201 0.299443 0.3629206 0.2920272 0.3405661 0.300206 0.3396201 0.2920272 0.3629206 0.2920272 0.3199817 0.300206 0.3396201 0.2920272 0.3405661 0.2920272 0.3199817 0.2999924 0.3184711 0.300206 0.3396201 0.2999924 0.3184711 0.3113603 0.3157702 0.300206 0.3396201 0.2920272 0.2966964 0.2999924 0.3184711 0.2920272 0.3199817 0.3106279 0.2934768 0.3113603 0.3157702 0.2999924 0.3184711 0.3106279 0.2934768 0.3242237 0.2903334 0.3113603 0.3157702 0.3004044 0.2954147 0.2999924 0.3184711 0.2920272 0.2966964 0.3004044 0.2954147 0.3106279 0.2934768 0.2999924 0.3184711 0.3004044 0.2954147 0.2920272 0.2966964 0.2920272 0.27776 0.3001145 0.2746471 0.3004044 0.2954147 0.2920272 0.27776 0.3001145 0.2746471 0.3106279 0.2934768 0.3004044 0.2954147 0.3342946 0.2423895 0.3242237 0.2903334 0.3106279 0.2934768 0.3342946 0.2423895 0.3518273 0.2333257 0.3242237 0.2903334 0.3162738 0.2465247 0.3106279 0.2934768 0.3001145 0.2746471 0.3162738 0.2465247 0.3342946 0.2423895 0.3106279 0.2934768 0.3162738 0.2465247 0.3001145 0.2746471 0.3019608 0.2494697 0.3019608 0.2494697 0.3001145 0.2746471 0.2920272 0.2519875 0.2920272 0.2267795 0.3019608 0.2494697 0.2920272 0.2519875 0.3001755 0.2271305 0.3019608 0.2494697 0.2920272 0.2267795 0.3001755 0.2271305 0.3162738 0.2465247 0.3019608 0.2494697 0.2920272 0.2038147 0.3001755 0.2271305 0.2920272 0.2267795 0.3001755 0.2271305 0.3127184 0.2253452 0.3162738 0.2465247 0.3127184 0.2253452 0.3342946 0.2423895 0.3162738 0.2465247 0.2920272 0.2038147 0.2994888 0.2027924 0.3001755 0.2271305 0.2994888 0.2027924 0.3127184 0.2253452 0.3001755 0.2271305 0.2920272 0.2038147 0.2920272 0.1857938 0.2994888 0.2027924 0.3127184 0.2253452 0.3313649 0.2222934 0.3342946 0.2423895 0.2920272 0.1857938 0.2989242 0.1829861 0.2994888 0.2027924 0.2920272 0.1857938 0.2920272 0.1669642 0.2989242 0.1829861 0.2994888 0.2027924 0.312459 0.2008392 0.3127184 0.2253452 0.2994888 0.2027924 0.2989242 0.1829861 0.312459 0.2008392 0.3127184 0.2253452 0.3304799 0.200122 0.3313649 0.2222934 0.3127184 0.2253452 0.312459 0.2008392 0.3304799 0.200122 0.3313649 0.2222934 0.3503319 0.214969 0.3342946 0.2423895 0.3313649 0.2222934 0.3304799 0.200122 0.3503319 0.214969 0.3342946 0.2423895 0.3503319 0.214969 0.3518273 0.2333257 0.3518273 0.2333257 0.3503319 0.214969 0.3692836 0.2125734 0.3692836 0.2125734 0.3503319 0.214969 0.3645533 0.1928282 0.3692836 0.2125734 0.3645533 0.1928282 0.3826047 0.164126 0.3503319 0.214969 0.3469902 0.1856412 0.3645533 0.1928282 0.3304799 0.200122 0.3469902 0.1856412 0.3503319 0.214969 0.3645533 0.1928282 0.3653467 0.1671931 0.3826047 0.164126 0.3645533 0.1928282 0.3469902 0.1856412 0.3653467 0.1671931 0.3826047 0.164126 0.3653467 0.1671931 0.362707 0.1409323 0.3826047 0.164126 0.362707 0.1409323 0.3688868 0.1147325 0.3653467 0.1671931 0.3469902 0.1856412 0.3487602 0.1648889 0.3653467 0.1671931 0.3480736 0.1435721 0.362707 0.1409323 0.3653467 0.1671931 0.3487602 0.1648889 0.3480736 0.1435721 0.362707 0.1409323 0.350576 0.119005 0.3688868 0.1147325 0.362707 0.1409323 0.3480736 0.1435721 0.350576 0.119005 0.3469902 0.1856412 0.3295338 0.1830777 0.3487602 0.1648889 0.3304799 0.200122 0.3295338 0.1830777 0.3469902 0.1856412 0.3487602 0.1648889 0.3309529 0.1471122 0.3480736 0.1435721 0.3121538 0.1833524 0.3295338 0.1830777 0.3304799 0.200122 0.312459 0.2008392 0.3121538 0.1833524 0.3304799 0.200122 0.2989242 0.1829861 0.3121538 0.1833524 0.312459 0.2008392 0.3487602 0.1648889 0.3295338 0.1830777 0.3312734 0.1647058 0.3121538 0.1833524 0.3312734 0.1647058 0.3295338 0.1830777 0.3487602 0.1648889 0.3312734 0.1647058 0.3309529 0.1471122 0.2989242 0.1829861 0.2990463 0.165362 0.3121538 0.1833524 0.2920272 0.1669642 0.2990463 0.165362 0.2989242 0.1829861 0.3135729 0.1668421 0.3312734 0.1647058 0.3121538 0.1833524 0.2990463 0.165362 0.3135729 0.1668421 0.3121538 0.1833524 0.3135729 0.1668421 0.3309529 0.1471122 0.3312734 0.1647058 0.2920272 0.1669642 0.2920272 0.1475852 0.2990463 0.165362 0.3135729 0.1668421 0.3134661 0.1498588 0.3309529 0.1471122 0.2990463 0.165362 0.3134661 0.1498588 0.3135729 0.1668421 0.3480736 0.1435721 0.3309529 0.1471122 0.3299763 0.1315175 0.3309529 0.1471122 0.3134661 0.1498588 0.3299763 0.1315175 0.3480736 0.1435721 0.3299763 0.1315175 0.350576 0.119005 0.2990463 0.165362 0.2995651 0.1488212 0.3134661 0.1498588 0.2990463 0.165362 0.2920272 0.1475852 0.2995651 0.1488212 0.3299763 0.1315175 0.3134661 0.1498588 0.3121691 0.1331502 0.2995651 0.1488212 0.3121691 0.1331502 0.3134661 0.1498588 0.2920272 0.1475852 0.2996261 0.1296558 0.2995651 0.1488212 0.2995651 0.1488212 0.2996261 0.1296558 0.3121691 0.1331502 0.2920272 0.1475852 0.2920272 0.1300831 0.2996261 0.1296558 0.2920272 0.1300831 0.2920272 0.1052567 0.2996261 0.1296558 0.3299763 0.1315175 0.3121691 0.1331502 0.331075 0.1092698 0.350576 0.119005 0.3299763 0.1315175 0.331075 0.1092698 0.2996261 0.1296558 0.3127184 0.1087968 0.3121691 0.1331502 0.331075 0.1092698 0.3121691 0.1331502 0.3127184 0.1087968 0.2920272 0.1052567 0.2999619 0.106157 0.2996261 0.1296558 0.2996261 0.1296558 0.2999619 0.106157 0.3127184 0.1087968 0.2920272 0.1052567 0.2920272 0.07934689 0.2999619 0.106157 0.331075 0.1092698 0.3127184 0.1087968 0.3333486 0.08744943 0.350576 0.119005 0.331075 0.1092698 0.3333486 0.08744943 0.2920272 0.07934689 0.3010452 0.08068972 0.2999619 0.106157 0.2920272 0.07934689 0.3007248 0.05847257 0.3010452 0.08068972 0.2999619 0.106157 0.3145189 0.08317691 0.3127184 0.1087968 0.3010452 0.08068972 0.3145189 0.08317691 0.2999619 0.106157 0.3333486 0.08744943 0.3127184 0.1087968 0.3145189 0.08317691 0.3010452 0.08068972 0.3007248 0.05847257 0.3145189 0.08317691 0.350576 0.119005 0.3333486 0.08744943 0.3515221 0.09683376 0.3688868 0.1147325 0.350576 0.119005 0.3515221 0.09683376 0.3688868 0.1147325 0.3515221 0.09683376 0.3523613 0.0669108 0.3333486 0.08744943 0.3145189 0.08317691 0.3240101 0.04017698 0.3333486 0.08744943 0.3240101 0.04017698 0.3515221 0.09683376 0.3523613 0.0669108 0.3515221 0.09683376 0.336202 0.04107731 0.3515221 0.09683376 0.3240101 0.04017698 0.336202 0.04107731 0.3523613 0.0669108 0.336202 0.04107731 0.3445335 0.01431298 0.3445335 0.01431298 0.336202 0.04107731 0.3333486 0.01431298 0.3333486 0.01431298 0.336202 0.04107731 0.3225757 0.01431298 0.336202 0.04107731 0.3240101 0.04017698 0.3225757 0.01431298 0.3225757 0.01431298 0.3240101 0.04017698 0.3116808 0.01431298 0.3115587 0.03904783 0.3116808 0.01431298 0.3240101 0.04017698 0.3145189 0.08317691 0.3115587 0.03904783 0.3240101 0.04017698 0.3145189 0.08317691 0.3007248 0.05847257 0.3115587 0.03904783 0.3115587 0.03904783 0.2999619 0.01431298 0.3116808 0.01431298 0.3115587 0.03904783 0.3007248 0.05847257 0.3004959 0.03830015 0.3115587 0.03904783 0.3004959 0.03830015 0.2999619 0.01431298 0.3007248 0.05847257 0.2920272 0.05612266 0.3004959 0.03830015 0.3004959 0.03830015 0.2920272 0.01431298 0.2999619 0.01431298 0.3004959 0.03830015 0.2920272 0.05612266 0.2920272 0.03752195 0.3004959 0.03830015 0.2920272 0.03752195 0.2920272 0.01431298 0.8122225 0.7802091 0.8117342 0.7657282 0.8253757 0.7631953 0.8255741 0.7696803 0.8122225 0.7802091 0.8253757 0.7631953 0.8117342 0.7657282 0.8145114 0.7561151 0.8253757 0.7631953 0.8255741 0.7696803 0.8253757 0.7631953 0.8284581 0.7606165 0.8295567 0.7681392 0.8255741 0.7696803 0.8284581 0.7606165 0.8386359 0.7756161 0.8295567 0.7681392 0.8284581 0.7606165 0.8145114 0.7561151 0.8231327 0.7542229 0.8253757 0.7631953 0.8284581 0.7606165 0.8253757 0.7631953 0.8238956 0.746746 0.8253757 0.7631953 0.8231327 0.7542229 0.8238956 0.746746 0.8145114 0.7561151 0.8198062 0.7489586 0.8231327 0.7542229 0.8231327 0.7542229 0.8198062 0.7489586 0.8238956 0.746746 0.8145114 0.7561151 0.8169375 0.7458457 0.8198062 0.7489586 0.8284581 0.7606165 0.8238956 0.746746 0.8335088 0.7579919 0.8386359 0.7756161 0.8284581 0.7606165 0.8335088 0.7579919 0.8198062 0.7489586 0.820737 0.7447013 0.8238956 0.746746 0.8198062 0.7489586 0.8169375 0.7458457 0.820737 0.7447013 0.8238956 0.746746 0.820737 0.7447013 0.8275578 0.7430228 0.8335088 0.7579919 0.8238956 0.746746 0.8275578 0.7430228 0.8169375 0.7458457 0.8238193 0.7415122 0.820737 0.7447013 0.820737 0.7447013 0.8238193 0.7415122 0.8275578 0.7430228 0.8169375 0.7458457 0.8285954 0.7342336 0.8238193 0.7415122 0.8238193 0.7415122 0.8318151 0.7406119 0.8275578 0.7430228 0.8285954 0.7342336 0.8318151 0.7406119 0.8238193 0.7415122 0.8285954 0.7342336 0.837705 0.7454185 0.8318151 0.7406119 0.8275578 0.7430228 0.8318151 0.7406119 0.837705 0.7454185 0.840589 0.7422599 0.837705 0.7454185 0.8285954 0.7342336 0.8379492 0.7531701 0.837705 0.7454185 0.840589 0.7422599 0.8379492 0.7531701 0.8275578 0.7430228 0.837705 0.7454185 0.8335088 0.7579919 0.8275578 0.7430228 0.8379492 0.7531701 0.8416266 0.7606928 0.8335088 0.7579919 0.8379492 0.7531701 0.8386359 0.7756161 0.8335088 0.7579919 0.8416266 0.7606928 0.8416266 0.7606928 0.8379492 0.7531701 0.8424506 0.7547723 0.8472267 0.750042 0.8424506 0.7547723 0.8379492 0.7531701 0.8473945 0.7596246 0.8424506 0.7547723 0.8472267 0.750042 0.8473945 0.7596246 0.8416266 0.7606928 0.8424506 0.7547723 0.854963 0.7675746 0.8473945 0.7596246 0.8472267 0.750042 0.8475776 0.7668116 0.8473945 0.7596246 0.854963 0.7675746 0.8475776 0.7668116 0.8416266 0.7606928 0.8473945 0.7596246 0.8442817 0.7694057 0.8475776 0.7668116 0.854963 0.7675746 0.8442817 0.7694057 0.8416266 0.7606928 0.8475776 0.7668116 0.8442817 0.7694057 0.8386359 0.7756161 0.8416266 0.7606928 0.8494392 0.778088 0.8386359 0.7756161 0.8442817 0.7694057 0.8494392 0.778088 0.8433051 0.7861143 0.8386359 0.7756161 0.8494392 0.778088 0.8442817 0.7694057 0.8493629 0.7714504 0.8553445 0.7688106 0.8493629 0.7714504 0.8442817 0.7694057 0.8520333 0.7758449 0.8493629 0.7714504 0.8553445 0.7688106 0.8520333 0.7758449 0.8494392 0.778088 0.8493629 0.7714504 0.8611887 0.7819333 0.8520333 0.7758449 0.8553445 0.7688106 0.8611887 0.7819333 0.8520485 0.7815518 0.8520333 0.7758449 0.8520333 0.7758449 0.8520485 0.7815518 0.8494392 0.778088 0.8611887 0.7819333 0.8491951 0.7861143 0.8520485 0.7815518 0.8520485 0.7815518 0.8462196 0.7861143 0.8494392 0.778088 0.8491951 0.7861143 0.8462196 0.7861143 0.8520485 0.7815518 0.8494392 0.778088 0.8462196 0.7861143 0.8433051 0.7861143 0.8491951 0.7861143 0.8520485 0.790692 0.8462196 0.7861143 0.8491951 0.7861143 0.8611887 0.7903105 0.8520485 0.790692 0.8462196 0.7861143 0.8494392 0.7941558 0.8433051 0.7861143 0.8520485 0.790692 0.8494392 0.7941558 0.8462196 0.7861143 0.8433051 0.7861143 0.8494392 0.7941558 0.8386359 0.7996491 0.8520485 0.790692 0.8611887 0.7903105 0.8520333 0.7963989 0.8520485 0.790692 0.8520333 0.7963989 0.8494392 0.7941558 0.8611887 0.7903105 0.8553445 0.8034333 0.8520333 0.7963989 0.8520333 0.7963989 0.8553445 0.8034333 0.8493629 0.8007935 0.8494392 0.7941558 0.8520333 0.7963989 0.8493629 0.8007935 0.8553445 0.8034333 0.8442817 0.8028382 0.8493629 0.8007935 0.8494392 0.7941558 0.8493629 0.8007935 0.8442817 0.8028382 0.8494392 0.7941558 0.8442817 0.8028382 0.8386359 0.7996491 0.8386359 0.7996491 0.8442817 0.8028382 0.8416266 0.8115511 0.8442817 0.8028382 0.8475776 0.8054322 0.8416266 0.8115511 0.8442817 0.8028382 0.854963 0.8046693 0.8475776 0.8054322 0.8475776 0.8054322 0.854963 0.8046693 0.8474098 0.8126192 0.8475776 0.8054322 0.8474098 0.8126192 0.8416266 0.8115511 0.854963 0.8046693 0.8472267 0.8222019 0.8474098 0.8126192 0.8474098 0.8126192 0.8472267 0.8222019 0.8424506 0.8174716 0.8474098 0.8126192 0.8424506 0.8174716 0.8416266 0.8115511 0.8472267 0.8222019 0.8379492 0.8190738 0.8424506 0.8174716 0.8416266 0.8115511 0.8424506 0.8174716 0.8379492 0.8190738 0.8386359 0.7996491 0.8416266 0.8115511 0.8335088 0.8142519 0.8335088 0.8142519 0.8416266 0.8115511 0.8379492 0.8190738 0.8386359 0.7996491 0.8335088 0.8142519 0.8284581 0.8116274 0.8386359 0.7996491 0.8284581 0.8116274 0.8295567 0.8041047 0.8295567 0.8041047 0.8284581 0.8116274 0.8255741 0.8025636 0.8335088 0.8142519 0.8379492 0.8190738 0.8275578 0.829221 0.8255741 0.8025636 0.8284581 0.8116274 0.8253757 0.8090486 0.8255741 0.8025636 0.8253757 0.8090486 0.8122225 0.7920348 0.8122225 0.7920348 0.8253757 0.8090486 0.8117342 0.8065156 0.8253757 0.8090486 0.8145114 0.8161288 0.8117342 0.8065156 0.8335088 0.8142519 0.8238956 0.8254978 0.8284581 0.8116274 0.8284581 0.8116274 0.8238956 0.8254978 0.8253757 0.8090486 0.8335088 0.8142519 0.8275578 0.829221 0.8238956 0.8254978 0.8253757 0.8090486 0.8231327 0.8180209 0.8145114 0.8161288 0.8253757 0.8090486 0.8238956 0.8254978 0.8231327 0.8180209 0.8231327 0.8180209 0.8198062 0.8232853 0.8145114 0.8161288 0.8231327 0.8180209 0.8238956 0.8254978 0.8198062 0.8232853 0.8145114 0.8161288 0.8198062 0.8232853 0.8169375 0.8263981 0.8238956 0.8254978 0.820737 0.8275426 0.8198062 0.8232853 0.8198062 0.8232853 0.820737 0.8275426 0.8169375 0.8263981 0.8238956 0.8254978 0.8275578 0.829221 0.820737 0.8275426 0.820737 0.8275426 0.8238193 0.8307317 0.8169375 0.8263981 0.8275578 0.829221 0.8238193 0.8307317 0.820737 0.8275426 0.8169375 0.8263981 0.8238193 0.8307317 0.8285954 0.8380102 0.8275578 0.829221 0.8318151 0.831632 0.8238193 0.8307317 0.8318151 0.831632 0.8285954 0.8380102 0.8238193 0.8307317 0.8275578 0.829221 0.837705 0.8268254 0.8318151 0.831632 0.837705 0.8268254 0.8285954 0.8380102 0.8318151 0.831632 0.8379492 0.8190738 0.837705 0.8268254 0.8275578 0.829221 0.840589 0.829984 0.8285954 0.8380102 0.837705 0.8268254 0.8379492 0.8190738 0.840589 0.829984 0.837705 0.8268254 0.02259856 0.178973 0.02259856 0.1158312 0.04586857 0.1160296 0.05281144 0.1726863 0.02259856 0.178973 0.04586857 0.1160296 0.02259856 0.1158312 0.02259856 0.1025558 0.04586857 0.1160296 0.0769512 0.1165331 0.05281144 0.1726863 0.04586857 0.1160296 0.04562443 0.1075456 0.04586857 0.1160296 0.02259856 0.1025558 0.08836495 0.1638361 0.05281144 0.1726863 0.0769512 0.1165331 0.08836495 0.1638361 0.0902571 0.1764095 0.05281144 0.1726863 0.1112993 0.1534141 0.0902571 0.1764095 0.08836495 0.1638361 0.0769512 0.1165331 0.04586857 0.1160296 0.07615774 0.1090257 0.07615774 0.1090257 0.04586857 0.1160296 0.04562443 0.1075456 0.1010757 0.1140001 0.1112993 0.1534141 0.08836495 0.1638361 0.1010757 0.1140001 0.08836495 0.1638361 0.0769512 0.1165331 0.1312581 0.1315327 0.1112993 0.1534141 0.1010757 0.1140001 0.1312581 0.1315327 0.1010757 0.1140001 0.1312581 0.1140001 0.1312581 0.1140001 0.1010757 0.1140001 0.1312581 0.101213 0.1010757 0.1140001 0.0769512 0.1165331 0.1022202 0.1062638 0.1312581 0.101213 0.1010757 0.1140001 0.1022202 0.1062638 0.0769512 0.1165331 0.07615774 0.1090257 0.1022202 0.1062638 0.1312581 0.101213 0.1022202 0.1062638 0.1025864 0.07977414 0.1312581 0.101213 0.1025864 0.07977414 0.1312581 0.08053714 0.1312581 0.08053714 0.1025864 0.07977414 0.1312581 0.04420536 0.07615774 0.1090257 0.07641714 0.0792706 0.1022202 0.1062638 0.1022202 0.1062638 0.07641714 0.0792706 0.1025864 0.07977414 0.07615774 0.1090257 0.04562443 0.1075456 0.07641714 0.0792706 0.1312581 0.04420536 0.1025864 0.07977414 0.1035324 0.05038529 0.1025864 0.07977414 0.07641714 0.0792706 0.1035324 0.05038529 0.1312581 0.04420536 0.1035324 0.05038529 0.1312581 0.03476005 0.04562443 0.1075456 0.04510563 0.08108645 0.07641714 0.0792706 0.04562443 0.1075456 0.02259856 0.1025558 0.04510563 0.08108645 0.04510563 0.08108645 0.02259856 0.1025558 0.02259856 0.08242923 0.1312581 0.03476005 0.1035324 0.05038529 0.1024186 0.03904783 0.1312581 0.03476005 0.1024186 0.03904783 0.08102536 0.01771575 0.04510563 0.08108645 0.02259856 0.08242923 0.04483097 0.04831004 0.07641714 0.0792706 0.04510563 0.08108645 0.04483097 0.04831004 0.04483097 0.04831004 0.02259856 0.08242923 0.02259856 0.04420536 0.1035324 0.05038529 0.07641714 0.0792706 0.07661551 0.05474936 0.07641714 0.0792706 0.04483097 0.04831004 0.07661551 0.05474936 0.1035324 0.05038529 0.07661551 0.05474936 0.1024186 0.03904783 0.04483097 0.04831004 0.02259856 0.04420536 0.04631108 0.03842222 0.04631108 0.03842222 0.02259856 0.04420536 0.02259856 0.03476005 0.08102536 0.01771575 0.04631108 0.03842222 0.02259856 0.03476005 0.07661551 0.05474936 0.04483097 0.04831004 0.07664602 0.04281681 0.04483097 0.04831004 0.04631108 0.03842222 0.07664602 0.04281681 0.1024186 0.03904783 0.07661551 0.05474936 0.07664602 0.04281681 0.08102536 0.01771575 0.07664602 0.04281681 0.04631108 0.03842222 0.1024186 0.03904783 0.07664602 0.04281681 0.08102536 0.01771575 0.5975433 0.4462043 0.585092 0.4159762 0.5907225 0.4108797 0.585092 0.4159762 0.5672694 0.3930267 0.5907225 0.4108797 0.5932098 0.4550851 0.585092 0.4159762 0.5975433 0.4462043 0.6007782 0.5147631 0.5932098 0.4550851 0.5975433 0.4462043 0.585092 0.4159762 0.5671931 0.4128481 0.5672694 0.3930267 0.5672694 0.3930267 0.5671931 0.4128481 0.5355154 0.3992523 0.5932098 0.4550851 0.5819944 0.4340581 0.585092 0.4159762 0.585092 0.4159762 0.5819944 0.4340581 0.5671931 0.4128481 0.5954528 0.5147631 0.5932098 0.4550851 0.6007782 0.5147631 0.5899748 0.5582056 0.5954528 0.5147631 0.6007782 0.5147631 0.5671931 0.4128481 0.5371329 0.423682 0.5355154 0.3992523 0.5355154 0.3992523 0.5371329 0.423682 0.4885634 0.4046998 0.5844816 0.5552453 0.5954528 0.5147631 0.5899748 0.5582056 0.5776913 0.5824979 0.5844816 0.5552453 0.5899748 0.5582056 0.5671931 0.4128481 0.5649348 0.4416724 0.5371329 0.423682 0.5819944 0.4340581 0.5649348 0.4416724 0.5671931 0.4128481 0.5735256 0.5789425 0.5844816 0.5552453 0.5776913 0.5824979 0.5624323 0.6008698 0.5735256 0.5789425 0.5776913 0.5824979 0.5844816 0.5552453 0.5784848 0.5529565 0.5954528 0.5147631 0.5584344 0.5979706 0.5735256 0.5789425 0.5624323 0.6008698 0.5364614 0.6184481 0.5584344 0.5979706 0.5624323 0.6008698 0.5735256 0.5789425 0.568658 0.5762417 0.5844816 0.5552453 0.568658 0.5762417 0.5784848 0.5529565 0.5844816 0.5552453 0.534844 0.6134279 0.5584344 0.5979706 0.5364614 0.6184481 0.5118944 0.6269474 0.534844 0.6134279 0.5364614 0.6184481 0.5584344 0.5979706 0.5542077 0.5942779 0.5735256 0.5789425 0.5542077 0.5942779 0.568658 0.5762417 0.5735256 0.5789425 0.534844 0.6134279 0.5325856 0.6083009 0.5584344 0.5979706 0.5325856 0.6083009 0.5542077 0.5942779 0.5584344 0.5979706 0.5074083 0.6186007 0.534844 0.6134279 0.5118944 0.6269474 0.5074083 0.6186007 0.5325856 0.6083009 0.534844 0.6134279 0.4885634 0.6296941 0.5074083 0.6186007 0.5118944 0.6269474 0.5325856 0.6083009 0.526894 0.5995728 0.5542077 0.5942779 0.5074083 0.6186007 0.5037308 0.6082094 0.5325856 0.6083009 0.5037308 0.6082094 0.526894 0.5995728 0.5325856 0.6083009 0.4885634 0.6296941 0.4885634 0.6213016 0.5074083 0.6186007 0.4885634 0.6213016 0.5037308 0.6082094 0.5074083 0.6186007 0.4697185 0.6186007 0.4885634 0.6213016 0.4885634 0.6296941 0.4652323 0.6269474 0.4697185 0.6186007 0.4885634 0.6296941 0.4885634 0.6213016 0.4885634 0.6111543 0.5037308 0.6082094 0.4422827 0.6134279 0.4697185 0.6186007 0.4652323 0.6269474 0.4406806 0.6184481 0.4422827 0.6134279 0.4652323 0.6269474 0.4697185 0.6186007 0.4733959 0.6082094 0.4885634 0.6213016 0.4733959 0.6082094 0.4885634 0.6111543 0.4885634 0.6213016 0.4422827 0.6134279 0.4445564 0.6083009 0.4697185 0.6186007 0.4697185 0.6186007 0.4445564 0.6083009 0.4733959 0.6082094 0.4187076 0.5979706 0.4422827 0.6134279 0.4406806 0.6184481 0.4187076 0.5979706 0.4445564 0.6083009 0.4422827 0.6134279 0.4146944 0.6008698 0.4187076 0.5979706 0.4406806 0.6184481 0.4445564 0.6083009 0.450248 0.5995728 0.4733959 0.6082094 0.4036164 0.5789425 0.4187076 0.5979706 0.4146944 0.6008698 0.3994354 0.5824979 0.4036164 0.5789425 0.4146944 0.6008698 0.4187076 0.5979706 0.422919 0.5942779 0.4445564 0.6083009 0.4036164 0.5789425 0.422919 0.5942779 0.4187076 0.5979706 0.4445564 0.6083009 0.422919 0.5942779 0.450248 0.5995728 0.3994354 0.5824979 0.3926604 0.5552453 0.4036164 0.5789425 0.3871519 0.5582056 0.3926604 0.5552453 0.3994354 0.5824979 0.4036164 0.5789425 0.4084687 0.5762417 0.422919 0.5942779 0.3926604 0.5552453 0.4084687 0.5762417 0.4036164 0.5789425 0.3816891 0.5147631 0.3926604 0.5552453 0.3871519 0.5582056 0.3816891 0.5147631 0.3871519 0.5582056 0.3763638 0.5147631 0.398642 0.5529565 0.4084687 0.5762417 0.3926604 0.5552453 0.3816891 0.5147631 0.398642 0.5529565 0.3926604 0.5552453 0.383917 0.4550851 0.3816891 0.5147631 0.3763638 0.5147631 0.383917 0.4550851 0.3763638 0.5147631 0.3795987 0.4462043 0.3868772 0.5147631 0.398642 0.5529565 0.3816891 0.5147631 0.3868772 0.5147631 0.3816891 0.5147631 0.383917 0.4550851 0.383917 0.4550851 0.3795987 0.4462043 0.3920348 0.4159762 0.3795987 0.4462043 0.3864042 0.4108797 0.3920348 0.4159762 0.3920348 0.4159762 0.3864042 0.4108797 0.4098726 0.3930267 0.3897917 0.4667888 0.3868772 0.5147631 0.383917 0.4550851 0.3920348 0.4159762 0.4098726 0.3930267 0.4099336 0.4128481 0.4099336 0.4128481 0.4098726 0.3930267 0.4416266 0.3992523 0.383917 0.4550851 0.3920348 0.4159762 0.3951324 0.4340581 0.3951324 0.4340581 0.3920348 0.4159762 0.4099336 0.4128481 0.3897917 0.4667888 0.383917 0.4550851 0.3951324 0.4340581 0.4099336 0.4128481 0.4416266 0.3992523 0.4400091 0.423682 0.4400091 0.423682 0.4416266 0.3992523 0.4885634 0.4046998 0.3951324 0.4340581 0.4099336 0.4128481 0.4122072 0.4416724 0.4099336 0.4128481 0.4400091 0.423682 0.4122072 0.4416724 0.3897917 0.4667888 0.3951324 0.4340581 0.4010223 0.454612 0.3951324 0.4340581 0.4122072 0.4416724 0.4010223 0.454612 0.4400091 0.423682 0.4885634 0.4046998 0.4885634 0.4269169 0.5371329 0.423682 0.4885634 0.4269169 0.4885634 0.4046998 0.4122072 0.4416724 0.4400091 0.423682 0.4430304 0.4557412 0.4400091 0.423682 0.4885634 0.4269169 0.4430304 0.4557412 0.5371329 0.423682 0.5340963 0.4557412 0.4885634 0.4269169 0.5649348 0.4416724 0.5340963 0.4557412 0.5371329 0.423682 0.4430304 0.4557412 0.4885634 0.4269169 0.4885634 0.4595713 0.5340963 0.4557412 0.4885634 0.4595713 0.4885634 0.4269169 0.4122072 0.4416724 0.4430304 0.4557412 0.4214237 0.4624704 0.4430304 0.4557412 0.4885634 0.4595713 0.453193 0.4775616 0.4430304 0.4557412 0.453193 0.4775616 0.4214237 0.4624704 0.5340963 0.4557412 0.5239338 0.4775616 0.4885634 0.4595713 0.4885634 0.4595713 0.4885634 0.478584 0.453193 0.4775616 0.5239338 0.4775616 0.4885634 0.478584 0.4885634 0.4595713 0.4885634 0.4892653 0.453193 0.4775616 0.4885634 0.478584 0.5239338 0.4775616 0.4885634 0.4892653 0.4885634 0.478584 0.5557031 0.4624704 0.5239338 0.4775616 0.5340963 0.4557412 0.5649348 0.4416724 0.5557031 0.4624704 0.5340963 0.4557412 0.5204852 0.4869154 0.4885634 0.4892653 0.5239338 0.4775616 0.5557031 0.4624704 0.5204852 0.4869154 0.5239338 0.4775616 0.4566568 0.4869154 0.453193 0.4775616 0.4885634 0.4892653 0.4214237 0.4624704 0.453193 0.4775616 0.4566568 0.4869154 0.4885634 0.5031663 0.4885634 0.4892653 0.5204852 0.4869154 0.4566568 0.4869154 0.4885634 0.4892653 0.4885634 0.5031663 0.5459221 0.4792401 0.5204852 0.4869154 0.5557031 0.4624704 0.4214237 0.4624704 0.4566568 0.4869154 0.4312047 0.4792401 0.5191272 0.4979782 0.5204852 0.4869154 0.5459221 0.4792401 0.4885634 0.5031663 0.5204852 0.4869154 0.5191272 0.4979782 0.4566568 0.4869154 0.4885634 0.5031663 0.4579995 0.4979782 0.4312047 0.4792401 0.4566568 0.4869154 0.4579995 0.4979782 0.4885634 0.5031663 0.5191272 0.4979782 0.4885634 0.5194324 0.4579995 0.4979782 0.4885634 0.5031663 0.4885634 0.5194324 0.4068818 0.4730907 0.4214237 0.4624704 0.4312047 0.4792401 0.4122072 0.4416724 0.4214237 0.4624704 0.4068818 0.4730907 0.4010223 0.454612 0.4122072 0.4416724 0.4068818 0.4730907 0.4312047 0.4792401 0.4579995 0.4979782 0.4365606 0.4963302 0.4068818 0.4730907 0.4312047 0.4792401 0.4209201 0.485771 0.4312047 0.4792401 0.4365606 0.4963302 0.4209201 0.485771 0.4010223 0.454612 0.4068818 0.4730907 0.4019989 0.4910048 0.4068818 0.4730907 0.4209201 0.485771 0.4019989 0.4910048 0.4365606 0.4963302 0.4579995 0.4979782 0.4535897 0.5108873 0.4579995 0.4979782 0.4885634 0.5194324 0.4535897 0.5108873 0.4209201 0.485771 0.4365606 0.4963302 0.4301671 0.5106889 0.4365606 0.4963302 0.4535897 0.5108873 0.4301671 0.5106889 0.4019989 0.4910048 0.4209201 0.485771 0.4124056 0.5057298 0.4209201 0.485771 0.4301671 0.5106889 0.4124056 0.5057298 0.4010223 0.454612 0.4019989 0.4910048 0.3953765 0.4780041 0.3897917 0.4667888 0.4010223 0.454612 0.3953765 0.4780041 0.3897917 0.4667888 0.3953765 0.4780041 0.3868772 0.5147631 0.3953765 0.4780041 0.4019989 0.4910048 0.3972381 0.5147631 0.3868772 0.5147631 0.3953765 0.4780041 0.3972381 0.5147631 0.4019989 0.4910048 0.4124056 0.5057298 0.3972381 0.5147631 0.3868772 0.5147631 0.3972381 0.5147631 0.398642 0.5529565 0.4124056 0.5057298 0.4161135 0.5323873 0.3972381 0.5147631 0.4124056 0.5057298 0.4301671 0.5106889 0.4161135 0.5323873 0.3972381 0.5147631 0.4061036 0.5504997 0.398642 0.5529565 0.3972381 0.5147631 0.4161135 0.5323873 0.4061036 0.5504997 0.398642 0.5529565 0.4061036 0.5504997 0.4084687 0.5762417 0.4301671 0.5106889 0.4348058 0.5316701 0.4161135 0.5323873 0.4301671 0.5106889 0.4535897 0.5108873 0.4348058 0.5316701 0.4161135 0.5323873 0.4198672 0.5537957 0.4061036 0.5504997 0.4348058 0.5316701 0.4353246 0.5568017 0.4161135 0.5323873 0.4353246 0.5568017 0.4198672 0.5537957 0.4161135 0.5323873 0.4535897 0.5108873 0.4582742 0.534081 0.4348058 0.5316701 0.4348058 0.5316701 0.4582742 0.534081 0.4353246 0.5568017 0.4198672 0.5537957 0.4171359 0.5719844 0.4061036 0.5504997 0.4061036 0.5504997 0.4171359 0.5719844 0.4084687 0.5762417 0.4353246 0.5568017 0.4303807 0.5702754 0.4198672 0.5537957 0.4303807 0.5702754 0.4171359 0.5719844 0.4198672 0.5537957 0.4171359 0.5719844 0.4305638 0.5864042 0.4084687 0.5762417 0.4303807 0.5702754 0.4305638 0.5864042 0.4171359 0.5719844 0.4084687 0.5762417 0.4305638 0.5864042 0.422919 0.5942779 0.4305638 0.5864042 0.450248 0.5995728 0.422919 0.5942779 0.4353246 0.5568017 0.4560006 0.563302 0.4303807 0.5702754 0.4582742 0.534081 0.4560006 0.563302 0.4353246 0.5568017 0.4303807 0.5702754 0.4432898 0.5791714 0.4305638 0.5864042 0.4560006 0.563302 0.4432898 0.5791714 0.4303807 0.5702754 0.4305638 0.5864042 0.4596627 0.5897002 0.450248 0.5995728 0.4432898 0.5791714 0.4596627 0.5897002 0.4305638 0.5864042 0.4560006 0.563302 0.4678722 0.5775235 0.4432898 0.5791714 0.4432898 0.5791714 0.4678722 0.5775235 0.4596627 0.5897002 0.4596627 0.5897002 0.4766766 0.5973144 0.450248 0.5995728 0.4596627 0.5897002 0.4678722 0.5775235 0.4766766 0.5973144 0.4733959 0.6082094 0.450248 0.5995728 0.4766766 0.5973144 0.4733959 0.6082094 0.4766766 0.5973144 0.4885634 0.6111543 0.4560006 0.563302 0.4885634 0.579324 0.4678722 0.5775235 0.4582742 0.534081 0.4885634 0.579324 0.4560006 0.563302 0.4766766 0.5973144 0.4678722 0.5775235 0.4814374 0.5862364 0.4678722 0.5775235 0.4885634 0.579324 0.4814374 0.5862364 0.4766766 0.5973144 0.4885634 0.5999237 0.4885634 0.6111543 0.4766766 0.5973144 0.4814374 0.5862364 0.4885634 0.5999237 0.4885634 0.6111543 0.4885634 0.5999237 0.5004501 0.5973144 0.4885634 0.6111543 0.5004501 0.5973144 0.5037308 0.6082094 0.4814374 0.5862364 0.4885634 0.5889067 0.4885634 0.5999237 0.4814374 0.5862364 0.4885634 0.579324 0.4885634 0.5889067 0.5037308 0.6082094 0.5004501 0.5973144 0.526894 0.5995728 0.4885634 0.5999237 0.4885634 0.5889067 0.4956893 0.5862364 0.4885634 0.5999237 0.4956893 0.5862364 0.5004501 0.5973144 0.4885634 0.5889067 0.4885634 0.579324 0.4956893 0.5862364 0.5004501 0.5973144 0.4956893 0.5862364 0.5092546 0.5775235 0.4956893 0.5862364 0.4885634 0.579324 0.5092546 0.5775235 0.5004501 0.5973144 0.5174639 0.5897002 0.526894 0.5995728 0.5004501 0.5973144 0.5092546 0.5775235 0.5174639 0.5897002 0.526894 0.5995728 0.5174639 0.5897002 0.5465629 0.5864042 0.526894 0.5995728 0.5465629 0.5864042 0.5542077 0.5942779 0.5542077 0.5942779 0.5465629 0.5864042 0.568658 0.5762417 0.5174639 0.5897002 0.5092546 0.5775235 0.5338369 0.5791714 0.5174639 0.5897002 0.5338369 0.5791714 0.5465629 0.5864042 0.5092546 0.5775235 0.5211414 0.563302 0.5338369 0.5791714 0.5092546 0.5775235 0.4885634 0.579324 0.5211414 0.563302 0.5465629 0.5864042 0.5338369 0.5791714 0.5467613 0.5702754 0.5338369 0.5791714 0.5211414 0.563302 0.5467613 0.5702754 0.5465629 0.5864042 0.5600061 0.5719844 0.568658 0.5762417 0.5465629 0.5864042 0.5467613 0.5702754 0.5600061 0.5719844 0.568658 0.5762417 0.5600061 0.5719844 0.5710231 0.5504997 0.568658 0.5762417 0.5710231 0.5504997 0.5784848 0.5529565 0.5600061 0.5719844 0.5467613 0.5702754 0.5572748 0.5537957 0.5600061 0.5719844 0.5572748 0.5537957 0.5710231 0.5504997 0.5211414 0.563302 0.5418021 0.5568017 0.5467613 0.5702754 0.5467613 0.5702754 0.5418021 0.5568017 0.5572748 0.5537957 0.5188525 0.534081 0.5211414 0.563302 0.4885634 0.579324 0.5188525 0.534081 0.5418021 0.5568017 0.5211414 0.563302 0.5710231 0.5504997 0.5572748 0.5537957 0.5610132 0.5323873 0.5418021 0.5568017 0.5610132 0.5323873 0.5572748 0.5537957 0.4885634 0.5465019 0.5188525 0.534081 0.4885634 0.579324 0.4885634 0.5465019 0.4885634 0.579324 0.4582742 0.534081 0.4535897 0.5108873 0.4885634 0.5465019 0.4582742 0.534081 0.4535897 0.5108873 0.4885634 0.5194324 0.4885634 0.5465019 0.5188525 0.534081 0.5423209 0.5316701 0.5418021 0.5568017 0.5418021 0.5568017 0.5423209 0.5316701 0.5610132 0.5323873 0.4885634 0.5465019 0.5235523 0.5108873 0.5188525 0.534081 0.4885634 0.5194324 0.5235523 0.5108873 0.4885634 0.5465019 0.5235523 0.5108873 0.5423209 0.5316701 0.5188525 0.534081 0.4885634 0.5194324 0.5191272 0.4979782 0.5235523 0.5108873 0.5235523 0.5108873 0.5469749 0.5106889 0.5423209 0.5316701 0.5610132 0.5323873 0.5423209 0.5316701 0.5469749 0.5106889 0.5191272 0.4979782 0.5405814 0.4963302 0.5235523 0.5108873 0.5405814 0.4963302 0.5469749 0.5106889 0.5235523 0.5108873 0.5191272 0.4979782 0.5459221 0.4792401 0.5405814 0.4963302 0.5405814 0.4963302 0.5562219 0.485771 0.5469749 0.5106889 0.5405814 0.4963302 0.5459221 0.4792401 0.5562219 0.485771 0.5610132 0.5323873 0.5469749 0.5106889 0.5647212 0.5057298 0.5647212 0.5057298 0.5469749 0.5106889 0.5562219 0.485771 0.5799039 0.5147631 0.5610132 0.5323873 0.5647212 0.5057298 0.5710231 0.5504997 0.5610132 0.5323873 0.5799039 0.5147631 0.5784848 0.5529565 0.5710231 0.5504997 0.5799039 0.5147631 0.575143 0.4910048 0.5647212 0.5057298 0.5562219 0.485771 0.5799039 0.5147631 0.5647212 0.5057298 0.575143 0.4910048 0.5562219 0.485771 0.5459221 0.4792401 0.5702449 0.4730907 0.575143 0.4910048 0.5562219 0.485771 0.5702449 0.4730907 0.5702449 0.4730907 0.5459221 0.4792401 0.5557031 0.4624704 0.5702449 0.4730907 0.5557031 0.4624704 0.5649348 0.4416724 0.5761196 0.454612 0.5702449 0.4730907 0.5649348 0.4416724 0.575143 0.4910048 0.5702449 0.4730907 0.5761196 0.454612 0.5819944 0.4340581 0.5761196 0.454612 0.5649348 0.4416724 0.5799039 0.5147631 0.575143 0.4910048 0.5817655 0.4780041 0.5817655 0.4780041 0.575143 0.4910048 0.5761196 0.454612 0.587335 0.4667888 0.5761196 0.454612 0.5819944 0.4340581 0.587335 0.4667888 0.5817655 0.4780041 0.5761196 0.454612 0.5932098 0.4550851 0.587335 0.4667888 0.5819944 0.4340581 0.5902495 0.5147631 0.5799039 0.5147631 0.5817655 0.4780041 0.5902495 0.5147631 0.5817655 0.4780041 0.587335 0.4667888 0.5902495 0.5147631 0.587335 0.4667888 0.5932098 0.4550851 0.5784848 0.5529565 0.5799039 0.5147631 0.5902495 0.5147631 0.5954528 0.5147631 0.5902495 0.5147631 0.5932098 0.4550851 0.5784848 0.5529565 0.5902495 0.5147631 0.5954528 0.5147631 0.7897459 0.8761578 0.7720455 0.8665141 0.7862058 0.8623026 0.7720455 0.8665141 0.772961 0.8482795 0.7862058 0.8623026 0.7897459 0.8761578 0.7720608 0.8859694 0.7720455 0.8665141 0.7897459 0.8761578 0.7862364 0.8900282 0.7720608 0.8859694 0.7720608 0.8859694 0.7862364 0.8900282 0.7726559 0.9042039 0.7720455 0.8665141 0.7586023 0.8590067 0.772961 0.8482795 0.7586023 0.8590067 0.7586023 0.8446937 0.772961 0.8482795 0.7586023 0.8590067 0.7445793 0.8482033 0.7586023 0.8446937 0.7720608 0.8859694 0.7586023 0.8762341 0.7720455 0.8665141 0.7720455 0.8665141 0.7586023 0.8762341 0.7586023 0.8590067 0.7720608 0.8859694 0.7726559 0.9042039 0.7586023 0.8934158 0.7720608 0.8859694 0.7586023 0.8934158 0.7586023 0.8762341 0.7586023 0.8934158 0.7726559 0.9042039 0.7586023 0.9076982 0.7586023 0.8934158 0.7586023 0.9076982 0.7445793 0.9042192 0.7586023 0.8590067 0.745037 0.8664683 0.7445793 0.8482033 0.7586023 0.8762341 0.745037 0.8664683 0.7586023 0.8590067 0.745037 0.8664683 0.7309224 0.8623331 0.7445793 0.8482033 0.745037 0.8664683 0.7273976 0.8762035 0.7309224 0.8623331 0.7586023 0.8934158 0.7450523 0.8860151 0.7586023 0.8762341 0.7586023 0.8762341 0.7450523 0.8860151 0.745037 0.8664683 0.7586023 0.8934158 0.7445793 0.9042192 0.7450523 0.8860151 0.7450523 0.8860151 0.7273976 0.8762035 0.745037 0.8664683 0.7450523 0.8860151 0.7445793 0.9042192 0.7309224 0.8900893 0.7450523 0.8860151 0.7309224 0.8900893 0.7273976 0.8762035 0.3547875 0.8643931 0.3724575 0.8742046 0.3582971 0.8782483 0.3724575 0.8742046 0.3718776 0.8924391 0.3582971 0.8782483 0.3547875 0.8643931 0.372488 0.8547494 0.3724575 0.8742046 0.3547875 0.8643931 0.3583276 0.8505379 0.372488 0.8547494 0.372488 0.8547494 0.3583276 0.8505379 0.3715724 0.8365148 0.3724575 0.8742046 0.3859312 0.8816511 0.3718776 0.8924391 0.3859312 0.8816511 0.3859312 0.8959335 0.3718776 0.8924391 0.3859312 0.8816511 0.3999542 0.8924544 0.3859312 0.8959335 0.372488 0.8547494 0.3859312 0.8644694 0.3724575 0.8742046 0.3724575 0.8742046 0.3859312 0.8644694 0.3859312 0.8816511 0.372488 0.8547494 0.3715724 0.8365148 0.3859312 0.8472419 0.372488 0.8547494 0.3859312 0.8472419 0.3859312 0.8644694 0.3715724 0.8365148 0.3859312 0.832929 0.3859312 0.8472419 0.3859312 0.8472419 0.3859312 0.832929 0.3999542 0.8364385 0.3859312 0.8816511 0.3994812 0.8742504 0.3999542 0.8924544 0.3859312 0.8644694 0.3994812 0.8742504 0.3859312 0.8816511 0.3994812 0.8742504 0.4136111 0.8783246 0.3999542 0.8924544 0.3994812 0.8742504 0.4171206 0.8644388 0.4136111 0.8783246 0.3859312 0.8472419 0.3994964 0.8547036 0.3859312 0.8644694 0.3859312 0.8644694 0.3994964 0.8547036 0.3994812 0.8742504 0.3859312 0.8472419 0.3999542 0.8364385 0.3994964 0.8547036 0.3994964 0.8547036 0.4171206 0.8644388 0.3994812 0.8742504 0.3999542 0.8364385 0.4136111 0.8505684 0.3994964 0.8547036 0.3994964 0.8547036 0.4136111 0.8505684 0.4171206 0.8644388 0.09167617 0.7968414 0.08383303 0.7972992 0.08201724 0.7855955 0.08236819 0.8098115 0.08383303 0.7972992 0.09167617 0.7968414 0.08352786 0.8245823 0.08236819 0.8098115 0.09167617 0.7968414 0.08383303 0.7972992 0.07452505 0.7973297 0.08201724 0.7855955 0.08236819 0.8098115 0.07452505 0.7973297 0.08383303 0.7972992 0.08352786 0.8245823 0.07719534 0.8205081 0.08236819 0.8098115 0.07452505 0.7973297 0.07264816 0.7876555 0.08201724 0.7855955 0.08352786 0.8245823 0.06517124 0.8288243 0.07719534 0.8205081 0.08352786 0.8245823 0.0515297 0.8402533 0.06517124 0.8288243 0.08236819 0.8098115 0.07719534 0.8205081 0.06955057 0.8157016 0.07719534 0.8205081 0.06517124 0.8288243 0.06955057 0.8157016 0.08236819 0.8098115 0.07330429 0.8072481 0.07452505 0.7973297 0.08236819 0.8098115 0.06955057 0.8157016 0.07330429 0.8072481 0.07452505 0.7973297 0.07330429 0.8072481 0.0515297 0.7960174 0.07330429 0.8072481 0.06955057 0.8157016 0.0515297 0.7960174 0.07452505 0.7973297 0.0515297 0.7960174 0.07264816 0.7876555 0.06517124 0.8288243 0.06108182 0.8215457 0.06955057 0.8157016 0.06955057 0.8157016 0.06108182 0.8215457 0.0515297 0.7960174 0.06517124 0.8288243 0.05169755 0.8240482 0.06108182 0.8215457 0.06108182 0.8215457 0.05169755 0.8240482 0.0515297 0.7960174 0.0515297 0.8402533 0.05169755 0.8328374 0.06517124 0.8288243 0.06517124 0.8288243 0.05169755 0.8328374 0.05169755 0.8240482 0.0515297 0.8402533 0.03894102 0.828397 0.05169755 0.8328374 0.05169755 0.8328374 0.03894102 0.828397 0.05169755 0.8240482 0.0515297 0.8402533 0.02146941 0.824033 0.03894102 0.828397 0.03894102 0.828397 0.04286259 0.8211795 0.05169755 0.8240482 0.05169755 0.8240482 0.04286259 0.8211795 0.0515297 0.7960174 0.02146941 0.824033 0.02815288 0.8197147 0.03894102 0.828397 0.03894102 0.828397 0.02815288 0.8197147 0.04286259 0.8211795 0.02146941 0.824033 0.02420079 0.8089876 0.02815288 0.8197147 0.02815288 0.8197147 0.03549247 0.8150149 0.04286259 0.8211795 0.02420079 0.8089876 0.03549247 0.8150149 0.02815288 0.8197147 0.04286259 0.8211795 0.03549247 0.8150149 0.0515297 0.7960174 0.02146941 0.824033 0.01550316 0.784268 0.02420079 0.8089876 0.02420079 0.8089876 0.03270006 0.8061341 0.03549247 0.8150149 0.03270006 0.8061341 0.0515297 0.7960174 0.03549247 0.8150149 0.02420079 0.8089876 0.02319371 0.796582 0.03270006 0.8061341 0.02420079 0.8089876 0.01550316 0.784268 0.02319371 0.796582 0.03270006 0.8061341 0.02319371 0.796582 0.03175401 0.7959106 0.03270006 0.8061341 0.03175401 0.7959106 0.0515297 0.7960174 0.02319371 0.796582 0.03201341 0.7854124 0.03175401 0.7959106 0.03175401 0.7959106 0.03201341 0.7854124 0.0515297 0.7960174 0.01550316 0.784268 0.02302587 0.7841306 0.02319371 0.796582 0.02319371 0.796582 0.02302587 0.7841306 0.03201341 0.7854124 0.01550316 0.784268 0.02594029 0.7732357 0.02302587 0.7841306 0.01550316 0.784268 0.02122527 0.7674525 0.02594029 0.7732357 0.02302587 0.7841306 0.03418016 0.7762722 0.03201341 0.7854124 0.02302587 0.7841306 0.02594029 0.7732357 0.03418016 0.7762722 0.0515297 0.7960174 0.03201341 0.7854124 0.03418016 0.7762722 0.02122527 0.7674525 0.03776603 0.7640498 0.02594029 0.7732357 0.0515297 0.7516136 0.03776603 0.7640498 0.02122527 0.7674525 0.02594029 0.7732357 0.04217588 0.7705043 0.03418016 0.7762722 0.02594029 0.7732357 0.03776603 0.7640498 0.04217588 0.7705043 0.0515297 0.7960174 0.03418016 0.7762722 0.04217588 0.7705043 0.03776603 0.7640498 0.05169755 0.7680476 0.04217588 0.7705043 0.0515297 0.7960174 0.04217588 0.7705043 0.05169755 0.7680476 0.0515297 0.7516136 0.05169755 0.7590295 0.03776603 0.7640498 0.05169755 0.7590295 0.05169755 0.7680476 0.03776603 0.7640498 0.06044095 0.7719997 0.0515297 0.7960174 0.05169755 0.7680476 0.06044095 0.7719997 0.05169755 0.7680476 0.05169755 0.7590295 0.06482028 0.7651179 0.05169755 0.7590295 0.0515297 0.7516136 0.06482028 0.7651179 0.06044095 0.7719997 0.05169755 0.7590295 0.07972836 0.7685359 0.06482028 0.7651179 0.0515297 0.7516136 0.06834512 0.7790647 0.0515297 0.7960174 0.06044095 0.7719997 0.06834512 0.7790647 0.06044095 0.7719997 0.06482028 0.7651179 0.07264816 0.7876555 0.0515297 0.7960174 0.06834512 0.7790647 0.07653921 0.7752346 0.06482028 0.7651179 0.07972836 0.7685359 0.07653921 0.7752346 0.06834512 0.7790647 0.06482028 0.7651179 0.07264816 0.7876555 0.06834512 0.7790647 0.07653921 0.7752346 0.08201724 0.7855955 0.07653921 0.7752346 0.07972836 0.7685359 0.08201724 0.7855955 0.07264816 0.7876555 0.07653921 0.7752346 0.2642557 0.8529183 0.2538033 0.8418708 0.2585336 0.8360876 0.2419928 0.8327001 0.2585336 0.8360876 0.2538033 0.8418708 0.2282139 0.8202487 0.2585336 0.8360876 0.2419928 0.8327001 0.2642557 0.8529183 0.256733 0.8527809 0.2538033 0.8418708 0.2282139 0.8202487 0.2419928 0.8327001 0.2280613 0.8276799 0.256733 0.8527809 0.2455634 0.8449226 0.2538033 0.8418708 0.2419928 0.8327001 0.2538033 0.8418708 0.2455634 0.8449226 0.2149385 0.8337683 0.2282139 0.8202487 0.2280613 0.8276799 0.2000153 0.837171 0.2282139 0.8202487 0.2149385 0.8337683 0.2280613 0.8276799 0.2419928 0.8327001 0.2280613 0.8366979 0.2149385 0.8337683 0.2280613 0.8276799 0.2280613 0.8366979 0.2419928 0.8327001 0.2455634 0.8449226 0.2375829 0.8391547 0.2280613 0.8366979 0.2419928 0.8327001 0.2375829 0.8391547 0.2000153 0.837171 0.2149385 0.8337683 0.2032196 0.8438697 0.2149385 0.8337683 0.2280613 0.8366979 0.2193179 0.8406348 0.1977416 0.8542306 0.2000153 0.837171 0.2032196 0.8438697 0.2032196 0.8438697 0.2149385 0.8337683 0.2114137 0.8476997 0.2114137 0.8476997 0.2149385 0.8337683 0.2193179 0.8406348 0.1977416 0.8542306 0.2032196 0.8438697 0.2114137 0.8476997 0.1880827 0.8654765 0.2000153 0.837171 0.1977416 0.8542306 0.2193179 0.8406348 0.2280613 0.8366979 0.2282139 0.8646525 0.2280613 0.8366979 0.2375829 0.8391547 0.2282139 0.8646525 0.2114137 0.8476997 0.2193179 0.8406348 0.2282139 0.8646525 0.2282139 0.8646525 0.2375829 0.8391547 0.2455634 0.8449226 0.1977416 0.8542306 0.2114137 0.8476997 0.2070954 0.8563058 0.2070954 0.8563058 0.2114137 0.8476997 0.2282139 0.8646525 0.2052186 0.86598 0.1977416 0.8542306 0.2070954 0.8563058 0.2052186 0.86598 0.2070954 0.8563058 0.2282139 0.8646525 0.1880827 0.8654765 0.1977416 0.8542306 0.1959106 0.8659343 0.1959106 0.8659343 0.1977416 0.8542306 0.2052186 0.86598 0.1973907 0.8784466 0.1880827 0.8654765 0.1959106 0.8659343 0.1973907 0.8784466 0.1959106 0.8659343 0.2052186 0.86598 0.1962158 0.8932174 0.1880827 0.8654765 0.1973907 0.8784466 0.1973907 0.8784466 0.2052186 0.86598 0.2064545 0.8758984 0.2064545 0.8758984 0.2052186 0.86598 0.2282139 0.8646525 0.1962158 0.8932174 0.1973907 0.8784466 0.2025635 0.8891585 0.1973907 0.8784466 0.2064545 0.8758984 0.2025635 0.8891585 0.1962158 0.8932174 0.2025635 0.8891585 0.2145876 0.8974594 0.2025635 0.8891585 0.2064545 0.8758984 0.2102082 0.8843366 0.2025635 0.8891585 0.2102082 0.8843366 0.2145876 0.8974594 0.2064545 0.8758984 0.2282139 0.8646525 0.2102082 0.8843366 0.1962158 0.8932174 0.2145876 0.8974594 0.2282139 0.9088884 0.2145876 0.8974594 0.2102082 0.8843366 0.218677 0.8901808 0.2102082 0.8843366 0.2282139 0.8646525 0.218677 0.8901808 0.2145876 0.8974594 0.2280613 0.9014878 0.2282139 0.9088884 0.2145876 0.8974594 0.218677 0.8901808 0.2280613 0.9014878 0.2282139 0.9088884 0.2280613 0.9014878 0.2408179 0.8970322 0.218677 0.8901808 0.2280613 0.8926985 0.2280613 0.9014878 0.2280613 0.9014878 0.2280613 0.8926985 0.2408179 0.8970322 0.218677 0.8901808 0.2282139 0.8646525 0.2280613 0.8926985 0.2282139 0.9088884 0.2408179 0.8970322 0.2582895 0.892668 0.2408179 0.8970322 0.2280613 0.8926985 0.2368963 0.8898299 0.2280613 0.8926985 0.2282139 0.8646525 0.2368963 0.8898299 0.2408179 0.8970322 0.251606 0.8883497 0.2582895 0.892668 0.2408179 0.8970322 0.2368963 0.8898299 0.251606 0.8883497 0.2582895 0.892668 0.251606 0.8883497 0.2555581 0.8776379 0.2582895 0.892668 0.2555581 0.8776379 0.2642557 0.8529183 0.2368963 0.8898299 0.2442664 0.8836652 0.251606 0.8883497 0.251606 0.8883497 0.2442664 0.8836652 0.2555581 0.8776379 0.2368963 0.8898299 0.2282139 0.8646525 0.2442664 0.8836652 0.2555581 0.8776379 0.2565499 0.8652171 0.2642557 0.8529183 0.2642557 0.8529183 0.2565499 0.8652171 0.256733 0.8527809 0.2555581 0.8776379 0.2442664 0.8836652 0.2470436 0.8747692 0.2555581 0.8776379 0.2470436 0.8747692 0.2565499 0.8652171 0.2442664 0.8836652 0.2282139 0.8646525 0.2470436 0.8747692 0.2470436 0.8747692 0.2479896 0.8645457 0.2565499 0.8652171 0.2282139 0.8646525 0.2479896 0.8645457 0.2470436 0.8747692 0.2565499 0.8652171 0.2479896 0.8645457 0.256733 0.8527809 0.2282139 0.8646525 0.2477455 0.8540475 0.2479896 0.8645457 0.256733 0.8527809 0.2479896 0.8645457 0.2477455 0.8540475 0.2282139 0.8646525 0.2455634 0.8449226 0.2477455 0.8540475 0.256733 0.8527809 0.2477455 0.8540475 0.2455634 0.8449226</float_array>
          <technique_common>
            <accessor source="#Untitled-mesh-map-1-array" count="8088" stride="2">
              <param name="S" type="float"/>
              <param name="T" type="float"/>
            </accessor>
          </technique_common>
        </source>
        <source id="Untitled-mesh-colors-Col" name="Col">
          <float_array id="Untitled-mesh-colors-Col-array" count="24264">1 1 1 1 1 1 1 1 1 1 1 1 1 1 1 1 1 1 1 1 1 1 1 1 1 1 1 1 1 1 1 1 1 1 1 1 1 1 1 1 1 1 1 1 1 1 1 1 1 1 1 1 1 1 1 1 1 1 1 1 1 1 1 1 1 1 1 1 1 1 1 1 1 1 1 1 1 1 1 1 1 1 1 1 1 1 1 1 1 1 1 1 1 1 1 1 1 1 1 1 1 1 1 1 1 1 1 1 1 1 1 1 1 1 1 1 1 1 1 1 1 1 1 1 1 1 1 1 1 1 1 1 1 1 1 1 1 1 1 1 1 1 1 1 1 1 1 1 1 1 1 1 1 1 1 1 1 1 1 1 1 1 1 1 1 1 1 1 1 1 1 1 1 1 1 1 1 1 1 1 1 1 1 1 1 1 1 1 1 1 1 1 1 1 1 1 1 1 1 1 1 1 1 1 1 1 1 1 1 1 1 1 1 1 1 1 1 1 1 1 1 1 1 1 1 1 1 1 1 1 1 1 1 1 1 1 1 1 1 1 1 1 1 1 1 1 1 1 1 1 1 1 1 1 1 1 1 1 1 1 1 1 1 1 1 1 1 1 1 1 1 1 1 1 1 1 1 1 1 1 1 1 1 1 1 1 1 1 1 1 1 1 1 1 1 1 1 1 1 1 1 1 1 1 1 1 1 1 1 1 1 1 1 1 1 1 1 1 1 1 1 1 1 1 1 1 1 1 1 1 1 1 1 1 1 1 1 1 1 1 1 1 1 1 1 1 1 1 1 1 1 1 1 1 1 1 1 1 1 1 1 1 1 1 1 1 1 1 1 1 1 1 1 1 1 1 1 1 1 1 1 1 1 1 1 1 1 1 1 1 1 1 1 1 1 1 1 1 1 1 1 1 1 1 1 1 1 1 1 1 1 1 1 1 1 1 1 1 1 1 1 1 1 1 1 1 1 1 1 1 1 1 1 1 1 1 1 1 1 1 1 1 1 1 1 1 1 1 1 1 1 1 1 1 1 1 1 1 1 1 1 1 1 1 1 1 1 1 1 1 1 1 1 1 1 1 1 1 1 1 1 1 1 1 1 1 1 1 1 1 1 1 1 1 1 1 1 1 1 1 1 1 1 1 1 1 1 1 1 1 1 1 1 1 1 1 1 1 1 1 1 1 1 1 1 1 1 1 1 1 1 1 1 1 1 1 1 1 1 1 1 1 1 1 1 1 1 1 1 1 1 1 1 1 1 1 1 1 1 1 1 1 1 1 1 1 1 1 1 1 1 1 1 1 1 1 1 1 1 1 1 1 1 1 1 1 1 1 1 1 1 1 1 1 1 1 1 1 1 1 1 1 1 1 1 1 1 1 1 1 1 1 1 1 1 1 1 1 1 1 1 1 1 1 1 1 1 1 1 1 1 1 1 1 1 1 1 1 1 1 1 1 1 1 1 1 1 1 1 1 1 1 1 1 1 1 1 1 1 1 1 1 1 1 1 1 1 1 1 1 1 1 1 1 1 1 1 1 1 1 1 1 1 1 1 1 1 1 1 1 1 1 1 1 1 1 1 1 1 1 1 1 1 1 1 1 1 1 1 1 1 1 1 1 1 1 1 1 1 1 1 1 1 1 1 1 1 1 1 1 1 1 1 1 1 1 1 1 1 1 1 1 1 1 1 1 1 1 1 1 1 1 1 1 1 1 1 1 1 1 1 1 1 1 1 1 1 1 1 1 1 1 1 1 1 1 1 1 1 1 1 1 1 1 1 1 1 1 1 1 1 1 1 1 1 1 1 1 1 1 1 1 1 1 1 1 1 1 1 1 1 1 1 1 1 1 1 1 1 1 1 1 1 1 1 1 1 1 1 1 1 1 1 1 1 1 1 1 1 1 1 1 1 1 1 1 1 1 1 1 1 1 1 1 1 1 1 1 1 1 1 1 1 1 1 1 1 1 1 1 1 1 1 1 1 1 1 1 1 1 1 1 1 1 1 1 1 1 1 1 1 1 1 1 1 1 1 1 1 1 1 1 1 1 1 1 1 1 1 1 1 1 1 1 1 1 1 1 1 1 1 1 1 1 1 1 1 1 1 1 1 1 1 1 1 1 1 1 1 1 1 1 1 1 1 1 1 1 1 1 1 1 1 1 1 1 1 1 1 1 1 1 1 1 1 1 1 1 1 1 1 1 1 1 1 1 1 1 1 1 1 1 1 1 1 1 1 1 1 1 1 1 1 1 1 1 1 1 1 1 1 1 1 1 1 1 1 1 1 1 1 1 1 1 1 1 1 1 1 1 1 1 1 1 1 1 1 1 1 1 1 1 1 1 1 1 1 1 1 1 1 1 1 1 1 1 1 1 1 1 1 1 1 1 1 1 1 1 1 1 1 1 1 1 1 1 1 1 1 1 1 1 1 1 1 1 1 1 1 1 1 1 1 1 1 1 1 1 1 1 1 1 1 1 1 1 1 1 1 1 1 1 1 1 1 1 1 1 1 1 1 1 1 1 1 1 1 1 1 1 1 1 1 1 1 1 1 1 1 1 1 1 1 1 1 1 1 1 1 1 1 1 1 1 1 1 1 1 1 1 1 1 1 1 1 1 1 1 1 1 1 1 1 1 1 1 1 1 1 1 1 1 1 1 1 1 1 1 1 1 1 1 1 1 1 1 1 1 1 1 1 1 1 1 1 1 1 1 1 1 1 1 1 1 1 1 1 1 1 1 1 1 1 1 1 1 1 1 1 1 1 1 1 1 1 1 1 1 1 1 1 1 1 1 1 1 1 1 1 1 1 1 1 1 1 1 1 1 1 1 1 1 1 1 1 1 1 1 1 1 1 1 1 1 1 1 1 1 1 1 1 1 1 1 1 1 1 1 1 1 1 1 1 1 1 1 1 1 1 1 1 1 1 1 1 1 1 1 1 1 1 1 1 1 1 1 1 1 1 1 1 1 1 1 1 1 1 1 1 1 1 1 1 1 1 1 1 1 1 1 1 1 1 1 1 1 1 1 1 1 1 1 1 1 1 1 1 1 1 1 1 1 1 1 1 1 1 1 1 1 1 1 1 1 1 1 1 1 1 1 1 1 1 1 1 1 1 1 1 1 1 1 1 1 1 1 1 1 1 1 1 1 1 1 1 1 1 1 1 1 1 1 1 1 1 1 1 1 1 1 1 1 1 1 1 1 1 1 1 1 1 1 1 1 1 1 1 1 1 1 1 1 1 1 1 1 1 1 1 1 1 1 1 1 1 1 1 1 1 1 1 1 1 1 1 1 1 1 1 1 1 1 1 1 1 1 1 1 1 1 1 1 1 1 1 1 1 1 1 1 1 1 1 1 1 1 1 1 1 1 1 1 1 1 1 1 1 1 1 1 1 1 1 1 1 1 1 1 1 1 1 1 1 1 1 1 1 1 1 1 1 1 1 1 1 1 1 1 1 1 1 1 1 1 1 1 1 1 1 1 1 1 1 1 1 1 1 1 1 1 1 1 1 1 1 1 1 1 1 1 1 1 1 1 1 1 1 1 1 1 1 1 1 1 1 1 1 1 1 1 1 1 1 1 1 1 1 1 1 1 1 1 1 1 1 1 1 1 1 1 1 1 1 1 1 1 1 1 1 1 1 1 1 1 1 1 1 1 1 1 1 1 1 1 1 1 1 1 1 1 1 1 1 1 1 1 1 1 1 1 1 1 1 1 1 1 1 1 1 1 1 1 1 1 1 1 1 1 1 1 1 1 1 1 1 1 1 1 1 1 1 1 1 1 1 1 1 1 1 1 1 1 1 1 1 1 1 1 1 1 1 1 1 1 1 1 1 1 1 1 1 1 1 1 1 1 1 1 1 1 1 1 1 1 1 1 1 1 1 1 1 1 1 1 1 1 1 1 1 1 1 1 1 1 1 1 1 1 1 1 1 1 1 1 1 1 1 1 1 1 1 1 1 1 1 1 1 1 1 1 1 1 1 1 1 1 1 1 1 1 1 1 1 1 1 1 1 1 1 1 1 1 1 1 1 1 1 1 1 1 1 1 1 1 1 1 1 1 1 1 1 1 1 1 1 1 1 1 1 1 1 1 1 1 1 1 1 1 1 1 1 1 1 1 1 1 1 1 1 1 1 1 1 1 1 1 1 1 1 1 1 1 1 1 1 1 1 1 1 1 1 1 1 1 1 1 1 1 1 1 1 1 1 1 1 1 1 1 1 1 1 1 1 1 1 1 1 1 1 1 1 1 1 1 1 1 1 1 1 1 1 1 1 1 1 1 1 1 1 1 1 1 1 1 1 1 1 1 1 1 1 1 1 1 1 1 1 1 1 1 1 1 1 1 1 1 1 1 1 1 1 1 1 1 1 1 1 1 1 1 1 1 1 1 1 1 1 1 1 1 1 1 1 1 1 1 1 1 1 1 1 1 1 1 1 1 1 1 1 1 1 1 1 1 1 1 1 1 1 1 1 1 1 1 1 1 1 1 1 1 1 1 1 1 1 1 1 1 1 1 1 1 1 1 1 1 1 1 1 1 1 1 1 1 1 1 1 1 1 1 1 1 1 1 1 1 1 1 1 1 1 1 1 1 1 1 1 1 1 1 1 1 1 1 1 1 1 1 1 1 1 1 1 1 1 1 1 1 1 1 1 1 1 1 1 1 1 1 1 1 1 1 1 1 1 1 1 1 1 1 1 1 1 1 1 1 1 1 1 1 1 1 1 1 1 1 1 1 1 1 1 1 1 1 1 1 1 1 1 1 1 1 1 1 1 1 1 1 1 1 1 1 1 1 1 1 1 1 1 1 1 1 1 1 1 1 1 1 1 1 1 1 1 1 1 1 1 1 1 1 1 1 1 1 1 1 1 1 1 1 1 1 1 1 1 1 1 1 1 1 1 1 1 1 1 1 1 1 1 1 1 1 1 1 1 1 1 1 1 1 1 1 1 1 1 1 1 1 1 1 1 1 1 1 1 1 1 1 1 1 1 1 1 1 1 1 1 1 1 1 1 1 1 1 1 1 1 1 1 1 1 1 1 1 1 1 1 1 1 1 1 1 1 1 1 1 1 1 1 1 1 1 1 1 1 1 1 1 1 1 1 1 1 1 1 1 1 1 1 1 1 1 1 1 1 1 1 1 1 1 1 1 1 1 1 1 1 1 1 1 1 1 1 1 1 1 1 1 1 1 1 1 1 1 1 1 1 1 1 1 1 1 1 1 1 1 1 1 1 1 1 1 1 1 1 1 1 1 1 1 1 1 1 1 1 1 1 1 1 1 1 1 1 1 1 1 1 1 1 1 1 1 1 1 1 1 1 1 1 1 1 1 1 1 1 1 1 1 1 1 1 1 1 1 1 1 1 1 1 1 1 1 1 1 1 1 1 1 1 1 1 1 1 1 1 1 1 1 1 1 1 1 1 1 1 1 1 1 1 1 1 1 1 1 1 1 1 1 1 1 1 1 1 1 1 1 1 1 1 1 1 1 1 1 1 1 1 1 1 1 1 1 1 1 1 1 1 1 1 1 1 1 1 1 1 1 1 1 1 1 1 1 1 1 1 1 1 1 1 1 1 1 1 1 1 1 1 1 1 1 1 1 1 1 1 1 1 1 1 1 1 1 1 1 1 1 1 1 1 1 1 1 1 1 1 1 1 1 1 1 1 1 1 1 1 1 1 1 1 1 1 1 1 1 1 1 1 1 1 1 1 1 1 1 1 1 1 1 1 1 1 1 1 1 1 1 1 1 1 1 1 1 1 1 1 1 1 1 1 1 1 1 1 1 1 1 1 1 1 1 1 1 1 1 1 1 1 1 1 1 1 1 1 1 1 1 1 1 1 1 1 1 1 1 1 1 1 1 1 1 1 1 1 1 1 1 1 1 1 1 1 1 1 1 1 1 1 1 1 1 1 1 1 1 1 1 1 1 1 1 1 1 1 1 1 1 1 1 1 1 1 1 1 1 1 1 1 1 1 1 1 1 1 1 1 1 1 1 1 1 1 1 1 1 1 1 1 1 1 1 1 1 1 1 1 1 1 1 1 1 1 1 1 1 1 1 1 1 1 1 1 1 1 1 1 1 1 1 1 1 1 1 1 1 1 1 1 1 1 1 1 1 1 1 1 1 1 1 1 1 1 1 1 1 1 1 1 1 1 1 1 1 1 1 1 1 1 1 1 1 1 1 1 1 1 1 1 1 1 1 1 1 1 1 1 1 1 1 1 1 1 1 1 1 1 1 1 1 1 1 1 1 1 1 1 1 1 1 1 1 1 1 1 1 1 1 1 1 1 1 1 1 1 1 1 1 1 1 1 1 1 1 1 1 1 1 1 1 1 1 1 1 1 1 1 1 1 1 1 1 1 1 1 1 1 1 1 1 1 1 1 1 1 1 1 1 1 1 1 1 1 1 1 1 1 1 1 1 1 1 1 1 1 1 1 1 1 1 1 1 1 1 1 1 1 1 1 1 1 1 1 1 1 1 1 1 1 1 1 1 1 1 1 1 1 1 1 1 1 1 1 1 1 1 1 1 1 1 1 1 1 1 1 1 1 1 1 1 1 1 1 1 1 1 1 1 1 1 1 1 1 1 1 1 1 1 1 1 1 1 1 1 1 1 1 1 1 1 1 1 1 1 1 1 1 1 1 1 1 1 1 1 1 1 1 1 1 1 1 1 1 1 1 1 1 1 1 1 1 1 1 1 1 1 1 1 1 1 1 1 1 1 1 1 1 1 1 1 1 1 1 1 1 1 1 1 1 1 1 1 1 1 1 1 1 1 1 1 1 1 1 1 1 1 1 1 1 1 1 1 1 1 1 1 1 1 1 1 1 1 1 1 1 1 1 1 1 1 1 1 1 1 1 1 1 1 1 1 1 1 1 1 1 1 1 1 1 1 1 1 1 1 1 1 1 1 1 1 1 1 1 1 1 1 1 1 1 1 1 1 1 1 1 1 1 1 1 1 1 1 1 1 1 1 1 1 1 1 1 1 1 1 1 1 1 1 1 1 1 1 1 1 1 1 1 1 1 1 1 1 1 1 1 1 1 1 1 1 1 1 1 1 1 1 1 1 1 1 1 1 1 1 1 1 1 1 1 1 1 1 1 1 1 1 1 1 1 1 1 1 1 1 1 1 1 1 1 1 1 1 1 1 1 1 1 1 1 1 1 1 1 1 1 1 1 1 1 1 1 1 1 1 1 1 1 1 1 1 1 1 1 1 1 1 1 1 1 1 1 1 1 1 1 1 1 1 1 1 1 1 1 1 1 1 1 1 1 1 1 1 1 1 1 1 1 1 1 1 1 1 1 1 1 1 1 1 1 1 1 1 1 1 1 1 1 1 1 1 1 1 1 1 1 1 1 1 1 1 1 1 1 1 1 1 1 1 1 1 1 1 1 1 1 1 1 1 1 1 1 1 1 1 1 1 1 1 1 1 1 1 1 1 1 1 1 1 1 1 1 1 1 1 1 1 1 1 1 1 1 1 1 1 1 1 1 1 1 1 1 1 1 1 1 1 1 1 1 1 1 1 1 1 1 1 1 1 1 1 1 1 1 1 1 1 1 1 1 1 1 1 1 1 1 1 1 1 1 1 1 1 1 1 1 1 1 1 1 1 1 1 1 1 1 1 1 1 1 1 1 1 1 1 1 1 1 1 1 1 1 1 1 1 1 1 1 1 1 1 1 1 1 1 1 1 1 1 1 1 1 1 1 1 1 1 1 1 1 1 1 1 1 1 1 1 1 1 1 1 1 1 1 1 1 1 1 1 1 1 1 1 1 1 1 1 1 1 1 1 1 1 1 1 1 1 1 1 1 1 1 1 1 1 1 1 1 1 1 1 1 1 1 1 1 1 1 1 1 1 1 1 1 1 1 1 1 1 1 1 1 1 1 1 1 1 1 1 1 1 1 1 1 1 1 1 1 1 1 1 1 1 1 1 1 1 1 1 1 1 1 1 1 1 1 1 1 1 1 1 1 1 1 1 1 1 1 1 1 1 1 1 1 1 1 1 1 1 1 1 1 1 1 1 1 1 1 1 1 1 1 1 1 1 1 1 1 1 1 1 1 1 1 1 1 1 1 1 1 1 1 1 1 1 1 1 1 1 1 1 1 1 1 1 1 1 1 1 1 1 1 1 1 1 1 1 1 1 1 1 1 1 1 1 1 1 1 1 1 1 1 1 1 1 1 1 1 1 1 1 1 1 1 1 1 1 1 1 1 1 1 1 1 1 1 1 1 1 1 1 1 1 1 1 1 1 1 1 1 1 1 1 1 1 1 1 1 1 1 1 1 1 1 1 1 1 1 1 1 1 1 1 1 1 1 1 1 1 1 1 1 1 1 1 1 1 1 1 1 1 1 1 1 1 1 1 1 1 1 1 1 1 1 1 1 1 1 1 1 1 1 1 1 1 1 1 1 1 1 1 1 1 1 1 1 1 1 1 1 1 1 1 1 1 1 1 1 1 1 1 1 1 1 1 1 1 1 1 1 1 1 1 1 1 1 1 1 1 1 1 1 1 1 1 1 1 1 1 1 1 1 1 1 1 1 1 1 1 1 1 1 1 1 1 1 1 1 1 1 1 1 1 1 1 1 1 1 1 1 1 1 1 1 1 1 1 1 1 1 1 1 1 1 1 1 1 1 1 1 1 1 1 1 1 1 1 1 1 1 1 1 1 1 1 1 1 1 1 1 1 1 1 1 1 1 1 1 1 1 1 1 1 1 1 1 1 1 1 1 1 1 1 1 1 1 1 1 1 1 1 1 1 1 1 1 1 1 1 1 1 1 1 1 1 1 1 1 1 1 1 1 1 1 1 1 1 1 1 1 1 1 1 1 1 1 1 1 1 1 1 1 1 1 1 1 1 1 1 1 1 1 1 1 1 1 1 1 1 1 1 1 1 1 1 1 1 1 1 1 1 1 1 1 1 1 1 1 1 1 1 1 1 1 1 1 1 1 1 1 1 1 1 1 1 1 1 1 1 1 1 1 1 1 1 1 1 1 1 1 1 1 1 1 1 1 1 1 1 1 1 1 1 1 1 1 1 1 1 1 1 1 1 1 1 1 1 1 1 1 1 1 1 1 1 1 1 1 1 1 1 1 1 1 1 1 1 1 1 1 1 1 1 1 1 1 1 1 1 1 1 1 1 1 1 1 1 1 1 1 1 1 1 1 1 1 1 1 1 1 1 1 1 1 1 1 1 1 1 1 1 1 1 1 1 1 1 1 1 1 1 1 1 1 1 1 1 1 1 1 1 1 1 1 1 1 1 1 1 1 1 1 1 1 1 1 1 1 1 1 1 1 1 1 1 1 1 1 1 1 1 1 1 1 1 1 1 1 1 1 1 1 1 1 1 1 1 1 1 1 1 1 1 1 1 1 1 1 1 1 1 1 1 1 1 1 1 1 1 1 1 1 1 1 1 1 1 1 1 1 1 1 1 1 1 1 1 1 1 1 1 1 1 1 1 1 1 1 1 1 1 1 1 1 1 1 1 1 1 1 1 1 1 1 1 1 1 1 1 1 1 1 1 1 1 1 1 1 1 1 1 1 1 1 1 1 1 1 1 1 1 1 1 1 1 1 1 1 1 1 1 1 1 1 1 1 1 1 1 1 1 1 1 1 1 1 1 1 1 1 1 1 1 1 1 1 1 1 1 1 1 1 1 1 1 1 1 1 1 1 1 1 1 1 1 1 1 1 1 1 1 1 1 1 1 1 1 1 1 1 1 1 1 1 1 1 1 1 1 1 1 1 1 1 1 1 1 1 1 1 1 1 1 1 1 1 1 1 1 1 1 1 1 1 1 1 1 1 1 1 1 1 1 1 1 1 1 1 1 1 1 1 1 1 1 1 1 1 1 1 1 1 1 1 1 1 1 1 1 1 1 1 1 1 1 1 1 1 1 1 1 1 1 1 1 1 1 1 1 1 1 1 1 1 1 1 1 1 1 1 1 1 1 1 1 1 1 1 1 1 1 1 1 1 1 1 1 1 1 1 1 1 1 1 1 1 1 1 1 1 1 1 1 1 1 1 1 1 1 1 1 1 1 1 1 1 1 1 1 1 1 1 1 1 1 1 1 1 1 1 1 1 1 1 1 1 1 1 1 1 1 1 1 1 1 1 1 1 1 1 1 1 1 1 1 1 1 1 1 1 1 1 1 1 1 1 1 1 1 1 1 1 1 1 1 1 1 1 1 1 1 1 1 1 1 1 1 1 1 1 1 1 1 1 1 1 1 1 1 1 1 1 1 1 1 1 1 1 1 1 1 1 1 1 1 1 1 1 1 1 1 1 1 1 1 1 1 1 1 1 1 1 1 1 1 1 1 1 1 1 1 1 1 1 1 1 1 1 1 1 1 1 1 1 1 1 1 1 1 1 1 1 1 1 1 1 1 1 1 1 1 1 1 1 1 1 1 1 1 1 1 1 1 1 1 1 1 1 1 1 1 1 1 1 1 1 1 1 1 1 1 1 1 1 1 1 1 1 1 1 1 1 1 1 1 1 1 1 1 1 1 1 1 1 1 1 1 1 1 1 1 1 1 1 1 1 1 1 1 1 1 1 1 1 1 1 1 1 1 1 1 1 1 1 1 1 1 1 1 1 1 1 1 1 1 1 1 1 1 1 1 1 1 1 1 1 1 1 1 1 1 1 1 1 1 1 1 1 1 1 1 1 1 1 1 1 1 1 1 1 1 1 1 1 1 1 1 1 1 1 1 1 1 1 1 1 1 1 1 1 1 1 1 1 1 1 1 1 1 1 1 1 1 1 1 1 1 1 1 1 1 1 1 1 1 1 1 1 1 1 1 1 1 1 1 1 1 1 1 1 1 1 1 1 1 1 1 1 1 1 1 1 1 1 1 1 1 1 1 1 1 1 1 1 1 1 1 1 1 1 1 1 1 1 1 1 1 1 1 1 1 1 1 1 1 1 1 1 1 1 1 1 1 1 1 1 1 1 1 1 1 1 1 1 1 1 1 1 1 1 1 1 1 1 1 1 1 1 1 1 1 1 1 1 1 1 1 1 1 1 1 1 1 1 1 1 1 1 1 1 1 1 1 1 1 1 1 1 1 1 1 1 1 1 1 1 1 1 1 1 1 1 1 1 1 1 1 1 1 1 1 1 1 1 1 1 1 1 1 1 1 1 1 1 1 1 1 1 1 1 1 1 1 1 1 1 1 1 1 1 1 1 1 1 1 1 1 1 1 1 1 1 1 1 1 1 1 1 1 1 1 1 1 1 1 1 1 1 1 1 1 1 1 1 1 1 1 1 1 1 1 1 1 1 1 1 1 1 1 1 1 1 1 1 1 1 1 1 1 1 1 1 1 1 1 1 1 1 1 1 1 1 1 1 1 1 1 1 1 1 1 1 1 1 1 1 1 1 1 1 1 1 1 1 1 1 1 1 1 1 1 1 1 1 1 1 1 1 1 1 1 1 1 1 1 1 1 1 1 1 1 1 1 1 1 1 1 1 1 1 1 1 1 1 1 1 1 1 1 1 1 1 1 1 1 1 1 1 1 1 1 1 1 1 1 1 1 1 1 1 1 1 1 1 1 1 1 1 1 1 1 1 1 1 1 1 1 1 1 1 1 1 1 1 1 1 1 1 1 1 1 1 1 1 1 1 1 1 1 1 1 1 1 1 1 1 1 1 1 1 1 1 1 1 1 1 1 1 1 1 1 1 1 1 1 1 1 1 1 1 1 1 1 1 1 1 1 1 1 1 1 1 1 1 1 1 1 1 1 1 1 1 1 1 1 1 1 1 1 1 1 1 1 1 1 1 1 1 1 1 1 1 1 1 1 1 1 1 1 1 1 1 1 1 1 1 1 1 1 1 1 1 1 1 1 1 1 1 1 1 1 1 1 1 1 1 1 1 1 1 1 1 1 1 1 1 1 1 1 1 1 1 1 1 1 1 1 1 1 1 1 1 1 1 1 1 1 1 1 1 1 1 1 1 1 1 1 1 1 1 1 1 1 1 1 1 1 1 1 1 1 1 1 1 1 1 1 1 1 1 1 1 1 1 1 1 1 1 1 1 1 1 1 1 1 1 1 1 1 1 1 1 1 1 1 1 1 1 1 1 1 1 1 1 1 1 1 1 1 1 1 1 1 1 1 1 1 1 1 1 1 1 1 1 1 1 1 1 1 1 1 1 1 1 1 1 1 1 1 1 1 1 1 1 1 1 1 1 1 1 1 1 1 1 1 1 1 1 1 1 1 1 1 1 1 1 1 1 1 1 1 1 1 1 1 1 1 1 1 1 1 1 1 1 1 1 1 1 1 1 1 1 1 1 1 1 1 1 1 1 1 1 1 1 1 1 1 1 1 1 1 1 1 1 1 1 1 1 1 1 1 1 1 1 1 1 1 1 1 1 1 1 1 1 1 1 1 1 1 1 1 1 1 1 1 1 1 1 1 1 1 1 1 1 1 1 1 1 1 1 1 1 1 1 1 1 1 1 1 1 1 1 1 1 1 1 1 1 1 1 1 1 1 1 1 1 1 1 1 1 1 1 1 1 1 1 1 1 1 1 1 1 1 1 1 1 1 1 1 1 1 1 1 1 1 1 1 1 1 1 1 1 1 1 1 1 1 1 1 1 1 1 1 1 1 1 1 1 1 1 1 1 1 1 1 1 1 1 1 1 1 1 1 1 1 1 1 1 1 1 1 1 1 1 1 1 1 1 1 1 1 1 1 1 1 1 1 1 1 1 1 1 1 1 1 1 1 1 1 1 1 1 1 1 1 1 1 1 1 1 1 1 1 1 1 1 1 1 1 1 1 1 1 1 1 1 1 1 1 1 1 1 1 1 1 1 1 1 1 1 1 1 1 1 1 1 1 1 1 1 1 1 1 1 1 1 1 1 1 1 1 1 1 1 1 1 1 1 1 1 1 1 1 1 1 1 1 1 1 1 1 1 1 1 1 1 1 1 1 1 1 1 1 1 1 1 1 1 1 1 1 1 1 1 1 1 1 1 1 1 1 1 1 1 1 1 1 1 1 1 1 1 1 1 1 1 1 1 1 1 1 1 1 1 1 1 1 1 1 1 1 1 1 1 1 1 1 1 1 1 1 1 1 1 1 1 1 1 1 1 1 1 1 1 1 1 1 1 1 1 1 1 1 1 1 1 1 1 1 1 1 1 1 1 1 1 1 1 1 1 1 1 1 1 1 1 1 1 1 1 1 1 1 1 1 1 1 1 1 1 1 1 1 1 1 1 1 1 1 1 1 1 1 1 1 1 1 1 1 1 1 1 1 1 1 1 1 1 1 1 1 1 1 1 1 1 1 1 1 1 1 1 1 1 1 1 1 1 1 1 1 1 1 1 1 1 1 1 1 1 1 1 1 1 1 1 1 1 1 1 1 1 1 1 1 1 1 1 1 1 1 1 1 1 1 1 1 1 1 1 1 1 1 1 1 1 1 1 1 1 1 1 1 1 1 1 1 1 1 1 1 1 1 1 1 1 1 1 1 1 1 1 1 1 1 1 1 1 1 1 1 1 1 1 1 1 1 1 1 1 1 1 1 1 1 1 1 1 1 1 1 1 1 1 1 1 1 1 1 1 1 1 1 1 1 1 1 1 1 1 1 1 1 1 1 1 1 1 1 1 1 1 1 1 1 1 1 1 1 1 1 1 1 1 1 1 1 1 1 1 1 1 1 1 1 1 1 1 1 1 1 1 1 1 1 1 1 1 1 1 1 1 1 1 1 1 1 1 1 1 1 1 1 1 1 1 1 1 1 1 1 1 1 1 1 1 1 1 1 1 1 1 1 1 1 1 1 1 1 1 1 1 1 1 1 1 1 1 1 1 1 1 1 1 1 1 1 1 1 1 1 1 1 1 1 1 1 1 1 1 1 1 1 1 1 1 1 1 1 1 1 1 1 1 1 1 1 1 1 1 1 1 1 1 1 1 1 1 1 1 1 1 1 1 1 1 1 1 1 1 1 1 1 1 1 1 1 1 1 1 1 1 1 1 1 1 1 1 1 1 1 1 1 1 1 1 1 1 1 1 1 1 1 1 1 1 1 1 1 1 1 1 1 1 1 1 1 1 1 1 1 1 1 1 1 1 1 1 1 1 1 1 1 1 1 1 1 1 1 1 1 1 1 1 1 1 1 1 1 1 1 1 1 1 1 1 1 1 1 1 1 1 1 1 1 1 1 1 1 1 1 1 1 1 1 1 1 1 1 1 1 1 1 1 1 1 1 1 1 1 1 1 1 1 1 1 1 1 1 1 1 1 1 1 1 1 1 1 1 1 1 1 1 1 1 1 1 1 1 1 1 1 1 1 1 1 1 1 1 1 1 1 1 1 1 1 1 1 1 1 1 1 1 1 1 1 1 1 1 1 1 1 1 1 1 1 1 1 1 1 1 1 1 1 1 1 1 1 1 1 1 1 1 1 1 1 1 1 1 1 1 1 1 1 1 1 1 1 1 1 1 1 1 1 1 1 1 1 1 1 1 1 1 1 1 1 1 1 1 1 1 1 1 1 1 1 1 1 1 1 1 1 1 1 1 1 1 1 1 1 1 1 1 1 1 1 1 1 1 1 1 1 1 1 1 1 1 1 1 1 1 1 1 1 1 1 1 1 1 1 1 1 1 1 1 1 1 1 1 1 1 1 1 1 1 1 1 1 1 1 1 1 1 1 1 1 1 1 1 1 1 1 1 1 1 1 1 1 1 1 1 1 1 1 1 1 1 1 1 1 1 1 1 1 1 1 1 1 1 1 1 1 1 1 1 1 1 1 1 1 1 1 1 1 1 1 1 1 1 1 1 1 1 1 1 1 1 1 1 1 1 1 1 1 1 1 1 1 1 1 1 1 1 1 1 1 1 1 1 1 1 1 1 1 1 1 1 1 1 1 1 1 1 1 1 1 1 1 1 1 1 1 1 1 1 1 1 1 1 1 1 1 1 1 1 1 1 1 1 1 1 1 1 1 1 1 1 1 1 1 1 1 1 1 1 1 1 1 1 1 1 1 1 1 1 1 1 1 1 1 1 1 1 1 1 1 1 1 1 1 1 1 1 1 1 1 1 1 1 1 1 1 1 1 1 1 1 1 1 1 1 1 1 1 1 1 1 1 1 1 1 1 1 1 1 1 1 1 1 1 1 1 1 1 1 1 1 1 1 1 1 1 1 1 1 1 1 1 1 1 1 1 1 1 1 1 1 1 1 1 1 1 1 1 1 1 1 1 1 1 1 1 1 1 1 1 1 1 1 1 1 1 1 1 1 1 1 1 1 1 1 1 1 1 1 1 1 1 1 1 1 1 1 1 1 1 1 1 1 1 1 1 1 1 1 1 1 1 1 1 1 1 1 1 1 1 1 1 1 1 1 1 1 1 1 1 1 1 1 1 1 1 1 1 1 1 1 1 1 1 1 1 1 1 1 1 1 1 1 1 1 1 1 1 1 1 1 1 1 1 1 1 1 1 1 1 1 1 1 1 1 1 1 1 1 1 1 1 1 1 1 1 1 1 1 1 1 1 1 1 1 1 1 1 1 1 1 1 1 1 1 1 1 1 1 1 1 1 1 1 1 1 1 1 1 1 1 1 1 1 1 1 1 1 1 1 1 1 1 1 1 1 1 1 1 1 1 1 1 1 1 1 1 1 1 1 1 1 1 1 1 1 1 1 1 1 1 1 1 1 1 1 1 1 1 1 1 1 1 1 1 1 1 1 1 1 1 1 1 1 1 1 1 1 1 1 1 1 1 1 1 1 1 1 1 1 1 1 1 1 1 1 1 1 1 1 1 1 1 1 1 1 1 1 1 1 1 1 1 1 1 1 1 1 1 1 1 1 1 1 1 1 1 1 1 1 1 1 1 1 1 1 1 1 1 1 1 1 1 1 1 1 1 1 1 1 1 1 1 1 1 1 1 1 1 1 1 1 1 1 1 1 1 1 1 1 1 1 1 1 1 1 1 1 1 1 1 1 1 1 1 1 1 1 1 1 1 1 1 1 1 1 1 1 1 1 1 1 1 1 1 1 1 1 1 1 1 1 1 1 1 1 1 1 1 1 1 1 1 1 1 1 1 1 1 1 1 1 1 1 1 1 1 1 1 1 1 1 1 1 1 1 1 1 1 1 1 1 1 1 1 1 1 1 1 1 1 1 1 1 1 1 1 1 1 1 1 1 1 1 1 1 1 1 1 1 1 1 1 1 1 1 1 1 1 1 1 1 1 1 1 1 1 1 1 1 1 1 1 1 1 1 1 1 1 1 1 1 1 1 1 1 1 1 1 1 1 1 1 1 1 1 1 1 1 1 1 1 1 1 1 1 1 1 1 1 1 1 1 1 1 1 1 1 1 1 1 1 1 1 1 1 1 1 1 1 1 1 1 1 1 1 1 1 1 1 1 1 1 1 1 1 1 1 1 1 1 1 1 1 1 1 1 1 1 1 1 1 1 1 1 1 1 1 1 1 1 1 1 1 1 1 1 1 1 1 1 1 1 1 1 1 1 1 1 1 1 1 1 1 1 1 1 1 1 1 1 1 1 1 1 1 1 1 1 1 1 1 1 1 1 1 1 1 1 1 1 1 1 1 1 1 1 1 1 1 1 1 1 1 1 1 1 1 1 1 1 1 1 1 1 1 1 1 1 1 1 1 1 1 1 1 1 1 1 1 1 1 1 1 1 1 1 1 1 1 1 1 1 1 1 1 1 1 1 1 1 1 1 1 1 1 1 1 1 1 1 1 1 1 1 1 1 1 1 1 1 1 1 1 1 1 1 1 1 1 1 1 1 1 1 1 1 1 1 1 1 1 1 1 1 1 1 1 1 1 1 1 1 1 1 1 1 1 1 1 1 1 1 1 1 1 1 1 1 1 1 1 1 1 1 1 1 1 1 1 1 1 1 1 1 1 1 1 1 1 1 1 1 1 1 1 1 1 1 1 1 1 1 1 1 1 1 1 1 1 1 1 1 1 1 1 1 1 1 1 1 1 1 1 1 1 1 1 1 1 1 1 1 1 1 1 1 1 1 1 1 1 1 1 1 1 1 1 1 1 1 1 1 1 1 1 1 1 1 1 1 1 1 1 1 1 1 1 1 1 1 1 1 1 1 1 1 1 1 1 1 1 1 1 1 1 1 1 1 1 1 1 1 1 1 1 1 1 1 1 1 1 1 1 1 1 1 1 1 1 1 1 1 1 1 1 1 1 1 1 1 1 1 1 1 1 1 1 1 1 1 1 1 1 1 1 1 1 1 1 1 1 1 1 1 1 1 1 1 1 1 1 1 1 1 1 1 1 1 1 1 1 1 1 1 1 1 1 1 1 1 1 1 1 1 1 1 1 1 1 1 1 1 1 1 1 1 1 1 1 1 1 1 1 1 1 1 1 1 1 1 1 1 1 1 1 1 1 1 1 1 1 1 1 1 1 1 1 1 1 1 1 1 1 1 1 1 1 1 1 1 1 1 1 1 1 1 1 1 1 1 1 1 1 1 1 1 1 1 1 1 1 1 1 1 1 1 1 1 1 1 1 1 1 1 1 1 1 1 1 1 1 1 1 1 1 1 1 1 1 1 1 1 1 1 1 1 1 1 1 1 1 1 1 1 1 1 1 1 1 1 1 1 1 1 1 1 1 1 1 1 1 1 1 1 1 1 1 1 1 1 1 1 1 1 1 1 1 1 1 1 1 1 1 1 1 1 1 1 1 1 1 1 1 1 1 1 1 1 1 1 1 1 1 1 1 1 1 1 1 1 1 1 1 1 1 1 1 1 1 1 1 1 1 1 1 1 1 1 1 1 1 1 1 1 1 1 1 1 1 1 1 1 1 1 1 1 1 1 1 1 1 1 1 1 1 1 1 1 1 1 1 1 1 1 1 1 1 1 1 1 1 1 1 1 1 1 1 1 1 1 1 1 1 1 1 1 1 1 1 1 1 1 1 1 1 1 1 1 1 1 1 1 1 1 1 1 1 1 1 1 1 1 1 1 1 1 1 1 1 1 1 1 1 1 1 1 1 1 1 1 1 1 1 1 1 1 1 1 1 1 1 1 1 1 1 1 1 1 1 1 1 1 1 1 1 1 1 1 1 1 1 1 1 1 1 1 1 1 1 1 1 1 1 1 1 1 1 1 1 1 1 1 1 1 1 1 1 1 1 1 1 1 1 1 1 1 1 1 1 1 1 1 1 1 1 1 1 1 1 1 1 1 1 1 1 1 1 1 1 1 1 1 1 1 1 1 1 1 1 1 1 1 1 1 1 1 1 1 1 1 1 1 1 1 1 1 1 1 1 1 1 1 1 1 1 1 1 1 1 1 1 1 1 1 1 1 1 1 1 1 1 1 1 1 1 1 1 1 1 1 1 1 1 1 1 1 1 1 1 1 1 1 1 1 1 1 1 1 1 1 1 1 1 1 1 1 1 1 1 1 1 1 1 1 1 1 1 1 1 1 1 1 1 1 1 1 1 1 1 1 1 1 1 1 1 1 1 1 1 1 1 1 1 1 1 1 1 1 1 1 1 1 1 1 1 1 1 1 1 1 1 1 1 1 1 1 1 1 1 1 1 1 1 1 1 1 1 1 1 1 1 1 1 1 1 1 1 1 1 1 1 1 1 1 1 1 1 1 1 1 1 1 1 1 1 1 1 1 1 1 1 1 1 1 1 1 1 1 1 1 1 1 1 1 1 1 1 1 1 1 1 1 1 1 1 1 1 1 1 1 1 1 1 1 1 1 1 1 1 1 1 1 1 1 1 1 1 1 1 1 1 1 1 1 1 1 1 1 1 1 1 1 1 1 1 1 1 1 1 1 1 1 1 1 1 1 1 1 1 1 1 1 1 1 1 1 1 1 1 1 1 1 1 1 1 1 1 1 1 1 1 1 1 1 1 1 1 1 1 1 1 1 1 1 1 1 1 1 1 1 1 1 1 1 1 1 1 1 1 1 1 1 1 1 1 1 1 1 1 1 1 1 1 1 1 1 1 1 1 1 1 1 1 1 1 1 1 1 1 1 1 1 1 1 1 1 1 1 1 1 1 1 1 1 1 1 1 1 1 1 1 1 1 1 1 1 1 1 1 1 1 1 1 1 1 1 1 1 1 1 1 1 1 1 1 1 1 1 1 1 1 1 1 1 1 1 1 1 1 1 1 1 1 1 1 1 1 1 1 1 1 1 1 1 1 1 1 1 1 1 1 1 1 1 1 1 1 1 1 1 1 1 1 1 1 1 1 1 1 1 1 1 1 1 1 1 1 1 1 1 1 1 1 1 1 1 1 1 1 1 1 1 1 1 1 1 1 1 1 1 1 1 1 1 1 1 1 1 1 1 1 1 1 1 1 1 1 1 1 1 1 1 1 1 1 1 1 1 1 1 1 1 1 1 1 1 1 1 1 1 1 1 1 1 1 1 1 1 1 1 1 1 1 1 1 1 1 1 1 1 1 1 1 1 1 1 1 1 1 1 1 1 1 1 1 1 1 1 1 1 1 1 1 1 1 1 1 1 1 1 1 1 1 1 1 1 1 1 1 1 1 1 1 1 1 1 1 1 1 1 1 1 1 1 1 1 1 1 1 1 1 1 1 1 1 1 1 1 1 1 1 1 1 1 1 1 1 1 1 1 1 1 1 1 1 1 1 1 1 1 1 1 1 1 1 1 1 1 1 1 1 1 1 1 1 1 1 1 1 1 1 1 1 1 1 1 1 1 1 1 1 1 1 1 1 1 1 1 1 1 1 1 1 1 1 1 1 1 1 1 1 1 1 1 1 1 1 1 1 1 1 1 1 1 1 1 1 1 1 1 1 1 1 1 1 1 1 1 1 1 1 1 1 1 1 1 1 1 1 1 1 1 1 1 1 1 1 1 1 1 1 1 1 1 1 1 1 1 1 1 1 1 1 1 1 1 1 1 1 1 1 1 1 1 1 1 1 1 1 1 1 1 1 1 1 1 1 1 1 1 1 1 1 1 1 1 1 1 1 1 1 1 1 1 1 1 1 1 1 1 1 1 1 1 1 1 1 1 1 1 1 1 1 1 1 1 1 1 1 1 1 1 1 1 1 1 1 1 1 1 1 1 1 1 1 1 1 1 1 1 1 1 1 1 1 1 1 1 1 1 1 1 1 1 1 1 1 1 1 1 1 1 1 1 1 1 1 1 1 1 1 1 1 1 1 1 1 1 1 1 1 1 1 1 1 1 1 1 1 1 1 1 1 1 1 1 1 1 1 1 1 1 1 1 1 1 1 1 1 1 1 1 1 1 1 1 1 1 1 1 1 1 1 1 1 1 1 1 1 1 1 1 1 1 1 1 1 1 1 1 1 1 1 1 1 1 1 1 1 1 1 1 1 1 1 1 1 1 1 1 1 1 1 1 1 1 1 1 1 1 1 1 1 1 1 1 1 1 1 1 1 1 1 1 1 1 1 1 1 1 1 1 1 1 1 1 1 1 1 1 1 1 1 1 1 1 1 1 1 1 1 1 1 1 1 1 1 1 1 1 1 1 1 1 1 1 1 1 1 1 1 1 1 1 1 1 1 1 1 1 1 1 1 1 1 1 1 1 1 1 1 1 1 1 1 1 1 1 1 1 1 1 1 1 1 1 1 1 1 1 1 1 1 1 1 1 1 1 1 1 1 1 1 1 1 1 1 1 1 1 1 1 1 1 1 1 1 1 1 1 1 1 1 1 1 1 1 1 1 1 1 1 1 1 1 1 1 1 1 1 1 1 1 1 1 1 1 1 1 1 1 1 1 1 1 1 1 1 1 1 1 1 1 1 1 1 1 1 1 1 1 1 1 1 1 1 1 1 1 1 1 1 1 1 1 1 1 1 1 1 1 1 1 1 1 1 1 1 1 1 1 1 1 1 1 1 1 1 1 1 1 1 1 1 1 1 1 1 1 1 1 1 1 1 1 1 1 1 1 1 1 1 1 1 1 1 1 1 1 1 1 1 1 1 1 1 1 1 1 1 1 1 1 1 1 1 1 1 1 1 1 1 1 1 1 1 1 1 1 1 1 1 1 1 1 1 1 1 1 1 1 1 1 1 1 1 1 1 1 1 1 1 1 1 1 1 1 1 1 1 1 1 1 1 1 1 1 1 1 1 1 1 1 1 1 1 1 1 1 1 1 1 1 1 1 1 1 1 1 1 1 1 1 1 1 1 1 1 1 1 1 1 1 1 1 1 1 1 1 1 1 1 1 1 1 1 1 1 1 1 1 1 1 1 1 1 1 1 1 1 1 1 1 1 1 1 1 1 1 1 1 1 1 1 1 1 1 1 1 1 1 1 1 1 1 1 1 1 1 1 1 1 1 1 1 1 1 1 1 1 1 1 1 1 1 1 1 1 1 1 1 1 1 1 1 1 1 1 1 1 1 1 1 1 1 1 1 1 1 1 1 1 1 1 1 1 1 1 1 1 1 1 1 1 1 1 1 1 1 1 1 1 1 1 1 1 1 1 1 1 1 1 1 1 1 1 1 1 1 1 1 1 1 1 1 1 1 1 1 1 1 1 1 1 1 1 1 1 1 1 1 1 1 1 1 1 1 1 1 1 1 1 1 1 1 1 1 1 1 1 1 1 1 1 1 1 1 1 1 1 1 1 1 1 1 1 1 1 1 1 1 1 1 1 1 1 1 1 1 1 1 1 1 1 1 1 1 1 1 1 1 1 1 1 1 1 1 1 1 1 1 1 1 1 1 1 1 1 1 1 1 1 1 1 1 1 1 1 1 1 1 1 1 1 1 1 1 1 1 1 1 1 1 1 1 1 1 1 1 1 1 1 1 1 1 1 1 1 1 1 1 1 1 1 1 1 1 1 1 1 1 1 1 1 1 1 1 1 1 1 1 1 1 1 1 1 1 1 1 1 1 1 1 1 1 1 1 1 1 1 1 1 1 1 1 1 1 1 1 1 1 1 1 1 1 1 1 1 1 1 1 1 1 1 1 1 1 1 1 1 1 1 1 1 1 1 1 1 1 1 1 1 1 1 1 1 1 1 1 1 1 1 1 1 1 1 1 1 1 1 1 1 1 1 1 1 1 1 1 1 1 1 1 1 1 1 1 1 1 1 1 1 1 1 1 1 1 1 1 1 1 1 1 1 1 1 1 1 1 1 1 1 1 1 1 1 1 1 1 1 1 1 1 1 1 1 1 1 1 1 1 1 1 1 1 1 1 1 1 1 1 1 1 1 1 1 1 1 1 1 1 1 1 1 1 1 1 1 1 1 1 1 1 1 1 1 1 1 1 1 1 1 1 1 1 1 1 1 1 1 1 1 1 1 1 1 1 1 1 1 1 1 1 1 1 1 1 1 1 1 1 1 1 1 1 1 1 1 1 1 1 1 1 1 1 1 1 1 1 1 1 1 1 1 1 1 1 1 1 1 1 1 1 1 1 1 1 1 1 1 1 1 1 1 1 1 1 1 1 1 1 1 1 1 1 1 1 1 1 1 1 1 1 1 1 1 1 1 1 1 1 1 1 1 1 1 1 1 1 1 1 1 1 1 1 1 1 1 1 1 1 1 1 1 1 1 1 1 1 1 1 1 1 1 1 1 1 1 1 1 1 1 1 1 1 1 1 1 1 1 1 1 1 1 1 1 1 1 1 1 1 1 1 1 1 1 1 1 1 1 1 1 1 1 1 1 1 1 1 1 1 1 1 1 1 1 1 1 1 1 1 1 1 1 1 1 1 1 1 1 1 1 1 1 1 1 1 1 1 1 1 1 1 1 1 1 1 1 1 1 1 1 1 1 1 1 1 1 1 1 1 1 1 1 1 1 1 1 1 1 1 1 1 1 1 1 1 1 1 1 1 1 1 1 1 1 1 1 1 1 1 1 1 1 1 1 1 1 1 1 1 1 1 1 1 1 1 1 1 1 1 1 1 1 1 1 1 1 1 1 1 1 1 1 1 1 1 1 1 1 1 1 1 1 1 1 1 1 1 1 1 1 1 1 1 1 1 1 1 1 1 1 1 1 1 1 1 1 1 1 1 1 1 1 1 1 1 1 1 1 1 1 1 1 1 1 1 1 1 1 1 1 1 1 1 1 1 1 1 1 1 1 1 1 1 1 1 1 1 1 1 1 1 1 1 1 1 1 1 1 1 1 1 1 1 1 1 1 1 1 1 1 1 1 1 1 1 1 1 1 1 1 1 1 1 1 1 1 1 1 1 1 1 1 1 1 1 1 1 1 1 1 1 1 1 1 1 1 1 1 1 1 1 1 1 1 1 1 1 1 1 1 1 1 1 1 1 1 1 1 1 1 1 1 1 1 1 1 1 1 1 1 1 1 1 1 1 1 1 1 1 1 1 1 1 1 1 1 1 1 1 1 1 1 1 1 1 1 1 1 1 1 1 1 1 1 1 1 1 1 1 1 1 1 1 1 1 1 1 1 1 1 1 1 1 1 1 1 1 1 1 1 1 1 1 1 1 1 1 1 1 1 1 1 1 1 1 1 1 1 1 1 1 1 1 1 1 1 1 1 1 1 1 1 1 1 1 1 1 1 1 1 1 1 1 1 1 1 1 1 1 1 1 1 1 1 1 1 1 1 1 1 1 1 1 1 1 1 1 1 1 1 1 1 1 1 1 1 1 1 1 1 1 1 1 1 1 1 1 1 1 1 1 1 1 1 1 1 1 1 1 1 1 1 1 1 1 1 1 1 1 1 1 1 1 1 1 1 1 1 1 1 1 1 1 1 1 1 1 1 1 1 1 1 1 1 1 1 1 1 1 1 1 1 1 1 1 1 1 1 1 1 1 1 1 1 1 1 1 1 1 1 1 1 1 1 1 1 1 1 1 1 1 1 1 1 1 1 1 1 1 1 1 1 1 1 1 1 1 1 1 1 1 1 1 1 1 1 1 1 1 1 1 1 1 1 1 1 1 1 1 1 1 1 1 1 1 1 1 1 1 1 1 1 1 1 1 1 1 1 1 1 1 1 1 1 1 1 1 1 1 1 1 1 1 1 1 1 1 1 1 1 1 1 1 1 1 1 1 1 1 1 1 1 1 1 1 1 1 1 1 1 1 1 1 1 1 1 1 1 1 1 1 1 1 1 1 1 1 1 1 1 1 1 1 1 1 1 1 1 1 1 1 1 1 1 1 1 1 1 1 1 1 1 1 1 1 1 1 1 1 1 1 1 1 1 1 1 1 1 1 1 1 1 1 1 1 1 1 1 1 1 1 1 1 1 1 1 1 1 1 1 1 1 1 1 1 1 1 1 1 1 1 1 1 1 1 1 1 1 1 1 1 1 1 1 1 1 1 1 1 1 1 1 1 1 1 1 1 1 1 1 1 1 1 1 1 1 1 1 1 1 1 1 1 1 1 1 1 1 1 1 1 1 1 1 1 1 1 1 1 1 1 1 1 1 1 1 1 1 1 1 1 1 1 1 1 1 1 1 1 1 1 1 1 1 1 1 1 1 1 1 1 1 1 1 1 1 1 1 1 1 1 1 1 1 1 1 1 1 1 1 1 1 1 1 1 1 1 1 1 1 1 1 1 1 1 1 1 1 1 1 1 1 1 1 1 1 1 1 1 1 1 1 1 1 1 1 1 1 1 1 1 1 1 1 1 1 1 1 1 1 1 1 1 1 1 1 1 1 1 1 1 1 1 1 1 1 1 1 1 1 1 1 1 1 1 1 1 1 1 1 1 1 1 1 1 1 1 1 1 1 1 1 1 1 1 1 1 1 1 1 1 1 1 1 1 1 1 1 1 1 1 1 1 1 1 1 1 1 1 1 1 1 1 1 1 1 1 1 1 1 1 1 1 1 1 1 1 1 1 1 1 1 1 1 1 1 1 1 1 1 1 1 1 1 1 1 1 1 1 1 1 1 1 1 1 1 1 1 1 1 1 1 1 1 1 1 1 1 1 1 1 1 1 1 1 1 1 1 1 1 1 1 1 1 1 1 1 1 1 1 1 1 1 1 1 1 1 1 1 1 1 1 1 1 1 1 1 1 1 1 1 1 1 1 1 1 1 1 1 1 1 1 1 1 1 1 1 1 1 1 1 1 1 1 1 1 1 1 1 1 1 1 1 1 1 1 1 1 1 1 1 1 1 1 1 1 1 1 1 1 1 1 1 1 1 1 1 1 1 1 1 1 1 1 1 1 1 1 1 1 1 1 1 1 1 1 1 1 1 1 1 1 1 1 1 1 1 1 1 1 1 1 1 1 1 1 1 1 1 1 1 1 1 1 1 1 1 1 1 1 1 1 1 1 1 1 1 1 1 1 1 1 1 1 1 1 1 1 1 1 1 1 1 1 1 1 1 1 1 1 1 1 1 1 1 1 1 1 1 1 1 1 1 1 1 1 1 1 1 1 1 1 1 1 1 1 1 1 1 1 1 1 1 1 1 1 1 1 1 1 1 1 1 1 1 1 1 1 1 1 1 1 1 1 1 1 1 1 1 1 1 1 1 1 1 1 1 1 1 1 1 1 1 1 1 1 1 1 1 1 1 1 1 1 1 1 1 1 1 1 1 1 1 1 1 1 1 1 1 1 1 1 1 1 1 1 1 1 1 1 1 1 1 1 1 1 1 1 1 1 1 1 1 1 1 1 1 1 1 1 1 1 1 1 1 1 1 1 1 1 1 1 1 1 1 1 1 1 1 1 1 1 1 1 1 1 1 1 1 1 1 1 1 1 1 1 1 1 1 1 1 1 1 1 1 1 1 1 1 1 1 1 1 1 1 1 1 1 1 1 1 1 1 1 1 1 1 1 1 1 1 1 1 1 1 1 1 1 1 1 1 1 1 1 1 1 1 1 1 1 1 1 1 1 1 1 1 1 1 1 1 1 1 1 1 1 1 1 1 1 1 1 1 1 1 1 1 1 1 1 1 1 1 1 1 1 1 1 1 1 1 1 1 1 1 1 1 1 1 1 1 1 1 1 1 1 1 1 1 1 1 1 1 1 1 1 1 1 1 1 1 1 1 1 1 1 1 1 1 1 1 1 1 1 1 1 1 1 1 1 1 1 1 1 1 1 1 1 1 1 1 1 1 1 1 1 1 1 1 1 1 1 1 1 1 1 1 1 1 1 1 1 1 1 1 1 1 1 1 1 1 1 1 1 1 1 1 1 1 1 1 1 1 1 1 1 1 1 1 1 1 1 1 1 1 1 1 1 1 1 1 1 1 1 1 1 1 1 1 1 1 1 1 1 1 1 1 1 1 1 1 1 1 1 1 1 1 1 1 1 1 1 1 1 1 1 1 1 1 1 1 1 1 1 1 1 1 1 1 1 1 1 1 1 1 1 1 1 1 1 1 1 1 1 1 1 1 1 1 1 1 1 1 1 1 1 1 1 1 1 1 1 1 1 1 1 1 1 1 1 1 1 1 1 1 1 1 1 1 1 1 1 1 1 1 1 1 1 1 1 1 1 1 1 1 1 1 1 1 1 1 1 1 1 1 1 1 1 1 1 1 1 1 1 1 1 1 1 1 1 1 1 1 1 1 1 1 1 1 1 1 1 1 1 1 1 1 1 1 1 1 1 1 1 1 1 1 1 1 1 1 1 1 1 1 1 1 1 1 1 1 1 1 1 1 1 1 1 1 1 1 1 1 1 1 1 1 1 1 1 1 1 1 1 1 1 1 1 1 1 1 1 1 1 1 1 1 1 1 1 1 1 1 1 1 1 1 1 1 1 1 1 1 1 1 1 1 1 1 1 1 1 1 1 1 1 1 1 1 1 1 1 1 1 1 1 1 1 1 1 1 1 1 1 1 1 1 1 1 1 1 1 1 1 1 1 1 1 1 1 1 1 1 1 1 1 1 1 1 1 1 1 1 1 1 1 1 1 1 1 1 1 1 1 1 1 1 1 1 1 1 1 1 1 1 1 1 1 1 1 1 1 1 1 1 1 1 1 1 1 1 1 1 1 1 1 1 1 1 1 1 1 1 1 1 1 1 1 1 1 1 1 1 1 1 1 1 1 1 1 1 1 1 1 1 1 1 1 1 1 1 1 1 1 1 1 1 1 1 1 1 1 1 1 1 1 1 1 1 1 1 1 1 1 1 1 1 1 1 1 1 1 1 1 1 1 1 1 1 1 1 1 1 1 1 1 1 1 1 1 1 1 1 1 1 1 1 1 1 1 1 1 1 1 1 1 1 1 1 1 1 1 1 1 1 1 1 1 1 1 1 1 1 1 1 1 1 1 1 1 1 1 1 1 1 1 1 1 1 1 1 1 1 1 1 1 1 1 1 1 1 1 1 1 1 1 1 1 1 1 1 1 1 1 1 1 1 1 1 1 1 1 1 1 1 1 1 1 1 1 1 1 1 1 1 1 1 1 1 1 1 1 1 1 1 1 1 1 1 1 1 1 1 1 1 1 1 1 1 1 1 1 1 1 1 1 1 1 1 1 1 1 1 1 1 1 1 1 1 1 1 1 1 1 1 1 1 1 1 1 1 1 1 1 1 1 1 1 1 1 1 1 1 1 1 1 1 1 1 1 1 1 1 1 1 1 1 1 1 1 1 1 1 1 1 1 1 1 1 1 1 1 1 1 1 1 1 1 1 1 1 1 1 1 1 1 1 1 1 1 1 1 1 1 1 1 1 1 1 1 1 1 1 1 1 1 1 1 1 1 1 1 1 1 1 1 1 1 1 1 1 1 1 1 1 1 1 1 1 1 1 1 1 1 1 1 1 1 1 1 1 1 1 1 1 1 1 1 1 1 1 1 1 1 1 1 1 1 1 1 1 1 1 1 1 1 1 1 1 1 1 1 1 1 1 1 1 1 1 1 1 1 1 1 1 1 1 1 1 1 1 1 1 1 1 1 1 1 1 1 1 1 1 1 1 1 1 1 1 1 1 1 1 1 1 1 1 1 1 1 1 1 1 1 1 1 1 1 1 1 1 1 1 1 1 1 1 1 1 1 1 1 1 1 1 1 1 1 1 1 1 1 1 1 1 1 1 1 1 1 1 1 1 1 1 1 1 1 1 1 1 1 1 1 1 1 1 1 1 1 1 1 1 1 1 1 1 1 1 1 1 1 1 1 1 1 1 1 1 1 1 1 1 1 1 1 1 1 1 1 1 1 1 1 1 1 1 1 1 1 1 1 1 1 1 1 1 1 1 1 1 1 1 1 1 1 1 1 1 1 1 1 1 1 1 1 1 1 1 1 1 1 1 1 1 1 1 1 1 1 1 1 1 1 1 1 1 1 1 1 1 1 1 1 1 1 1 1 1 1 1 1 1 1 1 1 1 1 1 1 1 1 1 1 1 1 1 1 1 1 1 1 1 1 1 1 1 1 1 1 1 1 1 1 1 1 1 1 1 1 1 1 1 1 1 1 1 1 1 1 1 1 1 1 1 1 1 1 1 1 1 1 1 1 1 1 1 1 1 1 1 1 1 1 1 1 1 1 1 1 1 1 1 1 1 1 1 1 1 1 1 1 1 1 1 1 1 1 1 1 1 1 1 1 1 1 1 1 1 1 1 1 1 1 1 1 1 1 1 1 1 1 1 1 1 1 1 1 1 1 1 1 1 1 1 1 1 1 1 1 1 1 1 1 1 1 1 1 1 1 1 1 1 1 1 1 1 1 1 1 1 1 1 1 1 1 1 1 1 1 1 1 1 1 1 1 1 1 1 1 1 1 1 1 1 1 1 1 1 1 1 1 1 1 1 1 1 1 1 1 1 1 1 1 1 1 1 1 1 1 1 1 1 1 1 1 1 1 1 1 1 1 1 1 1 1 1 1 1 1 1 1 1 1 1 1 1 1 1 1 1 1 1 1 1 1 1 1 1 1 1 1 1 1 1 1 1 1 1 1 1 1 1 1 1 1 1 1 1 1 1 1 1 1 1 1 1 1 1 1 1 1 1 1 1 1 1 1 1 1 1 1 1 1 1 1 1 1 1 1 1 1 1 1 1 1 1 1 1 1 1 1 1 1 1 1 1 1 1 1 1 1 1 1 1 1 1 1 1 1 1 1 1 1 1 1 1 1 1 1 1 1 1 1 1 1 1 1 1 1 1 1 1 1 1 1 1 1 1 1 1 1 1 1 1 1 1 1 1 1 1 1 1 1 1 1 1 1 1 1 1 1 1 1 1 1 1 1 1 1 1 1 1 1 1 1 1 1 1 1 1 1 1 1 1 1 1 1 1 1 1 1 1 1 1 1 1 1 1 1 1 1 1 1 1 1 1 1 1 1 1 1 1 1 1 1 1 1 1 1 1 1 1 1 1 1 1 1 1 1 1 1 1 1 1 1 1 1 1 1 1 1 1 1 1 1 1 1 1 1 1 1 1 1 1 1 1 1 1 1 1 1 1 1 1 1 1 1 1 1 1 1 1 1 1 1 1 1 1 1 1 1 1 1 1 1 1 1 1 1 1 1 1 1 1 1 1 1 1 1 1 1 1 1 1 1 1 1 1 1 1 1 1 1 1 1 1 1 1 1 1 1 1 1 1 1 1 1 1 1 1 1 1 1 1 1 1 1 1 1 1 1 1 1 1 1 1 1 1 1 1 1 1 1 1 1 1 1 1 1 1 1 1 1 1 1 1 1 1 1 1 1 1 1 1 1 1 1 1 1 1 1 1 1 1 1 1 1 1 1 1 1 1 1 1 1 1 1 1 1 1 1 1 1 1 1 1 1 1 1 1 1 1 1 1 1 1 1 1 1 1 1 1 1 1 1 1 1 1 1 1 1 1 1 1 1 1 1 1 1 1 1 1 1 1 1 1 1 1 1 1 1 1 1 1 1 1 1 1 1 1 1 1 1 1 1 1 1 1 1 1 1 1 1 1 1 1 1 1 1 1 1 1 1 1 1 1 1 1 1 1 1 1 1 1 1 1 1 1 1 1 1 1 1 1 1 1 1 1 1 1 1 1 1 1 1 1 1 1 1 1 1 1 1 1 1 1 1 1 1 1 1 1 1 1 1 1 1 1 1 1 1 1 1 1 1 1 1 1 1 1 1 1 1 1 1 1 1 1 1 1 1 1 1 1 1 1 1 1 1 1 1 1 1 1 1 1 1 1 1 1 1 1 1 1 1 1 1 1 1 1 1 1 1 1 1 1 1 1 1 1 1 1 1 1 1 1 1 1 1 1 1 1 1 1 1 1 1 1 1 1 1 1 1 1 1 1 1 1 1 1 1 1 1 1 1 1 1 1 1 1 1 1 1 1 1 1 1 1 1 1 1 1 1 1 1 1 1 1 1 1 1 1 1 1 1 1 1 1 1 1 1 1 1 1 1 1 1 1 1 1 1 1 1 1 1 1 1 1 1 1 1 1 1 1 1 1 1 1 1 1 1 1 1 1 1 1 1 1 1 1 1 1 1 1 1 1 1 1 1 1 1 1 1 1 1 1 1 1 1 1 1 1 1 1 1 1 1 1 1 1 1 1 1 1 1 1 1 1 1 1 1 1 1 1 1 1 1 1 1 1 1 1 1 1 1 1 1 1 1 1 1 1 1 1 1 1 1 1 1 1 1 1 1 1 1 1 1 1 1 1 1 1 1 1 1 1 1 1 1 1 1 1 1 1 1 1 1 1 1 1 1 1 1 1 1 1 1 1 1 1 1 1 1 1 1 1 1 1 1 1 1 1 1 1 1 1 1 1 1 1 1 1 1 1 1 1 1 1 1 1 1 1 1 1 1 1 1 1 1 1 1 1 1 1 1 1 1 1 1 1 1 1 1 1 1 1 1 1 1 1 1 1 1 1 1 1 1 1 1 1 1 1 1 1 1 1 1 1 1 1 1 1 1 1 1 1 1 1 1 1 1 1 1 1 1 1 1 1 1 1 1 1 1 1 1 1 1 1 1 1 1 1 1 1 1 1 1 1 1 1 1 1 1 1 1 1 1 1 1 1 1 1 1 1 1 1 1 1 1 1 1 1 1 1 1 1 1 1 1 1 1 1 1 1 1 1 1 1 1 1 1 1 1 1 1 1 1 1 1 1 1 1 1 1 1 1 1 1 1 1 1 1 1 1 1 1 1 1 1 1 1 1 1 1 1 1 1 1 1 1 1 1 1 1 1 1 1 1 1 1 1 1 1 1 1 1 1 1 1 1 1 1 1 1 1 1 1 1 1 1 1 1 1 1 1 1 1 1 1 1 1 1 1 1 1 1 1 1 1 1 1 1 1 1 1 1 1 1 1 1 1 1 1 1 1 1 1 1 1 1 1 1 1 1 1 1 1 1 1 1 1 1 1 1 1 1 1 1 1 1 1 1 1 1 1 1 1 1 1 1 1 1 1 1 1 1 1 1 1 1 1 1 1 1 1 1 1 1 1 1 1 1 1 1 1 1 1 1 1 1 1 1 1 1 1 1 1 1 1 1 1 1 1 1 1 1 1 1 1 1 1 1 1 1 1 1 1 1 1 1 1 1 1 1 1 1 1 1 1 1 1 1 1 1 1 1 1 1 1 1 1 1 1 1 1 1 1 1 1 1 1 1 1 1 1 1 1 1 1 1 1 1 1 1 1 1 1 1 1 1 1 1 1 1 1 1 1 1 1 1 1 1 1 1 1 1 1 1 1 1 1 1 1 1 1 1 1 1 1 1 1 1 1 1 1 1 1 1 1 1 1 1 1 1 1 1 1 1 1 1 1 1 1 1 1 1 1 1 1 1 1 1 1 1 1 1 1 1 1 1 1 1 1 1 1 1 1 1 1 1 1 1 1 1 1 1 1 1 1 1 1 1 1 1 1 1 1 1 1 1 1 1 1 1 1 1 1 1 1 1 1 1 1 1 1 1 1 1 1 1 1 1 1 1 1 1 1 1 1 1 1 1 1 1 1 1 1 1 1 1 1 1 1 1 1 1 1 1 1 1 1 1 1 1 1 1 1 1 1 1 1 1 1 1 1 1 1 1 1 1 1 1 1 1 1 1 1 1 1 1 1 1 1 1 1 1 1 1 1 1 1 1 1 1 1 1 1 1 1 1 1 1 1 1 1 1 1 1 1 1 1 1 1 1 1 1 1 1 1 1 1 1 1 1 1 1 1 1 1 1 1 1 1 1 1 1 1 1 1 1 1 1 1 1 1 1 1 1 1 1 1 1 1 1 1 1 1 1 1 1 1 1 1 1 1 1 1 1 1 1 1 1 1 1 1 1 1 1 1 1 1 1 1 1 1 1 1 1 1 1 1 1 1 1 1 1 1 1 1 1 1 1 1 1 1 1 1 1 1 1 1 1 1 1 1 1 1 1 1 1 1 1 1 1 1 1 1 1 1 1 1 1 1 1 1 1 1 1 1 1 1 1 1 1 1 1 1 1 1 1 1 1 1 1 1 1 1 1 1 1 1 1 1 1 1 1 1 1 1 1 1 1 1 1 1 1 1 1 1 1 1 1 1 1 1 1 1 1 1 1 1 1 1 1 1 1 1 1 1 1 1 1 1 1 1 1 1 1 1 1 1 1 1 1 1 1 1 1 1 1 1 1 1 1 1 1 1 1 1 1 1 1 1 1 1 1 1 1 1 1 1 1 1 1 1 1 1 1 1 1 1 1 1 1 1 1 1 1 1 1 1 1 1 1 1 1 1 1 1 1 1 1 1 1 1 1 1 1 1 1 1 1 1 1 1 1 1 1 1 1 1 1 1 1 1 1 1 1 1 1 1 1 1 1 1 1 1 1 1 1 1 1 1 1 1 1 1 1 1 1 1 1 1 1 1 1 1 1 1 1 1 1 1 1 1 1 1 1 1 1 1 1 1 1 1 1 1 1 1 1 1 1 1 1 1 1 1 1 1 1 1 1 1 1 1 1 1 1 1 1 1 1 1 1 1 1 1 1 1 1 1 1 1 1 1 1 1 1 1 1 1 1 1 1 1 1 1 1 1 1 1 1 1 1 1 1 1 1 1 1 1 1 1 1 1 1 1 1 1 1 1 1 1 1 1 1 1 1 1 1 1 1 1 1 1 1 1 1 1 1 1 1 1 1 1 1 1 1 1 1 1 1 1 1 1 1 1 1 1 1 1 1 1 1 1 1 1 1 1 1 1 1 1 1 1 1 1 1 1 1 1 1 1 1 1 1 1 1 1 1 1 1 1 1 1 1 1 1 1 1 1 1 1 1 1 1 1 1 1 1 1 1 1 1 1 1 1 1 1 1 1 1 1 1 1 1 1 1 1 1 1 1 1 1 1 1 1 1 1 1 1 1 1 1 1 1 1 1 1 1 1 1 1 1 1 1 1 1 1 1 1 1 1 1 1 1 1 1 1 1 1 1 1 1 1 1 1 1 1 1 1 1 1 1 1 1 1 1 1 1 1 1 1 1 1 1 1 1 1 1 1 1 1 1 1 1 1 1 1 1 1 1 1 1 1 1 1 1 1 1 1 1 1 1 1 1 1 1 1 1 1 1 1 1 1 1 1 1 1 1 1 1 1 1 1 1 1 1 1 1 1 1 1 1 1 1 1 1 1 1 1 1 1 1 1 1 1 1 1 1 1 1 1 1 1 1 1 1 1 1 1 1 1 1 1 1 1 1 1 1 1 1 1 1 1 1 1 1 1 1 1 1 1 1 1 1 1 1 1 1 1 1 1 1 1 1 1 1 1 1 1 1 1 1 1 1 1 1 1 1 1 1 1 1 1 1 1 1 1 1 1 1 1 1 1 1 1 1 1 1 1 1 1 1 1 1 1 1 1 1 1 1 1 1 1 1 1 1 1 1 1 1 1 1 1 1 1 1 1 1 1 1 1 1 1 1 1 1 1 1 1 1 1 1 1 1 1 1 1 1 1 1 1 1 1 1 1 1 1 1 1 1 1 1 1 1 1 1 1 1 1 1 1 1 1 1 1 1 1 1 1 1 1 1 1 1 1 1 1 1 1 1 1 1 1 1 1 1 1 1 1 1 1 1 1 1 1 1 1 1 1 1 1 1 1 1 1 1 1 1 1 1 1 1 1 1 1 1 1 1 1 1 1 1 1 1 1 1 1 1 1 1 1 1 1 1 1 1 1 1 1 1 1 1 1 1 1 1 1 1 1 1 1 1 1 1 1 1 1 1 1 1 1 1 1 1 1 1 1 1 1 1 1 1 1 1 1 1 1 1 1 1 1 1 1 1 1 1 1 1 1 1 1 1 1 1 1 1 1 1 1 1 1 1 1 1 1 1 1 1 1 1 1 1 1 1 1 1 1 1 1 1 1 1 1 1 1 1 1 1 1 1 1 1 1 1 1 1 1 1 1 1 1 1 1 1 1 1 1 1 1 1 1 1 1 1 1 1 1 1 1 1 1 1 1 1 1 1 1 1 1 1 1 1 1 1 1 1 1 1 1 1 1 1 1 1 1 1 1 1 1 1 1 1 1 1 1 1 1 1 1 1 1 1 1 1 1 1 1 1 1 1 1 1 1 1 1 1 1 1 1 1 1 1 1 1 1 1 1 1 1 1 1 1 1 1 1 1 1 1 1 1 1 1 1 1 1 1 1 1 1 1 1 1 1 1 1 1 1 1 1 1 1 1 1 1 1 1 1 1 1 1 1 1 1 1 1 1 1 1 1 1 1 1 1 1 1 1 1 1 1 1 1 1 1 1 1 1 1 1 1 1 1 1 1 1 1 1 1 1 1 1 1 1 1 1 1 1 1 1 1 1 1 1 1 1 1 1 1 1 1 1 1 1 1 1 1 1 1 1 1 1 1 1 1 1 1 1 1 1 1 1 1 1 1 1 1 1 1 1 1 1 1 1 1 1 1 1 1 1 1 1 1 1 1 1 1 1 1 1 1 1 1 1 1 1 1 1 1 1 1 1 1 1 1 1 1 1 1 1 1 1 1 1 1 1 1 1 1 1 1 1 1 1 1 1 1 1 1 1 1 1 1 1 1 1 1 1 1 1 1 1 1 1 1 1 1 1 1 1 1 1 1 1 1 1 1 1 1 1 1 1 1 1 1 1 1 1 1 1 1 1 1 1 1 1 1 1 1 1 1 1 1 1 1 1 1 1 1 1 1 1 1 1 1 1 1 1 1 1 1 1 1 1 1 1 1 1 1 1 1 1 1 1 1 1 1 1 1 1 1 1 1 1 1 1 1 1 1 1 1 1 1 1 1 1 1 1 1 1 1 1 1 1 1 1 1 1 1 1 1 1 1 1 1 1 1 1 1 1 1 1 1 1 1 1 1 1 1 1 1 1 1 1 1 1 1 1 1 1 1 1 1 1 1 1 1 1 1 1 1 1 1 1 1 1 1 1 1 1 1 1 1 1 1 1 1 1 1 1 1 1 1 1 1 1 1 1 1 1 1 1 1 1 1 1 1 1 1 1 1 1 1 1 1 1 1 1 1 1 1 1 1 1 1 1 1 1 1 1 1 1 1 1 1 1 1 1 1 1 1 1 1 1 1 1 1 1 1 1 1 1 1 1 1 1 1 1 1 1 1 1 1 1 1 1 1 1 1 1 1 1 1 1 1 1 1 1 1 1 1 1 1 1 1 1 1 1 1 1 1 1 1 1 1 1 1 1 1 1 1 1 1 1 1 1 1 1 1 1 1 1 1 1 1 1 1 1 1 1 1 1 1 1 1 1 1 1 1 1 1 1 1 1 1 1 1 1 1 1 1 1 1 1 1 1 1 1 1 1 1 1 1 1 1 1 1 1 1 1 1 1 1 1 1 1 1 1 1 1 1 1 1 1 1 1 1 1 1 1 1 1 1 1 1 1 1 1 1 1 1 1 1 1 1 1 1 1 1 1 1 1 1 1 1 1 1 1 1 1 1 1 1 1 1 1 1 1 1 1 1 1 1 1 1 1 1 1 1 1 1 1 1 1 1 1 1 1 1 1 1 1 1 1 1 1 1 1 1 1 1 1 1 1 1 1 1 1 1 1 1 1 1 1 1 1 1 1 1 1 1 1 1 1 1 1 1 1 1 1 1 1 1 1 1 1 1 1 1 1 1 1 1 1 1 1 1 1 1 1 1 1 1 1 1 1 1 1 1 1 1 1 1 1 1 1 1 1 1 1 1 1 1 1 1 1 1 1 1 1 1 1 1 1 1 1 1 1 1 1 1 1 1 1 1 1 1 1 1 1 1 1 1 1 1 1 1 1 1 1 1 1 1 1 1 1 1 1 1 1 1 1 1 1 1 1 1 1 1 1 1 1 1 1 1 1 1 1 1 1 1 1 1 1 1 1 1 1 1 1 1 1 1 1 1 1 1 1 1 1 1 1 1 1 1 1 1 1 1 1 1 1 1 1 1 1 1 1 1 1 1 1 1 1 1 1 1 1 1 1 1 1 1 1 1 1 1 1 1 1 1 1 1 1 1 1 1 1 1 1 1 1 1 1 1 1 1 1 1 1 1 1 1 1 1 1 1 1 1 1 1 1 1 1 1 1 1 1 1 1 1 1 1 1 1 1 1 1 1 1 1 1 1 1 1 1 1 1 1 1 1 1 1 1 1 1 1 1 1 1 1 1 1 1 1 1 1 1 1 1 1 1 1 1 1 1 1 1 1 1 1 1 1 1 1 1 1 1 1 1 1 1 1 1 1 1 1 1 1 1 1 1 1 1 1 1 1 1 1 1 1 1 1 1 1 1 1 1 1 1 1 1 1 1 1 1 1 1 1 1 1 1 1 1 1 1 1 1 1 1 1 1 1 1 1 1 1 1 1 1 1 1 1 1 1 1 1 1 1 1 1 1 1 1 1 1 1 1 1 1 1 1 1 1 1 1 1 1 1 1 1 1 1 1 1 1 1 1 1 1 1 1 1 1 1 1 1 1 1 1 1 1 1 1 1 1 1 1 1 1 1 1 1 1 1 1 1 1 1 1 1 1 1 1 1 1 1 1 1 1 1 1 1 1 1 1 1 1 1 1 1 1 1 1 1 1 1 1 1 1 1 1 1 1 1 1 1 1 1 1 1 1 1 1 1 1 1 1 1 1 1 1 1 1 1 1 1 1 1 1 1 1 1 1 1 1 1 1 1 1 1 1 1 1 1 1 1 1 1 1 1 1 1 1 1 1 1 1 1 1 1 1 1 1 1 1 1 1 1 1 1 1 1 1 1 1 1 1 1 1 1 1 1 1 1 1 1 1 1 1 1 1 1 1 1 1 1 1 1 1 1 1 1 1 1 1 1 1 1 1 1 1 1 1 1 1 1 1 1 1 1 1 1 1 1 1 1 1 1 1 1 1 1 1 1 1 1 1 1 1 1 1 1 1 1 1 1 1 1 1 1 1 1 1 1 1 1 1 1 1 1 1 1 1 1 1 1 1 1 1 1 1 1 1 1 1 1 1 1 1 1 1 1 1 1 1 1 1 1 1 1 1 1 1 1 1 1 1 1 1 1 1 1 1 1 1 1 1 1 1 1 1 1 1 1 1 1 1 1 1 1 1 1 1 1 1 1 1 1 1 1 1 1 1 1 1 1 1 1 1 1 1 1 1 1 1 1 1 1 1 1 1 1 1 1 1 1 1 1 1 1 1 1 1 1 1 1 1 1 1 1 1 1 1 1 1 1 1 1 1 1 1 1 1 1 1 1 1 1 1 1 1 1 1 1 1 1 1 1 1 1 1 1 1 1 1 1 1 1 1 1 1 1 1 1 1 1 1 1 1 1 1 1 1 1 1 1 1 1 1 1 1 1 1 1 1 1 1 1 1 1 1 1 1 1 1 1 1 1 1 1 1 1 1 1 1 1 1 1 1 1 1 1 1 1 1 1 1 1 1 1 1 1 1 1 1 1 1 1 1 1 1 1 1 1 1 1 1 1 1 1 1 1 1 1 1 1 1 1 1 1 1 1 1 1 1 1 1 1 1 1 1 1 1 1 1 1 1 1 1 1 1 1 1 1 1 1 1 1 1 1 1 1 1 1 1 1 1 1 1 1 1 1 1 1 1 1 1 1 1 1 1 1 1 1 1 1 1 1 1 1 1 1 1 1 1 1 1 1 1 1 1 1 1 1 1 1 1 1 1 1 1 1 1 1 1 1 1 1 1 1 1 1 1 1 1 1 1 1 1 1 1 1 1 1 1 1 1 1 1 1 1 1 1 1 1 1 1 1 1 1 1 1 1 1 1 1 1 1 1 1 1 1 1 1 1 1 1 1 1 1 1 1 1 1 1 1 1 1 1 1 1 1 1 1 1 1 1 1 1 1 1 1 1 1 1 1 1 1 1 1 1 1 1 1 1 1 1 1 1 1 1 1 1 1 1 1 1 1 1 1 1 1 1 1 1 1 1 1 1 1 1 1 1 1 1 1 1 1 1 1 1 1 1 1 1 1 1 1 1 1 1 1 1 1 1 1 1 1 1 1 1 1 1 1 1 1 1 1 1 1 1 1 1 1 1 1 1 1 1 1 1 1 1 1 1 1 1 1 1 1 1 1 1 1 1 1 1 1 1 1 1 1 1 1 1 1 1 1 1 1 1 1 1 1 1 1 1 1 1 1 1 1 1 1 1 1 1 1 1 1 1 1 1 1 1 1 1 1 1 1 1 1 1 1 1 1 1 1 1 1 1 1 1 1 1 1 1 1 1 1 1 1 1 1 1 1 1 1 1 1 1 1 1 1 1 1 1 1 1 1 1 1 1 1 1 1 1 1 1 1 1 1 1 1 1 1 1 1 1 1 1 1 1 1 1 1 1 1 1 1 1 1 1 1 1 1 1 1 1 1 1 1 1 1 1 1 1 1 1 1 1 1 1 1 1 1 1 1 1 1 1 1 1 1 1 1 1 1 1 1 1 1 1 1 1 1 1 1 1 1 1 1 1 1 1 1 1 1 1 1 1 1 1 1 1 1 1 1 1 1 1 1 1 1 1 1 1 1 1 1 1 1 1 1 1 1 1 1 1 1 1 1 1 1 1 1 1 1 1 1 1 1 1 1 1 1 1 1 1 1 1 1 1 1 1 1 1 1 1 1 1 1 1 1 1 1 1 1 1 1 1 1 1 1 1 1 1 1 1 1 1 1 1 1 1 1 1 1 1 1 1 1 1 1 1 1 1 1 1 1 1 1 1 1 1 1 1 1 1 1 1 1 1 1 1 1 1 1 1 1 1 1 1 1 1 1 1 1 1 1 1 1 1 1 1 1 1 1 1 1 1 1 1 1 1 1 1 1 1 1 1 1 1 1 1 1 1 1 1 1 1 1 1 1 1 1 1 1 1 1 1 1 1 1 1 1 1 1 1 1 1 1 1 1 1 1 1 1 1 1 1 1 1 1 1 1 1 1 1 1 1 1 1 1 1 1 1 1 1 1 1 1 1 1 1 1 1 1 1 1 1 1 1 1 1 1 1 1 1 1 1 1 1 1 1 1 1 1 1 1 1 1 1 1 1 1 1 1 1 1 1 1 1 1 1 1 1 1 1 1 1 1 1 1 1 1 1 1 1 1 1 1 1 1 1 1 1 1 1 1 1 1 1 1 1 1 1 1 1 1 1 1 1 1 1 1 1 1 1 1 1 1 1 1 1 1 1 1 1 1 1 1 1 1 1 1 1 1 1 1 1 1 1 1 1 1 1 1 1 1 1 1 1 1 1 1 1 1 1 1 1 1 1 1 1 1 1 1 1 1 1 1 1 1 1 1 1 1 1 1 1 1 1 1 1 1 1 1 1 1 1 1 1 1 1 1 1 1 1 1 1 1 1 1 1 1 1 1 1 1 1 1 1 1 1 1 1 1 1 1 1 1 1 1 1 1 1 1 1 1 1 1 1 1 1 1 1 1 1 1 1 1 1 1 1 1 1 1 1 1 1 1 1 1 1 1 1 1 1 1 1 1 1 1 1 1 1 1 1 1 1 1 1 1 1 1 1 1 1 1 1 1 1 1 1 1 1 1 1 1 1 1 1 1 1 1 1 1 1 1 1 1 1 1 1 1 1 1 1 1 1 1 1 1 1 1 1 1 1 1 1 1 1 1 1 1 1 1 1 1 1 1 1 1 1 1 1 1 1 1 1 1 1 1 1 1 1 1 1 1 1 1 1 1 1 1 1 1 1 1 1 1 1 1 1 1 1 1 1 1 1 1 1 1 1 1 1 1 1 1 1 1 1 1 1 1 1 1 1 1 1 1 1 1 1 1 1 1 1 1 1 1 1 1 1 1 1 1 1 1 1 1 1 1 1 1 1 1 1 1 1 1 1 1 1 1 1 1 1 1 1 1 1 1 1 1 1 1 1 1 1 1 1 1 1 1 1 1 1 1 1 1 1 1 1 1 1 1 1 1 1 1 1 1 1 1 1 1 1 1 1 1 1 1 1 1 1 1 1 1 1 1 1 1 1 1 1 1 1 1 1 1 1 1 1 1 1 1 1 1 1 1 1 1 1 1 1 1 1 1 1 1 1 1 1 1 1 1 1 1 1 1 1 1 1 1 1 1 1 1 1 1 1 1 1 1 1 1 1 1 1 1 1 1 1 1 1 1 1 1 1 1 1 1 1 1 1 1 1 1 1 1 1 1 1 1 1 1 1 1 1 1 1 1 1 1 1 1 1 1 1 1 1 1 1 1 1 1 1 1 1 1 1 1 1 1 1 1 1 1 1 1 1 1 1 1 1 1 1 1 1 1 1 1 1 1 1 1 1 1 1 1 1 1 1 1 1 1 1 1 1 1 1 1 1 1 1 1 1 1 1 1 1 1 1 1 1 1 1 1 1 1 1 1 1 1 1 1 1 1 1 1 1 1 1 1 1 1 1 1 1 1 1 1 1 1 1 1 1 1 1 1 1 1 1 1 1 1 1 1 1 1 1 1 1 1 1 1 1 1 1 1 1 1 1 1 1 1 1 1 1 1 1 1 1 1 1 1 1 1 1 1 1 1 1 1 1 1 1 1 1 1 1 1 1 1 1 1 1 1 1 1 1 1 1 1 1 1 1 1 1 1 1 1 1 1 1 1 1 1 1 1 1 1 1 1 1 1 1 1 1 1 1 1 1 1 1 1 1 1 1 1 1 1 1 1 1 1 1 1 1 1 1 1 1 1 1 1 1 1 1 1 1 1 1 1 1 1 1 1 1 1 1 1 1 1 1 1 1 1 1 1 1 1 1 1 1 1 1 1 1 1 1 1 1 1 1 1 1 1 1 1 1 1 1 1 1 1 1 1 1 1 1 1 1 1 1 1 1 1 1 1 1 1 1 1 1 1 1 1 1 1 1 1 1 1 1 1 1 1 1 1 1 1 1 1 1 1 1 1 1 1 1 1 1 1 1 1 1 1 1 1 1 1 1 1 1 1 1 1 1 1 1 1 1 1 1 1 1 1 1 1 1 1 1 1 1 1 1 1 1 1 1 1 1 1 1 1 1 1 1 1 1 1 1 1 1 1 1 1 1 1 1 1 1 1 1 1 1 1 1 1 1 1 1 1 1 1 1 1 1 1 1 1 1 1 1 1 1 1 1 1 1 1 1 1 1 1 1 1 1 1 1 1 1 1 1 1 1 1 1 1 1 1 1 1 1 1 1 1 1 1 1 1 1 1 1 1 1 1 1 1 1 1 1 1 1 1 1 1 1 1 1 1 1 1 1 1 1 1 1 1 1 1 1 1 1 1 1 1 1 1 1 1 1 1 1 1 1 1 1 1 1 1 1 1 1 1 1 1 1 1 1 1 1 1 1 1 1 1 1 1 1 1 1 1 1 1 1 1 1 1 1 1 1 1 1 1 1 1 1 1 1 1 1 1 1 1 1 1 1 1 1 1 1 1 1 1 1 1 1 1 1 1 1 1 1 1 1 1 1 1 1 1 1 1 1 1 1 1 1 1 1 1 1 1 1 1 1 1 1 1 1 1 1 1 1 1 1 1 1 1 1 1 1 1 1 1 1 1 1 1 1 1 1 1 1 1 1 1 1 1 1 1 1 1 1 1 1 1 1 1 1 1 1 1 1 1 1 1 1 1 1 1 1 1 1 1 1 1 1 1 1 1 1 1 1 1 1 1 1 1 1 1 1 1 1 1 1 1 1 1 1 1 1 1 1 1 1 1 1 1 1 1 1 1 1 1 1 1 1 1 1 1 1 1 1 1 1 1 1 1 1 1 1 1 1 1 1 1 1 1 1 1 1 1 1 1 1 1 1 1 1 1 1 1 1 1 1 1 1 1 1 1 1 1 1 1 1 1 1 1 1 1 1 1 1 1 1 1 1 1 1 1 1 1 1 1 1 1 1 1 1 1 1 1 1 1 1 1 1 1 1 1 1 1 1 1 1 1 1 1 1 1 1 1 1 1 1 1 1 1 1 1 1 1 1 1 1 1 1 1 1 1 1 1 1 1 1 1 1 1 1 1 1 1 1 1 1 1 1 1 1 1 1 1 1 1 1 1 1 1 1 1 1 1 1 1 1 1 1 1 1 1 1 1 1 1 1 1 1 1 1 1 1 1 1 1 1 1 1 1 1 1 1 1 1 1 1 1 1 1 1 1 1 1 1 1 1 1 1 1 1 1 1 1 1 1 1 1 1 1 1 1 1 1 1 1 1 1 1 1 1 1 1 1 1 1 1 1 1 1 1 1 1 1 1 1 1 1 1 1 1 1 1 1 1 1 1 1 1 1 1 1 1 1 1 1 1 1 1 1 1 1 1 1 1 1 1 1 1 1 1 1 1 1 1 1 1 1 1 1 1 1 1 1 1 1 1 1 1 1 1 1 1 1 1 1 1 1 1 1 1 1 1 1 1 1 1 1 1 1 1 1 1 1 1 1 1 1 1 1 1 1 1 1 1 1 1 1 1 1 1 1 1 1 1 1 1 1 1 1 1 1 1 1 1 1 1 1 1 1 1 1 1 1 1 1 1 1 1 1 1 1 1 1 1 1 1 1 1 1 1 1 1 1 1 1 1 1 1 1 1 1 1 1 1 1 1 1 1 1 1 1 1 1 1 1 1 1 1 1 1 1 1 1 1 1 1 1 1 1 1 1 1 1 1 1 1 1 1 1 1 1 1 1 1 1 1 1 1 1 1 1 1 1 1 1 1 1 1 1 1 1 1 1 1 1 1 1 1 1 1 1 1 1 1 1 1 1 1 1 1 1 1 1 1 1 1 1 1 1 1 1 1 1 1 1 1 1 1 1 1 1 1 1 1 1 1 1 1 1 1 1 1 1 1 1 1 1 1 1 1 1 1 1 1 1 1 1 1 1 1 1 1 1 1 1 1 1 1 1 1 1 1 1 1 1 1 1 1 1 1 1 1 1 1 1 1 1 1 1 1 1 1 1 1 1 1 1 1 1 1 1 1 1 1 1 1 1 1 1 1 1 1 1 1 1 1 1 1 1 1 1 1 1 1 1 1 1 1 1 1 1 1 1 1 1 1 1 1 1 1 1 1 1 1 1 1 1 1 1 1 1 1 1 1 1 1 1 1 1 1 1 1 1 1 1 1 1 1 1 1 1 1 1 1 1 1 1 1 1 1 1 1 1 1 1 1 1 1 1 1 1 1 1 1 1 1 1 1 1 1 1 1 1 1 1 1 1 1 1 1 1 1 1 1 1 1 1 1 1 1 1 1 1 1 1 1 1 1 1 1 1 1 1 1 1 1 1 1 1 1 1 1 1 1 1 1 1 1 1 1 1 1 1 1 1 1 1 1 1 1 1 1 1 1 1 1 1 1 1 1 1 1 1 1 1 1 1 1 1 1 1 1 1 1 1 1 1 1 1 1 1 1 1 1 1 1 1 1 1 1 1 1 1 1 1 1 1 1 1 1 1 1 1 1 1 1 1 1 1 1 1 1 1 1 1 1 1 1 1 1 1 1 1 1 1 1 1 1 1 1 1 1 1 1 1 1 1 1 1 1 1 1 1 1 1 1 1 1 1 1 1 1 1 1 1 1 1 1 1 1 1 1 1 1 1 1 1 1 1 1 1 1 1 1 1 1 1 1 1 1 1 1 1 1 1 1 1 1 1 1 1 1 1 1 1 1 1 1 1 1 1 1 1 1 1 1 1 1 1 1 1 1 1 1 1 1 1 1 1 1 1 1 1 1 1 1 1 1 1 1 1 1 1 1 1 1 1 1 1 1 1 1 1 1 1 1 1 1 1 1 1 1 1 1 1 1 1 1 1 1 1 1 1 1 1 1 1 1 1 1 1 1 1 1 1 1 1 1 1 1 1 1 1 1 1 1 1 1 1 1 1 1 1 1 1 1 1 1 1 1 1 1 1 1 1 1 1 1 1 1 1 1 1 1 1 1 1 1 1 1 1 1 1 1 1 1 1 1 1 1 1 1 1 1 1 1 1 1 1 1 1 1 1 1 1 1 1 1 1 1 1 1 1 1 1 1 1 1 1 1 1 1 1 1 1 1 1 1 1 1 1 1 1 1 1 1 1 1 1 1 1 1 1 1 1 1 1 1 1 1 1 1 1 1 1 1 1 1 1 1 1 1 1 1 1 1 1 1 1 1 1 1 1 1 1 1 1 1 1 1 1 1 1 1 1 1 1 1 1 1 1 1 1 1 1 1 1 1 1 1 1 1 1 1 1 1 1 1 1 1 1 1 1 1 1 1 1 1 1 1 1 1 1 1 1 1 1 1 1 1 1 1 1 1 1 1 1 1 1 1 1 1 1 1 1 1 1 1 1 1 1 1 1 1 1 1 1 1 1 1 1 1 1 1 1 1 1 1 1 1 1 1 1 1 1 1 1 1 1 1 1 1 1 1 1 1 1 1 1 1 1 1 1 1 1 1 1 1 1 1 1 1 1 1 1 1 1 1 1 1 1 1 1 1 1 1 1 1 1 1 1 1 1 1 1 1 1 1 1 1 1 1 1 1 1 1 1 1 1 1 1 1 1 1 1 1 1 1 1 1 1 1 1 1 1 1 1 1 1 1 1 1 1 1 1 1 1 1 1 1 1 1 1 1 1 1 1 1 1 1 1 1 1 1 1 1 1 1 1 1 1 1 1 1 1 1 1 1 1 1 1 1 1 1 1 1 1 1 1 1 1 1 1 1 1 1 1 1 1 1 1 1 1 1 1 1 1 1 1 1 1 1 1 1 1 1 1 1 1 1 1 1 1 1 1 1 1 1 1 1 1 1 1 1 1 1 1 1 1 1 1 1 1 1 1 1 1 1 1 1 1 1 1 1 1 1 1 1 1 1 1 1 1 1 1 1 1 1 1 1 1 1 1 1 1 1 1 1 1 1 1 1 1 1 1 1 1 1 1 1 1 1 1 1 1 1 1 1 1 1 1 1 1 1 1 1 1 1 1 1 1 1 1 1 1 1 1 1 1 1 1 1 1 1 1 1 1 1 1 1 1 1 1 1 1 1 1 1 1 1 1 1 1 1 1 1 1 1 1 1 1 1 1 1 1 1 1 1 1 1 1 1 1 1 1 1 1 1 1 1 1 1 1 1 1 1 1 1 1 1 1 1 1 1 1 1 1 1 1 1 1 1 1 1 1 1 1 1 1 1 1 1 1 1 1 1 1 1 1 1 1 1 1 1 1 1 1 1 1 1 1 1 1 1 1 1 1 1 1 1 1 1 1 1 1 1 1 1 1 1 1 1 1 1 1 1 1 1 1 1 1 1 1 1 1 1 1 1 1 1 1 1 1 1 1 1 1 1 1 1 1 1 1 1 1 1 1 1 1 1 1 1 1 1 1 1 1 1 1 1 1 1 1 1 1 1 1 1 1 1 1 1 1 1 1 1 1 1 1 1 1 1 1 1 1 1 1 1 1 1 1 1 1 1 1 1 1 1 1 1 1 1 1 1 1 1 1 1 1 1 1 1 1 1 1 1 1 1 1 1 1 1 1 1 1 1 1 1 1 1 1 1 1 1 1 1 1 1 1 1 1 1 1 1 1 1 1 1 1 1 1 1 1 1 1 1 1 1 1 1 1 1 1 1 1 1 1 1 1 1 1 1 1 1 1 1 1 1 1 1 1 1 1 1 1 1 1 1 1 1 1 1 1 1 1 1 1 1 1 1 1 1 1 1 1 1 1 1 1 1 1 1 1 1 1 1 1 1 1 1 1 1 1 1 1 1 1 1 1 1 1 1 1 1 1 1 1 1 1 1 1 1 1 1 1 1 1 1 1 1 1 1 1 1 1 1 1 1 1 1 1 1 1 1 1 1 1 1 1 1 1 1 1 1 1 1 1 1 1 1 1 1 1 1 1 1 1 1 1 1 1 1 1 1 1 1 1 1 1 1 1 1 1 1 1 1 1 1 1 1 1 1 1 1 1 1 1 1 1 1 1 1 1 1 1 1 1 1 1 1 1 1 1 1 1 1 1 1 1 1 1 1 1 1 1 1 1 1 1 1 1 1 1 1 1 1 1 1 1 1 1 1 1 1 1 1 1 1 1 1 1 1 1 1 1 1 1 1 1 1 1 1 1 1 1 1 1 1 1 1 1 1 1 1 1 1 1 1 1 1 1 1 1 1 1 1 1 1 1 1 1 1 1 1 1 1 1 1 1 1 1 1 1 1 1 1 1 1 1 1 1 1 1 1 1 1 1 1 1 1 1 1 1 1 1 1 1 1 1 1 1 1 1 1 1 1 1 1 1 1 1 1 1 1 1 1 1 1 1 1 1 1 1 1 1 1 1 1 1 1 1 1 1 1 1 1 1 1 1 1 1 1 1 1 1 1 1 1 1 1 1 1 1 1 1 1 1 1 1 1 1 1 1 1 1 1 1 1 1 1 1 1 1 1 1 1 1 1 1 1 1 1 1 1 1 1 1 1 1 1 1 1 1 1 1 1 1 1 1 1 1 1 1 1 1 1 1 1 1 1 1 1 1 1 1 1 1 1 1 1 1 1 1 1 1 1 1 1 1 1 1 1 1 1 1 1 1 1 1 1 1 1 1 1 1 1 1 1 1 1 1 1 1 1 1 1 1 1 1 1 1 1 1 1 1 1 1 1 1 1 1 1 1 1 1 1 1 1 1 1 1 1 1 1 1 1 1 1 1 1 1 1 1 1 1 1 1 1 1 1 1 1 1 1 1 1 1 1 1 1 1 1 1 1 1 1 1 1 1 1 1 1 1 1 1 1 1 1 1 1 1 1 1 1 1 1 1 1 1 1 1 1 1 1 1 1 1 1 1 1 1 1 1 1 1 1 1 1 1 1 1 1 1 1 1 1 1 1 1 1 1 1 1 1 1 1 1 1 1 1 1 1 1 1 1 1 1 1 1 1 1 1 1 1 1 1 1 1 1 1 1 1 1 1 1 1 1 1 1 1 1 1 1 1 1 1 1 1 1 1 1 1 1 1 1 1 1 1 1 1 1 1 1 1 1 1 1 1 1 1 1 1 1 1 1 1 1 1 1 1 1 1 1 1 1 1 1 1 1 1 1 1 1 1 1 1 1 1 1 1 1 1 1 1 1 1 1 1 1 1 1 1 1 1 1 1 1 1 1 1 1 1 1 1 1 1 1 1 1 1 1 1 1 1 1 1 1 1 1 1 1 1 1 1 1 1 1 1 1 1 1 1 1 1 1 1 1 1 1 1 1 1 1 1 1 1 1 1 1 1 1 1 1 1 1 1 1 1 1 1 1 1 1 1 1 1 1 1 1 1 1 1 1 1 1 1 1 1 1 1 1 1 1 1 1 1 1 1 1 1 1 1 1 1 1 1 1 1 1 1 1 1 1 1 1 1 1 1 1 1 1 1 1 1 1 1 1 1 1 1 1 1 1 1 1 1 1 1 1 1 1 1 1 1 1 1 1 1 1 1 1 1 1 1 1 1 1 1 1 1 1 1 1 1 1 1 1 1 1 1 1 1 1 1 1 1 1 1 1 1 1 1 1 1 1 1 1 1 1 1 1 1 1 1 1 1 1 1 1 1 1 1 1 1 1 1 1 1 1 1 1 1 1 1 1 1 1 1 1 1 1 1 1 1 1 1 1 1 1 1 1 1 1 1 1 1 1 1 1 1 1 1 1 1 1 1 1 1 1 1 1 1 1 1 1 1 1 1 1 1 1 1 1 1 1 1 1 1 1 1 1 1 1 1 1 1 1 1 1 1 1 1 1 1 1 1 1 1 1 1 1 1 1 1 1 1 1 1 1 1 1 1 1 1 1 1 1 1 1 1 1 1 1 1 1 1 1 1 1 1 1 1 1 1 1 1 1 1 1 1 1 1 1 1 1 1 1 1 1 1 1 1 1 1 1 1 1 1 1 1 1 1 1 1 1 1 1 1 1 1 1 1 1 1 1 1 1 1 1 1 1 1 1 1 1 1 1 1 1 1 1 1 1 1 1 1 1 1 1 1 1 1 1 1 1 1 1 1 1 1 1 1 1 1 1 1 1 1 1 1 1 1 1 1 1 1 1 1 1 1 1 1 1 1 1 1 1 1 1 1 1 1 1 1 1 1 1 1 1 1 1 1 1 1 1 1 1 1 1 1 1 1 1 1 1 1 1 1 1 1 1 1 1 1 1 1 1 1 1 1 1 1 1 1 1 1 1 1 1 1 1 1 1 1 1 1 1 1 1 1 1 1 1 1 1 1 1 1 1 1 1 1 1 1 1 1 1 1 1 1 1 1 1 1 1 1 1 1 1 1 1 1 1 1 1 1 1 1 1 1 1 1 1 1 1 1 1 1 1 1 1 1 1 1 1 1 1 1 1 1 1 1 1 1 1 1 1 1 1 1 1 1 1 1 1 1 1 1 1 1 1 1 1 1 1 1 1 1 1 1 1 1 1 1 1 1 1 1 1 1 1 1 1 1 1 1 1 1 1 1 1 1 1 1 1 1 1 1 1 1 1 1 1 1 1 1 1 1 1 1 1 1 1 1 1 1 1 1 1 1 1 1 1 1 1 1 1 1 1 1 1 1 1 1 1 1 1 1 1 1 1 1 1 1 1 1 1 1 1 1 1 1 1 1 1 1 1 1 1 1 1 1 1 1 1 1 1 1 1 1 1 1 1 1 1 1 1 1 1 1 1 1 1 1 1 1 1 1 1 1 1 1 1 1 1 1 1 1 1 1 1 1 1 1 1 1 1 1 1 1 1 1 1 1 1 1 1 1 1 1 1 1 1 1 1 1 1 1 1 1 1 1 1 1 1 1 1 1 1 1 1 1 1 1 1 1 1 1 1 1 1 1 1 1 1 1 1 1 1 1 1 1 1 1 1 1 1 1 1 1 1 1 1 1 1 1 1 1 1 1 1 1 1 1 1 1 1 1 1 1 1 1 1 1 1 1 1 1 1 1 1 1 1 1 1 1 1 1 1 1 1 1 1 1 1 1 1 1 1 1 1 1 1 1 1 1 1 1 1 1 1 1 1 1 1 1 1 1 1 1 1 1 1 1 1 1 1 1 1 1 1 1 1 1 1 1 1 1 1 1 1 1 1 1 1 1 1 1 1 1 1 1 1 1 1 1 1 1 1 1 1 1 1 1 1 1 1 1 1 1 1 1 1 1 1 1 1 1 1 1 1 1 1 1 1 1 1 1 1 1 1 1 1 1 1 1 1 1 1 1 1 1 1 1 1 1 1 1 1 1 1 1 1 1 1 1 1 1 1 1 1 1 1 1 1 1 1 1 1 1 1 1 1 1 1 1 1 1 1 1 1 1 1 1 1 1 1 1 1 1 1 1 1 1 1 1 1 1 1 1 1 1 1 1 1 1 1 1 1 1 1 1 1 1 1 1 1 1 1 1 1 1 1 1 1 1 1 1 1 1 1 1 1 1 1 1 1 1 1 1 1 1 1 1 1 1 1 1 1 1 1 1 1 1 1 1 1 1 1 1 1 1 1 1 1 1 1 1 1 1 1 1 1 1 1 1 1 1 1 1 1 1 1 1 1 1 1 1 1 1 1 1 1 1 1 1 1 1 1 1 1 1 1 1 1 1 1 1 1 1 1 1 1 1 1 1 1 1 1 1 1 1 1 1 1 1 1 1 1 1 1 1 1 1 1 1 1 1 1 1 1 1 1 1 1 1 1 1 1 1 1 1 1 1 1 1 1 1 1 1 1 1 1 1 1 1 1 1 1 1 1 1 1 1 1 1 1 1 1 1 1 1 1 1 1 1 1 1 1 1 1 1 1 1 1 1 1 1 1 1 1 1 1 1 1 1 1 1 1 1 1 1 1 1 1 1 1 1 1 1 1 1 1 1 1 1 1 1 1 1 1 1 1 1 1 1 1 1 1 1 1 1 1 1 1 1 1 1 1 1 1 1 1 1 1 1 1 1 1 1 1 1 1 1 1 1 1 1 1 1 1 1 1 1 1 1 1 1 1 1 1 1 1 1 1 1 1 1 1 1 1 1 1 1 1 1 1 1 1 1 1 1 1 1 1 1 1 1 1 1 1 1 1 1 1 1 1 1 1 1 1 1 1 1 1 1 1 1 1 1 1 1 1 1 1 1 1 1 1 1 1 1 1 1 1 1 1 1 1 1 1 1 1 1 1 1 1 1 1 1 1 1 1 1 1 1 1 1 1 1 1 1 1 1 1 1 1 1 1 1 1 1 1 1 1 1 1 1 1 1 1 1 1 1 1 1 1 1 1 1 1 1 1 1 1 1 1 1 1 1 1 1 1 1 1 1 1 1 1 1 1 1 1 1 1 1 1 1 1 1 1 1 1 1 1 1 1 1 1 1 1 1 1 1 1 1 1 1 1 1 1 1 1 1 1 1 1 1 1 1 1 1 1 1 1 1 1 1 1 1 1 1 1 1 1 1 1 1 1 1 1 1 1 1 1 1 1 1 1 1 1 1 1 1 1 1 1 1 1 1 1 1 1 1 1 1 1 1 1 1 1 1 1 1 1 1 1 1 1 1 1 1 1 1 1 1 1 1 1 1 1 1 1 1 1 1 1 1 1 1 1 1 1 1 1 1 1 1 1 1 1 1 1 1 1 1 1 1 1 1 1 1 1 1 1 1 1 1 1 1 1 1 1 1 1 1 1 1 1 1 1 1 1 1 1 1 1 1 1 1 1 1 1 1 1 1 1 1 1 1 1 1 1 1 1 1 1 1 1 1 1 1 1 1 1 1 1 1 1 1 1 1 1 1 1 1 1 1 1 1 1 1 1 1 1 1 1 1 1 1 1 1 1 1 1 1 1 1 1 1 1 1 1 1 1 1 1 1 1 1 1 1 1 1 1 1 1 1 1 1 1 1 1 1 1 1 1 1 1 1 1 1 1 1 1 1 1 1 1 1 1 1 1 1 1 1 1 1 1 1 1 1 1 1 1 1 1 1 1 1 1 1 1 1 1 1 1 1 1 1 1 1 1 1 1 1 1 1 1 1 1 1 1 1 1 1 1 1 1 1 1 1 1 1 1 1 1 1 1 1 1 1 1 1 1 1 1 1 1 1 1 1 1 1 1 1 1 1 1 1 1 1 1 1 1 1 1 1 1 1 1 1 1 1 1 1 1 1 1 1 1 1 1 1 1 1 1 1 1 1 1 1 1 1 1 1 1 1 1 1 1 1 1 1 1 1 1 1 1 1 1 1 1 1 1 1 1 1 1 1 1 1 1 1 1 1 1 1 1 1 1 1 1 1 1 1 1 1 1 1 1 1 1 1 1 1 1 1 1 1 1 1 1 1 1 1 1 1 1 1 1 1 1 1 1 1 1 1 1 1 1 1 1 1 1 1 1 1 1 1 1 1 1 1 1 1 1 1 1 1 1 1 1 1 1 1 1 1 1 1 1 1 1 1 1 1 1 1 1 1 1 1 1 1 1 1 1 1 1 1 1 1 1 1 1 1 1 1 1 1 1 1 1 1 1 1 1 1 1 1 1 1 1 1 1 1 1 1 1 1 1 1 1 1 1 1 1 1 1 1 1 1 1 1 1 1 1 1 1 1 1 1 1 1 1 1 1 1 1 1 1 1 1 1 1 1 1 1 1 1 1 1 1 1 1 1 1 1 1 1 1 1 1 1 1 1 1 1 1 1 1 1 1 1 1 1 1 1 1 1 1 1 1 1 1 1 1 1 1 1 1 1 1 1 1 1 1 1 1 1 1 1 1 1 1 1 1 1 1 1 1 1 1 1 1 1 1 1 1 1 1 1 1 1 1 1 1 1 1 1 1 1 1 1 1 1 1 1 1 1 1 1 1 1 1 1 1 1 1 1 1 1 1 1 1 1 1 1 1 1 1 1 1 1 1 1 1 1 1 1 1 1 1 1 1 1 1 1 1 1 1 1 1 1 1 1 1 1 1 1 1 1 1 1 1 1 1 1 1 1 1 1 1 1 1 1 1 1 1 1 1 1 1 1 1 1 1 1 1 1 1 1 1 1 1 1 1 1 1 1 1 1 1 1 1 1 1 1 1 1 1 1 1 1 1 1 1 1 1 1 1 1 1 1 1 1 1 1 1 1 1 1 1 1 1 1 1 1 1 1 1 1 1 1 1 1 1 1 1 1 1 1 1 1 1 1 1 1 1 1 1 1 1 1 1 1 1 1 1 1 1 1 1 1 1 1 1 1 1 1 1 1 1 1 1 1 1 1 1 1 1 1 1 1 1 1 1 1 1 1 1 1 1 1 1 1 1 1 1 1 1 1 1 1 1 1 1 1 1 1 1 1 1 1 1 1 1 1 1 1 1 1 1 1 1 1 1 1 1 1 1 1 1 1 1 1 1 1 1 1 1 1 1 1 1 1 1 1 1 1 1 1 1 1 1 1 1 1 1 1 1 1 1 1 1 1 1 1 1 1 1 1 1 1 1 1 1 1 1 1 1 1 1 1 1 1 1 1 1 1 1 1 1 1 1 1 1 1 1 1 1 1 1 1 1 1 1 1 1 1 1 1 1 1 1 1 1 1 1 1 1 1 1 1 1 1 1 1 1 1 1 1 1 1 1 1 1 1 1 1 1 1 1 1 1 1 1 1 1 1 1 1 1 1 1 1 1 1 1 1 1 1 1 1 1 1 1 1 1 1 1 1 1 1 1 1 1 1 1 1 1 1 1 1 1 1 1 1 1 1 1 1 1 1 1 1 1 1 1 1 1 1 1 1 1 1 1 1 1 1 1 1 1 1 1 1 1 1 1 1 1 1 1 1 1 1 1 1 1 1 1 1 1 1 1 1 1 1 1 1 1 1 1 1 1 1 1 1 1 1 1 1 1 1 1 1 1 1 1 1 1 1 1 1 1 1 1 1 1 1 1 1 1 1 1 1 1 1 1 1 1 1 1 1 1 1 1 1 1 1 1 1 1 1 1 1 1 1 1 1 1 1 1 1 1 1 1 1 1 1 1 1 1 1 1 1 1 1 1 1 1 1 1 1 1 1 1 1 1 1 1 1 1 1 1 1 1 1 1 1 1 1 1 1 1 1 1 1 1 1 1 1 1 1 1 1 1 1 1 1 1 1 1 1 1 1 1 1 1 1 1 1 1 1 1 1 1 1 1 1 1 1 1 1 1 1 1 1 1 1 1 1 1 1 1 1 1 1 1 1 1 1 1 1 1 1 1 1 1 1 1 1 1 1 1 1 1 1 1 1 1 1 1 1 1 1 1 1 1 1 1 1 1 1 1 1 1 1 1 1 1 1 1 1 1 1 1 1 1 1 1 1 1 1 1 1 1 1 1 1 1 1 1 1 1 1 1 1 1 1 1 1 1 1 1 1 1 1 1 1 1 1 1 1 1 1 1 1 1 1 1 1 1 1 1 1 1 1 1 1 1 1 1 1 1 1 1 1 1 1 1 1 1 1 1 1 1 1 1 1 1 1 1 1 1 1 1 1 1 1 1 1 1 1 1 1 1 1 1 1 1 1 1 1 1 1 1 1 1 1 1 1 1 1 1 1 1 1 1 1 1 1 1 1 1 1 1 1 1 1 1 1 1 1 1 1 1 1 1 1 1 1 1 1 1 1 1 1 1 1 1 1 1 1 1 1 1 1 1 1 1 1 1 1 1 1 1 1 1 1 1 1 1 1 1 1 1 1 1 1 1 1 1 1 1 1 1 1 1 1 1 1 1 1 1 1 1 1 1 1 1 1 1 1 1 1 1 1 1 1 1 1 1 1 1 1 1 1 1 1 1 1 1 1 1 1 1 1 1 1 1 1 1 1 1 1 1 1 1 1 1 1 1 1 1 1 1 1 1 1 1 1 1 1 1 1 1 1 1 1 1 1 1 1 1 1 1 1 1 1 1 1 1 1 1 1 1 1 1 1 1 1 1 1 1 1 1 1 1 1 1 1 1 1 1 1 1 1 1 1 1 1 1 1 1 1 1 1 1 1 1 1 1 1 1 1 1 1 1 1 1 1 1 1 1 1 1 1 1 1 1 1 1 1 1 1 1 1 1 1 1 1 1 1 1 1 1 1 1 1 1 1 1 1 1 1 1 1 1 1 1 1 1 1 1 1 1 1 1 1 1 1 1 1 1 1 1 1 1 1 1 1 1 1 1 1 1 1 1 1 1 1 1 1 1 1 1 1 1 1 1 1 1 1 1 1 1 1 1 1 1 1 1 1 1 1 1 1 1 1 1 1 1 1 1 1 1 1 1 1 1 1 1 1 1 1 1 1 1 1 1 1 1 1 1 1 1 1 1 1 1 1 1 1 1 1 1 1 1 1 1 1 1 1 1 1 1 1 1 1 1 1 1 1 1 1 1 1 1 1 1 1 1 1 1 1 1 1 1 1 1 1 1 1 1 1 1 1 1 1 1 1 1 1 1 1 1 1 1 1 1 1 1 1 1 1 1 1 1 1 1 1 1 1 1 1 1 1 1 1 1 1 1 1 1 1 1 1 1 1 1 1 1</float_array>
          <technique_common>
            <accessor source="#Untitled-mesh-colors-Col-array" count="8088" stride="3">
              <param name="R" type="float"/>
              <param name="G" type="float"/>
              <param name="B" type="float"/>
            </accessor>
          </technique_common>
        </source>
        <vertices id="Untitled-mesh-vertices">
          <input semantic="POSITION" source="#Untitled-mesh-positions"/>
        </vertices>
        <triangles material="m_Body-material" count="2696">
          <input semantic="VERTEX" source="#Untitled-mesh-vertices" offset="0"/>
          <input semantic="NORMAL" source="#Untitled-mesh-normals" offset="1"/>
          <input semantic="TEXCOORD" source="#Untitled-mesh-map-0" offset="2" set="0"/>
          <input semantic="TEXCOORD" source="#Untitled-mesh-map-1" offset="2" set="1"/>
          <input semantic="COLOR" source="#Untitled-mesh-colors-Col" offset="3" set="0"/>
          <p>0 0 0 0 1 1 1 1 2 2 2 2 3 3 3 3 4 4 4 4 5 5 5 5 6 6 6 6 7 7 7 7 8 8 8 8 9 9 9 9 10 10 10 10 11 11 11 11 12 12 12 12 13 13 13 13 14 14 14 14 15 15 15 15 16 16 16 16 17 17 17 17 16 18 18 18 18 19 19 19 19 20 20 20 20 21 21 21 21 22 22 22 22 23 23 23 22 24 24 24 23 25 25 25 24 26 26 26 25 27 27 27 26 28 28 28 27 29 29 29 28 30 30 30 29 31 31 31 25 32 32 32 30 33 33 33 29 31 34 34 28 30 35 35 31 34 36 36 30 33 37 37 28 30 38 38 29 31 39 39 32 35 40 40 25 32 41 41 33 36 42 42 30 33 43 43 31 34 44 44 34 37 45 45 32 35 46 46 29 31 47 47 30 33 48 48 34 37 49 49 29 31 50 50 32 35 51 51 35 38 52 52 25 32 53 53 25 32 54 54 35 38 55 55 36 39 56 56 37 40 57 57 34 37 58 58 30 33 59 59 33 36 60 60 37 40 61 61 30 33 62 62 34 37 63 63 38 41 64 64 32 35 65 65 38 41 66 66 35 38 67 67 32 35 68 68 37 40 69 69 39 42 70 70 34 37 71 71 34 37 72 72 39 42 73 73 38 41 74 74 40 43 75 75 37 40 76 76 33 36 77 77 40 43 78 78 39 42 79 79 37 40 80 80 41 44 81 81 33 36 82 82 31 34 83 83 40 43 84 84 33 36 85 85 41 44 86 86 41 44 87 87 31 34 88 88 42 45 89 89 43 46 90 90 40 43 91 91 41 44 92 92 43 46 93 93 39 42 94 94 40 43 95 95 41 44 96 96 42 45 97 97 44 47 98 98 43 46 99 99 41 44 100 100 44 47 101 101 44 47 102 102 42 45 103 103 45 48 104 104 44 47 105 105 45 48 106 106 46 49 107 107 43 46 108 108 44 47 109 109 46 49 110 110 46 49 111 111 45 48 112 112 47 50 113 113 46 49 114 114 47 50 115 115 48 51 116 116 43 46 117 117 46 49 118 118 48 51 119 119 49 52 120 120 39 42 121 121 43 46 122 122 50 53 123 123 49 52 124 124 43 46 125 125 50 53 126 126 51 54 127 127 49 52 128 128 49 52 129 129 52 55 130 130 39 42 131 131 52 55 132 132 38 41 133 133 39 42 134 134 49 52 135 135 51 54 136 136 53 56 137 137 49 52 138 138 53 56 139 139 52 55 140 140 51 54 141 141 54 57 142 142 53 56 143 143 53 56 144 144 54 57 145 145 55 58 146 146 53 56 147 147 55 58 148 148 52 55 149 149 54 57 150 150 56 59 151 151 55 58 152 152 52 55 153 153 57 60 154 154 38 41 155 155 57 60 156 156 35 38 157 157 38 41 158 158 55 58 159 159 58 61 160 160 52 55 161 161 55 58 162 162 56 59 163 163 58 61 164 164 58 61 165 165 57 60 166 166 52 55 167 167 56 59 168 168 59 62 169 169 58 61 170 170 60 63 171 171 35 38 172 172 57 60 173 173 58 61 174 174 60 63 175 175 57 60 176 176 58 61 177 177 59 62 178 178 60 63 179 179 60 63 180 180 36 39 181 181 35 38 182 182 59 62 183 183 36 39 184 184 60 63 185 185 61 64 186 186 62 65 187 187 63 66 188 188 64 67 189 189 61 68 190 190 65 69 191 191 66 70 192 192 64 67 193 193 65 69 194 194 67 71 195 195 64 67 196 196 66 70 197 197 65 69 198 198 61 68 199 199 68 72 200 200 69 73 201 201 67 71 202 202 66 70 203 203 66 70 204 204 65 69 205 205 70 74 206 206 70 74 207 207 65 69 208 208 68 72 209 209 69 73 210 210 66 70 211 211 71 75 212 212 71 75 213 213 66 70 214 214 70 74 215 215 72 76 216 216 67 71 217 217 69 73 218 218 72 76 219 219 73 77 220 220 67 71 221 221 74 78 222 222 69 73 223 223 71 75 224 224 72 76 225 225 69 73 226 226 74 78 227 227 75 79 228 228 73 77 229 229 72 76 230 230 75 79 231 231 76 80 232 232 73 77 233 233 77 81 234 234 72 76 235 235 74 78 236 236 77 81 237 237 75 79 238 238 72 76 239 239 75 79 240 240 78 82 241 241 76 80 242 242 77 81 243 243 78 82 244 244 75 79 245 245 78 82 246 246 79 83 247 247 76 80 248 248 78 82 249 249 80 84 250 250 79 83 251 251 77 81 252 252 80 84 253 253 78 82 254 254 74 78 255 255 71 75 256 256 81 85 257 257 77 81 258 258 74 78 259 259 81 85 260 260 71 75 261 261 70 74 262 262 81 85 263 263 77 81 264 264 81 85 265 265 82 86 266 266 83 87 267 267 77 81 268 268 82 86 269 269 83 87 270 270 82 86 271 271 84 88 272 272 70 74 273 273 85 89 274 274 81 85 275 275 70 74 276 276 68 72 277 277 85 89 278 278 82 86 279 279 81 85 280 280 86 90 281 281 81 85 282 282 85 89 283 283 86 90 284 284 82 86 285 285 87 91 286 286 84 88 287 287 82 86 288 288 86 90 289 289 87 91 290 290 84 88 291 291 87 91 292 292 88 92 293 293 87 91 294 294 89 93 295 295 88 92 296 296 87 91 297 297 86 90 298 298 89 93 299 299 88 92 300 300 89 93 301 301 90 94 302 302 89 93 303 303 91 95 304 304 90 94 305 305 89 93 306 306 86 90 307 307 91 95 308 308 90 94 309 309 91 95 310 310 92 96 311 311 91 95 312 312 86 90 313 313 93 97 314 314 86 90 315 315 85 89 316 316 93 97 317 317 91 95 318 318 94 98 319 319 92 96 320 320 91 95 321 321 93 97 322 322 94 98 323 323 92 96 324 324 94 98 325 325 95 99 326 326 85 89 327 327 96 100 328 328 93 97 329 329 93 97 330 330 96 100 331 331 94 98 332 332 94 98 333 333 96 100 334 334 95 99 335 335 68 72 336 336 96 100 337 337 85 89 338 338 61 68 339 339 95 99 340 340 96 100 341 341 61 68 342 342 96 100 343 343 68 72 344 344 97 101 345 345 98 102 346 346 99 103 347 347 98 102 348 348 100 104 349 349 99 103 350 350 99 103 351 351 100 104 352 352 101 105 353 353 100 104 354 354 102 106 355 355 101 105 356 356 101 105 357 357 102 106 358 358 103 107 359 359 102 106 360 360 104 108 361 361 103 107 362 362 103 107 363 363 104 108 364 364 105 109 365 365 104 108 366 366 106 110 367 367 105 109 368 368 105 109 369 369 106 110 370 370 107 111 371 371 106 110 372 372 108 112 373 373 107 111 374 374 106 110 375 375 109 113 376 376 108 112 377 377 108 112 378 378 109 113 379 379 110 114 380 380 109 113 381 381 111 115 382 382 110 114 383 383 110 114 384 384 111 115 385 385 112 116 386 386 111 115 387 387 113 117 388 388 112 116 389 389 112 116 390 390 113 117 391 391 114 118 392 392 115 119 393 393 116 120 394 394 117 121 395 395 118 122 396 396 116 120 397 397 115 119 398 398 119 123 399 399 118 122 400 400 115 119 401 401 119 123 402 402 120 124 403 403 118 122 404 404 121 125 405 405 120 124 406 406 119 123 407 407 121 125 408 408 119 123 409 409 122 126 410 410 121 125 411 411 122 126 412 412 123 127 413 413 122 126 414 414 124 128 415 415 123 127 416 416 123 127 417 417 124 128 418 418 125 129 419 419 124 128 420 420 126 130 421 421 125 129 422 422 125 129 423 423 126 130 424 424 127 131 425 425 125 129 426 426 127 131 427 427 128 132 428 428 127 131 429 429 129 133 430 430 128 132 431 431 128 132 432 432 129 133 433 433 130 134 434 434 129 133 435 435 131 135 436 436 130 134 437 437 130 134 438 438 131 135 439 439 132 136 440 440 131 135 441 441 133 137 442 442 132 136 443 443 131 135 444 444 134 138 445 445 133 137 446 446 134 138 447 447 135 139 448 448 133 137 449 449 134 138 450 450 136 140 451 451 135 139 452 452 137 141 453 453 138 142 454 454 139 143 455 455 138 142 456 456 140 144 457 457 139 143 458 458 138 142 459 459 141 145 460 460 140 144 461 461 141 145 462 462 142 146 463 463 140 144 464 464 141 145 465 465 143 147 466 466 142 146 467 467 142 146 468 468 143 147 469 469 144 148 470 470 142 146 471 471 144 148 472 472 145 149 473 473 144 148 474 474 146 150 475 475 145 149 476 476 145 149 477 477 146 150 478 478 147 151 479 479 145 149 480 480 147 151 481 481 148 152 482 482 145 149 483 483 148 152 484 484 149 153 485 485 145 149 486 486 149 153 487 487 150 154 488 488 145 149 489 489 150 154 490 490 151 155 491 491 145 149 492 492 151 155 493 493 152 156 494 494 151 155 495 495 153 157 496 496 152 156 497 497 152 156 498 498 153 157 499 499 154 158 500 500 152 156 501 501 154 158 502 502 155 159 503 503 154 158 504 504 156 160 505 505 155 159 506 506 155 159 507 507 156 160 508 508 157 161 509 509 156 160 510 510 158 162 511 511 157 161 512 512 159 163 513 513 160 164 514 514 161 165 515 515 162 166 516 516 159 163 517 517 161 165 518 518 163 167 519 519 159 163 520 520 162 166 521 521 164 168 522 522 163 167 523 523 162 166 524 524 165 169 525 525 163 167 526 526 164 168 527 527 165 169 528 528 164 168 529 529 166 170 530 530 165 169 531 531 166 170 532 532 167 171 533 533 166 170 534 534 168 172 535 535 167 171 536 536 167 171 537 537 168 172 538 538 169 173 539 539 167 171 540 540 169 173 541 541 170 174 542 542 169 173 543 543 171 175 544 544 170 174 545 545 170 174 546 546 171 175 547 547 172 176 548 548 171 175 549 549 173 177 550 550 172 176 551 551 172 176 552 552 173 177 553 553 174 178 554 554 173 177 555 555 175 179 556 556 174 178 557 557 174 178 558 558 175 179 559 559 176 180 560 560 177 181 561 561 178 182 562 562 179 183 563 563 180 184 564 564 178 182 565 565 177 181 566 566 181 185 567 567 180 184 568 568 177 181 569 569 181 185 570 570 182 186 571 571 180 184 572 572 181 185 573 573 183 187 574 574 182 186 575 575 182 186 576 576 183 187 577 577 184 188 578 578 183 187 579 579 185 189 580 580 184 188 581 581 184 188 582 582 185 189 583 583 186 190 584 584 185 189 585 585 187 191 586 586 186 190 587 587 185 189 588 588 188 192 589 589 187 191 590 590 188 192 591 591 189 193 592 592 187 191 593 593 188 192 594 594 190 194 595 595 189 193 596 596 190 194 597 597 191 195 598 598 189 193 599 599 190 194 600 600 192 196 601 601 191 195 602 602 191 195 603 603 192 196 604 604 193 197 605 605 192 196 606 606 194 198 607 607 193 197 608 608 195 199 609 609 196 200 610 610 197 201 611 611 196 200 612 612 198 202 613 613 197 201 614 614 196 200 615 615 199 203 616 616 198 202 617 617 199 203 618 618 200 204 619 619 198 202 620 620 199 203 621 621 201 205 622 622 200 204 623 623 201 205 624 624 202 206 625 625 200 204 626 626 201 205 627 627 203 207 628 628 202 206 629 629 202 206 630 630 203 207 631 631 204 208 632 632 203 207 633 633 205 209 634 634 204 208 635 635 204 208 636 636 205 209 637 637 206 210 638 638 204 208 639 639 206 210 640 640 207 211 641 641 206 210 642 642 208 212 643 643 207 211 644 644 207 211 645 645 208 212 646 646 209 213 647 647 208 212 648 648 210 214 649 649 209 213 650 650 209 213 651 651 210 214 652 652 211 215 653 653 210 214 654 654 212 216 655 655 211 215 656 656 213 217 657 657 214 218 658 658 215 219 659 659 214 218 660 660 216 220 661 661 215 219 662 662 214 218 663 663 217 221 664 664 216 220 665 665 214 218 666 666 218 222 667 667 217 221 668 668 217 221 669 669 219 223 670 670 216 220 671 671 218 222 672 672 220 224 673 673 217 221 674 674 217 221 675 675 221 225 676 676 219 223 677 677 217 221 678 678 220 224 679 679 221 225 680 680 220 224 681 681 222 226 682 682 221 225 683 683 220 224 684 684 223 227 685 685 222 226 686 686 224 228 687 687 225 229 688 688 226 230 689 689 227 231 690 690 224 228 691 691 226 230 692 692 228 232 693 693 224 228 694 694 227 231 695 695 228 232 696 696 229 233 697 697 224 228 698 698 228 232 699 699 230 234 700 700 229 233 701 701 231 235 702 702 230 234 703 703 228 232 704 704 232 236 705 705 231 235 706 706 228 232 707 707 232 236 708 708 228 232 709 709 227 231 710 710 233 237 711 711 231 235 712 712 232 236 713 713 227 231 714 714 234 238 715 715 235 239 716 716 236 240 717 717 233 237 718 718 232 236 719 719 237 241 720 720 233 237 721 721 236 240 722 722 238 242 723 723 237 241 724 724 236 240 725 725 232 236 726 726 227 231 727 727 239 243 728 728 238 242 729 729 236 240 730 730 240 244 731 731 236 240 732 732 232 236 733 733 241 245 734 734 238 242 735 735 240 244 736 736 242 246 737 737 243 247 738 738 238 242 739 739 242 246 740 740 240 244 741 741 236 240 742 742 244 248 743 743 236 240 744 744 241 245 745 745 244 248 746 746 240 244 747 747 244 248 748 748 242 246 749 749 245 249 750 750 243 247 751 751 242 246 752 752 246 250 753 753 241 245 754 754 232 236 755 755 246 250 756 756 232 236 757 757 239 243 758 758 247 251 759 759 244 248 760 760 241 245 761 761 247 251 762 762 241 245 763 763 246 250 764 764 248 252 765 765 242 246 766 766 244 248 767 767 248 252 768 768 244 248 769 769 247 251 770 770 249 253 771 771 245 249 772 772 242 246 773 773 250 254 774 774 245 249 775 775 249 253 776 776 251 255 777 777 242 246 778 778 248 252 779 779 249 253 780 780 242 246 781 781 251 255 782 782 252 256 783 783 250 254 784 784 249 253 785 785 252 256 786 786 249 253 787 787 251 255 788 788 252 256 789 789 253 257 790 790 250 254 791 791 252 256 792 792 254 258 793 793 253 257 794 794 255 259 795 795 254 258 796 796 252 256 797 797 256 260 798 798 255 259 799 799 252 256 800 800 256 260 801 801 252 256 802 802 251 255 803 803 256 260 804 804 257 261 805 805 255 259 806 806 256 260 807 807 258 262 808 808 257 261 809 809 259 263 810 810 256 260 811 811 260 264 812 812 256 260 813 813 261 265 814 814 260 264 815 815 260 264 816 816 261 265 817 817 262 266 818 818 262 266 819 819 263 267 820 820 264 268 821 821 262 266 822 822 265 269 823 823 263 267 824 824 261 265 825 825 265 269 826 826 262 266 827 827 265 269 828 828 266 270 829 829 263 267 830 830 256 260 831 831 267 271 832 832 261 265 833 833 256 260 834 834 251 255 835 835 267 271 836 836 261 265 837 837 268 272 838 838 265 269 839 839 261 265 840 840 267 271 841 841 268 272 842 842 265 269 843 843 269 273 844 844 266 270 845 845 268 272 846 846 269 273 847 847 265 269 848 848 269 273 849 849 270 274 850 850 266 270 851 851 269 273 852 852 271 275 853 853 270 274 854 854 268 272 855 855 271 275 856 856 269 273 857 857 270 274 858 858 271 275 859 859 272 276 860 860 268 272 861 861 267 271 862 862 273 277 863 863 268 272 864 864 273 277 865 865 271 275 866 866 271 275 867 867 274 278 868 868 272 276 869 869 272 276 870 870 274 278 871 871 275 279 872 872 273 277 873 873 276 280 874 874 271 275 875 875 271 275 876 876 276 280 877 877 274 278 878 878 273 277 879 879 267 271 880 880 277 281 881 881 273 277 882 882 277 281 883 883 276 280 884 884 267 271 885 885 278 282 886 886 277 281 887 887 251 255 888 888 278 282 889 889 267 271 890 890 251 255 891 891 248 252 892 892 278 282 893 893 248 252 894 894 247 251 895 895 278 282 896 896 278 282 897 897 279 283 898 898 277 281 899 899 278 282 900 900 247 251 901 901 279 283 902 902 277 281 903 903 279 283 904 904 276 280 905 905 247 251 906 906 246 250 907 907 279 283 908 908 279 283 909 909 246 250 910 910 280 284 911 911 279 283 912 912 280 284 913 913 276 280 914 914 246 250 915 915 239 243 916 916 280 284 917 917 280 284 918 918 281 285 919 919 276 280 920 920 280 284 921 921 239 243 922 922 281 285 923 923 276 280 924 924 281 285 925 925 282 286 926 926 276 280 927 927 282 286 928 928 274 278 929 929 239 243 930 930 283 287 931 931 281 285 932 932 281 285 933 933 283 287 934 934 282 286 935 935 239 243 936 936 284 288 937 937 283 287 938 938 239 243 939 939 227 231 940 940 284 288 941 941 227 231 942 942 235 239 943 943 284 288 944 944 282 286 945 945 283 287 946 946 285 289 947 947 283 287 948 948 284 288 949 949 285 289 950 950 274 278 951 951 282 286 952 952 286 290 953 953 282 286 954 954 285 289 955 955 286 290 956 956 274 278 957 957 286 290 958 958 275 279 959 959 275 279 960 960 286 290 961 961 287 291 962 962 286 290 963 963 288 292 964 964 287 291 965 965 286 290 966 966 285 289 967 967 288 292 968 968 287 291 969 969 288 292 970 970 289 293 971 971 284 288 972 972 290 294 973 973 285 289 974 974 284 288 975 975 235 239 976 976 290 294 977 977 285 289 978 978 291 295 979 979 288 292 980 980 285 289 981 981 290 294 982 982 291 295 983 983 288 292 984 984 291 295 985 985 289 293 986 986 235 239 987 987 291 295 988 988 290 294 989 989 289 293 990 990 291 295 991 991 292 296 992 992 235 239 993 993 293 297 994 994 291 295 995 995 291 295 996 996 293 297 997 997 292 296 998 998 294 298 999 999 295 299 1000 1000 296 300 1001 1001 297 301 1002 1002 295 299 1003 1003 294 298 1004 1004 297 301 1005 1005 294 298 1006 1006 298 302 1007 1007 294 298 1008 1008 299 303 1009 1009 298 302 1010 1010 298 302 1011 1011 299 303 1012 1012 300 304 1013 1013 301 305 1014 1014 298 302 1015 1015 300 304 1016 1016 301 305 1017 1017 302 306 1018 1018 298 302 1019 1019 297 301 1020 1020 298 302 1021 1021 302 306 1022 1022 303 307 1023 1023 302 306 1024 1024 301 305 1025 1025 297 301 1026 1026 304 308 1027 1027 305 309 1028 1028 306 310 1029 1029 302 306 1030 1030 303 307 1031 1031 306 310 1032 1032 303 307 1033 1033 307 311 1034 1034 306 310 1035 1035 307 311 1036 1036 308 312 1037 1037 309 313 1038 1038 297 301 1039 1039 302 306 1040 1040 310 314 1041 1041 306 310 1042 1042 308 312 1043 1043 309 313 1044 1044 311 315 1045 1045 297 301 1046 1046 311 315 1047 1047 304 308 1048 1048 297 301 1049 1049 310 314 1050 1050 308 312 1051 1051 312 316 1052 1052 312 316 1053 1053 308 312 1054 1054 313 317 1055 1055 314 318 1056 1056 312 316 1057 1057 313 317 1058 1058 315 319 1059 1059 306 310 1060 1060 310 314 1061 1061 315 319 1062 1062 310 314 1063 1063 312 316 1064 1064 316 320 1065 1065 302 306 1066 1066 306 310 1067 1067 315 319 1068 1068 316 320 1069 1069 306 310 1070 1070 317 321 1071 1071 302 306 1072 1072 316 320 1073 1073 317 321 1074 1074 309 313 1075 1075 302 306 1076 1076 318 322 1077 1077 316 320 1078 1078 315 319 1079 1079 318 322 1080 1080 317 321 1081 1081 316 320 1082 1082 319 323 1083 1083 315 319 1084 1084 312 316 1085 1085 319 323 1086 1086 318 322 1087 1087 315 319 1088 1088 320 324 1089 1089 312 316 1090 1090 314 318 1091 1091 320 324 1092 1092 314 318 1093 1093 321 325 1094 1094 319 323 1095 1095 312 316 1096 1096 322 326 1097 1097 322 326 1098 1098 312 316 1099 1099 320 324 1100 1100 323 327 1101 1101 318 322 1102 1102 319 323 1103 1103 323 327 1104 1104 319 323 1105 1105 322 326 1106 1106 324 328 1107 1107 320 324 1108 1108 321 325 1109 1109 324 328 1110 1110 322 326 1111 1111 320 324 1112 1112 324 328 1113 1113 321 325 1114 1114 325 329 1115 1115 326 330 1116 1116 324 328 1117 1117 325 329 1118 1118 327 331 1119 1119 324 328 1120 1120 326 330 1121 1121 328 332 1122 1122 324 328 1123 1123 327 331 1124 1124 328 332 1125 1125 322 326 1126 1126 324 328 1127 1127 328 332 1128 1128 327 331 1129 1129 329 333 1130 1130 328 332 1131 1131 329 333 1132 1132 330 334 1133 1133 331 335 1134 1134 332 336 1135 1135 328 332 1136 1136 328 332 1137 1137 333 337 1138 1138 322 326 1139 1139 333 337 1140 1140 323 327 1141 1141 322 326 1142 1142 332 336 1143 1143 334 338 1144 1144 328 332 1145 1145 328 332 1146 1146 334 338 1147 1147 333 337 1148 1148 332 336 1149 1149 335 339 1150 1150 334 338 1151 1151 335 339 1152 1152 336 340 1153 1153 337 341 1154 1154 335 339 1155 1155 337 341 1156 1156 338 342 1157 1157 335 339 1158 1158 338 342 1159 1159 334 338 1160 1160 337 341 1161 1161 339 343 1162 1162 338 342 1163 1163 338 342 1164 1164 339 343 1165 1165 340 344 1166 1166 334 338 1167 1167 338 342 1168 1168 340 344 1169 1169 340 344 1170 1170 339 343 1171 1171 341 345 1172 1172 334 338 1173 1173 340 344 1174 1174 342 346 1175 1175 334 338 1176 1176 342 346 1177 1177 333 337 1178 1178 340 344 1179 1179 341 345 1180 1180 343 347 1181 1181 341 345 1182 1182 344 348 1183 1183 343 347 1184 1184 340 344 1185 1185 345 349 1186 1186 342 346 1187 1187 333 337 1188 1188 342 346 1189 1189 345 349 1190 1190 340 344 1191 1191 343 347 1192 1192 345 349 1193 1193 333 337 1194 1194 345 349 1195 1195 346 350 1196 1196 333 337 1197 1197 346 350 1198 1198 323 327 1199 1199 345 349 1200 1200 343 347 1201 1201 347 351 1202 1202 345 349 1203 1203 347 351 1204 1204 346 350 1205 1205 343 347 1206 1206 344 348 1207 1207 348 352 1208 1208 343 347 1209 1209 348 352 1210 1210 347 351 1211 1211 344 348 1212 1212 349 353 1213 1213 348 352 1214 1214 323 327 1215 1215 346 350 1216 1216 350 354 1217 1217 346 350 1218 1218 347 351 1219 1219 350 354 1220 1220 323 327 1221 1221 350 354 1222 1222 318 322 1223 1223 318 322 1224 1224 350 354 1225 1225 317 321 1226 1226 350 354 1227 1227 351 355 1228 1228 317 321 1229 1229 350 354 1230 1230 347 351 1231 1231 351 355 1232 1232 317 321 1233 1233 351 355 1234 1234 309 313 1235 1235 347 351 1236 1236 352 356 1237 1237 351 355 1238 1238 351 355 1239 1239 352 356 1240 1240 309 313 1241 1241 347 351 1242 1242 353 357 1243 1243 352 356 1244 1244 347 351 1245 1245 348 352 1246 1246 353 357 1247 1247 352 356 1248 1248 354 358 1249 1249 309 313 1250 1250 353 357 1251 1251 354 358 1252 1252 352 356 1253 1253 354 358 1254 1254 311 315 1255 1255 309 313 1256 1256 348 352 1257 1257 355 359 1258 1258 353 357 1259 1259 348 352 1260 1260 349 353 1261 1261 355 359 1262 1262 349 353 1263 1263 356 360 1264 1264 355 359 1265 1265 353 357 1266 1266 357 361 1267 1267 354 358 1268 1268 353 357 1269 1269 355 359 1270 1270 357 361 1271 1271 354 358 1272 1272 357 361 1273 1273 311 315 1274 1274 355 359 1275 1275 356 360 1276 1276 358 362 1277 1277 355 359 1278 1278 358 362 1279 1279 357 361 1280 1280 356 360 1281 1281 359 363 1282 1282 358 362 1283 1283 311 315 1284 1284 357 361 1285 1285 360 364 1286 1286 311 315 1287 1287 360 364 1288 1288 304 308 1289 1289 358 362 1290 1290 361 365 1291 1291 357 361 1292 1292 360 364 1293 1293 357 361 1294 1294 361 365 1295 1295 358 362 1296 1296 359 363 1297 1297 361 365 1298 1298 360 364 1299 1299 361 365 1300 1300 304 308 1301 1301 359 363 1302 1302 362 366 1303 1303 361 365 1304 1304 361 365 1305 1305 363 367 1306 1306 304 308 1307 1307 361 365 1308 1308 362 366 1309 1309 363 367 1310 1310 364 368 1311 1311 365 369 1312 1312 366 370 1313 1313 365 369 1314 1314 367 371 1315 1315 366 370 1316 1316 365 369 1317 1317 368 372 1318 1318 367 371 1319 1319 366 370 1320 1320 367 371 1321 1321 369 373 1322 1322 366 370 1323 1323 369 373 1324 1324 370 374 1325 1325 367 371 1326 1326 368 372 1327 1327 371 375 1328 1328 367 371 1329 1329 371 375 1330 1330 369 373 1331 1331 368 372 1332 1332 372 376 1333 1333 371 375 1334 1334 368 372 1335 1335 373 377 1336 1336 372 376 1337 1337 369 373 1338 1338 371 375 1339 1339 374 378 1340 1340 371 375 1341 1341 372 376 1342 1342 374 378 1343 1343 369 373 1344 1344 375 379 1345 1345 370 374 1346 1346 369 373 1347 1347 374 378 1348 1348 375 379 1349 1349 370 374 1350 1350 375 379 1351 1351 376 380 1352 1352 373 377 1353 1353 377 381 1354 1354 372 376 1355 1355 373 377 1356 1356 378 382 1357 1357 377 381 1358 1358 372 376 1359 1359 379 383 1360 1360 374 378 1361 1361 372 376 1362 1362 377 381 1363 1363 379 383 1364 1364 374 378 1365 1365 380 384 1366 1366 375 379 1367 1367 374 378 1368 1368 379 383 1369 1369 380 384 1370 1370 375 379 1371 1371 381 385 1372 1372 376 380 1373 1373 375 379 1374 1374 380 384 1375 1375 381 385 1376 1376 376 380 1377 1377 381 385 1378 1378 382 386 1379 1379 381 385 1380 1380 383 387 1381 1381 382 386 1382 1382 381 385 1383 1383 384 388 1384 1384 383 387 1385 1385 381 385 1386 1386 385 389 1387 1387 384 388 1388 1388 381 385 1389 1389 386 390 1390 1390 385 389 1391 1391 380 384 1392 1392 386 390 1393 1393 381 385 1394 1394 386 390 1395 1395 387 391 1396 1396 385 389 1397 1397 380 384 1398 1398 388 392 1399 1399 386 390 1400 1400 379 383 1401 1401 388 392 1402 1402 380 384 1403 1403 386 390 1404 1404 389 393 1405 1405 387 391 1406 1406 386 390 1407 1407 388 392 1408 1408 389 393 1409 1409 389 393 1410 1410 390 394 1411 1411 387 391 1412 1412 389 393 1413 1413 391 395 1414 1414 390 394 1415 1415 389 393 1416 1416 388 392 1417 1417 391 395 1418 1418 379 383 1419 1419 392 396 1420 1420 388 392 1421 1421 377 381 1422 1422 392 396 1423 1423 379 383 1424 1424 388 392 1425 1425 393 397 1426 1426 391 395 1427 1427 392 396 1428 1428 393 397 1429 1429 388 392 1430 1430 391 395 1431 1431 393 397 1432 1432 394 398 1433 1433 391 395 1434 1434 394 398 1435 1435 395 399 1436 1436 394 398 1437 1437 396 400 1438 1438 395 399 1439 1439 394 398 1440 1440 397 401 1441 1441 396 400 1442 1442 393 397 1443 1443 397 401 1444 1444 394 398 1445 1445 397 401 1446 1446 398 402 1447 1447 396 400 1448 1448 393 397 1449 1449 399 403 1450 1450 397 401 1451 1451 392 396 1452 1452 399 403 1453 1453 393 397 1454 1454 397 401 1455 1455 400 404 1456 1456 398 402 1457 1457 399 403 1458 1458 400 404 1459 1459 397 401 1460 1460 400 404 1461 1461 401 405 1462 1462 398 402 1463 1463 402 406 1464 1464 399 403 1465 1465 392 396 1466 1466 400 404 1467 1467 403 407 1468 1468 401 405 1469 1469 403 407 1470 1470 404 408 1471 1471 401 405 1472 1472 399 403 1473 1473 405 409 1474 1474 400 404 1475 1475 405 409 1476 1476 403 407 1477 1477 400 404 1478 1478 402 406 1479 1479 406 410 1480 1480 399 403 1481 1481 406 410 1482 1482 405 409 1483 1483 399 403 1484 1484 407 411 1485 1485 402 406 1486 1486 392 396 1487 1487 407 411 1488 1488 406 410 1489 1489 402 406 1490 1490 377 381 1491 1491 407 411 1492 1492 392 396 1493 1493 377 381 1494 1494 378 382 1495 1495 407 411 1496 1496 406 410 1497 1497 408 412 1498 1498 405 409 1499 1499 405 409 1500 1500 408 412 1501 1501 403 407 1502 1502 378 382 1503 1503 409 413 1504 1504 407 411 1505 1505 378 382 1506 1506 410 414 1507 1507 409 413 1508 1508 407 411 1509 1509 411 415 1510 1510 406 410 1511 1511 407 411 1512 1512 409 413 1513 1513 411 415 1514 1514 411 415 1515 1515 412 416 1516 1516 406 410 1517 1517 412 416 1518 1518 408 412 1519 1519 406 410 1520 1520 409 413 1521 1521 413 417 1522 1522 411 415 1523 1523 409 413 1524 1524 410 414 1525 1525 413 417 1526 1526 411 415 1527 1527 414 418 1528 1528 412 416 1529 1529 411 415 1530 1530 413 417 1531 1531 414 418 1532 1532 412 416 1533 1533 415 419 1534 1534 408 412 1535 1535 412 416 1536 1536 414 418 1537 1537 415 419 1538 1538 410 414 1539 1539 416 420 1540 1540 413 417 1541 1541 410 414 1542 1542 417 421 1543 1543 416 420 1544 1544 413 417 1545 1545 418 422 1546 1546 414 418 1547 1547 413 417 1548 1548 416 420 1549 1549 418 422 1550 1550 415 419 1551 1551 414 418 1552 1552 419 423 1553 1553 414 418 1554 1554 418 422 1555 1555 419 423 1556 1556 415 419 1557 1557 420 424 1558 1558 408 412 1559 1559 415 419 1560 1560 419 423 1561 1561 420 424 1562 1562 408 412 1563 1563 420 424 1564 1564 421 425 1565 1565 403 407 1566 1566 408 412 1567 1567 421 425 1568 1568 403 407 1569 1569 421 425 1570 1570 404 408 1571 1571 404 408 1572 1572 421 425 1573 1573 422 426 1574 1574 420 424 1575 1575 419 423 1576 1576 423 427 1577 1577 420 424 1578 1578 423 427 1579 1579 421 425 1580 1580 422 426 1581 1581 421 425 1582 1582 424 428 1583 1583 423 427 1584 1584 424 428 1585 1585 421 425 1586 1586 422 426 1587 1587 424 428 1588 1588 425 429 1589 1589 422 426 1590 1590 425 429 1591 1591 426 430 1592 1592 425 429 1593 1593 427 431 1594 1594 426 430 1595 1595 423 427 1596 1596 428 432 1597 1597 424 428 1598 1598 428 432 1599 1599 425 429 1600 1600 424 428 1601 1601 429 433 1602 1602 423 427 1603 1603 419 423 1604 1604 429 433 1605 1605 428 432 1606 1606 423 427 1607 1607 418 422 1608 1608 429 433 1609 1609 419 423 1610 1610 430 434 1611 1611 427 431 1612 1612 425 429 1613 1613 430 434 1614 1614 431 435 1615 1615 427 431 1616 1616 432 436 1617 1617 425 429 1618 1618 428 432 1619 1619 432 436 1620 1620 430 434 1621 1621 425 429 1622 1622 433 437 1623 1623 431 435 1624 1624 430 434 1625 1625 433 437 1626 1626 434 438 1627 1627 431 435 1628 1628 435 439 1629 1629 433 437 1630 1630 430 434 1631 1631 435 439 1632 1632 434 438 1633 1633 433 437 1634 1634 435 439 1635 1635 430 434 1636 1636 432 436 1637 1637 436 440 1638 1638 432 436 1639 1639 428 432 1640 1640 429 433 1641 1641 436 440 1642 1642 428 432 1643 1643 437 441 1644 1644 435 439 1645 1645 432 436 1646 1646 437 441 1647 1647 432 436 1648 1648 436 440 1649 1649 438 442 1650 1650 436 440 1651 1651 429 433 1652 1652 438 442 1653 1653 437 441 1654 1654 436 440 1655 1655 418 422 1656 1656 438 442 1657 1657 429 433 1658 1658 416 420 1659 1659 438 442 1660 1660 418 422 1661 1661 417 421 1662 1662 438 442 1663 1663 416 420 1664 1664 417 421 1665 1665 439 443 1666 1666 438 442 1667 1667 439 443 1668 1668 437 441 1669 1669 438 442 1670 1670 417 421 1671 1671 440 444 1672 1672 439 443 1673 1673 439 443 1674 1674 441 445 1675 1675 437 441 1676 1676 437 441 1677 1677 441 445 1678 1678 435 439 1679 1679 440 444 1680 1680 442 446 1681 1681 439 443 1682 1682 442 446 1683 1683 441 445 1684 1684 439 443 1685 1685 440 444 1686 1686 443 447 1687 1687 442 446 1688 1688 443 447 1689 1689 444 448 1690 1690 442 446 1691 1691 442 446 1692 1692 444 448 1693 1693 445 449 1694 1694 442 446 1695 1695 445 449 1696 1696 441 445 1697 1697 445 449 1698 1698 446 450 1699 1699 441 445 1700 1700 446 450 1701 1701 447 451 1702 1702 441 445 1703 1703 441 445 1704 1704 447 451 1705 1705 435 439 1706 1706 435 439 1707 1707 447 451 1708 1708 434 438 1709 1709 446 450 1710 1710 448 452 1711 1711 447 451 1712 1712 447 451 1713 1713 449 453 1714 1714 434 438 1715 1715 448 452 1716 1716 449 453 1717 1717 447 451 1718 1718 434 438 1719 1719 449 453 1720 1720 450 454 1721 1721 448 452 1722 1722 451 455 1723 1723 449 453 1724 1724 449 453 1725 1725 452 456 1726 1726 450 454 1727 1727 449 453 1728 1728 451 455 1729 1729 452 456 1730 1730 453 457 1731 1731 454 458 1732 1732 455 459 1733 1733 453 457 1734 1734 455 459 1735 1735 456 460 1736 1736 456 460 1737 1737 455 459 1738 1738 457 461 1739 1739 458 462 1740 1740 453 457 1741 1741 456 460 1742 1742 459 463 1743 1743 453 457 1744 1744 458 462 1745 1745 456 460 1746 1746 457 461 1747 1747 460 464 1748 1748 460 464 1749 1749 457 461 1750 1750 461 465 1751 1751 460 464 1752 1752 461 465 1753 1753 462 466 1754 1754 460 464 1755 1755 462 466 1756 1756 463 467 1757 1757 464 468 1758 1758 460 464 1759 1759 463 467 1760 1760 465 469 1761 1761 460 464 1762 1762 464 468 1763 1763 465 469 1764 1764 456 460 1765 1765 460 464 1766 1766 458 462 1767 1767 456 460 1768 1768 465 469 1769 1769 465 469 1770 1770 466 470 1771 1771 467 471 1772 1772 468 472 1773 1773 459 463 1774 1774 458 462 1775 1775 469 473 1776 1776 459 463 1777 1777 468 472 1778 1778 468 472 1779 1779 458 462 1780 1780 470 474 1781 1781 469 473 1782 1782 468 472 1783 1783 471 475 1784 1784 469 473 1785 1785 471 475 1786 1786 472 476 1787 1787 470 474 1788 1788 458 462 1789 1789 473 477 1790 1790 473 477 1791 1791 458 462 1792 1792 465 469 1793 1793 470 474 1794 1794 473 477 1795 1795 474 478 1796 1796 473 477 1797 1797 475 479 1798 1798 474 478 1799 1799 473 477 1800 1800 465 469 1801 1801 476 480 1802 1802 473 477 1803 1803 476 480 1804 1804 475 479 1805 1805 476 480 1806 1806 465 469 1807 1807 467 471 1808 1808 475 479 1809 1809 476 480 1810 1810 477 481 1811 1811 476 480 1812 1812 467 471 1813 1813 478 482 1814 1814 476 480 1815 1815 478 482 1816 1816 477 481 1817 1817 479 483 1818 1818 469 473 1819 1819 472 476 1820 1820 480 484 1821 1821 469 473 1822 1822 479 483 1823 1823 479 483 1824 1824 472 476 1825 1825 481 485 1826 1826 472 476 1827 1827 482 486 1828 1828 481 485 1829 1829 483 487 1830 1830 480 484 1831 1831 479 483 1832 1832 483 487 1833 1833 479 483 1834 1834 481 485 1835 1835 484 488 1836 1836 480 484 1837 1837 483 487 1838 1838 482 486 1839 1839 485 489 1840 1840 481 485 1841 1841 482 486 1842 1842 486 490 1843 1843 485 489 1844 1844 487 491 1845 1845 485 489 1846 1846 486 490 1847 1847 487 491 1848 1848 488 492 1849 1849 485 489 1850 1850 489 493 1851 1851 488 492 1852 1852 487 491 1853 1853 481 485 1854 1854 485 489 1855 1855 490 494 1856 1856 485 489 1857 1857 488 492 1858 1858 490 494 1859 1859 481 485 1860 1860 490 494 1861 1861 491 495 1862 1862 492 496 1863 1863 490 494 1864 1864 488 492 1865 1865 492 496 1866 1866 491 495 1867 1867 490 494 1868 1868 489 493 1869 1869 493 497 1870 1870 488 492 1871 1871 493 497 1872 1872 492 496 1873 1873 488 492 1874 1874 489 493 1875 1875 494 498 1876 1876 493 497 1877 1877 493 497 1878 1878 494 498 1879 1879 492 496 1880 1880 495 499 1881 1881 491 495 1882 1882 492 496 1883 1883 494 498 1884 1884 495 499 1885 1885 492 496 1886 1886 481 485 1887 1887 491 495 1888 1888 496 500 1889 1889 495 499 1890 1890 496 500 1891 1891 491 495 1892 1892 483 487 1893 1893 481 485 1894 1894 496 500 1895 1895 497 501 1896 1896 495 499 1897 1897 494 498 1898 1898 497 501 1899 1899 496 500 1900 1900 495 499 1901 1901 498 502 1902 1902 494 498 1903 1903 489 493 1904 1904 498 502 1905 1905 497 501 1906 1906 494 498 1907 1907 499 503 1908 1908 498 502 1909 1909 489 493 1910 1910 500 504 1911 1911 483 487 1912 1912 496 500 1913 1913 500 504 1914 1914 484 488 1915 1915 483 487 1916 1916 499 503 1917 1917 501 505 1918 1918 498 502 1919 1919 501 505 1920 1920 497 501 1921 1921 498 502 1922 1922 500 504 1923 1923 496 500 1924 1924 502 506 1925 1925 502 506 1926 1926 496 500 1927 1927 497 501 1928 1928 503 507 1929 1929 484 488 1930 1930 500 504 1931 1931 503 507 1932 1932 504 508 1933 1933 484 488 1934 1934 505 509 1935 1935 504 508 1936 1936 503 507 1937 1937 500 504 1938 1938 502 506 1939 1939 506 510 1940 1940 503 507 1941 1941 500 504 1942 1942 506 510 1943 1943 502 506 1944 1944 497 501 1945 1945 507 511 1946 1946 507 511 1947 1947 497 501 1948 1948 501 505 1949 1949 502 506 1950 1950 507 511 1951 1951 508 512 1952 1952 506 510 1953 1953 502 506 1954 1954 508 512 1955 1955 509 513 1956 1956 507 511 1957 1957 501 505 1958 1958 508 512 1959 1959 507 511 1960 1960 509 513 1961 1961 509 513 1962 1962 501 505 1963 1963 510 514 1964 1964 510 514 1965 1965 501 505 1966 1966 499 503 1967 1967 511 515 1968 1968 508 512 1969 1969 509 513 1970 1970 506 510 1971 1971 508 512 1972 1972 511 515 1973 1973 512 516 1974 1974 509 513 1975 1975 510 514 1976 1976 512 516 1977 1977 510 514 1978 1978 499 503 1979 1979 511 515 1980 1980 509 513 1981 1981 512 516 1982 1982 512 516 1983 1983 499 503 1984 1984 513 517 1985 1985 514 518 1986 1986 512 516 1987 1987 513 517 1988 1988 514 518 1989 1989 511 515 1990 1990 512 516 1991 1991 514 518 1992 1992 506 510 1993 1993 511 515 1994 1994 515 519 1995 1995 506 510 1996 1996 514 518 1997 1997 503 507 1998 1998 506 510 1999 1999 515 519 2000 2000 516 520 2001 2001 515 519 2002 2002 514 518 2003 2003 516 520 2004 2004 503 507 2005 2005 515 519 2006 2006 517 521 2007 2007 516 520 2008 2008 514 518 2009 2009 518 522 2010 2010 503 507 2011 2011 516 520 2012 2012 518 522 2013 2013 505 509 2014 2014 503 507 2015 2015 519 523 2016 2016 517 521 2017 2017 514 518 2018 2018 520 524 2019 2019 519 523 2020 2020 514 518 2021 2021 520 524 2022 2022 521 525 2023 2023 519 523 2024 2024 518 522 2025 2025 522 526 2026 2026 505 509 2027 2027 522 526 2028 2028 523 527 2029 2029 505 509 2030 2030 519 523 2031 2031 521 525 2032 2032 524 528 2033 2033 522 526 2034 2034 525 529 2035 2035 523 527 2036 2036 525 529 2037 2037 526 530 2038 2038 523 527 2039 2039 519 523 2040 2040 524 528 2041 2041 527 531 2042 2042 519 523 2043 2043 527 531 2044 2044 517 521 2045 2045 521 525 2046 2046 528 532 2047 2047 524 528 2048 2048 527 531 2049 2049 524 528 2050 2050 528 532 2051 2051 517 521 2052 2052 527 531 2053 2053 529 533 2054 2054 517 521 2055 2055 529 533 2056 2056 516 520 2057 2057 527 531 2058 2058 530 534 2059 2059 529 533 2060 2060 527 531 2061 2061 528 532 2062 2062 530 534 2063 2063 529 533 2064 2064 531 535 2065 2065 516 520 2066 2066 529 533 2067 2067 530 534 2068 2068 531 535 2069 2069 531 535 2070 2070 518 522 2071 2071 516 520 2072 2072 528 532 2073 2073 532 536 2074 2074 530 534 2075 2075 530 534 2076 2076 532 536 2077 2077 531 535 2078 2078 521 525 2079 2079 533 537 2080 2080 528 532 2081 2081 533 537 2082 2082 532 536 2083 2083 528 532 2084 2084 521 525 2085 2085 534 538 2086 2086 533 537 2087 2087 531 535 2088 2088 535 539 2089 2089 518 522 2090 2090 532 536 2091 2091 535 539 2092 2092 531 535 2093 2093 535 539 2094 2094 522 526 2095 2095 518 522 2096 2096 533 537 2097 2097 536 540 2098 2098 532 536 2099 2099 533 537 2100 2100 534 538 2101 2101 536 540 2102 2102 532 536 2103 2103 537 541 2104 2104 535 539 2105 2105 532 536 2106 2106 536 540 2107 2107 537 541 2108 2108 535 539 2109 2109 538 542 2110 2110 522 526 2111 2111 522 526 2112 2112 538 542 2113 2113 525 529 2114 2114 535 539 2115 2115 537 541 2116 2116 539 543 2117 2117 535 539 2118 2118 539 543 2119 2119 538 542 2120 2120 536 540 2121 2121 540 544 2122 2122 537 541 2123 2123 537 541 2124 2124 540 544 2125 2125 539 543 2126 2126 534 538 2127 2127 541 545 2128 2128 536 540 2129 2129 536 540 2130 2130 541 545 2131 2131 540 544 2132 2132 534 538 2133 2133 542 546 2134 2134 541 545 2135 2135 542 546 2136 2136 540 544 2137 2137 541 545 2138 2138 534 538 2139 2139 543 547 2140 2140 542 546 2141 2141 540 544 2142 2142 544 548 2143 2143 539 543 2144 2144 542 546 2145 2145 544 548 2146 2146 540 544 2147 2147 544 548 2148 2148 538 542 2149 2149 539 543 2150 2150 542 546 2151 2151 543 547 2152 2152 545 549 2153 2153 542 546 2154 2154 545 549 2155 2155 544 548 2156 2156 545 549 2157 2157 538 542 2158 2158 544 548 2159 2159 543 547 2160 2160 546 550 2161 2161 545 549 2162 2162 545 549 2163 2163 546 550 2164 2164 547 551 2165 2165 545 549 2166 2166 547 551 2167 2167 538 542 2168 2168 538 542 2169 2169 547 551 2170 2170 548 552 2171 2171 538 542 2172 2172 548 552 2173 2173 525 529 2174 2174 525 529 2175 2175 548 552 2176 2176 526 530 2177 2177 548 552 2178 2178 549 553 2179 2179 526 530 2180 2180 526 530 2181 2181 549 553 2182 2182 550 554 2183 2183 526 530 2184 2184 550 554 2185 2185 551 555 2186 2186 550 554 2187 2187 552 556 2188 2188 551 555 2189 2189 550 554 2190 2190 553 557 2191 2191 552 556 2192 2192 551 555 2193 2193 552 556 2194 2194 554 558 2195 2195 554 558 2196 2196 555 559 2197 2197 556 560 2198 2198 557 561 2199 2199 555 559 2200 2200 554 558 2201 2201 552 556 2202 2202 557 561 2203 2203 554 558 2204 2204 557 561 2205 2205 558 562 2206 2206 555 559 2207 2207 553 557 2208 2208 559 563 2209 2209 552 556 2210 2210 553 557 2211 2211 560 564 2212 2212 559 563 2213 2213 560 564 2214 2214 561 565 2215 2215 559 563 2216 2216 552 556 2217 2217 562 566 2218 2218 557 561 2219 2219 559 563 2220 2220 562 566 2221 2221 552 556 2222 2222 557 561 2223 2223 563 567 2224 2224 558 562 2225 2225 557 561 2226 2226 562 566 2227 2227 563 567 2228 2228 558 562 2229 2229 563 567 2230 2230 564 568 2231 2231 563 567 2232 2232 565 569 2233 2233 564 568 2234 2234 563 567 2235 2235 566 570 2236 2236 565 569 2237 2237 563 567 2238 2238 567 571 2239 2239 566 570 2240 2240 563 567 2241 2241 562 566 2242 2242 567 571 2243 2243 568 572 2244 2244 569 573 2245 2245 562 566 2246 2246 570 574 2247 2247 568 572 2248 2248 562 566 2249 2249 570 574 2250 2250 562 566 2251 2251 559 563 2252 2252 561 565 2253 2253 570 574 2254 2254 559 563 2255 2255 570 574 2256 2256 571 575 2257 2257 568 572 2258 2258 561 565 2259 2259 572 576 2260 2260 570 574 2261 2261 570 574 2262 2262 572 576 2263 2263 571 575 2264 2264 573 577 2265 2265 574 578 2266 2266 575 579 2267 2267 573 577 2268 2268 576 580 2269 2269 574 578 2270 2270 577 581 2271 2271 576 580 2272 2272 573 577 2273 2273 578 582 2274 2274 576 580 2275 2275 577 581 2276 2276 579 583 2277 2277 574 578 2278 2278 576 580 2279 2279 580 584 2280 2280 574 578 2281 2281 579 583 2282 2282 581 585 2283 2283 580 584 2284 2284 579 583 2285 2285 582 586 2286 2286 581 585 2287 2287 579 583 2288 2288 583 587 2289 2289 582 586 2290 2290 579 583 2291 2291 584 588 2292 2292 579 583 2293 2293 576 580 2294 2294 583 587 2295 2295 579 583 2296 2296 584 588 2297 2297 585 589 2298 2298 584 588 2299 2299 576 580 2300 2300 585 589 2301 2301 576 580 2302 2302 578 582 2303 2303 586 590 2304 2304 583 587 2305 2305 584 588 2306 2306 586 590 2307 2307 584 588 2308 2308 585 589 2309 2309 586 590 2310 2310 587 591 2311 2311 583 587 2312 2312 585 589 2313 2313 578 582 2314 2314 588 592 2315 2315 586 590 2316 2316 589 593 2317 2317 587 591 2318 2318 587 591 2319 2319 589 593 2320 2320 590 594 2321 2321 590 594 2322 2322 589 593 2323 2323 591 595 2324 2324 592 596 2325 2325 586 590 2326 2326 585 589 2327 2327 589 593 2328 2328 593 597 2329 2329 591 595 2330 2330 591 595 2331 2331 593 597 2332 2332 594 598 2333 2333 595 599 2334 2334 586 590 2335 2335 592 596 2336 2336 595 599 2337 2337 589 593 2338 2338 586 590 2339 2339 592 596 2340 2340 585 589 2341 2341 596 600 2342 2342 595 599 2343 2343 592 596 2344 2344 596 600 2345 2345 596 600 2346 2346 585 589 2347 2347 588 592 2348 2348 597 601 2349 2349 589 593 2350 2350 595 599 2351 2351 588 592 2352 2352 578 582 2353 2353 598 602 2354 2354 578 582 2355 2355 599 603 2356 2356 598 602 2357 2357 597 601 2358 2358 600 604 2359 2359 589 593 2360 2360 589 593 2361 2361 600 604 2362 2362 593 597 2363 2363 598 602 2364 2364 599 603 2365 2365 601 605 2366 2366 599 603 2367 2367 602 606 2368 2368 601 605 2369 2369 602 606 2370 2370 603 607 2371 2371 601 605 2372 2372 588 592 2373 2373 598 602 2374 2374 604 608 2375 2375 596 600 2376 2376 588 592 2377 2377 604 608 2378 2378 598 602 2379 2379 601 605 2380 2380 605 609 2381 2381 604 608 2382 2382 598 602 2383 2383 605 609 2384 2384 603 607 2385 2385 606 610 2386 2386 601 605 2387 2387 603 607 2388 2388 607 611 2389 2389 606 610 2390 2390 607 611 2391 2391 608 612 2392 2392 606 610 2393 2393 606 610 2394 2394 608 612 2395 2395 609 613 2396 2396 601 605 2397 2397 606 610 2398 2398 609 613 2399 2399 608 612 2400 2400 610 614 2401 2401 609 613 2402 2402 610 614 2403 2403 611 615 2404 2404 609 613 2405 2405 601 605 2406 2406 609 613 2407 2407 612 616 2408 2408 601 605 2409 2409 612 616 2410 2410 605 609 2411 2411 609 613 2412 2412 611 615 2413 2413 613 617 2414 2414 611 615 2415 2415 614 618 2416 2416 613 617 2417 2417 613 617 2418 2418 614 618 2419 2419 615 619 2420 2420 612 616 2421 2421 609 613 2422 2422 616 620 2423 2423 609 613 2424 2424 613 617 2425 2425 616 620 2426 2426 613 617 2427 2427 615 619 2428 2428 616 620 2429 2429 612 616 2430 2430 616 620 2431 2431 605 609 2432 2432 616 620 2433 2433 615 619 2434 2434 617 621 2435 2435 618 622 2436 2436 616 620 2437 2437 617 621 2438 2438 605 609 2439 2439 616 620 2440 2440 619 623 2441 2441 619 623 2442 2442 616 620 2443 2443 618 622 2444 2444 604 608 2445 2445 605 609 2446 2446 619 623 2447 2447 619 623 2448 2448 618 622 2449 2449 620 624 2450 2450 604 608 2451 2451 619 623 2452 2452 621 625 2453 2453 621 625 2454 2454 619 623 2455 2455 620 624 2456 2456 622 626 2457 2457 604 608 2458 2458 621 625 2459 2459 621 625 2460 2460 620 624 2461 2461 623 627 2462 2462 622 626 2463 2463 621 625 2464 2464 623 627 2465 2465 624 628 2466 2466 604 608 2467 2467 622 626 2468 2468 624 628 2469 2469 596 600 2470 2470 604 608 2471 2471 625 629 2472 2472 596 600 2473 2473 624 628 2474 2474 625 629 2475 2475 624 628 2476 2476 622 626 2477 2477 625 629 2478 2478 626 630 2479 2479 596 600 2480 2480 626 630 2481 2481 595 599 2482 2482 596 600 2483 2483 627 631 2484 2484 625 629 2485 2485 622 626 2486 2486 625 629 2487 2487 628 632 2488 2488 626 630 2489 2489 627 631 2490 2490 628 632 2491 2491 625 629 2492 2492 626 630 2493 2493 629 633 2494 2494 595 599 2495 2495 628 632 2496 2496 629 633 2497 2497 626 630 2498 2498 629 633 2499 2499 630 634 2500 2500 595 599 2501 2501 630 634 2502 2502 597 601 2503 2503 595 599 2504 2504 631 635 2505 2505 629 633 2506 2506 628 632 2507 2507 632 636 2508 2508 630 634 2509 2509 629 633 2510 2510 631 635 2511 2511 632 636 2512 2512 629 633 2513 2513 633 637 2514 2514 597 601 2515 2515 630 634 2516 2516 632 636 2517 2517 633 637 2518 2518 630 634 2519 2519 634 638 2520 2520 631 635 2521 2521 628 632 2522 2522 634 638 2523 2523 628 632 2524 2524 627 631 2525 2525 633 637 2526 2526 635 639 2527 2527 597 601 2528 2528 635 639 2529 2529 600 604 2530 2530 597 601 2531 2531 634 638 2532 2532 627 631 2533 2533 636 640 2534 2534 627 631 2535 2535 622 626 2536 2536 636 640 2537 2537 637 641 2538 2538 631 635 2539 2539 634 638 2540 2540 622 626 2541 2541 638 642 2542 2542 636 640 2543 2543 622 626 2544 2544 623 627 2545 2545 638 642 2546 2546 639 643 2547 2547 634 638 2548 2548 636 640 2549 2549 639 643 2550 2550 637 641 2551 2551 634 638 2552 2552 638 642 2553 2553 640 644 2554 2554 636 640 2555 2555 638 642 2556 2556 623 627 2557 2557 640 644 2558 2558 641 645 2559 2559 639 643 2560 2560 636 640 2561 2561 640 644 2562 2562 623 627 2563 2563 642 646 2564 2564 641 645 2565 2565 643 647 2566 2566 639 643 2567 2567 643 647 2568 2568 637 641 2569 2569 639 643 2570 2570 641 645 2571 2571 636 640 2572 2572 644 648 2573 2573 636 640 2574 2574 640 644 2575 2575 644 648 2576 2576 641 645 2577 2577 645 649 2578 2578 643 647 2579 2579 644 648 2580 2580 640 644 2581 2581 646 650 2582 2582 640 644 2583 2583 647 651 2584 2584 646 650 2585 2585 640 644 2586 2586 642 646 2587 2587 647 651 2588 2588 644 648 2589 2589 646 650 2590 2590 648 652 2591 2591 649 653 2592 2592 644 648 2593 2593 648 652 2594 2594 647 651 2595 2595 642 646 2596 2596 650 654 2597 2597 647 651 2598 2598 650 654 2599 2599 651 655 2600 2600 651 655 2601 2601 650 654 2602 2602 652 656 2603 2603 652 656 2604 2604 650 654 2605 2605 653 657 2606 2606 650 654 2607 2607 654 658 2608 2608 653 657 2609 2609 642 646 2610 2610 655 659 2611 2611 650 654 2612 2612 650 654 2613 2613 655 659 2614 2614 654 658 2615 2615 623 627 2616 2616 655 659 2617 2617 642 646 2618 2618 623 627 2619 2619 620 624 2620 2620 655 659 2621 2621 655 659 2622 2622 620 624 2623 2623 656 660 2624 2624 655 659 2625 2625 656 660 2626 2626 657 661 2627 2627 654 658 2628 2628 655 659 2629 2629 657 661 2630 2630 654 658 2631 2631 657 661 2632 2632 658 662 2633 2633 659 663 2634 2634 644 648 2635 2635 649 653 2636 2636 659 663 2637 2637 649 653 2638 2638 660 664 2639 2639 661 665 2640 2640 644 648 2641 2641 659 663 2642 2642 641 645 2643 2643 644 648 2644 2644 661 665 2645 2645 641 645 2646 2646 661 665 2647 2647 645 649 2648 2648 662 666 2649 2649 659 663 2650 2650 660 664 2651 2651 661 665 2652 2652 659 663 2653 2653 663 667 2654 2654 663 667 2655 2655 659 663 2656 2656 662 666 2657 2657 664 668 2658 2658 662 666 2659 2659 660 664 2660 2660 664 668 2661 2661 663 667 2662 2662 662 666 2663 2663 665 669 2664 2664 664 668 2665 2665 660 664 2666 2666 661 665 2667 2667 663 667 2668 2668 666 670 2669 2669 661 665 2670 2670 666 670 2671 2671 645 649 2672 2672 667 671 2673 2673 663 667 2674 2674 664 668 2675 2675 666 670 2676 2676 663 667 2677 2677 667 671 2678 2678 668 672 2679 2679 664 668 2680 2680 665 669 2681 2681 667 671 2682 2682 664 668 2683 2683 668 672 2684 2684 668 672 2685 2685 665 669 2686 2686 669 673 2687 2687 665 669 2688 2688 670 674 2689 2689 669 673 2690 2690 670 674 2691 2691 671 675 2692 2692 669 673 2693 2693 667 671 2694 2694 668 672 2695 2695 672 676 2696 2696 668 672 2697 2697 669 673 2698 2698 672 676 2699 2699 666 670 2700 2700 667 671 2701 2701 673 677 2702 2702 673 677 2703 2703 667 671 2704 2704 672 676 2705 2705 671 675 2706 2706 674 678 2707 2707 669 673 2708 2708 671 675 2709 2709 675 679 2710 2710 674 678 2711 2711 672 676 2712 2712 669 673 2713 2713 676 680 2714 2714 676 680 2715 2715 669 673 2716 2716 674 678 2717 2717 673 677 2718 2718 672 676 2719 2719 677 681 2720 2720 672 676 2721 2721 676 680 2722 2722 677 681 2723 2723 674 678 2724 2724 675 679 2725 2725 678 682 2726 2726 675 679 2727 2727 679 683 2728 2728 678 682 2729 2729 676 680 2730 2730 674 678 2731 2731 680 684 2732 2732 674 678 2733 2733 678 682 2734 2734 681 685 2735 2735 680 684 2736 2736 674 678 2737 2737 681 685 2738 2738 682 686 2739 2739 676 680 2740 2740 680 684 2741 2741 677 681 2742 2742 676 680 2743 2743 682 686 2744 2744 680 684 2745 2745 681 685 2746 2746 683 687 2747 2747 682 686 2748 2748 680 684 2749 2749 683 687 2750 2750 681 685 2751 2751 678 682 2752 2752 684 688 2753 2753 679 683 2754 2754 684 688 2755 2755 678 682 2756 2756 683 687 2757 2757 681 685 2758 2758 685 689 2759 2759 681 685 2760 2760 684 688 2761 2761 685 689 2762 2762 682 686 2763 2763 683 687 2764 2764 686 690 2765 2765 683 687 2766 2766 685 689 2767 2767 686 690 2768 2768 679 683 2769 2769 687 691 2770 2770 684 688 2771 2771 684 688 2772 2772 687 691 2773 2773 685 689 2774 2774 679 683 2775 2775 688 692 2776 2776 687 691 2777 2777 688 692 2778 2778 685 689 2779 2779 687 691 2780 2780 689 693 2781 2781 688 692 2782 2782 679 683 2783 2783 690 694 2784 2784 689 693 2785 2785 679 683 2786 2786 691 695 2787 2787 689 693 2788 2788 690 694 2789 2789 692 696 2790 2790 685 689 2791 2791 688 692 2792 2792 686 690 2793 2793 685 689 2794 2794 692 696 2795 2795 693 697 2796 2796 688 692 2797 2797 689 693 2798 2798 693 697 2799 2799 692 696 2800 2800 688 692 2801 2801 691 695 2802 2802 693 697 2803 2803 689 693 2804 2804 693 697 2805 2805 686 690 2806 2806 692 696 2807 2807 691 695 2808 2808 694 698 2809 2809 693 697 2810 2810 695 699 2811 2811 694 698 2812 2812 691 695 2813 2813 696 700 2814 2814 686 690 2815 2815 693 697 2816 2816 696 700 2817 2817 682 686 2818 2818 686 690 2819 2819 694 698 2820 2820 696 700 2821 2821 693 697 2822 2822 696 700 2823 2823 677 681 2824 2824 682 686 2825 2825 697 701 2826 2826 694 698 2827 2827 695 699 2828 2828 698 702 2829 2829 677 681 2830 2830 696 700 2831 2831 698 702 2832 2832 696 700 2833 2833 694 698 2834 2834 698 702 2835 2835 673 677 2836 2836 677 681 2837 2837 697 701 2838 2838 699 703 2839 2839 694 698 2840 2840 699 703 2841 2841 698 702 2842 2842 694 698 2843 2843 700 704 2844 2844 673 677 2845 2845 698 702 2846 2846 699 703 2847 2847 700 704 2848 2848 698 702 2849 2849 700 704 2850 2850 666 670 2851 2851 673 677 2852 2852 701 705 2853 2853 699 703 2854 2854 697 701 2855 2855 701 705 2856 2856 700 704 2857 2857 699 703 2858 2858 702 706 2859 2859 701 705 2860 2860 697 701 2861 2861 703 707 2862 2862 666 670 2863 2863 700 704 2864 2864 703 707 2865 2865 700 704 2866 2866 701 705 2867 2867 645 649 2868 2868 666 670 2869 2869 703 707 2870 2870 704 708 2871 2871 701 705 2872 2872 702 706 2873 2873 704 708 2874 2874 702 706 2875 2875 705 709 2876 2876 703 707 2877 2877 701 705 2878 2878 706 710 2879 2879 645 649 2880 2880 703 707 2881 2881 706 710 2882 2882 706 710 2883 2883 701 705 2884 2884 704 708 2885 2885 643 647 2886 2886 645 649 2887 2887 706 710 2888 2888 704 708 2889 2889 705 709 2890 2890 707 711 2891 2891 706 710 2892 2892 704 708 2893 2893 707 711 2894 2894 708 712 2895 2895 707 711 2896 2896 705 709 2897 2897 643 647 2898 2898 706 710 2899 2899 709 713 2900 2900 709 713 2901 2901 706 710 2902 2902 707 711 2903 2903 643 647 2904 2904 709 713 2905 2905 637 641 2906 2906 710 714 2907 2907 707 711 2908 2908 708 712 2909 2909 709 713 2910 2910 707 711 2911 2911 710 714 2912 2912 709 713 2913 2913 711 715 2914 2914 637 641 2915 2915 709 713 2916 2916 710 714 2917 2917 711 715 2918 2918 710 714 2919 2919 708 712 2920 2920 712 716 2921 2921 711 715 2922 2922 710 714 2923 2923 712 716 2924 2924 708 712 2925 2925 713 717 2926 2926 712 716 2927 2927 637 641 2928 2928 711 715 2929 2929 714 718 2930 2930 711 715 2931 2931 712 716 2932 2932 714 718 2933 2933 637 641 2934 2934 714 718 2935 2935 631 635 2936 2936 713 717 2937 2937 715 719 2938 2938 712 716 2939 2939 714 718 2940 2940 632 636 2941 2941 631 635 2942 2942 714 718 2943 2943 712 716 2944 2944 716 720 2945 2945 714 718 2946 2946 716 720 2947 2947 632 636 2948 2948 717 721 2949 2949 712 716 2950 2950 715 719 2951 2951 716 720 2952 2952 712 716 2953 2953 717 721 2954 2954 716 720 2955 2955 718 722 2956 2956 632 636 2957 2957 716 720 2958 2958 717 721 2959 2959 718 722 2960 2960 718 722 2961 2961 633 637 2962 2962 632 636 2963 2963 717 721 2964 2964 715 719 2965 2965 719 723 2966 2966 717 721 2967 2967 719 723 2968 2968 718 722 2969 2969 715 719 2970 2970 720 724 2971 2971 719 723 2972 2972 718 722 2973 2973 721 725 2974 2974 633 637 2975 2975 718 722 2976 2976 719 723 2977 2977 721 725 2978 2978 721 725 2979 2979 635 639 2980 2980 633 637 2981 2981 719 723 2982 2982 720 724 2983 2983 722 726 2984 2984 719 723 2985 2985 722 726 2986 2986 721 725 2987 2987 720 724 2988 2988 723 727 2989 2989 722 726 2990 2990 722 726 2991 2991 723 727 2992 2992 724 728 2993 2993 722 726 2994 2994 724 728 2995 2995 721 725 2996 2996 723 727 2997 2997 725 729 2998 2998 724 728 2999 2999 721 725 3000 3000 726 730 3001 3001 635 639 3002 3002 721 725 3003 3003 724 728 3004 3004 726 730 3005 3005 726 730 3006 3006 727 731 3007 3007 635 639 3008 3008 635 639 3009 3009 727 731 3010 3010 600 604 3011 3011 724 728 3012 3012 728 732 3013 3013 726 730 3014 3014 726 730 3015 3015 728 732 3016 3016 727 731 3017 3017 725 729 3018 3018 729 733 3019 3019 724 728 3020 3020 724 728 3021 3021 729 733 3022 3022 728 732 3023 3023 725 729 3024 3024 730 734 3025 3025 729 733 3026 3026 725 729 3027 3027 731 735 3028 3028 730 734 3029 3029 731 735 3030 3030 732 736 3031 3031 730 734 3032 3032 728 732 3033 3033 729 733 3034 3034 733 737 3035 3035 733 737 3036 3036 729 733 3037 3037 730 734 3038 3038 728 732 3039 3039 733 737 3040 3040 734 738 3041 3041 727 731 3042 3042 728 732 3043 3043 734 738 3044 3044 733 737 3045 3045 730 734 3046 3046 735 739 3047 3047 600 604 3048 3048 727 731 3049 3049 736 740 3050 3050 600 604 3051 3051 736 740 3052 3052 593 597 3053 3053 727 731 3054 3054 734 738 3055 3055 737 741 3056 3056 727 731 3057 3057 737 741 3058 3058 736 740 3059 3059 734 738 3060 3060 733 737 3061 3061 738 742 3062 3062 733 737 3063 3063 735 739 3064 3064 738 742 3065 3065 739 743 3066 3066 593 597 3067 3067 736 740 3068 3068 594 598 3069 3069 593 597 3070 3070 739 743 3071 3071 739 743 3072 3072 736 740 3073 3073 740 744 3074 3074 594 598 3075 3075 739 743 3076 3076 740 744 3077 3077 737 741 3078 3078 740 744 3079 3079 736 740 3080 3080 741 745 3081 3081 594 598 3082 3082 740 744 3083 3083 742 746 3084 3084 740 744 3085 3085 737 741 3086 3086 742 746 3087 3087 741 745 3088 3088 740 744 3089 3089 734 738 3090 3090 743 747 3091 3091 737 741 3092 3092 743 747 3093 3093 742 746 3094 3094 737 741 3095 3095 734 738 3096 3096 738 742 3097 3097 743 747 3098 3098 742 746 3099 3099 744 748 3100 3100 741 745 3101 3101 743 747 3102 3102 744 748 3103 3103 742 746 3104 3104 741 745 3105 3105 744 748 3106 3106 745 749 3107 3107 744 748 3108 3108 746 750 3109 3109 745 749 3110 3110 738 742 3111 3111 747 751 3112 3112 743 747 3113 3113 743 747 3114 3114 747 751 3115 3115 744 748 3116 3116 744 748 3117 3117 748 752 3118 3118 746 750 3119 3119 744 748 3120 3120 747 751 3121 3121 748 752 3122 3122 748 752 3123 3123 749 753 3124 3124 746 750 3125 3125 738 742 3126 3126 750 754 3127 3127 747 751 3128 3128 738 742 3129 3129 735 739 3130 3130 750 754 3131 3131 751 755 3132 3132 748 752 3133 3133 747 751 3134 3134 750 754 3135 3135 751 755 3136 3136 747 751 3137 3137 748 752 3138 3138 752 756 3139 3139 749 753 3140 3140 753 757 3141 3141 749 753 3142 3142 752 756 3143 3143 754 758 3144 3144 748 752 3145 3145 751 755 3146 3146 754 758 3147 3147 752 756 3148 3148 748 752 3149 3149 755 759 3150 3150 751 755 3151 3151 750 754 3152 3152 755 759 3153 3153 754 758 3154 3154 751 755 3155 3155 756 760 3156 3156 752 756 3157 3157 754 758 3158 3158 753 757 3159 3159 752 756 3160 3160 756 760 3161 3161 757 761 3162 3162 754 758 3163 3163 755 759 3164 3164 757 761 3165 3165 756 760 3166 3166 754 758 3167 3167 758 762 3168 3168 755 759 3169 3169 750 754 3170 3170 758 762 3171 3171 757 761 3172 3172 755 759 3173 3173 735 739 3174 3174 758 762 3175 3175 750 754 3176 3176 757 761 3177 3177 759 763 3178 3178 756 760 3179 3179 759 763 3180 3180 753 757 3181 3181 756 760 3182 3182 758 762 3183 3183 760 764 3184 3184 757 761 3185 3185 761 765 3186 3186 759 763 3187 3187 757 761 3188 3188 761 765 3189 3189 757 761 3190 3190 760 764 3191 3191 761 765 3192 3192 753 757 3193 3193 759 763 3194 3194 762 766 3195 3195 760 764 3196 3196 758 762 3197 3197 735 739 3198 3198 762 766 3199 3199 758 762 3200 3200 762 766 3201 3201 761 765 3202 3202 760 764 3203 3203 730 734 3204 3204 762 766 3205 3205 735 739 3206 3206 730 734 3207 3207 732 736 3208 3208 762 766 3209 3209 763 767 3210 3210 753 757 3211 3211 761 765 3212 3212 762 766 3213 3213 763 767 3214 3214 761 765 3215 3215 732 736 3216 3216 763 767 3217 3217 762 766 3218 3218 764 768 3219 3219 753 757 3220 3220 763 767 3221 3221 732 736 3222 3222 764 768 3223 3223 763 767 3224 3224 765 769 3225 3225 766 770 3226 3226 767 771 3227 3227 765 769 3228 3228 767 771 3229 3229 768 772 3230 3230 768 772 3231 3231 767 771 3232 3232 769 773 3233 3233 770 774 3234 3234 765 769 3235 3235 768 772 3236 3236 771 775 3237 3237 765 769 3238 3238 770 774 3239 3239 772 776 3240 3240 768 772 3241 3241 769 773 3242 3242 770 774 3243 3243 768 772 3244 3244 772 776 3245 3245 773 777 3246 3246 771 775 3247 3247 770 774 3248 3248 774 778 3249 3249 771 775 3250 3250 773 777 3251 3251 774 778 3252 3252 773 777 3253 3253 775 779 3254 3254 774 778 3255 3255 775 779 3256 3256 776 780 3257 3257 773 777 3258 3258 770 774 3259 3259 777 781 3260 3260 775 779 3261 3261 773 777 3262 3262 777 781 3263 3263 770 774 3264 3264 772 776 3265 3265 778 782 3266 3266 777 781 3267 3267 770 774 3268 3268 778 782 3269 3269 775 779 3270 3270 779 783 3271 3271 776 780 3272 3272 775 779 3273 3273 777 781 3274 3274 780 784 3275 3275 775 779 3276 3276 780 784 3277 3277 779 783 3278 3278 776 780 3279 3279 779 783 3280 3280 781 785 3281 3281 776 780 3282 3282 781 785 3283 3283 782 786 3284 3284 780 784 3285 3285 783 787 3286 3286 779 783 3287 3287 779 783 3288 3288 783 787 3289 3289 781 785 3290 3290 780 784 3291 3291 777 781 3292 3292 784 788 3293 3293 782 786 3294 3294 781 785 3295 3295 785 789 3296 3296 782 786 3297 3297 785 789 3298 3298 786 790 3299 3299 786 790 3300 3300 785 789 3301 3301 787 791 3302 3302 777 781 3303 3303 788 792 3304 3304 784 788 3305 3305 777 781 3306 3306 778 782 3307 3307 788 792 3308 3308 780 784 3309 3309 784 788 3310 3310 789 793 3311 3311 780 784 3312 3312 789 793 3313 3313 783 787 3314 3314 778 782 3315 3315 790 794 3316 3316 788 792 3317 3317 778 782 3318 3318 772 776 3319 3319 790 794 3320 3320 784 788 3321 3321 788 792 3322 3322 791 795 3323 3323 784 788 3324 3324 791 795 3325 3325 789 793 3326 3326 788 792 3327 3327 790 794 3328 3328 792 796 3329 3329 788 792 3330 3330 792 796 3331 3331 791 795 3332 3332 772 776 3333 3333 793 797 3334 3334 790 794 3335 3335 790 794 3336 3336 794 798 3337 3337 792 796 3338 3338 790 794 3339 3339 793 797 3340 3340 794 798 3341 3341 772 776 3342 3342 795 799 3343 3343 793 797 3344 3344 772 776 3345 3345 769 773 3346 3346 795 799 3347 3347 769 773 3348 3348 796 800 3349 3349 795 799 3350 3350 793 797 3351 3351 797 801 3352 3352 794 798 3353 3353 795 799 3354 3354 796 800 3355 3355 798 802 3356 3356 793 797 3357 3357 795 799 3358 3358 799 803 3359 3359 793 797 3360 3360 799 803 3361 3361 797 801 3362 3362 795 799 3363 3363 798 802 3364 3364 799 803 3365 3365 794 798 3366 3366 797 801 3367 3367 800 804 3368 3368 797 801 3369 3369 799 803 3370 3370 800 804 3371 3371 796 800 3372 3372 801 805 3373 3373 798 802 3374 3374 796 800 3375 3375 802 806 3376 3376 801 805 3377 3377 798 802 3378 3378 801 805 3379 3379 803 807 3380 3380 798 802 3381 3381 803 807 3382 3382 799 803 3383 3383 801 805 3384 3384 802 806 3385 3385 804 808 3386 3386 801 805 3387 3387 804 808 3388 3388 803 807 3389 3389 802 806 3390 3390 805 809 3391 3391 804 808 3392 3392 804 808 3393 3393 805 809 3394 3394 806 810 3395 3395 805 809 3396 3396 807 811 3397 3397 806 810 3398 3398 804 808 3399 3399 808 812 3400 3400 803 807 3401 3401 806 810 3402 3402 807 811 3403 3403 809 813 3404 3404 807 811 3405 3405 810 814 3406 3406 809 813 3407 3407 809 813 3408 3408 810 814 3409 3409 811 815 3410 3410 810 814 3411 3411 812 816 3412 3412 811 815 3413 3413 810 814 3414 3414 813 817 3415 3415 812 816 3416 3416 812 816 3417 3417 813 817 3418 3418 814 818 3419 3419 813 817 3420 3420 815 819 3421 3421 814 818 3422 3422 808 812 3423 3423 816 820 3424 3424 803 807 3425 3425 814 818 3426 3426 815 819 3427 3427 817 821 3428 3428 814 818 3429 3429 817 821 3430 3430 818 822 3431 3431 815 819 3432 3432 819 823 3433 3433 817 821 3434 3434 815 819 3435 3435 820 824 3436 3436 819 823 3437 3437 817 821 3438 3438 821 825 3439 3439 818 822 3440 3440 817 821 3441 3441 819 823 3442 3442 821 825 3443 3443 818 822 3444 3444 822 826 3445 3445 823 827 3446 3446 818 822 3447 3447 821 825 3448 3448 822 826 3449 3449 821 825 3450 3450 824 828 3451 3451 822 826 3452 3452 820 824 3453 3453 825 829 3454 3454 819 823 3455 3455 819 823 3456 3456 825 829 3457 3457 821 825 3458 3458 820 824 3459 3459 826 830 3460 3460 825 829 3461 3461 825 829 3462 3462 826 830 3463 3463 827 831 3464 3464 821 825 3465 3465 828 832 3466 3466 824 828 3467 3467 821 825 3468 3468 825 829 3469 3469 828 832 3470 3470 825 829 3471 3471 827 831 3472 3472 829 833 3473 3473 825 829 3474 3474 829 833 3475 3475 828 832 3476 3476 827 831 3477 3477 830 834 3478 3478 829 833 3479 3479 828 832 3480 3480 831 835 3481 3481 824 828 3482 3482 824 828 3483 3483 831 835 3484 3484 832 836 3485 3485 831 835 3486 3486 833 837 3487 3487 832 836 3488 3488 828 832 3489 3489 834 838 3490 3490 831 835 3491 3491 831 835 3492 3492 834 838 3493 3493 833 837 3494 3494 828 832 3495 3495 829 833 3496 3496 834 838 3497 3497 830 834 3498 3498 833 837 3499 3499 835 839 3500 3500 829 833 3501 3501 830 834 3502 3502 835 839 3503 3503 834 838 3504 3504 835 839 3505 3505 833 837 3506 3506 829 833 3507 3507 835 839 3508 3508 834 838 3509 3509 816 820 3510 3510 836 840 3511 3511 837 841 3512 3512 837 841 3513 3513 836 840 3514 3514 838 842 3515 3515 836 840 3516 3516 839 843 3517 3517 838 842 3518 3518 840 844 3519 3519 816 820 3520 3520 837 841 3521 3521 838 842 3522 3522 839 843 3523 3523 841 845 3524 3524 839 843 3525 3525 842 846 3526 3526 841 845 3527 3527 841 845 3528 3528 842 846 3529 3529 843 847 3530 3530 841 845 3531 3531 843 847 3532 3532 844 848 3533 3533 843 847 3534 3534 845 849 3535 3535 844 848 3536 3536 844 848 3537 3537 845 849 3538 3538 846 850 3539 3539 847 851 3540 3540 816 820 3541 3541 840 844 3542 3542 847 851 3543 3543 803 807 3544 3544 816 820 3545 3545 848 852 3546 3546 847 851 3547 3547 840 844 3548 3548 849 853 3549 3549 803 807 3550 3550 847 851 3551 3551 848 852 3552 3552 849 853 3553 3553 847 851 3554 3554 849 853 3555 3555 799 803 3556 3556 803 807 3557 3557 850 854 3558 3558 849 853 3559 3559 848 852 3560 3560 850 854 3561 3561 799 803 3562 3562 849 853 3563 3563 850 854 3564 3564 848 852 3565 3565 851 855 3566 3566 800 804 3567 3567 799 803 3568 3568 850 854 3569 3569 852 856 3570 3570 850 854 3571 3571 851 855 3572 3572 800 804 3573 3573 850 854 3574 3574 852 856 3575 3575 852 856 3576 3576 851 855 3577 3577 853 857 3578 3578 853 857 3579 3579 851 855 3580 3580 854 858 3581 3581 800 804 3582 3582 852 856 3583 3583 855 859 3584 3584 794 798 3585 3585 800 804 3586 3586 855 859 3587 3587 792 796 3588 3588 794 798 3589 3589 855 859 3590 3590 853 857 3591 3591 854 858 3592 3592 856 860 3593 3593 856 860 3594 3594 854 858 3595 3595 857 861 3596 3596 858 862 3597 3597 853 857 3598 3598 856 860 3599 3599 858 862 3600 3600 852 856 3601 3601 853 857 3602 3602 858 862 3603 3603 856 860 3604 3604 859 863 3605 3605 855 859 3606 3606 852 856 3607 3607 860 864 3608 3608 860 864 3609 3609 852 856 3610 3610 858 862 3611 3611 792 796 3612 3612 855 859 3613 3613 861 865 3614 3614 855 859 3615 3615 860 864 3616 3616 861 865 3617 3617 792 796 3618 3618 861 865 3619 3619 791 795 3620 3620 860 864 3621 3621 858 862 3622 3622 862 866 3623 3623 861 865 3624 3624 860 864 3625 3625 862 866 3626 3626 863 867 3627 3627 858 862 3628 3628 859 863 3629 3629 862 866 3630 3630 858 862 3631 3631 863 867 3632 3632 864 868 3633 3633 863 867 3634 3634 859 863 3635 3635 861 865 3636 3636 862 866 3637 3637 865 869 3638 3638 791 795 3639 3639 861 865 3640 3640 865 869 3641 3641 866 870 3642 3642 863 867 3643 3643 864 868 3644 3644 866 870 3645 3645 862 866 3646 3646 863 867 3647 3647 867 871 3648 3648 866 870 3649 3649 864 868 3650 3650 865 869 3651 3651 862 866 3652 3652 868 872 3653 3653 868 872 3654 3654 862 866 3655 3655 866 870 3656 3656 869 873 3657 3657 866 870 3658 3658 867 871 3659 3659 869 873 3660 3660 868 872 3661 3661 866 870 3662 3662 870 874 3663 3663 869 873 3664 3664 867 871 3665 3665 870 874 3666 3666 867 871 3667 3667 871 875 3668 3668 872 876 3669 3669 868 872 3670 3670 869 873 3671 3671 872 876 3672 3672 869 873 3673 3673 870 874 3674 3674 865 869 3675 3675 868 872 3676 3676 873 877 3677 3677 873 877 3678 3678 868 872 3679 3679 872 876 3680 3680 791 795 3681 3681 865 869 3682 3682 873 877 3683 3683 874 878 3684 3684 791 795 3685 3685 873 877 3686 3686 789 793 3687 3687 791 795 3688 3688 874 878 3689 3689 874 878 3690 3690 873 877 3691 3691 875 879 3692 3692 789 793 3693 3693 874 878 3694 3694 875 879 3695 3695 873 877 3696 3696 872 876 3697 3697 876 880 3698 3698 875 879 3699 3699 873 877 3700 3700 876 880 3701 3701 877 881 3702 3702 789 793 3703 3703 875 879 3704 3704 783 787 3705 3705 789 793 3706 3706 877 881 3707 3707 875 879 3708 3708 876 880 3709 3709 878 882 3710 3710 879 883 3711 3711 875 879 3712 3712 878 882 3713 3713 880 884 3714 3714 875 879 3715 3715 879 883 3716 3716 877 881 3717 3717 875 879 3718 3718 880 884 3719 3719 878 882 3720 3720 876 880 3721 3721 881 885 3722 3722 876 880 3723 3723 872 876 3724 3724 881 885 3725 3725 878 882 3726 3726 881 885 3727 3727 882 886 3728 3728 877 881 3729 3729 880 884 3730 3730 883 887 3731 3731 783 787 3732 3732 877 881 3733 3733 883 887 3734 3734 880 884 3735 3735 884 888 3736 3736 883 887 3737 3737 885 889 3738 3738 783 787 3739 3739 883 887 3740 3740 781 785 3741 3741 783 787 3742 3742 885 889 3743 3743 883 887 3744 3744 884 888 3745 3745 886 890 3746 3746 885 889 3747 3747 883 887 3748 3748 886 890 3749 3749 884 888 3750 3750 887 891 3751 3751 886 890 3752 3752 781 785 3753 3753 885 889 3754 3754 888 892 3755 3755 885 889 3756 3756 886 890 3757 3757 888 892 3758 3758 887 891 3759 3759 889 893 3760 3760 886 890 3761 3761 785 789 3762 3762 781 785 3763 3763 888 892 3764 3764 890 894 3765 3765 886 890 3766 3766 889 893 3767 3767 888 892 3768 3768 886 890 3769 3769 890 894 3770 3770 785 789 3771 3771 888 892 3772 3772 891 895 3773 3773 891 895 3774 3774 888 892 3775 3775 890 894 3776 3776 785 789 3777 3777 891 895 3778 3778 892 896 3779 3779 787 791 3780 3780 785 789 3781 3781 892 896 3782 3782 891 895 3783 3783 890 894 3784 3784 893 897 3785 3785 892 896 3786 3786 891 895 3787 3787 893 897 3788 3788 787 791 3789 3789 892 896 3790 3790 894 898 3791 3791 892 896 3792 3792 893 897 3793 3793 894 898 3794 3794 787 791 3795 3795 894 898 3796 3796 895 899 3797 3797 890 894 3798 3798 889 893 3799 3799 896 900 3800 3800 893 897 3801 3801 890 894 3802 3802 896 900 3803 3803 889 893 3804 3804 897 901 3805 3805 896 900 3806 3806 896 900 3807 3807 897 901 3808 3808 898 902 3809 3809 896 900 3810 3810 898 902 3811 3811 899 903 3812 3812 893 897 3813 3813 896 900 3814 3814 899 903 3815 3815 898 902 3816 3816 900 904 3817 3817 899 903 3818 3818 894 898 3819 3819 893 897 3820 3820 901 905 3821 3821 894 898 3822 3822 901 905 3823 3823 895 899 3824 3824 895 899 3825 3825 901 905 3826 3826 902 906 3827 3827 893 897 3828 3828 899 903 3829 3829 903 907 3830 3830 901 905 3831 3831 893 897 3832 3832 903 907 3833 3833 899 903 3834 3834 900 904 3835 3835 904 908 3836 3836 899 903 3837 3837 904 908 3838 3838 903 907 3839 3839 900 904 3840 3840 905 909 3841 3841 904 908 3842 3842 904 908 3843 3843 906 910 3844 3844 903 907 3845 3845 904 908 3846 3846 905 909 3847 3847 906 910 3848 3848 901 905 3849 3849 903 907 3850 3850 906 910 3851 3851 907 911 3852 3852 906 910 3853 3853 905 909 3854 3854 907 911 3855 3855 901 905 3856 3856 906 910 3857 3857 902 906 3858 3858 901 905 3859 3859 907 911 3860 3860 908 912 3861 3861 907 911 3862 3862 905 909 3863 3863 902 906 3864 3864 907 911 3865 3865 908 912 3866 3866 909 913 3867 3867 910 914 3868 3868 911 915 3869 3869 909 913 3870 3870 911 915 3871 3871 912 916 3872 3872 911 915 3873 3873 913 917 3874 3874 912 916 3875 3875 909 913 3876 3876 912 916 3877 3877 914 918 3878 3878 845 849 3879 3879 909 913 3880 3880 914 918 3881 3881 845 849 3882 3882 914 918 3883 3883 846 850 3884 3884 846 850 3885 3885 914 918 3886 3886 915 919 3887 3887 914 918 3888 3888 912 916 3889 3889 915 919 3890 3890 846 850 3891 3891 915 919 3892 3892 916 920 3893 3893 915 919 3894 3894 917 921 3895 3895 916 920 3896 3896 915 919 3897 3897 912 916 3898 3898 917 921 3899 3899 916 920 3900 3900 917 921 3901 3901 918 922 3902 3902 917 921 3903 3903 919 923 3904 3904 918 922 3905 3905 912 916 3906 3906 920 924 3907 3907 917 921 3908 3908 912 916 3909 3909 913 917 3910 3910 920 924 3911 3911 917 921 3912 3912 921 925 3913 3913 919 923 3914 3914 917 921 3915 3915 920 924 3916 3916 921 925 3917 3917 921 925 3918 3918 922 926 3919 3919 919 923 3920 3920 913 917 3921 3921 923 927 3922 3922 920 924 3923 3923 913 917 3924 3924 924 928 3925 3925 923 927 3926 3926 924 928 3927 3927 925 929 3928 3928 923 927 3929 3929 920 924 3930 3930 923 927 3931 3931 926 930 3932 3932 923 927 3933 3933 925 929 3934 3934 926 930 3935 3935 920 924 3936 3936 926 930 3937 3937 921 925 3938 3938 927 931 3939 3939 925 929 3940 3940 922 926 3941 3941 926 930 3942 3942 925 929 3943 3943 927 931 3944 3944 921 925 3945 3945 927 931 3946 3946 922 926 3947 3947 921 925 3948 3948 926 930 3949 3949 927 931 3950 3950 928 932 3951 3951 929 933 3952 3952 930 934 3953 3953 931 935 3954 3954 929 933 3955 3955 928 932 3956 3956 932 936 3957 3957 931 935 3958 3958 928 932 3959 3959 933 937 3960 3960 934 938 3961 3961 929 933 3962 3962 933 937 3963 3963 929 933 3964 3964 931 935 3965 3965 935 939 3966 3966 931 935 3967 3967 932 936 3968 3968 935 939 3969 3969 933 937 3970 3970 931 935 3971 3971 935 939 3972 3972 936 940 3973 3973 933 937 3974 3974 937 941 3975 3975 936 940 3976 3976 935 939 3977 3977 938 942 3978 3978 935 939 3979 3979 932 936 3980 3980 938 942 3981 3981 937 941 3982 3982 935 939 3983 3983 939 943 3984 3984 937 941 3985 3985 938 942 3986 3986 940 944 3987 3987 939 943 3988 3988 938 942 3989 3989 940 944 3990 3990 938 942 3991 3991 941 945 3992 3992 942 946 3993 3993 940 944 3994 3994 941 945 3995 3995 943 947 3996 3996 939 943 3997 3997 940 944 3998 3998 943 947 3999 3999 944 948 4000 4000 939 943 4001 4001 945 949 4002 4002 940 944 4003 4003 942 946 4004 4004 945 949 4005 4005 943 947 4006 4006 940 944 4007 4007 946 950 4008 4008 945 949 4009 4009 942 946 4010 4010 943 947 4011 4011 947 951 4012 4012 944 948 4013 4013 946 950 4014 4014 948 952 4015 4015 945 949 4016 4016 946 950 4017 4017 949 953 4018 4018 948 952 4019 4019 949 953 4020 4020 950 954 4021 4021 948 952 4022 4022 948 952 4023 4023 950 954 4024 4024 951 955 4025 4025 948 952 4026 4026 952 956 4027 4027 945 949 4028 4028 945 949 4029 4029 952 956 4030 4030 943 947 4031 4031 948 952 4032 4032 951 955 4033 4033 953 957 4034 4034 948 952 4035 4035 953 957 4036 4036 952 956 4037 4037 951 955 4038 4038 954 958 4039 4039 953 957 4040 4040 953 957 4041 4041 954 958 4042 4042 952 956 4043 4043 951 955 4044 4044 955 959 4045 4045 954 958 4046 4046 954 958 4047 4047 955 959 4048 4048 956 960 4049 4049 954 958 4050 4050 956 960 4051 4051 957 961 4052 4052 952 956 4053 4053 954 958 4054 4054 958 962 4055 4055 954 958 4056 4056 957 961 4057 4057 958 962 4058 4058 952 956 4059 4059 958 962 4060 4060 943 947 4061 4061 958 962 4062 4062 957 961 4063 4063 959 963 4064 4064 943 947 4065 4065 958 962 4066 4066 960 964 4067 4067 958 962 4068 4068 959 963 4069 4069 960 964 4070 4070 943 947 4071 4071 960 964 4072 4072 947 951 4073 4073 960 964 4074 4074 959 963 4075 4075 961 965 4076 4076 960 964 4077 4077 961 965 4078 4078 962 966 4079 4079 960 964 4080 4080 962 966 4081 4081 947 951 4082 4082 947 951 4083 4083 962 966 4084 4084 963 967 4085 4085 962 966 4086 4086 964 968 4087 4087 963 967 4088 4088 963 967 4089 4089 964 968 4090 4090 965 969 4091 4091 962 966 4092 4092 966 970 4093 4093 964 968 4094 4094 964 968 4095 4095 967 971 4096 4096 965 969 4097 4097 964 968 4098 4098 966 970 4099 4099 968 972 4100 4100 964 968 4101 4101 968 972 4102 4102 967 971 4103 4103 966 970 4104 4104 969 973 4105 4105 968 972 4106 4106 968 972 4107 4107 970 974 4108 4108 967 971 4109 4109 968 972 4110 4110 969 973 4111 4111 970 974 4112 4112 967 971 4113 4113 970 974 4114 4114 971 975 4115 4115 969 973 4116 4116 972 976 4117 4117 970 974 4118 4118 973 977 4119 4119 974 978 4120 4120 975 979 4121 4121 973 977 4122 4122 975 979 4123 4123 976 980 4124 4124 977 981 4125 4125 973 977 4126 4126 976 980 4127 4127 976 980 4128 4128 975 979 4129 4129 978 982 4130 4130 975 979 4131 4131 979 983 4132 4132 978 982 4133 4133 977 981 4134 4134 976 980 4135 4135 980 984 4136 4136 976 980 4137 4137 978 982 4138 4138 980 984 4139 4139 978 982 4140 4140 979 983 4141 4141 981 985 4142 4142 980 984 4143 4143 978 982 4144 4144 981 985 4145 4145 979 983 4146 4146 982 986 4147 4147 981 985 4148 4148 977 981 4149 4149 980 984 4150 4150 983 987 4151 4151 982 986 4152 4152 984 988 4153 4153 981 985 4154 4154 982 986 4155 4155 985 989 4156 4156 984 988 4157 4157 985 989 4158 4158 986 990 4159 4159 984 988 4160 4160 977 981 4161 4161 983 987 4162 4162 987 991 4163 4163 977 981 4164 4164 987 991 4165 4165 988 992 4166 4166 984 988 4167 4167 986 990 4168 4168 989 993 4169 4169 989 993 4170 4170 986 990 4171 4171 990 994 4172 4172 987 991 4173 4173 991 995 4174 4174 988 992 4175 4175 988 992 4176 4176 991 995 4177 4177 992 996 4178 4178 989 993 4179 4179 990 994 4180 4180 993 997 4181 4181 993 997 4182 4182 990 994 4183 4183 994 998 4184 4184 989 993 4185 4185 993 997 4186 4186 995 999 4187 4187 993 997 4188 4188 994 998 4189 4189 996 1000 4190 4190 993 997 4191 4191 996 1000 4192 4192 995 999 4193 4193 997 1001 4194 4194 996 1000 4195 4195 994 998 4196 4196 997 1001 4197 4197 995 999 4198 4198 996 1000 4199 4199 997 1001 4200 4200 994 998 4201 4201 998 1002 4202 4202 999 1003 4203 4203 997 1001 4204 4204 998 1002 4205 4205 1000 1004 4206 4206 997 1001 4207 4207 999 1003 4208 4208 1000 1004 4209 4209 995 999 4210 4210 997 1001 4211 4211 1001 1005 4212 4212 1000 1004 4213 4213 999 1003 4214 4214 1002 1006 4215 4215 989 993 4216 4216 995 999 4217 4217 1002 1006 4218 4218 995 999 4219 4219 1000 1004 4220 4220 1002 1006 4221 4221 984 988 4222 4222 989 993 4223 4223 1001 1005 4224 4224 1003 1007 4225 4225 1000 1004 4226 4226 1003 1007 4227 4227 1002 1006 4228 4228 1000 1004 4229 4229 1004 1008 4230 4230 1003 1007 4231 4231 1001 1005 4232 4232 1004 1008 4233 4233 1002 1006 4234 4234 1003 1007 4235 4235 1005 1009 4236 4236 1004 1008 4237 4237 1001 1005 4238 4238 1006 1010 4239 4239 1004 1008 4240 4240 1005 1009 4241 4241 1007 1011 4242 4242 984 988 4243 4243 1002 1006 4244 4244 1004 1008 4245 4245 1007 1011 4246 4246 1002 1006 4247 4247 981 985 4248 4248 984 988 4249 4249 1007 1011 4250 4250 1008 1012 4251 4251 1007 1011 4252 4252 1004 1008 4253 4253 981 985 4254 4254 1007 1011 4255 4255 1008 1012 4256 4256 980 984 4257 4257 981 985 4258 4258 1008 1012 4259 4259 1009 1013 4260 4260 1008 1012 4261 4261 1006 1014 4262 4262 1009 1013 4263 4263 1006 1014 4264 4264 1010 1015 4265 4265 1011 1016 4266 4266 1009 1013 4267 4267 1010 1015 4268 4268 980 984 4269 4269 1008 1012 4270 4270 1012 1017 4271 4271 983 987 4272 4272 980 984 4273 4273 1012 1017 4274 4274 983 987 4275 4275 1012 1017 4276 4276 987 991 4277 4277 1013 1018 4278 4278 1008 1012 4279 4279 1009 1013 4280 4280 1012 1017 4281 4281 1008 1012 4282 4282 1013 1018 4283 4283 1014 1019 4284 4284 1009 1013 4285 4285 1011 1016 4286 4286 1015 1020 4287 4287 1014 1019 4288 4288 1011 1016 4289 4289 1013 1018 4290 4290 1009 1013 4291 4291 1016 1021 4292 4292 1016 1021 4293 4293 1009 1013 4294 4294 1014 1019 4295 4295 1017 1022 4296 4296 1014 1019 4297 4297 1015 1020 4298 4298 1017 1022 4299 4299 1016 1021 4300 4300 1014 1019 4301 4301 1018 1023 4302 4302 1017 1022 4303 4303 1015 1020 4304 4304 1013 1018 4305 4305 1016 1021 4306 4306 1019 1024 4307 4307 1012 1017 4308 4308 1013 1018 4309 4309 1019 1024 4310 4310 1018 1023 4311 4311 1020 1025 4312 4312 1017 1022 4313 4313 1021 1026 4314 4314 1020 1025 4315 4315 1018 1023 4316 4316 1022 1027 4317 4317 1021 1026 4318 4318 1018 1023 4319 4319 1020 1025 4320 4320 1023 1028 4321 4321 1017 1022 4322 4322 1021 1026 4323 4323 1023 1028 4324 4324 1020 1025 4325 4325 1017 1022 4326 4326 1023 1028 4327 4327 1016 1021 4328 4328 1024 1029 4329 4329 1021 1026 4330 4330 1022 1027 4331 4331 1024 1029 4332 4332 1023 1028 4333 4333 1021 1026 4334 4334 1024 1029 4335 4335 1016 1021 4336 4336 1023 1028 4337 4337 1025 1030 4338 4338 1024 1029 4339 4339 1022 1027 4340 4340 1026 1031 4341 4341 1016 1021 4342 4342 1024 1029 4343 4343 1026 1031 4344 4344 1024 1029 4345 4345 1025 1030 4346 4346 1019 1024 4347 4347 1016 1021 4348 4348 1026 1031 4349 4349 1027 1032 4350 4350 1026 1031 4351 4351 1025 1030 4352 4352 1019 1024 4353 4353 1026 1031 4354 4354 1027 1032 4355 4355 1028 1033 4356 4356 1019 1024 4357 4357 1027 1032 4358 4358 1029 1034 4359 4359 1019 1024 4360 4360 1028 1033 4361 4361 1012 1017 4362 4362 1019 1024 4363 4363 1029 1034 4364 4364 1030 1035 4365 4365 1012 1017 4366 4366 1029 1034 4367 4367 1030 1035 4368 4368 1029 1034 4369 4369 1031 1036 4370 4370 1032 1037 4371 4371 1030 1035 4372 4372 1031 1036 4373 4373 1033 1038 4374 4374 1012 1017 4375 4375 1030 1035 4376 4376 1034 1039 4377 4377 1030 1035 4378 4378 1032 1037 4379 4379 1034 1039 4380 4380 1032 1037 4381 4381 1035 1040 4382 4382 1036 1041 4383 4383 1033 1038 4384 4384 1030 1035 4385 4385 1036 1041 4386 4386 1030 1035 4387 4387 1034 1039 4388 4388 1037 1042 4389 4389 1012 1017 4390 4390 1033 1038 4391 4391 987 991 4392 4392 1012 1017 4393 4393 1037 1042 4394 4394 1038 1043 4395 4395 1033 1038 4396 4396 1036 1041 4397 4397 1037 1042 4398 4398 1033 1038 4399 4399 1038 1043 4400 4400 1039 1044 4401 4401 1034 1039 4402 4402 1035 1040 4403 4403 1040 1045 4404 4404 1039 1044 4405 4405 1035 1040 4406 4406 1041 1046 4407 4407 1036 1041 4408 4408 1034 1039 4409 4409 1041 1046 4410 4410 1034 1039 4411 4411 1039 1044 4412 4412 1040 1045 4413 4413 1042 1047 4414 4414 1039 1044 4415 4415 1041 1046 4416 4416 1039 1044 4417 4417 1042 1047 4418 4418 1043 1048 4419 4419 1042 1047 4420 4420 1040 1045 4421 4421 1043 1048 4422 4422 1041 1046 4423 4423 1042 1047 4424 4424 1044 1049 4425 4425 1043 1048 4426 4426 1040 1045 4427 4427 1045 1050 4428 4428 1043 1048 4429 4429 1044 1049 4430 4430 1045 1050 4431 4431 1041 1046 4432 4432 1043 1048 4433 4433 1046 1051 4434 4434 1045 1050 4435 4435 1044 1049 4436 4436 1045 1050 4437 4437 1047 1052 4438 4438 1041 1046 4439 4439 1046 1051 4440 4440 1047 1052 4441 4441 1045 1050 4442 4442 1047 1052 4443 4443 1036 1041 4444 4444 1041 1046 4445 4445 1048 1053 4446 4446 1047 1052 4447 4447 1046 1051 4448 4448 1047 1052 4449 4449 1038 1043 4450 4450 1036 1041 4451 4451 1048 1053 4452 4452 1038 1043 4453 4453 1047 1052 4454 4454 1049 1054 4455 4455 1038 1043 4456 4456 1048 1053 4457 4457 1050 1055 4458 4458 1038 1043 4459 4459 1049 1054 4460 4460 1037 1042 4461 4461 1038 1043 4462 4462 1050 1055 4463 4463 1037 1042 4464 4464 1050 1055 4465 4465 1051 1056 4466 4466 1050 1055 4467 4467 1052 1057 4468 4468 1051 1056 4469 4469 1052 1057 4470 4470 1053 1058 4471 4471 1051 1056 4472 4472 1051 1056 4473 4473 1053 1058 4474 4474 1054 1059 4475 4475 1053 1058 4476 4476 1055 1060 4477 4477 1054 1059 4478 4478 1056 1061 4479 4479 1037 1042 4480 4480 1051 1056 4481 4481 1054 1059 4482 4482 1055 1060 4483 4483 1057 1062 4484 4484 1058 1063 4485 4485 1057 1062 4486 4486 1055 1060 4487 4487 1051 1056 4488 4488 1054 1059 4489 4489 1059 1064 4490 4490 1056 1061 4491 4491 1051 1056 4492 4492 1059 1064 4493 4493 1054 1059 4494 4494 1057 1062 4495 4495 1060 1065 4496 4496 1059 1064 4497 4497 1054 1059 4498 4498 1060 1065 4499 4499 1058 1063 4500 4500 1061 1066 4501 4501 1057 1062 4502 4502 1060 1065 4503 4503 1057 1062 4504 4504 1061 1066 4505 4505 1062 1067 4506 4506 1061 1066 4507 4507 1058 1063 4508 4508 1060 1065 4509 4509 1061 1066 4510 4510 1062 1067 4511 4511 1063 1068 4512 4512 1062 1067 4513 4513 1058 1063 4514 4514 1064 1069 4515 4515 1062 1067 4516 4516 1063 1068 4517 4517 1064 1069 4518 4518 1060 1065 4519 4519 1062 1067 4520 4520 1065 1070 4521 4521 1064 1069 4522 4522 1063 1068 4523 4523 1066 1071 4524 4524 1059 1064 4525 4525 1060 1065 4526 4526 1066 1071 4527 4527 1060 1065 4528 4528 1064 1069 4529 4529 1065 1070 4530 4530 1066 1071 4531 4531 1064 1069 4532 4532 1056 1061 4533 4533 1059 1064 4534 4534 1066 1071 4535 4535 1067 1072 4536 4536 1066 1071 4537 4537 1065 1070 4538 4538 1068 1073 4539 4539 1066 1071 4540 4540 1067 1072 4541 4541 1056 1061 4542 4542 1066 1071 4543 4543 1068 1073 4544 4544 1068 1073 4545 4545 1067 1072 4546 4546 1069 1074 4547 4547 1068 1073 4548 4548 1069 1074 4549 4549 1070 1075 4550 4550 1071 1076 4551 4551 1056 1061 4552 4552 1068 1073 4553 4553 1071 1076 4554 4554 1068 1073 4555 4555 1070 1075 4556 4556 1071 1076 4557 4557 1037 1042 4558 4558 1056 1061 4559 4559 987 991 4560 4560 1037 1042 4561 4561 1071 1076 4562 4562 987 991 4563 4563 1071 1076 4564 4564 991 995 4565 4565 1071 1076 4566 4566 1070 1075 4567 4567 1072 1077 4568 4568 991 995 4569 4569 1071 1076 4570 4570 1072 1077 4571 4571 1070 1075 4572 4572 1073 1078 4573 4573 1072 1077 4574 4574 991 995 4575 4575 1072 1077 4576 4576 992 996 4577 4577 1073 1078 4578 4578 1074 1079 4579 4579 1072 1077 4580 4580 992 996 4581 4581 1072 1077 4582 4582 1075 1080 4583 4583 992 996 4584 4584 1075 1080 4585 4585 1076 1081 4586 4586 1074 1079 4587 4587 1077 1082 4588 4588 1072 1077 4589 4589 1074 1079 4590 4590 1078 1083 4591 4591 1077 1082 4592 4592 1076 1081 4593 4593 1075 1080 4594 4594 1079 1084 4595 4595 1076 1081 4596 4596 1079 1084 4597 4597 1080 1085 4598 4598 1078 1083 4599 4599 1081 1086 4600 4600 1077 1082 4601 4601 1078 1083 4602 4602 1082 1087 4603 4603 1081 1086 4604 4604 1077 1082 4605 4605 1083 1088 4606 4606 1072 1077 4607 4607 1077 1082 4608 4608 1081 1086 4609 4609 1083 1088 4610 4610 1072 1077 4611 4611 1084 1089 4612 4612 1075 1080 4613 4613 1072 1077 4614 4614 1083 1088 4615 4615 1084 1089 4616 4616 1084 1089 4617 4617 1085 1090 4618 4618 1075 1080 4619 4619 1084 1089 4620 4620 1083 1088 4621 4621 1085 1090 4622 4622 1075 1080 4623 4623 1085 1090 4624 4624 1079 1084 4625 4625 1083 1088 4626 4626 1086 1091 4627 4627 1085 1090 4628 4628 1087 1092 4629 4629 1086 1091 4630 4630 1083 1088 4631 4631 1085 1090 4632 4632 1088 1093 4633 4633 1079 1084 4634 4634 1079 1084 4635 4635 1088 1093 4636 4636 1080 1085 4637 4637 1085 1090 4638 4638 1089 1094 4639 4639 1088 1093 4640 4640 1090 1095 4641 4641 1087 1092 4642 4642 1083 1088 4643 4643 1081 1086 4644 4644 1090 1095 4645 4645 1083 1088 4646 4646 1090 1095 4647 4647 1091 1096 4648 4648 1087 1092 4649 4649 1091 1096 4650 4650 1092 1097 4651 4651 1087 1092 4652 4652 1081 1086 4653 4653 1093 1098 4654 4654 1090 1095 4655 4655 1093 1098 4656 4656 1091 1096 4657 4657 1090 1095 4658 4658 1082 1087 4659 4659 1093 1098 4660 4660 1081 1086 4661 4661 1082 1087 4662 4662 1094 1099 4663 4663 1093 1098 4664 4664 1091 1096 4665 4665 1095 1100 4666 4666 1092 1097 4667 4667 1094 1099 4668 4668 1092 1097 4669 4669 1095 1100 4670 4670 1093 1098 4671 4671 1095 1100 4672 4672 1091 1096 4673 4673 1093 1098 4674 4674 1094 1099 4675 4675 1095 1100 4676 4676 1089 1094 4677 4677 1096 1101 4678 4678 1088 1093 4679 4679 1089 1094 4680 4680 1097 1102 4681 4681 1096 1101 4682 4682 1089 1094 4683 4683 1098 1103 4684 4684 1097 1102 4685 4685 1096 1101 4686 4686 1099 1104 4687 4687 1088 1093 4688 4688 1098 1103 4689 4689 1100 1105 4690 4690 1097 1102 4691 4691 1098 1103 4692 4692 1101 1106 4693 4693 1100 1105 4694 4694 1100 1105 4695 4695 1101 1106 4696 4696 1102 1107 4697 4697 1100 1105 4698 4698 1102 1107 4699 4699 1103 1108 4700 4700 1100 1105 4701 4701 1103 1108 4702 4702 1097 1102 4703 4703 1102 1107 4704 4704 1104 1109 4705 4705 1103 1108 4706 4706 1103 1108 4707 4707 1104 1109 4708 4708 1105 1110 4709 4709 1097 1102 4710 4710 1103 1108 4711 4711 1106 1111 4712 4712 1103 1108 4713 4713 1105 1110 4714 4714 1106 1111 4715 4715 1096 1101 4716 4716 1097 1102 4717 4717 1106 1111 4718 4718 1106 1111 4719 4719 1105 1110 4720 4720 1107 1112 4721 4721 1096 1101 4722 4722 1106 1111 4723 4723 1107 1112 4724 4724 1105 1110 4725 4725 1108 1113 4726 4726 1107 1112 4727 4727 1096 1101 4728 4728 1107 1112 4729 4729 1099 1104 4730 4730 1107 1112 4731 4731 1108 1113 4732 4732 1109 1114 4733 4733 1099 1104 4734 4734 1107 1112 4735 4735 1109 1114 4736 4736 1088 1093 4737 4737 1099 1104 4738 4738 1110 1115 4739 4739 1080 1085 4740 4740 1088 1093 4741 4741 1110 1115 4742 4742 1099 1104 4743 4743 1109 1114 4744 4744 1111 1116 4745 4745 1099 1104 4746 4746 1111 1116 4747 4747 1110 1115 4748 4748 1080 1085 4749 4749 1110 1115 4750 4750 1112 1117 4751 4751 1080 1085 4752 4752 1112 1117 4753 4753 1113 1118 4754 4754 1110 1115 4755 4755 1114 1119 4756 4756 1112 1117 4757 4757 1110 1115 4758 4758 1111 1116 4759 4759 1114 1119 4760 4760 1113 1118 4761 4761 1112 1117 4762 4762 1115 1120 4763 4763 1112 1117 4764 4764 1114 1119 4765 4765 1115 1120 4766 4766 1113 1118 4767 4767 1115 1120 4768 4768 1116 1121 4769 4769 1116 1121 4770 4770 1115 1120 4771 4771 1117 1122 4772 4772 1117 1122 4773 4773 1115 1120 4774 4774 1118 1123 4775 4775 1115 1120 4776 4776 1119 1124 4777 4777 1118 1123 4778 4778 1115 1120 4779 4779 1114 1119 4780 4780 1119 1124 4781 4781 1118 1123 4782 4782 1119 1124 4783 4783 1120 1125 4784 4784 1119 1124 4785 4785 1114 1119 4786 4786 1121 1126 4787 4787 1114 1119 4788 4788 1111 1116 4789 4789 1121 1126 4790 4790 1119 1124 4791 4791 1122 1127 4792 4792 1120 1125 4793 4793 1119 1124 4794 4794 1121 1126 4795 4795 1122 1127 4796 4796 1120 1125 4797 4797 1122 1127 4798 4798 1123 1128 4799 4799 1121 1126 4800 4800 1111 1116 4801 4801 1124 1129 4802 4802 1121 1126 4803 4803 1124 1129 4804 4804 1122 1127 4805 4805 1123 1128 4806 4806 1122 1127 4807 4807 1125 1130 4808 4808 1125 1130 4809 4809 1122 1127 4810 4810 1126 1131 4811 4811 1122 1127 4812 4812 1124 1129 4813 4813 1126 1131 4814 4814 1125 1130 4815 4815 1126 1131 4816 4816 1127 1132 4817 4817 1126 1131 4818 4818 1124 1129 4819 4819 1128 1133 4820 4820 1125 1130 4821 4821 1127 1132 4822 4822 1129 1134 4823 4823 1123 1128 4824 4824 1125 1130 4825 4825 1129 1134 4826 4826 1129 1134 4827 4827 1127 1132 4828 4828 1130 1135 4829 4829 1123 1128 4830 4830 1129 1134 4831 4831 1131 1136 4832 4832 1129 1134 4833 4833 1130 1135 4834 4834 1132 1137 4835 4835 1129 1134 4836 4836 1132 1137 4837 4837 1131 1136 4838 4838 1130 1135 4839 4839 1133 1138 4840 4840 1132 1137 4841 4841 1131 1136 4842 4842 1132 1137 4843 4843 1134 1139 4844 4844 1133 1138 4845 4845 1135 1140 4846 4846 1132 1137 4847 4847 1134 1139 4848 4848 1132 1137 4849 4849 1136 1141 4850 4850 1136 1141 4851 4851 1132 1137 4852 4852 1135 1140 4853 4853 1124 1129 4854 4854 1137 1142 4855 4855 1128 1133 4856 4856 1137 1142 4857 4857 1138 1143 4858 4858 1128 1133 4859 4859 1128 1133 4860 4860 1138 1143 4861 4861 1139 1144 4862 4862 1124 1129 4863 4863 1140 1145 4864 4864 1137 1142 4865 4865 1140 1145 4866 4866 1138 1143 4867 4867 1137 1142 4868 4868 1141 1146 4869 4869 1140 1145 4870 4870 1124 1129 4871 4871 1140 1145 4872 4872 1142 1147 4873 4873 1138 1143 4874 4874 1143 1148 4875 4875 1141 1146 4876 4876 1124 1129 4877 4877 1111 1116 4878 4878 1143 1148 4879 4879 1124 1129 4880 4880 1143 1148 4881 4881 1144 1149 4882 4882 1141 1146 4883 4883 1109 1114 4884 4884 1143 1148 4885 4885 1111 1116 4886 4886 1138 1143 4887 4887 1142 1147 4888 4888 1145 1150 4889 4889 1138 1143 4890 4890 1145 1150 4891 4891 1139 1144 4892 4892 1142 1147 4893 4893 1146 1151 4894 4894 1145 1150 4895 4895 1139 1144 4896 4896 1145 1150 4897 4897 1147 1152 4898 4898 1145 1150 4899 4899 1146 1151 4900 4900 1148 1153 4901 4901 1145 1150 4902 4902 1149 1154 4903 4903 1147 1152 4904 4904 1145 1150 4905 4905 1148 1153 4906 4906 1149 1154 4907 4907 1109 1114 4908 4908 1150 1155 4909 4909 1143 1148 4910 4910 1109 1114 4911 4911 1151 1156 4912 4912 1150 1155 4913 4913 1151 1156 4914 4914 1152 1157 4915 4915 1150 1155 4916 4916 1152 1157 4917 4917 1153 1158 4918 4918 1150 1155 4919 4919 1152 1157 4920 4920 1154 1159 4921 4921 1153 1158 4922 4922 1150 1155 4923 4923 1155 1160 4924 4924 1143 1148 4925 4925 1150 1155 4926 4926 1153 1158 4927 4927 1155 1160 4928 4928 1155 1160 4929 4929 1156 1161 4930 4930 1143 1148 4931 4931 1155 1160 4932 4932 1153 1158 4933 4933 1157 1162 4934 4934 1156 1161 4935 4935 1158 1163 4936 4936 1143 1148 4937 4937 1158 1163 4938 4938 1144 1149 4939 4939 1143 1148 4940 4940 1156 1161 4941 4941 1159 1164 4942 4942 1158 1163 4943 4943 1158 1163 4944 4944 1160 1165 4945 4945 1144 1149 4946 4946 1158 1163 4947 4947 1159 1164 4948 4948 1160 1165 4949 4949 1144 1149 4950 4950 1160 1165 4951 4951 1161 1166 4952 4952 1159 1164 4953 4953 1162 1167 4954 4954 1160 1165 4955 4955 1160 1165 4956 4956 1162 1167 4957 4957 1161 1166 4958 4958 1159 1164 4959 4959 1163 1168 4960 4960 1162 1167 4961 4961 1161 1166 4962 4962 1162 1167 4963 4963 1164 1169 4964 4964 1163 1168 4965 4965 1165 1170 4966 4966 1162 1167 4967 4967 1162 1167 4968 4968 1166 1171 4969 4969 1164 1169 4970 4970 1165 1170 4971 4971 1166 1171 4972 4972 1162 1167 4973 4973 1167 1172 4974 4974 1157 1162 4975 4975 1153 1158 4976 4976 1154 1159 4977 4977 1167 1172 4978 4978 1153 1158 4979 4979 1167 1172 4980 4980 1168 1173 4981 4981 1157 1162 4982 4982 1154 1159 4983 4983 1169 1174 4984 4984 1167 1172 4985 4985 1167 1172 4986 4986 1169 1174 4987 4987 1168 1173 4988 4988 1154 1159 4989 4989 1170 1175 4990 4990 1169 1174 4991 4991 1168 1173 4992 4992 1169 1174 4993 4993 1171 1176 4994 4994 1170 1175 4995 4995 1172 1177 4996 4996 1169 1174 4997 4997 1169 1174 4998 4998 1173 1178 4999 4999 1171 1176 5000 5000 1172 1177 5001 5001 1173 1178 5002 5002 1169 1174 5003 5003 1174 1179 5004 5004 1175 1180 5005 5005 1176 1181 5006 5006 1177 1182 5007 5007 1175 1180 5008 5008 1174 1179 5009 5009 1178 1183 5010 5010 1177 1182 5011 5011 1174 1179 5012 5012 1177 1182 5013 5013 1179 1184 5014 5014 1175 1180 5015 5015 1179 1184 5016 5016 1180 1185 5017 5017 1175 1180 5018 5018 1178 1183 5019 5019 1181 1186 5020 5020 1177 1182 5021 5021 1177 1182 5022 5022 1181 1186 5023 5023 1179 1184 5024 5024 1179 1184 5025 5025 1182 1187 5026 5026 1180 1185 5027 5027 1181 1186 5028 5028 1182 1187 5029 5029 1179 1184 5030 5030 1180 1185 5031 5031 1182 1187 5032 5032 1183 1188 5033 5033 1178 1183 5034 5034 1184 1189 5035 5035 1181 1186 5036 5036 1182 1187 5037 5037 1185 1190 5038 5038 1183 1188 5039 5039 1183 1188 5040 5040 1185 1190 5041 5041 1186 1191 5042 5042 1186 1191 5043 5043 1185 1190 5044 5044 1187 1192 5045 5045 1178 1183 5046 5046 1188 1193 5047 5047 1184 1189 5048 5048 1178 1183 5049 5049 1189 1194 5050 5050 1188 1193 5051 5051 1187 1192 5052 5052 1185 1190 5053 5053 1190 1195 5054 5054 1187 1192 5055 5055 1190 1195 5056 5056 1191 1196 5057 5057 1188 1193 5058 5058 1189 1194 5059 5059 1192 1197 5060 5060 1189 1194 5061 5061 1193 1198 5062 5062 1192 1197 5063 5063 1191 1196 5064 5064 1190 1195 5065 5065 1194 1199 5066 5066 1191 1196 5067 5067 1194 1199 5068 5068 1195 1200 5069 5069 1190 1195 5070 5070 1196 1201 5071 5071 1194 1199 5072 5072 1194 1199 5073 5073 1197 1202 5074 5074 1195 1200 5075 5075 1196 1201 5076 5076 1197 1202 5077 5077 1194 1199 5078 5078 1198 1203 5079 5079 1195 1200 5080 5080 1197 1202 5081 5081 1196 1201 5082 5082 1198 1203 5083 5083 1197 1202 5084 5084 1198 1203 5085 5085 1199 1204 5086 5086 1195 1200 5087 5087 1200 1205 5088 5088 1199 1204 5089 5089 1198 1203 5090 5090 1201 1206 5091 5091 1200 1205 5092 5092 1198 1203 5093 5093 1201 1206 5094 5094 1198 1203 5095 5095 1196 1201 5096 5096 1202 1207 5097 5097 1200 1205 5098 5098 1201 1206 5099 5099 1203 1208 5100 5100 1196 1201 5101 5101 1190 1195 5102 5102 1203 1208 5103 5103 1201 1206 5104 5104 1196 1201 5105 5105 1185 1190 5106 5106 1203 1208 5107 5107 1190 1195 5108 5108 1202 1207 5109 5109 1201 1206 5110 5110 1204 1209 5111 5111 1204 1209 5112 5112 1201 1206 5113 5113 1203 1208 5114 5114 1205 1210 5115 5115 1202 1207 5116 5116 1204 1209 5117 5117 1205 1210 5118 5118 1204 1209 5119 5119 1203 1208 5120 5120 1206 1211 5121 5121 1202 1207 5122 5122 1205 1210 5123 5123 1207 1212 5124 5124 1206 1211 5125 5125 1205 1210 5126 5126 1185 1190 5127 5127 1208 1213 5128 5128 1203 1208 5129 5129 1208 1213 5130 5130 1205 1210 5131 5131 1203 1208 5132 5132 1182 1187 5133 5133 1208 1213 5134 5134 1185 1190 5135 5135 1208 1213 5136 5136 1209 1214 5137 5137 1205 1210 5138 5138 1182 1187 5139 5139 1209 1214 5140 5140 1208 1213 5141 5141 1181 1186 5142 5142 1209 1214 5143 5143 1182 1187 5144 5144 1209 1214 5145 5145 1210 1215 5146 5146 1207 1216 5147 5147 1207 1216 5148 5148 1210 1215 5149 5149 1211 1217 5150 5150 1211 1217 5151 5151 1210 1215 5152 5152 1212 1218 5153 5153 1181 1186 5154 5154 1213 1219 5155 5155 1209 1214 5156 5156 1184 1189 5157 5157 1213 1219 5158 5158 1181 1186 5159 5159 1188 1193 5160 5160 1213 1219 5161 5161 1184 1189 5162 5162 1209 1214 5163 5163 1214 1220 5164 5164 1210 1215 5165 5165 1213 1219 5166 5166 1214 1220 5167 5167 1209 1214 5168 5168 1210 1215 5169 5169 1215 1221 5170 5170 1212 1218 5171 5171 1212 1218 5172 5172 1215 1221 5173 5173 1216 1222 5174 5174 1214 1220 5175 5175 1217 1223 5176 5176 1210 1215 5177 5177 1210 1215 5178 5178 1217 1223 5179 5179 1215 1221 5180 5180 1215 1221 5181 5181 1218 1224 5182 5182 1216 1222 5183 5183 1215 1221 5184 5184 1217 1223 5185 5185 1218 1224 5186 5186 1219 1225 5187 5187 1216 1222 5188 5188 1218 1224 5189 5189 1220 1226 5190 5190 1217 1223 5191 5191 1214 1220 5192 5192 1213 1219 5193 5193 1220 1226 5194 5194 1214 1220 5195 5195 1219 1225 5196 5196 1218 1224 5197 5197 1221 1227 5198 5198 1219 1225 5199 5199 1221 1227 5200 5200 1222 1228 5201 5201 1223 1229 5202 5202 1219 1225 5203 5203 1222 1228 5204 5204 1221 1227 5205 5205 1218 1224 5206 5206 1224 1230 5207 5207 1222 1228 5208 5208 1221 1227 5209 5209 1224 1230 5210 5210 1218 1224 5211 5211 1217 1223 5212 5212 1224 1230 5213 5213 1223 1229 5214 5214 1222 1228 5215 5215 1225 1231 5216 5216 1222 1228 5217 5217 1224 1230 5218 5218 1225 1231 5219 5219 1224 1230 5220 5220 1217 1223 5221 5221 1225 1231 5222 5222 1226 1232 5223 5223 1223 1229 5224 5224 1225 1231 5225 5225 1227 1233 5226 5226 1225 1231 5227 5227 1217 1223 5228 5228 1226 1232 5229 5229 1225 1231 5230 5230 1227 1233 5231 5231 1227 1233 5232 5232 1217 1223 5233 5233 1220 1226 5234 5234 1228 1234 5235 5235 1226 1232 5236 5236 1227 1233 5237 5237 1228 1234 5238 5238 1227 1233 5239 5239 1220 1226 5240 5240 1229 1235 5241 5241 1228 1234 5242 5242 1220 1226 5243 5243 1230 1236 5244 5244 1229 1235 5245 5245 1220 1226 5246 5246 1230 1236 5247 5247 1220 1226 5248 5248 1213 1219 5249 5249 1231 1237 5250 5250 1230 1236 5251 5251 1213 1219 5252 5252 1231 1237 5253 5253 1232 1238 5254 5254 1230 1236 5255 5255 1231 1237 5256 5256 1233 1239 5257 5257 1232 1238 5258 5258 1234 1240 5259 5259 1231 1237 5260 5260 1213 1219 5261 5261 1231 1237 5262 5262 1235 1241 5263 5263 1233 1239 5264 5264 1233 1239 5265 5265 1235 1241 5266 5266 1236 1242 5267 5267 1234 1240 5268 5268 1237 1243 5269 5269 1231 1237 5270 5270 1237 1243 5271 5271 1235 1241 5272 5272 1231 1237 5273 5273 1238 1244 5274 5274 1234 1240 5275 5275 1213 1219 5276 5276 1188 1193 5277 5277 1238 1244 5278 5278 1213 1219 5279 5279 1239 1245 5280 5280 1237 1243 5281 5281 1234 1240 5282 5282 1238 1244 5283 5283 1239 1245 5284 5284 1234 1240 5285 5285 1236 1242 5286 5286 1235 1241 5287 5287 1240 1246 5288 5288 1241 1247 5289 5289 1236 1242 5290 5290 1240 1246 5291 5291 1237 1243 5292 5292 1242 1248 5293 5293 1235 1241 5294 5294 1242 1248 5295 5295 1240 1246 5296 5296 1235 1241 5297 5297 1241 1247 5298 5298 1240 1246 5299 5299 1243 1249 5300 5300 1243 1249 5301 5301 1240 1246 5302 5302 1242 1248 5303 5303 1244 1250 5304 5304 1241 1247 5305 5305 1243 1249 5306 5306 1244 1250 5307 5307 1243 1249 5308 5308 1242 1248 5309 5309 1245 1251 5310 5310 1241 1247 5311 5311 1244 1250 5312 5312 1246 1252 5313 5313 1245 1251 5314 5314 1244 1250 5315 5315 1246 1252 5316 5316 1244 1250 5317 5317 1242 1248 5318 5318 1247 1253 5319 5319 1245 1251 5320 5320 1246 1252 5321 5321 1248 1254 5322 5322 1246 1252 5323 5323 1242 1248 5324 5324 1248 1254 5325 5325 1247 1253 5326 5326 1246 1252 5327 5327 1248 1254 5328 5328 1242 1248 5329 5329 1237 1243 5330 5330 1239 1245 5331 5331 1248 1254 5332 5332 1237 1243 5333 5333 1249 1255 5334 5334 1247 1253 5335 5335 1248 1254 5336 5336 1239 1245 5337 5337 1249 1255 5338 5338 1248 1254 5339 5339 1250 1256 5340 5340 1249 1255 5341 5341 1239 1245 5342 5342 1251 1257 5343 5343 1250 1256 5344 5344 1239 1245 5345 5345 1251 1257 5346 5346 1239 1245 5347 5347 1238 1244 5348 5348 1252 1258 5349 5349 1251 1257 5350 5350 1238 1244 5351 5351 1252 1258 5352 5352 1253 1259 5353 5353 1251 1257 5354 5354 1254 1260 5355 5355 1253 1259 5356 5356 1252 1258 5357 5357 1255 1261 5358 5358 1254 1260 5359 5359 1252 1258 5360 5360 1255 1261 5361 5361 1256 1262 5362 5362 1254 1260 5363 5363 1257 1263 5364 5364 1252 1258 5365 5365 1238 1244 5366 5366 1258 1264 5367 5367 1256 1262 5368 5368 1255 1261 5369 5369 1259 1265 5370 5370 1256 1262 5371 5371 1258 1264 5372 5372 1260 1266 5373 5373 1255 1261 5374 5374 1252 1258 5375 5375 1257 1263 5376 5376 1260 1266 5377 5377 1252 1258 5378 5378 1261 1267 5379 5379 1258 1264 5380 5380 1255 1261 5381 5381 1260 1266 5382 5382 1261 1267 5383 5383 1255 1261 5384 5384 1259 1265 5385 5385 1258 1264 5386 5386 1262 1268 5387 5387 1261 1267 5388 5388 1262 1268 5389 5389 1258 1264 5390 5390 1263 1269 5391 5391 1259 1265 5392 5392 1262 1268 5393 5393 1261 1267 5394 5394 1263 1269 5395 5395 1262 1268 5396 5396 1264 1270 5397 5397 1259 1265 5398 5398 1263 1269 5399 5399 1265 1271 5400 5400 1264 1270 5401 5401 1263 1269 5402 5402 1265 1271 5403 5403 1263 1269 5404 5404 1261 1267 5405 5405 1266 1272 5406 5406 1264 1270 5407 5407 1265 1271 5408 5408 1260 1266 5409 5409 1267 1273 5410 5410 1261 1267 5411 5411 1267 1273 5412 5412 1265 1271 5413 5413 1261 1267 5414 5414 1266 1272 5415 5415 1265 1271 5416 5416 1267 1273 5417 5417 1257 1263 5418 5418 1267 1273 5419 5419 1260 1266 5420 5420 1268 1274 5421 5421 1266 1272 5422 5422 1267 1273 5423 5423 1269 1275 5424 5424 1268 1274 5425 5425 1267 1273 5426 5426 1257 1263 5427 5427 1269 1275 5428 5428 1267 1273 5429 5429 1269 1275 5430 5430 1270 1276 5431 5431 1268 1274 5432 5432 1271 1277 5433 5433 1270 1276 5434 5434 1269 1275 5435 5435 1272 1278 5436 5436 1269 1275 5437 5437 1257 1263 5438 5438 1272 1278 5439 5439 1271 1277 5440 5440 1269 1275 5441 5441 1272 1278 5442 5442 1257 1263 5443 5443 1238 1244 5444 5444 1188 1193 5445 5445 1272 1278 5446 5446 1238 1244 5447 5447 1188 1193 5448 5448 1192 1197 5449 5449 1272 1278 5450 5450 1272 1278 5451 5451 1273 1279 5452 5452 1271 1277 5453 5453 1192 1197 5454 5454 1273 1279 5455 5455 1272 1278 5456 5456 1271 1277 5457 5457 1273 1279 5458 5458 1274 1280 5459 5459 1192 1197 5460 5460 1193 1198 5461 5461 1273 1279 5462 5462 1274 1280 5463 5463 1273 1279 5464 5464 1275 1281 5465 5465 1193 1198 5466 5466 1276 1282 5467 5467 1273 1279 5468 5468 1193 1198 5469 5469 1277 1283 5470 5470 1276 1282 5471 5471 1273 1279 5472 5472 1278 1284 5473 5473 1275 1281 5474 5474 1275 1281 5475 5475 1278 1284 5476 5476 1279 1285 5477 5477 1277 1283 5478 5478 1280 1286 5479 5479 1276 1282 5480 5480 1277 1283 5481 5481 1281 1287 5482 5482 1280 1286 5483 5483 1278 1284 5484 5484 1282 1288 5485 5485 1279 1285 5486 5486 1279 1285 5487 5487 1282 1288 5488 5488 1283 1289 5489 5489 1273 1279 5490 5490 1284 1290 5491 5491 1278 1284 5492 5492 1278 1284 5493 5493 1284 1290 5494 5494 1282 1288 5495 5495 1273 1279 5496 5496 1276 1282 5497 5497 1285 1291 5498 5498 1273 1279 5499 5499 1285 1291 5500 5500 1284 1290 5501 5501 1285 1291 5502 5502 1276 1282 5503 5503 1286 1292 5504 5504 1285 1291 5505 5505 1286 1292 5506 5506 1284 1290 5507 5507 1276 1282 5508 5508 1280 1286 5509 5509 1286 1292 5510 5510 1284 1290 5511 5511 1286 1292 5512 5512 1287 1293 5513 5513 1288 1294 5514 5514 1284 1290 5515 5515 1287 1293 5516 5516 1280 1286 5517 5517 1289 1295 5518 5518 1286 1292 5519 5519 1280 1286 5520 5520 1281 1287 5521 5521 1289 1295 5522 5522 1286 1292 5523 5523 1289 1295 5524 5524 1290 1296 5525 5525 1288 1294 5526 5526 1291 1297 5527 5527 1284 1290 5528 5528 1282 1288 5529 5529 1284 1290 5530 5530 1291 1297 5531 5531 1292 1298 5532 5532 1291 1297 5533 5533 1288 1294 5534 5534 1293 1299 5535 5535 1292 1298 5536 5536 1288 1294 5537 5537 1294 1300 5538 5538 1282 1288 5539 5539 1291 1297 5540 5540 1294 1300 5541 5541 1291 1297 5542 5542 1292 1298 5543 5543 1283 1289 5544 5544 1282 1288 5545 5545 1294 1300 5546 5546 1283 1289 5547 5547 1294 1300 5548 5548 1295 1301 5549 5549 1296 1302 5550 5550 1292 1298 5551 5551 1293 1299 5552 5552 1296 1302 5553 5553 1294 1300 5554 5554 1292 1298 5555 5555 1295 1301 5556 5556 1296 1302 5557 5557 1293 1299 5558 5558 1295 1301 5559 5559 1294 1300 5560 5560 1296 1302 5561 5561 1290 1296 5562 5562 1289 1295 5563 5563 1297 1303 5564 5564 1290 1296 5565 5565 1297 1303 5566 5566 1298 1304 5567 5567 1290 1296 5568 5568 1298 1304 5569 5569 1299 1305 5570 5570 1297 1303 5571 5571 1289 1295 5572 5572 1300 1306 5573 5573 1298 1304 5574 5574 1301 1307 5575 5575 1299 1305 5576 5576 1299 1305 5577 5577 1301 1307 5578 5578 1302 1308 5579 5579 1301 1307 5580 5580 1303 1309 5581 5581 1302 1308 5582 5582 1301 1307 5583 5583 1304 1310 5584 5584 1303 1309 5585 5585 1298 1304 5586 5586 1304 1310 5587 5587 1301 1307 5588 5588 1303 1309 5589 5589 1304 1310 5590 5590 1305 1311 5591 5591 1304 1310 5592 5592 1306 1312 5593 5593 1305 1311 5594 5594 1298 1304 5595 5595 1307 1313 5596 5596 1304 1310 5597 5597 1304 1310 5598 5598 1307 1313 5599 5599 1306 1312 5600 5600 1298 1304 5601 5601 1297 1303 5602 5602 1307 1313 5603 5603 1307 1313 5604 5604 1308 1314 5605 5605 1306 1312 5606 5606 1307 1313 5607 5607 1297 1303 5608 5608 1308 1314 5609 5609 1306 1312 5610 5610 1308 1314 5611 5611 1309 1315 5612 5612 1308 1314 5613 5613 1297 1303 5614 5614 1300 1306 5615 5615 1308 1314 5616 5616 1310 1316 5617 5617 1309 1315 5618 5618 1308 1314 5619 5619 1300 1306 5620 5620 1310 1316 5621 5621 1300 1306 5622 5622 1289 1295 5623 5623 1311 1317 5624 5624 1281 1287 5625 5625 1311 1317 5626 5626 1289 1295 5627 5627 1310 1316 5628 5628 1300 1306 5629 5629 1312 1318 5630 5630 1300 1306 5631 5631 1311 1317 5632 5632 1312 1318 5633 5633 1281 1287 5634 5634 1313 1319 5635 5635 1311 1317 5636 5636 1281 1287 5637 5637 1314 1320 5638 5638 1313 1319 5639 5639 1313 1319 5640 5640 1315 1321 5641 5641 1311 1317 5642 5642 1312 1318 5643 5643 1311 1317 5644 5644 1315 1321 5645 5645 1313 1319 5646 5646 1314 1320 5647 5647 1316 1322 5648 5648 1313 1319 5649 5649 1316 1322 5650 5650 1315 1321 5651 5651 1314 1320 5652 5652 1317 1323 5653 5653 1316 1322 5654 5654 1317 1323 5655 5655 1318 1324 5656 5656 1316 1322 5657 5657 1318 1324 5658 5658 1319 1325 5659 5659 1316 1322 5660 5660 1319 1325 5661 5661 1320 1326 5662 5662 1316 1322 5663 5663 1316 1322 5664 5664 1320 1326 5665 5665 1315 1321 5666 5666 1319 1325 5667 5667 1321 1327 5668 5668 1320 1326 5669 5669 1315 1321 5670 5670 1320 1326 5671 5671 1322 1328 5672 5672 1312 1318 5673 5673 1315 1321 5674 5674 1322 1328 5675 5675 1321 1327 5676 5676 1323 1329 5677 5677 1320 1326 5678 5678 1322 1328 5679 5679 1320 1326 5680 5680 1323 1329 5681 5681 1321 1327 5682 5682 1324 1330 5683 5683 1323 1329 5684 5684 1312 1318 5685 5685 1322 1328 5686 5686 1325 1331 5687 5687 1322 1328 5688 5688 1323 1329 5689 5689 1325 1331 5690 5690 1323 1329 5691 5691 1324 1330 5692 5692 1326 1332 5693 5693 1323 1329 5694 5694 1326 1332 5695 5695 1327 1333 5696 5696 1323 1329 5697 5697 1327 1333 5698 5698 1325 1331 5699 5699 1327 1333 5700 5700 1326 1332 5701 5701 1328 1334 5702 5702 1327 1333 5703 5703 1329 1335 5704 5704 1325 1331 5705 5705 1326 1332 5706 5706 1330 1336 5707 5707 1328 1334 5708 5708 1326 1332 5709 5709 1324 1330 5710 5710 1330 1336 5711 5711 1328 1334 5712 5712 1330 1336 5713 5713 1331 1337 5714 5714 1324 1330 5715 5715 1332 1338 5716 5716 1330 1336 5717 5717 1330 1336 5718 5718 1333 1339 5719 5719 1331 1337 5720 5720 1330 1336 5721 5721 1332 1338 5722 5722 1333 1339 5723 5723 1331 1337 5724 5724 1333 1339 5725 5725 1334 1340 5726 5726 1332 1338 5727 5727 1335 1341 5728 5728 1333 1339 5729 5729 1333 1339 5730 5730 1336 1342 5731 5731 1334 1340 5732 5732 1333 1339 5733 5733 1335 1341 5734 5734 1337 1343 5735 5735 1333 1339 5736 5736 1337 1343 5737 5737 1336 1342 5738 5738 1325 1331 5739 5739 1329 1335 5740 5740 1338 1344 5741 5741 1329 1335 5742 5742 1339 1345 5743 5743 1338 1344 5744 5744 1329 1335 5745 5745 1340 1346 5746 5746 1339 1345 5747 5747 1325 1331 5748 5748 1338 1344 5749 5749 1341 1347 5750 5750 1341 1347 5751 5751 1338 1344 5752 5752 1339 1345 5753 5753 1342 1348 5754 5754 1325 1331 5755 5755 1341 1347 5756 5756 1341 1347 5757 5757 1339 1345 5758 5758 1343 1349 5759 5759 1344 1350 5760 5760 1325 1331 5761 5761 1342 1348 5762 5762 1312 1318 5763 5763 1325 1331 5764 5764 1344 1350 5765 5765 1344 1350 5766 5766 1342 1348 5767 5767 1345 1351 5768 5768 1310 1316 5769 5769 1312 1318 5770 5770 1344 1350 5771 5771 1339 1345 5772 5772 1346 1352 5773 5773 1343 1349 5774 5774 1340 1346 5775 5775 1346 1352 5776 5776 1339 1345 5777 5777 1343 1349 5778 5778 1346 1352 5779 5779 1347 1353 5780 5780 1340 1346 5781 5781 1348 1354 5782 5782 1346 1352 5783 5783 1346 1352 5784 5784 1349 1355 5785 5785 1347 1353 5786 5786 1346 1352 5787 5787 1348 1354 5788 5788 1350 1356 5789 5789 1346 1352 5790 5790 1350 1356 5791 5791 1349 1355 5792 5792 1310 1316 5793 5793 1344 1350 5794 5794 1351 1357 5795 5795 1310 1316 5796 5796 1351 1357 5797 5797 1352 1358 5798 5798 1351 1357 5799 5799 1353 1359 5800 5800 1352 1358 5801 5801 1351 1357 5802 5802 1354 1360 5803 5803 1353 1359 5804 5804 1354 1360 5805 5805 1355 1361 5806 5806 1353 1359 5807 5807 1351 1357 5808 5808 1344 1350 5809 5809 1356 1362 5810 5810 1351 1357 5811 5811 1356 1362 5812 5812 1354 1360 5813 5813 1356 1362 5814 5814 1344 1350 5815 5815 1357 1363 5816 5816 1354 1360 5817 5817 1356 1362 5818 5818 1358 1364 5819 5819 1357 1363 5820 5820 1344 1350 5821 5821 1359 1365 5822 5822 1344 1350 5823 5823 1345 1351 5824 5824 1359 1365 5825 5825 1357 1363 5826 5826 1359 1365 5827 5827 1360 1366 5828 5828 1354 1360 5829 5829 1358 1364 5830 5830 1361 1367 5831 5831 1354 1360 5832 5832 1361 1367 5833 5833 1355 1361 5834 5834 1361 1367 5835 5835 1358 1364 5836 5836 1362 1368 5837 5837 1361 1367 5838 5838 1363 1369 5839 5839 1355 1361 5840 5840 1361 1367 5841 5841 1362 1368 5842 5842 1363 1369 5843 5843 1355 1361 5844 5844 1363 1369 5845 5845 1364 1370 5846 5846 1362 1368 5847 5847 1365 1371 5848 5848 1363 1369 5849 5849 1363 1369 5850 5850 1366 1372 5851 5851 1364 1370 5852 5852 1363 1369 5853 5853 1365 1371 5854 5854 1367 1373 5855 5855 1363 1369 5856 5856 1367 1373 5857 5857 1366 1372 5858 5858 1359 1365 5859 5859 1345 1351 5860 5860 1368 1374 5861 5861 1359 1365 5862 5862 1368 1374 5863 5863 1360 1366 5864 5864 1345 1351 5865 5865 1369 1375 5866 5866 1368 1374 5867 5867 1360 1366 5868 5868 1368 1374 5869 5869 1370 1376 5870 5870 1368 1374 5871 5871 1369 1375 5872 5872 1370 1376 5873 5873 1360 1366 5874 5874 1370 1376 5875 5875 1371 1377 5876 5876 1370 1376 5877 5877 1369 1375 5878 5878 1372 1378 5879 5879 1371 1377 5880 5880 1370 1376 5881 5881 1373 1379 5882 5882 1370 1376 5883 5883 1372 1378 5884 5884 1374 1380 5885 5885 1370 1376 5886 5886 1374 1380 5887 5887 1373 1379 5888 5888 1375 1381 5889 5889 1376 1382 5890 5890 1377 1383 5891 5891 1378 1384 5892 5892 1376 1382 5893 5893 1375 1381 5894 5894 1379 1385 5895 5895 1376 1382 5896 5896 1378 1384 5897 5897 1380 1386 5898 5898 1378 1384 5899 5899 1375 1381 5900 5900 1380 1386 5901 5901 1375 1381 5902 5902 1381 1387 5903 5903 1382 1388 5904 5904 1379 1385 5905 5905 1378 1384 5906 5906 1382 1388 5907 5907 1378 1384 5908 5908 1380 1386 5909 5909 1382 1388 5910 5910 1383 1389 5911 5911 1379 1385 5912 5912 1384 1390 5913 5913 1379 1385 5914 5914 1383 1389 5915 5915 1385 1391 5916 5916 1382 1388 5917 5917 1380 1386 5918 5918 1385 1391 5919 5919 1383 1389 5920 5920 1382 1388 5921 5921 1380 1386 5922 5922 1381 1387 5923 5923 1386 1392 5924 5924 1385 1391 5925 5925 1380 1386 5926 5926 1386 1392 5927 5927 1387 1393 5928 5928 1386 1392 5929 5929 1381 1387 5930 5930 1388 1394 5931 5931 1384 1390 5932 5932 1383 1389 5933 5933 1388 1394 5934 5934 1389 1395 5935 5935 1384 1390 5936 5936 1390 1396 5937 5937 1383 1389 5938 5938 1385 1391 5939 5939 1388 1394 5940 5940 1383 1389 5941 5941 1390 1396 5942 5942 1391 1397 5943 5943 1385 1391 5944 5944 1386 1392 5945 5945 1390 1396 5946 5946 1385 1391 5947 5947 1391 1397 5948 5948 1392 1398 5949 5949 1386 1392 5950 5950 1387 1393 5951 5951 1391 1397 5952 5952 1386 1392 5953 5953 1392 1398 5954 5954 1392 1398 5955 5955 1387 1393 5956 5956 1393 1399 5957 5957 1394 1400 5958 5958 1392 1398 5959 5959 1393 1399 5960 5960 1395 1401 5961 5961 1392 1398 5962 5962 1394 1400 5963 5963 1396 1402 5964 5964 1392 1398 5965 5965 1395 1401 5966 5966 1396 1402 5967 5967 1397 1403 5968 5968 1392 1398 5969 5969 1397 1403 5970 5970 1391 1397 5971 5971 1392 1398 5972 5972 1398 1404 5973 5973 1397 1403 5974 5974 1396 1402 5975 5975 1399 1405 5976 5976 1391 1397 5977 5977 1397 1403 5978 5978 1399 1405 5979 5979 1390 1396 5980 5980 1391 1397 5981 5981 1400 1406 5982 5982 1397 1403 5983 5983 1398 1404 5984 5984 1400 1406 5985 5985 1399 1405 5986 5986 1397 1403 5987 5987 1400 1406 5988 5988 1398 1404 5989 5989 1401 1407 5990 5990 1402 1408 5991 5991 1400 1406 5992 5992 1401 1407 5993 5993 1402 1408 5994 5994 1399 1405 5995 5995 1400 1406 5996 5996 1403 1409 5997 5997 1390 1396 5998 5998 1399 1405 5999 5999 1403 1409 6000 6000 1388 1394 6001 6001 1390 1396 6002 6002 1404 1410 6003 6003 1399 1405 6004 6004 1402 1408 6005 6005 1404 1410 6006 6006 1403 1409 6007 6007 1399 1405 6008 6008 1404 1410 6009 6009 1402 1408 6010 6010 1405 1411 6011 6011 1405 1411 6012 6012 1402 1408 6013 6013 1406 1412 6014 6014 1407 1413 6015 6015 1405 1411 6016 6016 1406 1412 6017 6017 1408 1414 6018 6018 1405 1411 6019 6019 1407 1413 6020 6020 1408 1414 6021 6021 1404 1410 6022 6022 1405 1411 6023 6023 1409 1415 6024 6024 1408 1414 6025 6025 1407 1413 6026 6026 1408 1414 6027 6027 1410 1416 6028 6028 1404 1410 6029 6029 1410 1416 6030 6030 1403 1409 6031 6031 1404 1410 6032 6032 1409 1415 6033 6033 1411 1417 6034 6034 1408 1414 6035 6035 1411 1417 6036 6036 1410 1416 6037 6037 1408 1414 6038 6038 1409 1415 6039 6039 1412 1418 6040 6040 1411 1417 6041 6041 1410 1416 6042 6042 1413 1419 6043 6043 1403 1409 6044 6044 1412 1418 6045 6045 1414 1420 6046 6046 1411 1417 6047 6047 1412 1418 6048 6048 1415 1421 6049 6049 1414 1420 6050 6050 1411 1417 6051 6051 1416 1422 6052 6052 1410 1416 6053 6053 1411 1417 6054 6054 1414 1420 6055 6055 1416 1422 6056 6056 1410 1416 6057 6057 1417 1423 6058 6058 1413 1419 6059 6059 1410 1416 6060 6060 1416 1422 6061 6061 1417 1423 6062 6062 1413 1419 6063 6063 1418 1424 6064 6064 1403 1409 6065 6065 1413 1419 6066 6066 1417 1423 6067 6067 1418 1424 6068 6068 1403 1409 6069 6069 1418 1424 6070 6070 1388 1394 6071 6071 1388 1394 6072 6072 1418 1424 6073 6073 1389 1395 6074 6074 1389 1395 6075 6075 1418 1424 6076 6076 1419 1425 6077 6077 1389 1395 6078 6078 1419 1425 6079 6079 1420 1426 6080 6080 1418 1424 6081 6081 1421 1427 6082 6082 1419 1425 6083 6083 1417 1423 6084 6084 1421 1427 6085 6085 1418 1424 6086 6086 1419 1425 6087 6087 1422 1428 6088 6088 1420 1426 6089 6089 1419 1425 6090 6090 1421 1427 6091 6091 1422 1428 6092 6092 1420 1426 6093 6093 1422 1428 6094 6094 1423 1429 6095 6095 1420 1426 6096 6096 1423 1429 6097 6097 1424 1430 6098 6098 1422 1428 6099 6099 1421 1427 6100 6100 1425 1431 6101 6101 1422 1428 6102 6102 1426 1432 6103 6103 1423 1429 6104 6104 1422 1428 6105 6105 1425 1431 6106 6106 1426 1432 6107 6107 1423 1429 6108 6108 1427 1433 6109 6109 1424 1430 6110 6110 1423 1429 6111 6111 1426 1432 6112 6112 1427 1433 6113 6113 1421 1427 6114 6114 1428 1434 6115 6115 1425 1431 6116 6116 1417 1423 6117 6117 1428 1434 6118 6118 1421 1427 6119 6119 1425 1431 6120 6120 1429 1435 6121 6121 1426 1432 6122 6122 1430 1436 6123 6123 1428 1434 6124 6124 1417 1423 6125 6125 1416 1422 6126 6126 1430 1436 6127 6127 1417 1423 6128 6128 1414 1420 6129 6129 1430 1436 6130 6130 1416 1422 6131 6131 1425 1431 6132 6132 1428 1434 6133 6133 1431 1437 6134 6134 1430 1436 6135 6135 1431 1437 6136 6136 1428 1434 6137 6137 1425 1431 6138 6138 1431 1437 6139 6139 1429 1435 6140 6140 1414 1420 6141 6141 1432 1438 6142 6142 1430 1436 6143 6143 1415 1421 6144 6144 1432 1438 6145 6145 1414 1420 6146 6146 1433 1439 6147 6147 1431 1437 6148 6148 1430 1436 6149 6149 1432 1438 6150 6150 1433 1439 6151 6151 1430 1436 6152 6152 1433 1439 6153 6153 1429 1435 6154 6154 1431 1437 6155 6155 1415 1421 6156 6156 1434 1440 6157 6157 1432 1438 6158 6158 1433 1439 6159 6159 1435 1441 6160 6160 1429 1435 6161 6161 1432 1438 6162 6162 1435 1441 6163 6163 1433 1439 6164 6164 1426 1432 6165 6165 1429 1435 6166 6166 1436 1442 6167 6167 1429 1435 6168 6168 1435 1441 6169 6169 1436 1442 6170 6170 1426 1432 6171 6171 1436 1442 6172 6172 1427 1433 6173 6173 1432 1438 6174 6174 1437 1443 6175 6175 1435 1441 6176 6176 1432 1438 6177 6177 1434 1440 6178 6178 1437 1443 6179 6179 1436 1442 6180 6180 1435 1441 6181 6181 1438 1444 6182 6182 1437 1443 6183 6183 1438 1444 6184 6184 1435 1441 6185 6185 1434 1440 6186 6186 1439 1445 6187 6187 1437 1443 6188 6188 1437 1443 6189 6189 1439 1445 6190 6190 1438 1444 6191 6191 1434 1440 6192 6192 1440 1446 6193 6193 1439 1445 6194 6194 1440 1446 6195 6195 1441 1447 6196 6196 1439 1445 6197 6197 1436 1442 6198 6198 1438 1444 6199 6199 1442 1448 6200 6200 1427 1433 6201 6201 1436 1442 6202 6202 1442 1448 6203 6203 1439 1445 6204 6204 1443 1449 6205 6205 1438 1444 6206 6206 1442 1448 6207 6207 1438 1444 6208 6208 1443 1449 6209 6209 1441 1447 6210 6210 1444 1450 6211 6211 1439 1445 6212 6212 1439 1445 6213 6213 1444 1450 6214 6214 1443 1449 6215 6215 1441 1447 6216 6216 1445 1451 6217 6217 1444 1450 6218 6218 1442 1448 6219 6219 1443 1449 6220 6220 1446 1452 6221 6221 1427 1433 6222 6222 1442 1448 6223 6223 1446 1452 6224 6224 1445 1451 6225 6225 1447 1453 6226 6226 1444 1450 6227 6227 1445 1451 6228 6228 1448 1454 6229 6229 1447 1453 6230 6230 1444 1450 6231 6231 1449 1455 6232 6232 1443 1449 6233 6233 1447 1453 6234 6234 1449 1455 6235 6235 1444 1450 6236 6236 1446 1452 6237 6237 1443 1449 6238 6238 1449 1455 6239 6239 1447 1453 6240 6240 1448 1454 6241 6241 1449 1455 6242 6242 1427 1433 6243 6243 1446 1452 6244 6244 1450 1456 6245 6245 1424 1430 6246 6246 1427 1433 6247 6247 1450 1456 6248 6248 1424 1430 6249 6249 1450 1456 6250 6250 1451 1457 6251 6251 1446 1452 6252 6252 1449 1455 6253 6253 1452 1458 6254 6254 1446 1452 6255 6255 1452 1458 6256 6256 1450 1456 6257 6257 1451 1457 6258 6258 1450 1456 6259 6259 1453 1459 6260 6260 1450 1456 6261 6261 1452 1458 6262 6262 1453 1459 6263 6263 1451 1457 6264 6264 1453 1459 6265 6265 1454 1460 6266 6266 1454 1460 6267 6267 1453 1459 6268 6268 1455 1461 6269 6269 1455 1461 6270 6270 1453 1459 6271 6271 1456 1462 6272 6272 1453 1459 6273 6273 1452 1458 6274 6274 1456 1462 6275 6275 1456 1462 6276 6276 1452 1458 6277 6277 1457 1463 6278 6278 1458 1464 6279 6279 1457 1463 6280 6280 1452 1458 6281 6281 1449 1455 6282 6282 1458 1464 6283 6283 1452 1458 6284 6284 1449 1455 6285 6285 1448 1454 6286 6286 1458 1464 6287 6287 1458 1464 6288 6288 1459 1465 6289 6289 1457 1463 6290 6290 1458 1464 6291 6291 1448 1454 6292 6292 1460 1466 6293 6293 1458 1464 6294 6294 1460 1466 6295 6295 1459 1465 6296 6296 1448 1454 6297 6297 1461 1467 6298 6298 1460 1466 6299 6299 1460 1466 6300 6300 1462 1468 6301 6301 1459 1465 6302 6302 1460 1466 6303 6303 1461 1467 6304 6304 1463 1469 6305 6305 1460 1466 6306 6306 1463 1469 6307 6307 1462 1468 6308 6308 1464 1470 6309 6309 1465 1471 6310 6310 1466 1472 6311 6311 1467 1473 6312 6312 1464 1470 6313 6313 1466 1472 6314 6314 1465 1471 6315 6315 1468 1474 6316 6316 1466 1472 6317 6317 1467 1473 6318 6318 1466 1472 6319 6319 1469 1475 6320 6320 1470 1476 6321 6321 1467 1473 6322 6322 1469 1475 6323 6323 1471 1477 6324 6324 1470 1476 6325 6325 1469 1475 6326 6326 1468 1474 6327 6327 1472 1478 6328 6328 1466 1472 6329 6329 1469 1475 6330 6330 1466 1472 6331 6331 1473 1479 6332 6332 1466 1472 6333 6333 1472 1478 6334 6334 1473 1479 6335 6335 1468 1474 6336 6336 1474 1480 6337 6337 1472 1478 6338 6338 1472 1478 6339 6339 1474 1480 6340 6340 1473 1479 6341 6341 1468 1474 6342 6342 1475 1481 6343 6343 1474 1480 6344 6344 1469 1475 6345 6345 1473 1479 6346 6346 1476 1482 6347 6347 1471 1477 6348 6348 1469 1475 6349 6349 1476 1482 6350 6350 1474 1480 6351 6351 1477 1483 6352 6352 1473 1479 6353 6353 1474 1480 6354 6354 1475 1481 6355 6355 1477 1483 6356 6356 1473 1479 6357 6357 1477 1483 6358 6358 1478 1484 6359 6359 1476 1482 6360 6360 1473 1479 6361 6361 1478 1484 6362 6362 1475 1481 6363 6363 1479 1485 6364 6364 1477 1483 6365 6365 1477 1483 6366 6366 1479 1485 6367 6367 1478 1484 6368 6368 1475 1481 6369 6369 1480 1486 6370 6370 1479 1485 6371 6371 1479 1485 6372 6372 1481 1487 6373 6373 1478 1484 6374 6374 1480 1486 6375 6375 1481 1487 6376 6376 1479 1485 6377 6377 1480 1486 6378 6378 1482 1488 6379 6379 1481 1487 6380 6380 1478 1484 6381 6381 1481 1487 6382 6382 1482 1488 6383 6383 1483 1489 6384 6384 1482 1488 6385 6385 1480 1486 6386 6386 1484 1490 6387 6387 1482 1488 6388 6388 1483 1489 6389 6389 1484 1490 6390 6390 1478 1484 6391 6391 1482 1488 6392 6392 1476 1482 6393 6393 1478 1484 6394 6394 1484 1490 6395 6395 1485 1491 6396 6396 1476 1482 6397 6397 1484 1490 6398 6398 1471 1477 6399 6399 1476 1482 6400 6400 1485 1491 6401 6401 1485 1491 6402 6402 1484 1490 6403 6403 1486 1492 6404 6404 1487 1493 6405 6405 1486 1492 6406 6406 1484 1490 6407 6407 1488 1494 6408 6408 1486 1492 6409 6409 1487 1493 6410 6410 1488 1494 6411 6411 1485 1491 6412 6412 1486 1492 6413 6413 1489 1495 6414 6414 1488 1494 6415 6415 1487 1493 6416 6416 1490 1496 6417 6417 1488 1494 6418 6418 1489 1495 6419 6419 1490 1496 6420 6420 1485 1491 6421 6421 1488 1494 6422 6422 1491 1497 6423 6423 1490 1496 6424 6424 1489 1495 6425 6425 1491 1497 6426 6426 1485 1491 6427 6427 1490 1496 6428 6428 1491 1497 6429 6429 1471 1477 6430 6430 1485 1491 6431 6431 1492 1498 6432 6432 1471 1477 6433 6433 1491 1497 6434 6434 1492 1498 6435 6435 1493 1499 6436 6436 1471 1477 6437 6437 1492 1498 6438 6438 1491 1497 6439 6439 1494 1500 6440 6440 1495 1501 6441 6441 1494 1500 6442 6442 1491 1497 6443 6443 1496 1502 6444 6444 1494 1500 6445 6445 1495 1501 6446 6446 1496 1502 6447 6447 1492 1498 6448 6448 1494 1500 6449 6449 1497 1503 6450 6450 1496 1502 6451 6451 1495 1501 6452 6452 1497 1503 6453 6453 1498 1504 6454 6454 1496 1502 6455 6455 1496 1502 6456 6456 1498 1504 6457 6457 1492 1498 6458 6458 1497 1503 6459 6459 1499 1505 6460 6460 1498 1504 6461 6461 1498 1504 6462 6462 1500 1506 6463 6463 1492 1498 6464 6464 1499 1505 6465 6465 1500 1506 6466 6466 1498 1504 6467 6467 1492 1498 6468 6468 1500 1506 6469 6469 1493 1499 6470 6470 1499 1505 6471 6471 1501 1507 6472 6472 1500 1506 6473 6473 1499 1505 6474 6474 1502 1508 6475 6475 1501 1507 6476 6476 1500 1506 6477 6477 1503 1509 6478 6478 1493 1499 6479 6479 1501 1507 6480 6480 1503 1509 6481 6481 1500 1506 6482 6482 1493 1499 6483 6483 1503 1509 6484 6484 1504 1510 6485 6485 1501 1507 6486 6486 1502 1508 6487 6487 1505 1511 6488 6488 1501 1507 6489 6489 1505 1511 6490 6490 1503 1509 6491 6491 1502 1508 6492 6492 1506 1512 6493 6493 1505 1511 6494 6494 1505 1511 6495 6495 1506 1512 6496 6496 1507 1513 6497 6497 1503 1509 6498 6498 1505 1511 6499 6499 1507 1513 6500 6500 1506 1512 6501 6501 1508 1514 6502 6502 1507 1513 6503 6503 1503 1509 6504 6504 1507 1513 6505 6505 1508 1514 6506 6506 1503 1509 6507 6507 1508 1514 6508 6508 1504 1510 6509 6509 1504 1510 6510 6510 1508 1514 6511 6511 1509 1515 6512 6512 1508 1514 6513 6513 1510 1516 6514 6514 1509 1515 6515 6515 1508 1514 6516 6516 1511 1517 6517 6517 1510 1516 6518 6518 1510 1516 6519 6519 1511 1517 6520 6520 1512 1518 6521 6521 1510 1516 6522 6522 1512 1518 6523 6523 1509 1515 6524 6524 1511 1517 6525 6525 1513 1519 6526 6526 1512 1518 6527 6527 1512 1518 6528 6528 1513 1519 6529 6529 1514 1520 6530 6530 1512 1518 6531 6531 1514 1520 6532 6532 1509 1515 6533 6533 1513 1519 6534 6534 1515 1521 6535 6535 1514 1520 6536 6536 1509 1515 6537 6537 1514 1520 6538 6538 1515 1521 6539 6539 1504 1510 6540 6540 1509 1515 6541 6541 1516 1522 6542 6542 1516 1522 6543 6543 1509 1515 6544 6544 1515 1521 6545 6545 1504 1510 6546 6546 1516 1522 6547 6547 1517 1523 6548 6548 1504 1510 6549 6549 1517 1523 6550 6550 1518 1524 6551 6551 1518 1524 6552 6552 1517 1523 6553 6553 1519 1525 6554 6554 1516 1522 6555 6555 1515 1521 6556 6556 1520 1526 6557 6557 1519 1525 6558 6558 1517 1523 6559 6559 1521 1527 6560 6560 1519 1525 6561 6561 1521 1527 6562 6562 1522 1528 6563 6563 1522 1528 6564 6564 1521 1527 6565 6565 1523 1529 6566 6566 1521 1527 6567 6567 1524 1530 6568 6568 1523 1529 6569 6569 1516 1522 6570 6570 1525 1531 6571 6571 1517 1523 6572 6572 1517 1523 6573 6573 1525 1531 6574 6574 1521 1527 6575 6575 1516 1522 6576 6576 1520 1526 6577 6577 1525 1531 6578 6578 1521 1527 6579 6579 1526 1532 6580 6580 1524 1530 6581 6581 1521 1527 6582 6582 1525 1531 6583 6583 1526 1532 6584 6584 1526 1532 6585 6585 1527 1533 6586 6586 1524 1530 6587 6587 1526 1532 6588 6588 1525 1531 6589 6589 1527 1533 6590 6590 1524 1530 6591 6591 1527 1533 6592 6592 1528 1534 6593 6593 1525 1531 6594 6594 1529 1535 6595 6595 1527 1533 6596 6596 1527 1533 6597 6597 1529 1535 6598 6598 1528 1534 6599 6599 1525 1531 6600 6600 1520 1526 6601 6601 1529 1535 6602 6602 1529 1535 6603 6603 1530 1536 6604 6604 1528 1534 6605 6605 1520 1526 6606 6606 1530 1536 6607 6607 1529 1535 6608 6608 1528 1534 6609 6609 1530 1536 6610 6610 1531 1537 6611 6611 1520 1526 6612 6612 1532 1538 6613 6613 1530 1536 6614 6614 1532 1538 6615 6615 1531 1537 6616 6616 1530 1536 6617 6617 1520 1526 6618 6618 1533 1539 6619 6619 1532 1538 6620 6620 1533 1539 6621 6621 1531 1537 6622 6622 1532 1538 6623 6623 1515 1521 6624 6624 1533 1539 6625 6625 1520 1526 6626 6626 1534 1540 6627 6627 1531 1537 6628 6628 1533 1539 6629 6629 1515 1521 6630 6630 1534 1540 6631 6631 1533 1539 6632 6632 871 875 6633 6633 1535 1541 6634 6634 1536 1542 6635 6635 870 874 6636 6636 871 875 6637 6637 1536 1542 6638 6638 1535 1541 6639 6639 1537 1543 6640 6640 1536 1542 6641 6641 1538 1544 6642 6642 870 874 6643 6643 1536 1542 6644 6644 1539 1545 6645 6645 1536 1542 6646 6646 1537 1543 6647 6647 1540 1546 6648 6648 870 874 6649 6649 1538 1544 6650 6650 1540 1546 6651 6651 872 876 6652 6652 870 874 6653 6653 881 885 6654 6654 872 876 6655 6655 1540 1546 6656 6656 1538 1544 6657 6657 1536 1542 6658 6658 1541 1547 6659 6659 1541 1547 6660 6660 1536 1542 6661 6661 1539 1545 6662 6662 1542 1548 6663 6663 881 885 6664 6664 1540 1546 6665 6665 1542 1548 6666 6666 1540 1546 6667 6667 1538 1544 6668 6668 882 886 6669 6669 881 885 6670 6670 1542 1548 6671 6671 882 886 6672 6672 1542 1548 6673 6673 1543 1549 6674 6674 1543 1549 6675 6675 1542 1548 6676 6676 1544 1550 6677 6677 1542 1548 6678 6678 1538 1544 6679 6679 1545 1551 6680 6680 1544 1550 6681 6681 1542 1548 6682 6682 1545 1551 6683 6683 1538 1544 6684 6684 1541 1547 6685 6685 1545 1551 6686 6686 1544 1550 6687 6687 1545 1551 6688 6688 1546 1552 6689 6689 1544 1550 6690 6690 1546 1552 6691 6691 1547 1553 6692 6692 1547 1553 6693 6693 1546 1552 6694 6694 1548 1554 6695 6695 1541 1547 6696 6696 1549 1555 6697 6697 1545 1551 6698 6698 1545 1551 6699 6699 1549 1555 6700 6700 1546 1552 6701 6701 1541 1547 6702 6702 1539 1545 6703 6703 1549 1555 6704 6704 1548 1554 6705 6705 1546 1552 6706 6706 1550 1556 6707 6707 1546 1552 6708 6708 1549 1555 6709 6709 1550 1556 6710 6710 1548 1554 6711 6711 1550 1556 6712 6712 1551 1557 6713 6713 1539 1545 6714 6714 1552 1558 6715 6715 1549 1555 6716 6716 1539 1545 6717 6717 1537 1543 6718 6718 1552 1558 6719 6719 1552 1558 6720 6720 1537 1543 6721 6721 1553 1559 6722 6722 1551 1557 6723 6723 1550 1556 6724 6724 1554 1560 6725 6725 1551 1557 6726 6726 1554 1560 6727 6727 1555 1561 6728 6728 1552 1558 6729 6729 1553 1559 6730 6730 1556 1562 6731 6731 1549 1555 6732 6732 1552 1558 6733 6733 1556 1562 6734 6734 1556 1562 6735 6735 1553 1559 6736 6736 1557 1563 6737 6737 1550 1556 6738 6738 1549 1555 6739 6739 1558 1564 6740 6740 1549 1555 6741 6741 1556 1562 6742 6742 1558 1564 6743 6743 1550 1556 6744 6744 1558 1564 6745 6745 1554 1560 6746 6746 1556 1562 6747 6747 1557 1563 6748 6748 1559 1565 6749 6749 1559 1565 6750 6750 1557 1563 6751 6751 1560 1566 6752 6752 1555 1561 6753 6753 1559 1565 6754 6754 1560 1566 6755 6755 1558 1564 6756 6756 1556 1562 6757 6757 1561 1567 6758 6758 1556 1562 6759 6759 1559 1565 6760 6760 1561 1567 6761 6761 1554 1560 6762 6762 1558 1564 6763 6763 1561 1567 6764 6764 1555 1561 6765 6765 1561 1567 6766 6766 1559 1565 6767 6767 1554 1560 6768 6768 1561 1567 6769 6769 1555 1561 6770 6770 1562 1568 6771 6771 1563 1569 6772 6772 1564 1570 6773 6773 1563 1569 6774 6774 1565 1571 6775 6775 1564 1570 6776 6776 1566 1572 6777 6777 1563 1569 6778 6778 1562 1568 6779 6779 1567 1573 6780 6780 1566 1572 6781 6781 1562 1568 6782 6782 1563 1569 6783 6783 1568 1574 6784 6784 1565 1571 6785 6785 1565 1571 6786 6786 1568 1574 6787 6787 1569 1575 6788 6788 1566 1572 6789 6789 1570 1576 6790 6790 1563 1569 6791 6791 1563 1569 6792 6792 1570 1576 6793 6793 1568 1574 6794 6794 1571 1577 6795 6795 1566 1572 6796 6796 1567 1573 6797 6797 1572 1578 6798 6798 1571 1577 6799 6799 1567 1573 6800 6800 1568 1574 6801 6801 1573 1579 6802 6802 1569 1575 6803 6803 1569 1575 6804 6804 1573 1579 6805 6805 1574 1580 6806 6806 1575 1581 6807 6807 1571 1577 6808 6808 1572 1578 6809 6809 1576 1582 6810 6810 1575 1581 6811 6811 1572 1578 6812 6812 1568 1574 6813 6813 1577 1583 6814 6814 1573 1579 6815 6815 1570 1576 6816 6816 1577 1583 6817 6817 1568 1574 6818 6818 1578 1584 6819 6819 1575 1581 6820 6820 1576 1582 6821 6821 1579 1585 6822 6822 1578 1584 6823 6823 1576 1582 6824 6824 1575 1581 6825 6825 1580 1586 6826 6826 1571 1577 6827 6827 1581 1587 6828 6828 1578 1584 6829 6829 1579 1585 6830 6830 1582 1588 6831 6831 1581 1587 6832 6832 1579 1585 6833 6833 1578 1584 6834 6834 1583 1589 6835 6835 1575 1581 6836 6836 1583 1589 6837 6837 1580 1586 6838 6838 1575 1581 6839 6839 1584 1590 6840 6840 1581 1587 6841 6841 1582 1588 6842 6842 1585 1591 6843 6843 1584 1590 6844 6844 1582 1588 6845 6845 1581 1587 6846 6846 1586 1592 6847 6847 1578 1584 6848 6848 1586 1592 6849 6849 1583 1589 6850 6850 1578 1584 6851 6851 1584 1590 6852 6852 1587 1593 6853 6853 1581 1587 6854 6854 1587 1593 6855 6855 1586 1592 6856 6856 1581 1587 6857 6857 1588 1594 6858 6858 1584 1590 6859 6859 1585 1591 6860 6860 1588 1594 6861 6861 1587 1593 6862 6862 1584 1590 6863 6863 1589 1595 6864 6864 1588 1594 6865 6865 1585 1591 6866 6866 1587 1593 6867 6867 1590 1596 6868 6868 1586 1592 6869 6869 1588 1594 6870 6870 1591 1597 6871 6871 1587 1593 6872 6872 1591 1597 6873 6873 1590 1596 6874 6874 1587 1593 6875 6875 1589 1595 6876 6876 1592 1598 6877 6877 1588 1594 6878 6878 1592 1598 6879 6879 1591 1597 6880 6880 1588 1594 6881 6881 1593 1599 6882 6882 1592 1598 6883 6883 1589 1595 6884 6884 1594 1600 6885 6885 1593 1599 6886 6886 1589 1595 6887 6887 1592 1598 6888 6888 1595 1601 6889 6889 1591 1597 6890 6890 1596 1602 6891 6891 1593 1599 6892 6892 1594 1600 6893 6893 1597 1603 6894 6894 1596 1602 6895 6895 1594 1600 6896 6896 1593 1599 6897 6897 1598 1604 6898 6898 1592 1598 6899 6899 1598 1604 6900 6900 1595 1601 6901 6901 1592 1598 6902 6902 1596 1602 6903 6903 1599 1605 6904 6904 1593 1599 6905 6905 1593 1599 6906 6906 1599 1605 6907 6907 1598 1604 6908 6908 1600 1606 6909 6909 1596 1602 6910 6910 1597 1603 6911 6911 1600 1606 6912 6912 1599 1605 6913 6913 1596 1602 6914 6914 1601 1607 6915 6915 1600 1606 6916 6916 1597 1603 6917 6917 1599 1605 6918 6918 1602 1608 6919 6919 1598 1604 6920 6920 1603 1609 6921 6921 1600 1606 6922 6922 1601 1607 6923 6923 1604 1610 6924 6924 1603 1609 6925 6925 1601 1607 6926 6926 1600 1606 6927 6927 1605 1611 6928 6928 1599 1605 6929 6929 1603 1609 6930 6930 1605 1611 6931 6931 1600 1606 6932 6932 1599 1605 6933 6933 1605 1611 6934 6934 1602 1608 6935 6935 1604 1610 6936 6936 1606 1612 6937 6937 1603 1609 6938 6938 1607 1613 6939 6939 1606 1612 6940 6940 1604 1610 6941 6941 1603 1609 6942 6942 1608 1614 6943 6943 1605 1611 6944 6944 1606 1612 6945 6945 1608 1614 6946 6946 1603 1609 6947 6947 1609 1615 6948 6948 1606 1612 6949 6949 1607 1613 6950 6950 1609 1615 6951 6951 1607 1613 6952 6952 1610 1616 6953 6953 1611 1617 6954 6954 1608 1614 6955 6955 1606 1612 6956 6956 1609 1615 6957 6957 1611 1617 6958 6958 1606 1612 6959 6959 1612 1618 6960 6960 1609 1615 6961 6961 1610 1616 6962 6962 1612 1618 6963 6963 1610 1616 6964 6964 1613 1619 6965 6965 1614 1620 6966 6966 1611 1617 6967 6967 1609 1615 6968 6968 1614 1620 6969 6969 1609 1615 6970 6970 1612 1618 6971 6971 1612 1618 6972 6972 1613 1619 6973 6973 1615 1621 6974 6974 1613 1619 6975 6975 1616 1622 6976 6976 1615 1621 6977 6977 1615 1621 6978 6978 1616 1622 6979 6979 1617 1623 6980 6980 1618 1624 6981 6981 1614 1620 6982 6982 1612 1618 6983 6983 1615 1621 6984 6984 1617 1623 6985 6985 1619 1625 6986 6986 1619 1625 6987 6987 1617 1623 6988 6988 1620 1626 6989 6989 1612 1618 6990 6990 1615 1621 6991 6991 1621 1627 6992 6992 1621 1627 6993 6993 1615 1621 6994 6994 1619 1625 6995 6995 1618 1624 6996 6996 1612 1618 6997 6997 1621 1627 6998 6998 1619 1625 6999 6999 1620 1626 7000 7000 1622 1628 7001 7001 1622 1628 7002 7002 1620 1626 7003 7003 1574 1580 7004 7004 1621 1627 7005 7005 1619 1625 7006 7006 1623 1629 7007 7007 1619 1625 7008 7008 1622 1628 7009 7009 1623 1629 7010 7010 1618 1624 7011 7011 1621 1627 7012 7012 1624 1630 7013 7013 1621 1627 7014 7014 1623 1629 7015 7015 1624 1630 7016 7016 1622 1628 7017 7017 1574 1580 7018 7018 1625 1631 7019 7019 1573 1579 7020 7020 1625 1631 7021 7021 1574 1580 7022 7022 1623 1629 7023 7023 1622 1628 7024 7024 1626 1632 7025 7025 1622 1628 7026 7026 1625 1631 7027 7027 1626 1632 7028 7028 1573 1579 7029 7029 1627 1633 7030 7030 1625 1631 7031 7031 1577 1583 7032 7032 1627 1633 7033 7033 1573 1579 7034 7034 1626 1632 7035 7035 1625 1631 7036 7036 1628 1634 7037 7037 1627 1633 7038 7038 1628 1634 7039 7039 1625 1631 7040 7040 1623 1629 7041 7041 1626 1632 7042 7042 1629 1635 7043 7043 1626 1632 7044 7044 1628 1634 7045 7045 1630 1636 7046 7046 1626 1632 7047 7047 1630 1636 7048 7048 1629 1635 7049 7049 1627 1633 7050 7050 1631 1637 7051 7051 1628 1634 7052 7052 1628 1634 7053 7053 1632 1638 7054 7054 1630 1636 7055 7055 1631 1637 7056 7056 1632 1638 7057 7057 1628 1634 7058 7058 1633 1639 7059 7059 1630 1636 7060 7060 1632 1638 7061 7061 1631 1637 7062 7062 1633 1639 7063 7063 1632 1638 7064 7064 1634 1640 7065 7065 1631 1637 7066 7066 1627 1633 7067 7067 1577 1583 7068 7068 1634 1640 7069 7069 1627 1633 7070 7070 1635 1641 7071 7071 1633 1639 7072 7072 1631 1637 7073 7073 1634 1640 7074 7074 1635 1641 7075 7075 1631 1637 7076 7076 1636 1642 7077 7077 1630 1636 7078 7078 1633 1639 7079 7079 1629 1635 7080 7080 1630 1636 7081 7081 1636 1642 7082 7082 1637 1643 7083 7083 1633 1639 7084 7084 1635 1641 7085 7085 1636 1642 7086 7086 1633 1639 7087 7087 1637 1643 7088 7088 1638 1644 7089 7089 1635 1641 7090 7090 1634 1640 7091 7091 1629 1635 7092 7092 1636 1642 7093 7093 1639 1645 7094 7094 1640 1646 7095 7095 1635 1641 7096 7096 1638 1644 7097 7097 1637 1643 7098 7098 1635 1641 7099 7099 1640 1646 7100 7100 1636 1642 7101 7101 1637 1643 7102 7102 1641 1647 7103 7103 1639 1645 7104 7104 1636 1642 7105 7105 1641 1647 7106 7106 1637 1643 7107 7107 1640 1646 7108 7108 1642 1648 7109 7109 1641 1647 7110 7110 1637 1643 7111 7111 1642 1648 7112 7112 1643 1649 7113 7113 1629 1635 7114 7114 1639 1645 7115 7115 1623 1629 7116 7116 1629 1635 7117 7117 1643 1649 7118 7118 1624 1630 7119 7119 1623 1629 7120 7120 1643 1649 7121 7121 1639 1645 7122 7122 1641 1647 7123 7123 1644 1650 7124 7124 1643 1649 7125 7125 1639 1645 7126 7126 1645 1651 7127 7127 1639 1645 7128 7128 1644 1650 7129 7129 1645 1651 7130 7130 1624 1630 7131 7131 1643 1649 7132 7132 1646 1652 7133 7133 1643 1649 7134 7134 1645 1651 7135 7135 1646 1652 7136 7136 1644 1650 7137 7137 1641 1647 7138 7138 1647 1653 7139 7139 1641 1647 7140 7140 1642 1648 7141 7141 1647 1653 7142 7142 1645 1651 7143 7143 1644 1650 7144 7144 1648 1654 7145 7145 1644 1650 7146 7146 1647 1653 7147 7147 1648 1654 7148 7148 1646 1652 7149 7149 1645 1651 7150 7150 1649 1655 7151 7151 1645 1651 7152 7152 1648 1654 7153 7153 1649 1655 7154 7154 1624 1630 7155 7155 1646 1652 7156 7156 1650 1656 7157 7157 1618 1624 7158 7158 1624 1630 7159 7159 1650 1656 7160 7160 1618 1624 7161 7161 1650 1656 7162 7162 1614 1620 7163 7163 1650 1656 7164 7164 1646 1652 7165 7165 1651 1657 7166 7166 1614 1620 7167 7167 1650 1656 7168 7168 1651 1657 7169 7169 1646 1652 7170 7170 1649 1655 7171 7171 1651 1657 7172 7172 1614 1620 7173 7173 1651 1657 7174 7174 1611 1617 7175 7175 1649 1655 7176 7176 1652 1658 7177 7177 1651 1657 7178 7178 1649 1655 7179 7179 1648 1654 7180 7180 1652 1658 7181 7181 1651 1657 7182 7182 1653 1659 7183 7183 1611 1617 7184 7184 1651 1657 7185 7185 1652 1658 7186 7186 1653 1659 7187 7187 1611 1617 7188 7188 1653 1659 7189 7189 1608 1614 7190 7190 1648 1654 7191 7191 1654 1660 7192 7192 1652 1658 7193 7193 1648 1654 7194 7194 1647 1653 7195 7195 1654 1660 7196 7196 1652 1658 7197 7197 1655 1661 7198 7198 1653 1659 7199 7199 1654 1660 7200 7200 1656 1662 7201 7201 1652 1658 7202 7202 1656 1662 7203 7203 1655 1661 7204 7204 1652 1658 7205 7205 1647 1653 7206 7206 1657 1663 7207 7207 1654 1660 7208 7208 1654 1660 7209 7209 1657 1663 7210 7210 1656 1662 7211 7211 1655 1661 7212 7212 1658 1664 7213 7213 1653 1659 7214 7214 1653 1659 7215 7215 1658 1664 7216 7216 1608 1614 7217 7217 1656 1662 7218 7218 1659 1665 7219 7219 1655 1661 7220 7220 1659 1665 7221 7221 1658 1664 7222 7222 1655 1661 7223 7223 1658 1664 7224 7224 1660 1666 7225 7225 1608 1614 7226 7226 1659 1665 7227 7227 1660 1666 7228 7228 1658 1664 7229 7229 1608 1614 7230 7230 1660 1666 7231 7231 1605 1611 7232 7232 1660 1666 7233 7233 1602 1608 7234 7234 1605 1611 7235 7235 1656 1662 7236 7236 1661 1667 7237 7237 1659 1665 7238 7238 1657 1663 7239 7239 1661 1667 7240 7240 1656 1662 7241 7241 1659 1665 7242 7242 1662 1668 7243 7243 1660 1666 7244 7244 1661 1667 7245 7245 1662 1668 7246 7246 1659 1665 7247 7247 1660 1666 7248 7248 1663 1669 7249 7249 1602 1608 7250 7250 1662 1668 7251 7251 1663 1669 7252 7252 1660 1666 7253 7253 1661 1667 7254 7254 1664 1670 7255 7255 1662 1668 7256 7256 1662 1668 7257 7257 1664 1670 7258 7258 1663 1669 7259 7259 1663 1669 7260 7260 1665 1671 7261 7261 1602 1608 7262 7262 1663 1669 7263 7263 1664 1670 7264 7264 1665 1671 7265 7265 1598 1604 7266 7266 1602 1608 7267 7267 1665 1671 7268 7268 1598 1604 7269 7269 1665 1671 7270 7270 1595 1601 7271 7271 1661 1667 7272 7272 1666 1672 7273 7273 1664 1670 7274 7274 1657 1663 7275 7275 1666 1672 7276 7276 1661 1667 7277 7277 1665 1671 7278 7278 1664 1670 7279 7279 1667 1673 7280 7280 1664 1670 7281 7281 1666 1672 7282 7282 1667 1673 7283 7283 1665 1671 7284 7284 1668 1674 7285 7285 1595 1601 7286 7286 1665 1671 7287 7287 1667 1673 7288 7288 1668 1674 7289 7289 1595 1601 7290 7290 1668 1674 7291 7291 1669 1675 7292 7292 1595 1601 7293 7293 1669 1675 7294 7294 1591 1597 7295 7295 1667 1673 7296 7296 1670 1676 7297 7297 1668 1674 7298 7298 1667 1673 7299 7299 1666 1672 7300 7300 1670 1676 7301 7301 1591 1597 7302 7302 1669 1675 7303 7303 1590 1596 7304 7304 1668 1674 7305 7305 1670 1676 7306 7306 1671 1677 7307 7307 1668 1674 7308 7308 1671 1677 7309 7309 1669 1675 7310 7310 1670 1676 7311 7311 1666 1672 7312 7312 1671 1677 7313 7313 1669 1675 7314 7314 1671 1677 7315 7315 1672 1678 7316 7316 1671 1677 7317 7317 1666 1672 7318 7318 1672 1678 7319 7319 1669 1675 7320 7320 1673 1679 7321 7321 1590 1596 7322 7322 1669 1675 7323 7323 1672 1678 7324 7324 1673 1679 7325 7325 1590 1596 7326 7326 1673 1679 7327 7327 1674 1680 7328 7328 1590 1596 7329 7329 1674 1680 7330 7330 1586 1592 7331 7331 1586 1592 7332 7332 1674 1680 7333 7333 1583 1589 7334 7334 1673 1679 7335 7335 1672 1678 7336 7336 1675 1681 7337 7337 1673 1679 7338 7338 1675 1681 7339 7339 1674 1680 7340 7340 1672 1678 7341 7341 1676 1682 7342 7342 1675 1681 7343 7343 1672 1678 7344 7344 1666 1672 7345 7345 1676 1682 7346 7346 1674 1680 7347 7347 1675 1681 7348 7348 1677 1683 7349 7349 1675 1681 7350 7350 1676 1682 7351 7351 1677 1683 7352 7352 1674 1680 7353 7353 1678 1684 7354 7354 1583 1589 7355 7355 1674 1680 7356 7356 1677 1683 7357 7357 1678 1684 7358 7358 1583 1589 7359 7359 1678 1684 7360 7360 1679 1685 7361 7361 1583 1589 7362 7362 1679 1685 7363 7363 1580 1586 7364 7364 1678 1684 7365 7365 1677 1683 7366 7366 1680 1686 7367 7367 1678 1684 7368 7368 1680 1686 7369 7369 1679 1685 7370 7370 1676 1682 7371 7371 1681 1687 7372 7372 1677 1683 7373 7373 1677 1683 7374 7374 1681 1687 7375 7375 1680 1686 7376 7376 1682 1688 7377 7377 1676 1682 7378 7378 1666 1672 7379 7379 1682 1688 7380 7380 1681 1687 7381 7381 1676 1682 7382 7382 1679 1685 7383 7383 1680 1686 7384 7384 1683 1689 7385 7385 1681 1687 7386 7386 1683 1689 7387 7387 1680 1686 7388 7388 1684 1690 7389 7389 1682 1688 7390 7390 1666 1672 7391 7391 1684 1690 7392 7392 1666 1672 7393 7393 1657 1663 7394 7394 1647 1653 7395 7395 1684 1690 7396 7396 1657 1663 7397 7397 1647 1653 7398 7398 1642 1648 7399 7399 1684 1690 7400 7400 1682 1688 7401 7401 1685 1691 7402 7402 1681 1687 7403 7403 1681 1687 7404 7404 1685 1691 7405 7405 1683 1689 7406 7406 1684 1690 7407 7407 1686 1692 7408 7408 1682 1688 7409 7409 1642 1648 7410 7410 1686 1692 7411 7411 1684 1690 7412 7412 1686 1692 7413 7413 1685 1691 7414 7414 1682 1688 7415 7415 1642 1648 7416 7416 1640 1646 7417 7417 1686 1692 7418 7418 1686 1692 7419 7419 1687 1693 7420 7420 1685 1691 7421 7421 1683 1689 7422 7422 1685 1691 7423 7423 1687 1693 7424 7424 1640 1646 7425 7425 1688 1694 7426 7426 1686 1692 7427 7427 1688 1694 7428 7428 1687 1693 7429 7429 1686 1692 7430 7430 1640 1646 7431 7431 1638 1644 7432 7432 1688 1694 7433 7433 1688 1694 7434 7434 1689 1695 7435 7435 1687 1693 7436 7436 1688 1694 7437 7437 1638 1644 7438 7438 1689 1695 7439 7439 1683 1689 7440 7440 1687 1693 7441 7441 1690 1696 7442 7442 1690 1696 7443 7443 1687 1693 7444 7444 1689 1695 7445 7445 1691 1697 7446 7446 1683 1689 7447 7447 1690 1696 7448 7448 1679 1685 7449 7449 1683 1689 7450 7450 1691 1697 7451 7451 1580 1586 7452 7452 1679 1685 7453 7453 1691 1697 7454 7454 1692 1698 7455 7455 1690 1696 7456 7456 1689 1695 7457 7457 1691 1697 7458 7458 1690 1696 7459 7459 1692 1698 7460 7460 1689 1695 7461 7461 1638 1644 7462 7462 1693 1699 7463 7463 1692 1698 7464 7464 1689 1695 7465 7465 1693 1699 7466 7466 1693 1699 7467 7467 1638 1644 7468 7468 1634 1640 7469 7469 1693 1699 7470 7470 1634 1640 7471 7471 1577 1583 7472 7472 1694 1700 7473 7473 1693 1699 7474 7474 1577 1583 7475 7475 1692 1698 7476 7476 1693 1699 7477 7477 1694 1700 7478 7478 1570 1576 7479 7479 1694 1700 7480 7480 1577 1583 7481 7481 1691 1697 7482 7482 1692 1698 7483 7483 1695 1701 7484 7484 1695 1701 7485 7485 1692 1698 7486 7486 1694 1700 7487 7487 1696 1702 7488 7488 1694 1700 7489 7489 1570 1576 7490 7490 1696 1702 7491 7491 1695 1701 7492 7492 1694 1700 7493 7493 1566 1572 7494 7494 1696 1702 7495 7495 1570 1576 7496 7496 1697 1703 7497 7497 1691 1697 7498 7498 1695 1701 7499 7499 1697 1703 7500 7500 1695 1701 7501 7501 1696 1702 7502 7502 1697 1703 7503 7503 1696 1702 7504 7504 1566 1572 7505 7505 1580 1586 7506 7506 1691 1697 7507 7507 1697 1703 7508 7508 1571 1577 7509 7509 1697 1703 7510 7510 1566 1572 7511 7511 1580 1586 7512 7512 1697 1703 7513 7513 1571 1577 7514 7514 1698 1704 7515 7515 1699 1705 7516 7516 1700 1706 7517 7517 1699 1705 7518 7518 1701 1707 7519 7519 1700 1706 7520 7520 1698 1704 7521 7521 1702 1708 7522 7522 1699 1705 7523 7523 1698 1704 7524 7524 1703 1709 7525 7525 1702 1708 7526 7526 1702 1708 7527 7527 1703 1709 7528 7528 1704 1710 7529 7529 1699 1705 7530 7530 1705 1711 7531 7531 1701 1707 7532 7532 1705 1711 7533 7533 1706 1712 7534 7534 1701 1707 7535 7535 1705 1711 7536 7536 1707 1713 7537 7537 1706 1712 7538 7538 1702 1708 7539 7539 1708 1714 7540 7540 1699 1705 7541 7541 1699 1705 7542 7542 1708 1714 7543 7543 1705 1711 7544 7544 1702 1708 7545 7545 1704 1710 7546 7546 1709 1715 7547 7547 1702 1708 7548 7548 1709 1715 7549 7549 1708 1714 7550 7550 1709 1715 7551 7551 1704 1710 7552 7552 1710 1716 7553 7553 1709 1715 7554 7554 1710 1716 7555 7555 1711 1717 7556 7556 1705 1711 7557 7557 1712 1718 7558 7558 1707 1713 7559 7559 1708 1714 7560 7560 1712 1718 7561 7561 1705 1711 7562 7562 1712 1718 7563 7563 1713 1719 7564 7564 1707 1713 7565 7565 1712 1718 7566 7566 1714 1720 7567 7567 1713 1719 7568 7568 1709 1715 7569 7569 1715 1721 7570 7570 1708 1714 7571 7571 1708 1714 7572 7572 1715 1721 7573 7573 1712 1718 7574 7574 1709 1715 7575 7575 1711 1717 7576 7576 1715 1721 7577 7577 1715 1721 7578 7578 1714 1720 7579 7579 1712 1718 7580 7580 1715 1721 7581 7581 1711 1717 7582 7582 1716 1722 7583 7583 1715 1721 7584 7584 1716 1722 7585 7585 1714 1720 7586 7586 1717 1723 7587 7587 1718 1724 7588 7588 1719 1725 7589 7589 1718 1724 7590 7590 1720 1726 7591 7591 1719 1725 7592 7592 1717 1723 7593 7593 1721 1727 7594 7594 1718 1724 7595 7595 1717 1723 7596 7596 1722 1728 7597 7597 1721 1727 7598 7598 1721 1727 7599 7599 1722 1728 7600 7600 1723 1729 7601 7601 1718 1724 7602 7602 1724 1730 7603 7603 1720 1726 7604 7604 1724 1730 7605 7605 1725 1731 7606 7606 1720 1726 7607 7607 1724 1730 7608 7608 1726 1732 7609 7609 1725 1731 7610 7610 1721 1727 7611 7611 1727 1733 7612 7612 1718 1724 7613 7613 1718 1724 7614 7614 1727 1733 7615 7615 1724 1730 7616 7616 1721 1727 7617 7617 1723 1729 7618 7618 1728 1734 7619 7619 1721 1727 7620 7620 1728 1734 7621 7621 1727 1733 7622 7622 1723 1729 7623 7623 1729 1735 7624 7624 1728 1734 7625 7625 1728 1734 7626 7626 1729 1735 7627 7627 1730 1736 7628 7628 1724 1730 7629 7629 1731 1737 7630 7630 1726 1732 7631 7631 1727 1733 7632 7632 1731 1737 7633 7633 1724 1730 7634 7634 1731 1737 7635 7635 1732 1738 7636 7636 1726 1732 7637 7637 1731 1737 7638 7638 1733 1739 7639 7639 1732 1738 7640 7640 1728 1734 7641 7641 1734 1740 7642 7642 1727 1733 7643 7643 1727 1733 7644 7644 1734 1740 7645 7645 1731 1737 7646 7646 1728 1734 7647 7647 1730 1736 7648 7648 1734 1740 7649 7649 1734 1740 7650 7650 1733 1739 7651 7651 1731 1737 7652 7652 1730 1736 7653 7653 1735 1741 7654 7654 1734 1740 7655 7655 1734 1740 7656 7656 1735 1741 7657 7657 1733 1739 7658 7658 1736 1742 7659 7659 1737 1743 7660 7660 1738 1744 7661 7661 1739 1745 7662 7662 1737 1743 7663 7663 1736 1742 7664 7664 1740 1746 7665 7665 1739 1745 7666 7666 1736 1742 7667 7667 1737 1743 7668 7668 1741 1747 7669 7669 1738 1744 7670 7670 1739 1745 7671 7671 1741 1747 7672 7672 1737 1743 7673 7673 1740 1746 7674 7674 1742 1748 7675 7675 1739 1745 7676 7676 1741 1747 7677 7677 1743 1749 7678 7678 1738 1744 7679 7679 1740 1746 7680 7680 1744 1750 7681 7681 1742 1748 7682 7682 1740 1746 7683 7683 1745 1751 7684 7684 1744 1750 7685 7685 1739 1745 7686 7686 1742 1748 7687 7687 1746 1752 7688 7688 1742 1748 7689 7689 1744 1750 7690 7690 1746 1752 7691 7691 1739 1745 7692 7692 1747 1753 7693 7693 1741 1747 7694 7694 1739 1745 7695 7695 1746 1752 7696 7696 1747 1753 7697 7697 1741 1747 7698 7698 1747 1753 7699 7699 1748 1754 7700 7700 1747 1753 7701 7701 1746 1752 7702 7702 1748 1754 7703 7703 1741 1747 7704 7704 1748 1754 7705 7705 1743 1749 7706 7706 1744 1750 7707 7707 1749 1755 7708 7708 1746 1752 7709 7709 1746 1752 7710 7710 1749 1755 7711 7711 1748 1754 7712 7712 1744 1750 7713 7713 1750 1756 7714 7714 1749 1755 7715 7715 1749 1755 7716 7716 1750 1756 7717 7717 1748 1754 7718 7718 1745 1751 7719 7719 1751 1757 7720 7720 1744 1750 7721 7721 1744 1750 7722 7722 1751 1757 7723 7723 1750 1756 7724 7724 1745 1751 7725 7725 1752 1758 7726 7726 1751 1757 7727 7727 1751 1757 7728 7728 1752 1758 7729 7729 1750 1756 7730 7730 1745 1751 7731 7731 1753 1759 7732 7732 1752 1758 7733 7733 1752 1758 7734 7734 1754 1760 7735 7735 1750 1756 7736 7736 1750 1756 7737 7737 1754 1760 7738 7738 1748 1754 7739 7739 1753 1759 7740 7740 1755 1761 7741 7741 1752 1758 7742 7742 1752 1758 7743 7743 1755 1761 7744 7744 1754 1760 7745 7745 1753 1759 7746 7746 1756 1762 7747 7747 1755 1761 7748 7748 1755 1761 7749 7749 1757 1763 7750 7750 1754 1760 7751 7751 1756 1762 7752 7752 1757 1763 7753 7753 1755 1761 7754 7754 1754 1760 7755 7755 1757 1763 7756 7756 1748 1754 7757 7757 1753 1759 7758 7758 1758 1764 7759 7759 1756 1762 7760 7760 1756 1762 7761 7761 1759 1765 7762 7762 1757 1763 7763 7763 1759 1765 7764 7764 1748 1754 7765 7765 1757 1763 7766 7766 1756 1762 7767 7767 1760 1766 7768 7768 1759 1765 7769 7769 1756 1762 7770 7770 1758 1764 7771 7771 1760 1766 7772 7772 1759 1765 7773 7773 1760 1766 7774 7774 1761 1767 7775 7775 1759 1765 7776 7776 1761 1767 7777 7777 1748 1754 7778 7778 1760 1766 7779 7779 1762 1768 7780 7780 1761 1767 7781 7781 1761 1767 7782 7782 1762 1768 7783 7783 1748 1754 7784 7784 1758 1764 7785 7785 1763 1769 7786 7786 1760 1766 7787 7787 1760 1766 7788 7788 1763 1769 7789 7789 1762 1768 7790 7790 1758 1764 7791 7791 1764 1770 7792 7792 1763 1769 7793 7793 1758 1764 7794 7794 1765 1771 7795 7795 1764 1770 7796 7796 1763 1769 7797 7797 1766 1772 7798 7798 1762 1768 7799 7799 1763 1769 7800 7800 1764 1770 7801 7801 1766 1772 7802 7802 1748 1754 7803 7803 1762 1768 7804 7804 1766 1772 7805 7805 1765 1771 7806 7806 1767 1773 7807 7807 1764 1770 7808 7808 1768 1774 7809 7809 1767 1773 7810 7810 1765 1771 7811 7811 1764 1770 7812 7812 1769 1775 7813 7813 1766 1772 7814 7814 1764 1770 7815 7815 1767 1773 7816 7816 1769 1775 7817 7817 1748 1754 7818 7818 1766 1772 7819 7819 1769 1775 7820 7820 1767 1773 7821 7821 1770 1776 7822 7822 1769 1775 7823 7823 1748 1754 7824 7824 1769 1775 7825 7825 1770 1776 7826 7826 1768 1774 7827 7827 1771 1777 7828 7828 1767 1773 7829 7829 1771 1777 7830 7830 1770 1776 7831 7831 1767 1773 7832 7832 1772 1778 7833 7833 1748 1754 7834 7834 1770 1776 7835 7835 1772 1778 7836 7836 1770 1776 7837 7837 1771 1777 7838 7838 1773 1779 7839 7839 1771 1777 7840 7840 1768 1774 7841 7841 1773 1779 7842 7842 1772 1778 7843 7843 1771 1777 7844 7844 1774 1780 7845 7845 1773 1779 7846 7846 1768 1774 7847 7847 1775 1781 7848 7848 1748 1754 7849 7849 1772 1778 7850 7850 1775 1781 7851 7851 1772 1778 7852 7852 1773 1779 7853 7853 1743 1749 7854 7854 1748 1754 7855 7855 1775 1781 7856 7856 1776 1782 7857 7857 1773 1779 7858 7858 1774 1780 7859 7859 1776 1782 7860 7860 1775 1781 7861 7861 1773 1779 7862 7862 1743 1749 7863 7863 1775 1781 7864 7864 1776 1782 7865 7865 1738 1744 7866 7866 1776 1782 7867 7867 1774 1780 7868 7868 1738 1744 7869 7869 1743 1749 7870 7870 1776 1782 7871 7871 1777 1783 7872 7872 1778 1784 7873 7873 1779 1785 7874 7874 1780 1786 7875 7875 1779 1785 7876 7876 1778 1784 7877 7877 1781 1787 7878 7878 1779 1785 7879 7879 1780 1786 7880 7880 1777 1783 7881 7881 1782 1788 7882 7882 1778 1784 7883 7883 1781 1787 7884 7884 1780 1786 7885 7885 1783 1789 7886 7886 1782 1788 7887 7887 1784 1790 7888 7888 1778 1784 7889 7889 1780 1786 7890 7890 1778 1784 7891 7891 1784 1790 7892 7892 1785 1791 7893 7893 1781 1787 7894 7894 1783 1789 7895 7895 1786 1792 7896 7896 1781 1787 7897 7897 1785 1791 7898 7898 1783 1789 7899 7899 1780 1786 7900 7900 1787 1793 7901 7901 1785 1791 7902 7902 1783 1789 7903 7903 1787 1793 7904 7904 1780 1786 7905 7905 1784 1790 7906 7906 1788 1794 7907 7907 1787 1793 7908 7908 1780 1786 7909 7909 1788 1794 7910 7910 1786 1792 7911 7911 1785 1791 7912 7912 1789 1795 7913 7913 1785 1791 7914 7914 1787 1793 7915 7915 1790 1796 7916 7916 1791 1797 7917 7917 1786 1792 7918 7918 1789 1795 7919 7919 1789 1795 7920 7920 1785 1791 7921 7921 1792 1798 7922 7922 1792 1798 7923 7923 1785 1791 7924 7924 1790 1796 7925 7925 1791 1797 7926 7926 1789 1795 7927 7927 1792 1798 7928 7928 1793 1799 7929 7929 1786 1792 7930 7930 1791 1797 7931 7931 1790 1796 7932 7932 1787 1793 7933 7933 1794 1800 7934 7934 1787 1793 7935 7935 1788 1794 7936 7936 1794 1800 7937 7937 1792 1798 7938 7938 1790 1796 7939 7939 1794 1800 7940 7940 1794 1800 7941 7941 1788 1794 7942 7942 1784 1790 7943 7943 1791 1797 7944 7944 1792 1798 7945 7945 1795 1801 7946 7946 1795 1801 7947 7947 1792 1798 7948 7948 1794 1800 7949 7949 1796 1802 7950 7950 1791 1797 7951 7951 1795 1801 7952 7952 1796 1802 7953 7953 1795 1801 7954 7954 1794 1800 7955 7955 1793 1799 7956 7956 1791 1797 7957 7957 1797 1803 7958 7958 1797 1803 7959 7959 1791 1797 7960 7960 1796 1802 7961 7961 1798 1804 7962 7962 1793 1799 7963 7963 1797 1803 7964 7964 1798 1804 7965 7965 1797 1803 7966 7966 1796 1802 7967 7967 1799 1805 7968 7968 1793 1799 7969 7969 1798 1804 7970 7970 1798 1804 7971 7971 1796 1802 7972 7972 1800 1806 7973 7973 1800 1806 7974 7974 1796 1802 7975 7975 1794 1800 7976 7976 1799 1805 7977 7977 1798 1804 7978 7978 1801 1807 7979 7979 1798 1804 7980 7980 1800 1806 7981 7981 1801 1807 7982 7982 1799 1805 7983 7983 1801 1807 7984 7984 1802 1808 7985 7985 1801 1807 7986 7986 1800 1806 7987 7987 1803 1809 7988 7988 1801 1807 7989 7989 1803 1809 7990 7990 1802 1808 7991 7991 1800 1806 7992 7992 1794 1800 7993 7993 1803 1809 7994 7994 1799 1805 7995 7995 1802 1808 7996 7996 1804 1810 7997 7997 1802 1808 7998 7998 1803 1809 7999 7999 1805 1811 8000 8000 1803 1809 8001 8001 1794 1800 8002 8002 1805 1811 8003 8003 1802 1808 8004 8004 1806 1812 8005 8005 1804 1810 8006 8006 1802 1808 8007 8007 1805 1811 8008 8008 1806 1812 8009 8009 1804 1810 8010 8010 1806 1812 8011 8011 1807 1813 8012 8012 1805 1811 8013 8013 1808 1814 8014 8014 1806 1812 8015 8015 1806 1812 8016 8016 1808 1814 8017 8017 1807 1813 8018 8018 1805 1811 8019 8019 1794 1800 8020 8020 1808 1814 8021 8021 1804 1810 8022 8022 1807 1813 8023 8023 1809 1815 8024 8024 1807 1813 8025 8025 1808 1814 8026 8026 1810 1816 8027 8027 1808 1814 8028 8028 1794 1800 8029 8029 1810 1816 8030 8030 1807 1813 8031 8031 1811 1817 8032 8032 1809 1815 8033 8033 1807 1813 8034 8034 1810 1816 8035 8035 1811 1817 8036 8036 1809 1815 8037 8037 1811 1817 8038 8038 1812 1818 8039 8039 1809 1815 8040 8040 1812 1818 8041 8041 1777 1783 8042 8042 1810 1816 8043 8043 1813 1819 8044 8044 1811 1817 8045 8045 1811 1817 8046 8046 1813 1819 8047 8047 1812 1818 8048 8048 1810 1816 8049 8049 1794 1800 8050 8050 1813 1819 8051 8051 1812 1818 8052 8052 1814 1820 8053 8053 1777 1783 8054 8054 1777 1783 8055 8055 1814 1820 8056 8056 1782 1788 8057 8057 1812 1818 8058 8058 1813 1819 8059 8059 1815 1821 8060 8060 1812 1818 8061 8061 1815 1821 8062 8062 1814 1820 8063 8063 1813 1819 8064 8064 1794 1800 8065 8065 1815 1821 8066 8066 1815 1821 8067 8067 1816 1822 8068 8068 1814 1820 8069 8069 1794 1800 8070 8070 1816 1822 8071 8071 1815 1821 8072 8072 1814 1820 8073 8073 1816 1822 8074 8074 1782 1788 8075 8075 1794 1800 8076 8076 1817 1823 8077 8077 1816 1822 8078 8078 1782 1788 8079 8079 1816 1822 8080 8080 1817 1823 8081 8081 1794 1800 8082 8082 1784 1790 8083 8083 1817 1823 8084 8084 1782 1788 8085 8085 1817 1823 8086 8086 1784 1790 8087 8087</p>
        </triangles>
      </mesh>
    </geometry>
    <geometry id="Untitled_001-mesh" name="Untitled.001">
      <mesh>
        <source id="Untitled_001-mesh-positions">
          <float_array id="Untitled_001-mesh-positions-array" count="912">2.01846 10.19961 0.05442821 1.891605 9.848632 0.1980171 1.919187 10.21472 -0.3877648 1.625925 9.651479 -0.2371753 2.030733 10.30957 0.184769 1.628853 9.473534 0.2612107 1.208191 9.402469 -0.3981257 1.980045 9.787799 0.7177536 1.286595 9.193982 0.4127874 0.6902647 9.261611 -0.7056669 1.650881 9.409214 0.7237657 0.9570008 8.989875 0.7384939 2.153278 10.31174 0.6780291 2.092154 11.07947 0.192034 2.059744 11.08749 0.5994815 1.91001 9.792751 1.206706 2.12023 10.29879 1.187438 2.068963 10.80208 1.150642 1.578069 9.423639 1.192235 1.55343 9.84731 1.855123 1.756501 10.32489 1.869634 1.941598 11.06592 1.096921 1.976488 11.7503 0.8208784 1.706768 10.79143 1.801497 1.527891 10.96824 1.759871 1.696854 11.72355 1.385416 1.118892 10.38451 2.251573 1.685074 11.17295 1.409658 1.686988 12.20439 1.427206 1.957667 12.05202 0.6736998 1.941183 12.4915 0.7572471 1.645672 12.5334 1.466149 1.470636 13.13283 1.435772 1.322821 12.51069 1.801223 0.66468 13.13487 1.843138 1.515638 12.13607 1.64218 1.525382 11.7095 1.625808 1.126051 12.36234 1.769932 1.477209 11.1818 1.631791 1.364077 12.10738 1.662927 1.358349 11.2549 1.666292 1.424807 11.6977 1.647975 1.074262 12.13457 1.849867 0.8846556 12.43778 1.852281 1.118265 11.69508 1.865783 1.031375 12.52598 1.935003 0.7296896 12.45407 2.051523 0 13.13541 1.951166 0.7466588 12.12242 1.966664 0.6575134 12.36901 1.928482 0 12.41573 2.188773 0.3558257 12.07925 2.136151 0.4445272 12.07946 2.01341 0.3854123 11.70423 2.016162 0.775416 11.69389 1.988636 1.116832 11.22869 1.849311 0.819114 11.21611 1.960677 1.142623 10.98824 1.810449 0.7311599 10.95531 1.914876 1.047012 10.79522 2.168355 0.4832808 11.23242 2.013331 0.6074721 10.88465 2.234629 0.584113 10.62739 2.262928 0.3027907 11.70639 2.169415 0.4209587 11.21227 2.250623 0 11.64048 2.230052 0.1868579 11.33237 2.271853 0 11.38036 2.272166 -0.3558257 12.07925 2.136151 0.5278732 11.37055 2.847361 -0.3027907 11.70639 2.169415 0.7578699 11.18027 2.848335 0.2144582 11.47451 2.846829 0.8972757 10.86676 2.849939 0.7810262 11.20089 3.312762 0.9000202 10.8846 3.314379 0.8557547 10.57029 2.853862 0.4978719 11.40547 3.311742 0.8498932 10.57648 3.320986 0.467971 10.38442 2.360258 0.597596 10.25866 3.317583 0.9375581 9.922311 2.216194 0.5783223 10.25936 2.853047 0.781281 9.603935 2.096594 0.2467461 10.08297 3.318482 1.229045 9.477507 1.803676 0.2029818 10.0865 2.853932 0.955235 9.061988 1.193269 0.812948 9.21165 1.787232 0.550495 8.810717 1.205782 0.4372211 9.123561 2.089126 0 8.719684 1.2282 0 9.237576 -0.9152901 0.485748 8.941395 1.83951 -0.6902647 9.261611 -0.7056669 0.3048799 9.547805 2.379218 0 9.063974 2.165753 0 8.853357 1.890129 -0.485748 8.941395 1.83951 0.309394 9.871065 2.551331 0 9.52795 2.426545 0 10.10469 2.639758 0 9.839944 2.583256 -0.309394 9.871065 2.551331 -0.3048799 9.547805 2.379217 -0.4372211 9.123561 2.089127 -0.9375581 9.922311 2.216193 -0.781281 9.603935 2.096594 -0.812948 9.21165 1.787232 -0.550495 8.810717 1.205782 -1.229045 9.477507 1.803676 -0.955235 9.061988 1.193269 -0.9570008 8.989875 0.7384939 -1.55343 9.84731 1.855123 -1.578069 9.423639 1.192235 -1.286595 9.193982 0.4127874 -1.208191 9.402469 -0.3981257 -1.650881 9.409214 0.7237657 -1.628853 9.473534 0.2612108 -1.625925 9.651479 -0.2371753 -1.91001 9.792751 1.206706 -1.980045 9.787799 0.7177536 -1.891605 9.848632 0.1980171 -1.919187 10.21472 -0.3877647 -2.01846 10.19961 0.05442821 -2.030733 10.30957 0.1847689 -2.12023 10.29879 1.187438 -2.153278 10.31174 0.6780292 -2.092154 11.07947 0.192034 -2.059744 11.08749 0.5994816 -1.756501 10.32489 1.869634 -2.068963 10.80208 1.150642 -1.941598 11.06592 1.096921 -1.976488 11.7503 0.8208784 -1.706768 10.79143 1.801497 -1.696854 11.72355 1.385416 -1.118892 10.38451 2.251573 -1.527891 10.96824 1.759871 -1.047012 10.79522 2.168355 -0.467971 10.38442 2.360259 -0.584113 10.62739 2.262928 -1.685074 11.17295 1.409658 -1.477209 11.1818 1.631791 -1.525382 11.7095 1.625808 -1.142623 10.98824 1.810449 -1.358349 11.2549 1.666292 -1.515638 12.13607 1.64218 -0.7311599 10.95531 1.914876 -1.686988 12.20439 1.427206 -1.957667 12.05202 0.6736998 -1.941183 12.4915 0.7572471 -1.645672 12.5334 1.466149 -1.470636 13.13283 1.435772 -1.322821 12.51069 1.801223 -0.66468 13.13487 1.843138 -1.126051 12.36234 1.769932 -1.031375 12.52598 1.935003 -1.364077 12.10738 1.662927 -0.8846556 12.43778 1.852281 -1.074262 12.13457 1.849867 -1.424807 11.6977 1.647975 -1.118265 11.69508 1.865783 -0.7466588 12.12242 1.966664 -1.116832 11.22869 1.849311 -0.775416 11.69389 1.988636 -0.819114 11.21611 1.960677 -0.3854123 11.70423 2.016162 -0.4832808 11.23242 2.013331 -0.6074721 10.88465 2.234628 -0.4209587 11.21227 2.250622 -0.8972757 10.86676 2.849939 -0.7578699 11.18027 2.848335 -0.4445272 12.07946 2.01341 -0.6575134 12.36901 1.928482 -0.7296896 12.45407 2.051524 -0.1868579 11.33237 2.271853 -0.5278732 11.37055 2.847361 0 11.49686 2.840108 -0.2144582 11.47451 2.846829 0.208442 11.50349 3.311213 -0.208442 11.50349 3.311213 -0.4978719 11.40547 3.311742 -0.7810262 11.20089 3.312762 0 11.52679 3.319732 -0.4432321 11.33422 3.575684 -0.206255 11.42348 3.587426 0.206255 11.42348 3.587426 -0.6672641 11.16309 3.576559 0 11.44416 3.59241 -0.1556864 11.19643 3.810721 -0.3846011 11.03845 3.803623 -0.7854701 10.89348 3.577939 0 11.2213 3.827408 -0.9000202 10.8846 3.314379 0.1556864 11.19643 3.810721 0 10.9251 3.89002 0.4432321 11.33422 3.575684 0.3846011 11.03845 3.803624 0.6672641 11.16309 3.57656 0.7854701 10.89348 3.577939 0.4090536 10.73218 3.805132 0.7468042 10.60863 3.579338 0.5440572 10.34808 3.58073 0.1602237 10.51189 3.806318 0.2186771 10.19308 3.581523 0 10.50266 3.831085 0 10.05966 3.32724 0 10.17338 3.598914 -0.1602237 10.51189 3.806318 0 10.06331 2.847444 -0.2029818 10.0865 2.853932 -0.2186771 10.19308 3.581523 -0.2467461 10.08297 3.318482 -0.5783223 10.25936 2.853047 -0.8557547 10.57029 2.853862 -0.597596 10.25866 3.317583 -0.8498932 10.57648 3.320986 -0.5440572 10.34808 3.58073 -0.7468042 10.60863 3.579339 -0.4090536 10.73218 3.805132 -1.980045 9.787956 0.7177536 -2.01846 10.19977 0.05442821 -1.919187 10.21488 -0.3877647 -0.6902647 9.261768 -0.7056669 -2.12023 10.29894 1.187438 -2.092154 11.07963 0.192034 -1.976488 11.75046 0.8208784 -1.373241 9.246222 0.9886595 -1.756501 10.32504 1.869634 -1.549486 11.0956 1.734953 -0.550495 8.810873 1.205782 -0.9721283 9.593163 2.120788 0 8.719841 1.2282 0 9.237732 -0.9152901 0.6902647 9.261768 -0.7056669 0 9.052941 2.165753 0.550495 8.810873 1.205782 1.373241 9.246222 0.9886595 0.9721283 9.593163 2.120788 0 10.10484 2.639758 1.756501 10.32504 1.869634 1.980045 9.787956 0.7177536 1.919187 10.21488 -0.3877647 2.01846 10.19977 0.05442821 2.12023 10.29894 1.187438 2.092154 11.07963 0.192034 1.976488 11.75046 0.8208784 1.549486 11.0956 1.734953 0.467971 10.38458 2.360258 1.574273 12.14442 1.697363 1.941183 12.49165 0.7572471 1.310041 12.81361 1.769555 0.6074721 10.88481 2.234628 0.6575134 12.36917 2.13317 0 13.13556 2.101348 0.8557547 10.57045 2.853862 0 11.38052 2.272166 0.7578699 11.18043 2.848335 0.7263671 11.02844 3.57725 -0.6575134 12.36917 2.13317 -1.310041 12.81361 1.769555 0 11.52695 3.319732 -1.574273 12.14442 1.697363 -1.941183 12.49165 0.7572471 -0.6074721 10.88481 2.234628 -0.467971 10.38458 2.360258 -0.7578699 11.18043 2.848335 -0.8557547 10.57045 2.853862 -0.7263671 11.02844 3.57725 0 11.22145 3.827408 -0.5440572 10.34824 3.58073 0 10.17354 3.598914 0.5440572 10.34824 3.58073 0.6074721 10.88465 2.234628 0 11.2213 3.827408 0.6672641 11.16309 3.57656 -0.6074721 10.88465 2.234628 -0.6672641 11.16309 3.57656 2.01846 10.19961 0.05442821 0 8.719684 1.2282 0 9.237576 -0.9152901 -2.01846 10.19961 0.05442821 2.12023 10.29879 1.187438 2.092154 11.07947 0.192034 2.022834 11.13861 0.7533421 -2.12023 10.29879 1.187438 -2.092154 11.07947 0.192034 -2.022834 11.13861 0.7533421 0 9.063974 2.165753 1.515638 12.13607 1.64218 1.941183 12.4915 0.7572471 0 13.13541 1.951166 0 10.10469 2.639758 1.477209 11.1818 1.631791 0.6074721 10.88465 2.234628 0 11.38036 2.272166 -1.515638 12.13607 1.64218 -1.941183 12.4915 0.7572471 -1.477209 11.1818 1.631791 -0.6074721 10.88465 2.234628 0 10.17338 3.598914 0 11.2213 3.827408 -0.6672641 11.16309 3.57656 0.6672641 11.16309 3.57656</float_array>
          <technique_common>
            <accessor source="#Untitled_001-mesh-positions-array" count="304" stride="3">
              <param name="X" type="float"/>
              <param name="Y" type="float"/>
              <param name="Z" type="float"/>
            </accessor>
          </technique_common>
        </source>
        <source id="Untitled_001-mesh-normals">
          <float_array id="Untitled_001-mesh-normals-array" count="660">0.8487313 -0.5045385 0.1584175 0.8555621 -0.469878 -0.2173203 0.5673601 -0.7806214 -0.2621698 0.7216035 -0.6805339 0.1271303 0.9830309 -0.1762337 -0.05091196 0.6577518 -0.7223767 -0.2133886 0.3602735 -0.9300295 -0.07244372 0.8746556 -0.4833171 -0.03717911 0.4365366 -0.8789914 -0.1918597 0.1505666 -0.9816119 -0.1173362 0.6382967 -0.7694891 0.02154308 0.3075494 -0.9421653 -0.1331843 0.9914104 -0.1114495 -0.06844246 0.9893925 -0.07038146 0.1270794 0.9848976 0.1194612 0.1253224 0.8096501 -0.4850184 0.3304905 0.9401049 -0.1194698 0.3192645 0.9258615 0.2329366 0.2975249 0.5932053 -0.7576624 0.2721312 0.6373499 -0.4242748 0.6432543 0.7340557 -0.08810472 0.6733497 0.8808281 0.2348899 0.411058 0.8501726 0.2330967 0.4720938 0.6868282 0.3483205 0.6379184 0.4654684 0.6277948 0.6238694 0.8634485 0.03523945 0.5032047 0.3817988 -0.01173532 0.924171 0.7788813 0.1154829 0.6164477 0.8815366 0.03127127 0.4710791 0.7089622 0.148826 0.6893647 0.879671 0.03722047 0.4741241 0.8467406 0.195548 0.4947639 0.6322739 0.3464777 0.6929524 0.4890358 0.2308381 0.8411647 0.2680531 0.3384943 0.9019808 0.6362125 -0.01763188 0.7713125 0.6902547 -0.007825613 0.7235242 0.2913663 -0.1388434 0.9464821 0.5594457 0.2093097 0.8020038 0.4052249 -0.009774386 0.9141649 0.4889571 0.001958131 0.8723057 0.4912604 0.007824957 0.8709776 0.4363797 0.1154619 0.8923236 0.3720084 -0.2799726 0.8850001 0.4659695 0.01958853 0.884584 0.3778997 0.1566737 0.9124941 0.2464285 0.1780133 0.9526721 0 0.3109043 0.9504413 0.2290757 0.109643 0.967214 0.5734456 -0.3679556 0.7319623 -4.46057e-6 0.221292 0.9752076 0.2914797 0.003922045 0.956569 0.440376 -0.09787589 0.8924626 0.4146885 0.02740204 0.9095508 0.1976149 0.007826387 0.9802485 0.4286984 -0.09398066 0.8985462 0.2466329 -0.1076794 0.9631083 0.246626 0.506923 0.825957 0.3891428 0.4927845 0.7782876 0.2975932 0.4816569 0.8242846 0.6160689 0.224919 0.7548978 0.8848202 0.4659165 -0.00391668 0.8696464 -0.06267845 0.4896801 0.5226187 0.12331 0.843602 0.7808068 0.6203314 -0.07436233 -7.40402e-7 0.09196114 0.9957627 0.3422855 0.8879972 0.3070856 -1.03116e-5 0.8880775 0.4596939 -0.2914741 0.003907978 0.9565708 0.48185 0.8579306 -0.1782574 -0.522618 0.1233094 0.8436027 0.7968658 0.5540801 -0.2408325 0.2329444 0.9591518 -0.1605145 0.9590326 0.1428663 -0.2446341 0.7948812 0.597135 0.1076733 0.9846676 0.1213712 0.1252945 0.8838074 -0.416485 -0.213131 0.4593397 0.8834969 0.09187155 0.8953057 -0.4211926 0.1449984 0.6809743 -0.2837332 0.6751071 0.6220054 -0.7726198 0.1271536 0.4086715 -0.2561542 0.8759981 0.5891281 -0.7868229 -0.1839505 0.4635888 -0.4792357 0.7452642 0.3148458 -0.940594 0.1271036 0.5029455 -0.6732091 0.5420659 0.3231249 -0.9282805 -0.1840806 0.5009174 -0.8296403 0.2465339 0.5440078 -0.7005527 0.4618241 0.2368501 -0.9689872 -0.07046884 0.4127722 -0.5477346 0.7277403 1.06283e-5 -0.9923692 -0.1233024 -3.61167e-6 -0.9894784 -0.1446807 0.3915118 -0.8593996 0.3288629 -0.1505666 -0.9816119 -0.1173363 0.3581219 -0.4501069 0.8180174 8.00006e-7 -0.6417213 0.766938 0 -0.9380028 0.3466275 -0.3915121 -0.8593997 0.3288624 0.4088749 -0.09390854 0.9077459 -5.25009e-7 -0.4789649 0.8778341 1.19507e-5 -0.7414431 0.6710157 -3.17351e-7 -0.3507125 0.9364832 -0.408868 -0.09390228 0.9077497 -0.3581221 -0.4501065 0.8180176 -0.4127756 -0.5477348 0.7277382 -0.4086717 -0.256154 0.8759981 -0.4635887 -0.4792351 0.7452645 -0.5440061 -0.7005537 0.4618245 -0.2368649 -0.9689828 -0.07047969 -0.5029459 -0.6732088 0.5420658 -0.5009186 -0.8296393 0.2465344 -0.3075494 -0.9421654 -0.133184 -0.6373924 -0.4242544 0.6432257 -0.5932053 -0.7576622 0.2721318 -0.4365364 -0.8789915 -0.1918594 -0.3602737 -0.9300296 -0.07244372 -0.6382973 -0.7694885 0.02154427 -0.6577519 -0.7223764 -0.2133888 -0.7216034 -0.6805339 0.1271307 -0.80965 -0.4850184 0.3304909 -0.8746556 -0.4833173 -0.03717768 -0.8555631 -0.4698755 -0.2173219 -0.5673605 -0.7806212 -0.2621696 -0.8487315 -0.5045384 0.1584165 -0.9830308 -0.1762341 -0.05091249 -0.9401049 -0.1194698 0.3192645 -0.9914106 -0.1114493 -0.06844133 -0.9893925 -0.07038164 0.1270794 -0.9848976 0.1194614 0.1253223 -0.7340556 -0.08810466 0.6733497 -0.9258615 0.2329366 0.2975251 -0.8808292 0.2348902 0.4110555 -0.8501725 0.2330968 0.4720938 -0.6868293 0.3483206 0.6379171 -0.8634493 0.03523671 0.5032035 -0.3817972 -0.0117377 0.9241716 -0.4654681 0.6277949 0.6238695 -0.2976052 0.4816611 0.8242778 -0.6809778 -0.2837297 0.675105 -0.8696475 -0.06267398 0.4896788 -0.7788807 0.1154826 0.6164486 -0.5594455 0.2093099 0.8020039 -0.6902546 -0.007825911 0.7235242 -0.2466254 0.5069232 0.8259569 -0.4889564 0.001956999 0.872306 -0.6362122 -0.01763176 0.7713127 -0.3891427 0.4927852 0.7782871 -0.8815369 0.03127127 0.4710786 -0.708962 0.148826 0.6893647 -0.879671 0.03722053 0.4741241 -0.8467429 0.1955449 0.4947612 -0.6322741 0.3464781 0.692952 -0.4890363 0.2308381 0.8411644 -0.2680529 0.3384944 0.9019808 -0.2914072 -0.1388425 0.9464696 -0.3779511 0.1566764 0.9124722 -0.4052268 -0.009780049 0.914164 -0.372018 -0.2799706 0.8849967 -0.4363781 0.115462 0.8923243 -0.4912606 0.007826626 0.8709776 -0.4659701 0.01958841 0.8845837 -0.2290785 0.1096439 0.9672132 -0.4286986 -0.09398072 0.8985462 -0.1976152 0.007826089 0.9802485 -0.2466331 -0.1076794 0.9631081 -0.4146884 0.02739757 0.909551 -0.6160436 0.2249022 0.7549234 -0.8848192 0.4659182 -0.003916442 -0.7808069 0.6203313 -0.07436233 -0.9590325 0.1428662 -0.2446345 -0.7968674 0.5540784 -0.2408311 -0.4403808 -0.09786194 0.8924617 -0.5734437 -0.3679559 0.7319636 -0.2464389 0.1780192 0.9526684 -0.3422992 0.8879914 0.307087 -0.4818493 0.857931 -0.1782574 0 0.9870214 -0.1605893 -0.232945 0.9591519 -0.1605129 0.2346559 0.969933 0.06454795 -0.234659 0.9699324 0.06454694 -0.4593439 0.8834947 0.09187102 -0.7948814 0.597135 0.1076738 0 0.9975178 0.07041466 -0.4167003 0.7179653 0.5575721 -0.2268736 0.8233397 0.5202311 0.2268726 0.8233388 0.5202329 -0.6149831 0.4935497 0.6149835 6.10982e-7 0.854206 0.5199348 -0.2326697 0.4536099 0.8602924 -0.3738068 0.2231179 0.9002705 -0.7377808 0.101765 0.6673256 0 0.5124589 0.8587119 -0.9846686 0.1213657 0.1252926 0.2326692 0.4536096 0.8602927 2.70135e-6 0.001952409 0.9999981 0.4167004 0.7179648 0.5575727 0.3738064 0.2231183 0.9002705 0.6149827 0.4935497 0.6149837 0.7377812 0.1017622 0.6673255 0.3539755 -0.1505458 0.9230587 0.6829042 -0.2974202 0.6672204 0.4832642 -0.5869551 0.6495687 0.2172098 -0.358142 0.9080497 0.2544949 -0.728295 0.6362537 2.8771e-7 -0.3598726 0.9330015 2.25805e-6 -0.9894718 0.1447262 2.6863e-6 -0.7534227 0.6575365 -0.2172098 -0.3581413 0.9080501 3.11999e-6 -0.9977867 -0.06649804 -0.3231226 -0.9282801 -0.1840866 -0.2544979 -0.7282955 0.6362519 -0.3148443 -0.9405946 0.127102 -0.5891281 -0.7868228 -0.1839512 -0.8838071 -0.416486 -0.2131299 -0.6220062 -0.7726192 0.1271537 -0.8953051 -0.4211937 0.1449989 -0.483261 -0.5869578 0.6495687 -0.682904 -0.2974205 0.6672207 -0.3539755 -0.1505458 0.9230588</float_array>
          <technique_common>
            <accessor source="#Untitled_001-mesh-normals-array" count="220" stride="3">
              <param name="X" type="float"/>
              <param name="Y" type="float"/>
              <param name="Z" type="float"/>
            </accessor>
          </technique_common>
        </source>
        <source id="Untitled_001-mesh-map-0">
          <float_array id="Untitled_001-mesh-map-0-array" count="2460">1.092465 0.1838301 1.028981 0.1447898 1.055122 0.05420529 1.055122 0.05420529 1.028981 0.1447898 0.9390339 -0.04851484 1.094257 0.2315394 1.028981 0.1447898 1.092465 0.1838301 1.028981 0.1447898 0.9513667 0.09598779 0.9390339 -0.04851484 0.9390339 -0.04851484 0.9513667 0.09598779 0.8383497 -0.107028 1.094257 0.2315394 0.9758501 0.234085 1.028981 0.1447898 1.028981 0.1447898 0.9758501 0.234085 0.9513667 0.09598779 0.8383497 -0.107028 0.9513667 0.09598779 0.8642773 0.06395864 0.8383497 -0.107028 0.8642773 0.06395864 0.6379685 -0.1779124 0.8642773 0.06395864 0.9513667 0.09598779 0.9040707 0.1580642 0.9758501 0.234085 0.9040707 0.1580642 0.9513667 0.09598779 0.8642773 0.06395864 0.7673156 0.04987072 0.6379685 -0.1779124 0.8642773 0.06395864 0.9040707 0.1580642 0.7673156 0.04987072 1.032153 0.3355641 0.9758501 0.234085 1.094257 0.2315394 1.032153 0.3355641 1.094257 0.2315394 1.102085 0.417728 1.040174 0.5155435 1.032153 0.3355641 1.102085 0.417728 0.9758501 0.234085 0.9047976 0.2775188 0.9040707 0.1580642 0.9588667 0.3821898 0.9758501 0.234085 1.032153 0.3355641 0.9588667 0.3821898 0.9047976 0.2775188 0.9758501 0.234085 0.96218 0.4907131 1.032153 0.3355641 1.040174 0.5155435 0.9588667 0.3821898 1.032153 0.3355641 0.96218 0.4907131 0.9047976 0.2775188 0.8356525 0.1915496 0.9040707 0.1580642 0.9040707 0.1580642 0.8356525 0.1915496 0.7673156 0.04987072 0.9588667 0.3821898 0.8166155 0.3231912 0.9047976 0.2775188 0.9047976 0.2775188 0.8166155 0.3231912 0.8356525 0.1915496 0.8426869 0.4276004 0.9588667 0.3821898 0.96218 0.4907131 0.8426869 0.4276004 0.8166155 0.3231912 0.9588667 0.3821898 0.96218 0.4907131 1.040174 0.5155435 0.9322405 0.5510087 1.040174 0.5155435 0.9692087 0.6673043 0.9322405 0.5510087 0.8299615 0.5259056 0.8426869 0.4276004 0.96218 0.4907131 0.96218 0.4907131 0.9322405 0.5510087 0.8114101 0.5516567 0.8299615 0.5259056 0.96218 0.4907131 0.8114101 0.5516567 0.9322405 0.5510087 0.9692087 0.6673043 0.8458476 0.7056019 0.7280853 0.4325516 0.8426869 0.4276004 0.8299615 0.5259056 0.8434465 0.5933788 0.9322405 0.5510087 0.8458476 0.7056019 0.8114101 0.5516567 0.9322405 0.5510087 0.8434465 0.5933788 0.9692087 0.6673043 0.8438367 0.8036052 0.8458476 0.7056019 0.9692087 0.6673043 0.9823135 0.7355563 0.8438367 0.8036052 0.9823135 0.7355563 0.9875698 0.822768 0.8438367 0.8036052 0.9875698 0.822768 0.8354158 0.8706626 0.8438367 0.8036052 0.9875698 0.822768 0.7997406 0.9928365 0.8354158 0.8706626 0.7696133 0.8660342 0.8354158 0.8706626 0.7997406 0.9928365 0.8438367 0.8036052 0.8354158 0.8706626 0.7696133 0.8660342 0.7696133 0.8660342 0.7997406 0.9928365 0.635473 0.9932524 0.8458476 0.7056019 0.8438367 0.8036052 0.8089125 0.789681 0.8438367 0.8036052 0.7696133 0.8660342 0.8089125 0.789681 0.8458476 0.7056019 0.8089125 0.789681 0.8108988 0.7027373 0.8434465 0.5933788 0.8458476 0.7056019 0.8108988 0.7027373 0.7295083 0.8357971 0.8089125 0.789681 0.7696133 0.8660342 0.8434465 0.5933788 0.8108988 0.7027373 0.8010801 0.5951843 0.8114101 0.5516567 0.8434465 0.5933788 0.8010801 0.5951843 0.8108988 0.7027373 0.8089125 0.789681 0.7780219 0.7838316 0.7780219 0.7838316 0.8089125 0.789681 0.7295083 0.8357971 0.8010801 0.5951843 0.8108988 0.7027373 0.7768546 0.6100819 0.7903998 0.7003329 0.8108988 0.7027373 0.7780219 0.7838316 0.7768546 0.6100819 0.8108988 0.7027373 0.7903998 0.7003329 0.7189527 0.7893745 0.7780219 0.7838316 0.7295083 0.8357971 0.7903998 0.7003329 0.7780219 0.7838316 0.7189527 0.7893745 0.7295083 0.8357971 0.7696133 0.8660342 0.680308 0.8511745 0.7189527 0.7893745 0.7295083 0.8357971 0.680308 0.8511745 0.7279213 0.6997981 0.7903998 0.7003329 0.7189527 0.7893745 0.7279213 0.6997981 0.7768546 0.6100819 0.7903998 0.7003329 0.680308 0.8511745 0.7696133 0.8660342 0.7102118 0.8691502 0.7102118 0.8691502 0.7696133 0.8660342 0.635473 0.9932524 0.7102118 0.8691502 0.635473 0.9932524 0.6487231 0.8544932 0.680308 0.8511745 0.7102118 0.8691502 0.6487231 0.8544932 0.635473 0.9932524 0.5 0.9933622 0.6487231 0.8544932 0.7189527 0.7893745 0.680308 0.8511745 0.6521816 0.7868983 0.7279213 0.6997981 0.7189527 0.7893745 0.6521816 0.7868983 0.680308 0.8511745 0.6487231 0.8544932 0.6340126 0.837157 0.680308 0.8511745 0.6340126 0.837157 0.6521816 0.7868983 0.5 0.9933622 0.5 0.8466795 0.6487231 0.8544932 0.6340126 0.837157 0.6487231 0.8544932 0.5725234 0.7780993 0.6487231 0.8544932 0.5 0.8466795 0.5725234 0.7780993 0.6521816 0.7868983 0.6340126 0.837157 0.590602 0.7781427 0.6340126 0.837157 0.5725234 0.7780993 0.590602 0.7781427 0.6521816 0.7868983 0.590602 0.7781427 0.5785536 0.7016633 0.590602 0.7781427 0.5725234 0.7780993 0.5785536 0.7016633 0.658043 0.6995556 0.7279213 0.6997981 0.6521816 0.7868983 0.658043 0.6995556 0.6521816 0.7868983 0.5785536 0.7016633 0.7276292 0.6047411 0.7279213 0.6997981 0.658043 0.6995556 0.7276292 0.6047411 0.7768546 0.6100819 0.7279213 0.6997981 0.7276292 0.6047411 0.658043 0.6995556 0.6669493 0.6021756 0.6669493 0.6021756 0.658043 0.6995556 0.5785536 0.7016633 0.7328858 0.5557324 0.7768546 0.6100819 0.7276292 0.6047411 0.7328858 0.5557324 0.7276292 0.6047411 0.6669493 0.6021756 0.8010801 0.5951843 0.7768546 0.6100819 0.7328858 0.5557324 0.8114101 0.5516567 0.8010801 0.5951843 0.7328858 0.5557324 0.6490227 0.5490204 0.7328858 0.5557324 0.6669493 0.6021756 0.7128125 0.5167003 0.8114101 0.5516567 0.7328858 0.5557324 0.6490227 0.5490204 0.7128125 0.5167003 0.7328858 0.5557324 0.7128125 0.5167003 0.8299615 0.5259056 0.8114101 0.5516567 0.7280853 0.4325516 0.8299615 0.5259056 0.7128125 0.5167003 0.5985007 0.6055002 0.6490227 0.5490204 0.6669493 0.6021756 0.5985007 0.6055002 0.6669493 0.6021756 0.5785536 0.7016633 0.6238134 0.5346189 0.7128125 0.5167003 0.6490227 0.5490204 0.6238134 0.5346189 0.6490227 0.5490204 0.5985007 0.6055002 0.6190522 0.4821859 0.7280853 0.4325516 0.7128125 0.5167003 0.6190522 0.4821859 0.7128125 0.5167003 0.6238134 0.5346189 0.5985007 0.6055002 0.5785536 0.7016633 0.5617139 0.7021043 0.5785536 0.7016633 0.5725234 0.7780993 0.5617139 0.7021043 0.5857985 0.6013945 0.6238134 0.5346189 0.5985007 0.6055002 0.5857985 0.6013945 0.5985007 0.6055002 0.5617139 0.7021043 0.5617139 0.7021043 0.5725234 0.7780993 0.5 0.6886697 0.5 0.6886697 0.5725234 0.7780993 0.5 0.8466795 0.5857985 0.6013945 0.5617139 0.7021043 0.5380848 0.6258721 0.5 0.6356535 0.5617139 0.7021043 0.5 0.6886697 0.5380848 0.6258721 0.5617139 0.7021043 0.5 0.6356535 0.5 0.6886697 0.5 0.8466795 0.4274767 0.7780993 0.5517283 0.5804808 0.5857985 0.6013945 0.5380848 0.6258721 0.5 0.6356535 0.5 0.6886697 0.4382861 0.7021043 0.4382861 0.7021043 0.5 0.6886697 0.4274767 0.7780993 0.5517283 0.5804808 0.5760022 0.5487805 0.5857985 0.6013945 0.5760022 0.5487805 0.6238134 0.5346189 0.5857985 0.6013945 0.5517283 0.5804808 0.5380848 0.6258721 0.5277789 0.5895102 0.5760022 0.5487805 0.5851569 0.5087178 0.6238134 0.5346189 0.5851569 0.5087178 0.6190522 0.4821859 0.6238134 0.5346189 0.5484375 0.5489762 0.5760022 0.5487805 0.5517283 0.5804808 0.5760022 0.5487805 0.5588238 0.5223417 0.5851569 0.5087178 0.5484375 0.5489762 0.5588238 0.5223417 0.5760022 0.5487805 0.5777116 0.4725471 0.6190522 0.4821859 0.5851569 0.5087178 0.5484375 0.5489762 0.5517283 0.5804808 0.5327532 0.5654025 0.5327532 0.5654025 0.5517283 0.5804808 0.5277789 0.5895102 0.5777116 0.4725471 0.5851569 0.5087178 0.5590644 0.4933099 0.5590644 0.4933099 0.5851569 0.5087178 0.5588238 0.5223417 0.5777116 0.4725471 0.5956864 0.4330295 0.6190522 0.4821859 0.6190522 0.4821859 0.5956864 0.4330295 0.7280853 0.4325516 0.5476178 0.4692788 0.5777116 0.4725471 0.5590644 0.4933099 0.5956864 0.4330295 0.6910902 0.3384779 0.7280853 0.4325516 0.7280853 0.4325516 0.6910902 0.3384779 0.8426869 0.4276004 0.6910902 0.3384779 0.8166155 0.3231912 0.8426869 0.4276004 0.5561025 0.448701 0.5956864 0.4330295 0.5777116 0.4725471 0.5561025 0.448701 0.5777116 0.4725471 0.5476178 0.4692788 0.6910902 0.3384779 0.6592385 0.2735872 0.8166155 0.3231912 0.531387 0.4484104 0.5561025 0.448701 0.5476178 0.4692788 0.6592385 0.2735872 0.7505003 0.2478191 0.8166155 0.3231912 0.7505003 0.2478191 0.8356525 0.1915496 0.8166155 0.3231912 0.530524 0.4245614 0.5561025 0.448701 0.531387 0.4484104 0.530524 0.4245614 0.5956864 0.4330295 0.5561025 0.448701 0.7505003 0.2478191 0.7064982 0.09709489 0.8356525 0.1915496 0.8356525 0.1915496 0.7064982 0.09709489 0.7673156 0.04987072 0.7505003 0.2478191 0.6656927 0.1936329 0.7064982 0.09709489 0.6592385 0.2735872 0.6656927 0.1936329 0.7505003 0.2478191 0.7673156 0.04987072 0.7064982 0.09709489 0.6314269 0.02988052 0.6656927 0.1936329 0.6314269 0.02988052 0.7064982 0.09709489 0.7673156 0.04987072 0.6314269 0.02988052 0.6379685 -0.1779124 0.589113 0.1756789 0.6656927 0.1936329 0.6592385 0.2735872 0.6314269 0.02988052 0.5 2.00272e-4 0.6379685 -0.1779124 0.6379685 -0.1779124 0.5 2.00272e-4 0.5 -0.1622223 0.620543 0.1263735 0.6314269 0.02988052 0.6656927 0.1936329 0.620543 0.1263735 0.6656927 0.1936329 0.589113 0.1756789 0.620543 0.1263735 0.5 2.00272e-4 0.6314269 0.02988052 0.5 2.00272e-4 0.3620315 -0.1779124 0.5 -0.1622223 0.5621395 0.2621471 0.589113 0.1756789 0.6592385 0.2735872 0.5621395 0.2621471 0.6592385 0.2735872 0.6910902 0.3384779 0.5 0.1635339 0.620543 0.1263735 0.589113 0.1756789 0.5621395 0.2621471 0.5 0.1635339 0.589113 0.1756789 0.5 0.1006715 0.5 2.00272e-4 0.620543 0.1263735 0.5 0.1006715 0.620543 0.1263735 0.5 0.1635339 0.379457 0.1263735 0.5 2.00272e-4 0.5 0.1006715 0.379457 0.1263735 0.5 0.1006715 0.5 0.1635339 0.5630598 0.3280329 0.5621395 0.2621471 0.6910902 0.3384779 0.5956864 0.4330295 0.5630598 0.3280329 0.6910902 0.3384779 0.5 0.2581002 0.5 0.1635339 0.5621395 0.2621471 0.5 0.2581002 0.5621395 0.2621471 0.5630598 0.3280329 0.5956864 0.4330295 0.5 0.375649 0.5630598 0.3280329 0.530524 0.4245614 0.5 0.375649 0.5956864 0.4330295 0.5 0.32169 0.5 0.2581002 0.5630598 0.3280329 0.5 0.375649 0.5 0.32169 0.5630598 0.3280329 0.5 0.32169 0.4369402 0.3280329 0.5 0.2581002 0.5 0.375649 0.4369402 0.3280329 0.5 0.32169 0.5 0.2581002 0.4378605 0.2621471 0.5 0.1635339 0.4369402 0.3280329 0.4378605 0.2621471 0.5 0.2581002 0.4378605 0.2621471 0.410887 0.1756789 0.5 0.1635339 0.410887 0.1756789 0.379457 0.1263735 0.5 0.1635339 0.4369402 0.3280329 0.3089098 0.3384779 0.4378605 0.2621471 0.4378605 0.2621471 0.3407616 0.2735872 0.410887 0.1756789 0.3089098 0.3384779 0.3407616 0.2735872 0.4378605 0.2621471 0.410887 0.1756789 0.3343073 0.1936329 0.379457 0.1263735 0.410887 0.1756789 0.3407616 0.2735872 0.3343073 0.1936329 0.379457 0.1263735 0.3685731 0.02988052 0.5 2.00272e-4 0.3343073 0.1936329 0.3685731 0.02988052 0.379457 0.1263735 0.5 2.00272e-4 0.3685731 0.02988052 0.3620315 -0.1779124 0.3407616 0.2735872 0.2494996 0.2478191 0.3343073 0.1936329 0.2935019 0.09709489 0.3685731 0.02988052 0.3343073 0.1936329 0.2494996 0.2478191 0.2935019 0.09709489 0.3343073 0.1936329 0.3685731 0.02988052 0.2326843 0.04987072 0.3620315 -0.1779124 0.2935019 0.09709489 0.2326843 0.04987072 0.3685731 0.02988052 0.3407616 0.2735872 0.1833845 0.3231912 0.2494996 0.2478191 0.3089098 0.3384779 0.1833845 0.3231912 0.3407616 0.2735872 0.2494996 0.2478191 0.1643475 0.1915496 0.2935019 0.09709489 0.2935019 0.09709489 0.1643475 0.1915496 0.2326843 0.04987072 0.2494996 0.2478191 0.1833845 0.3231912 0.1643475 0.1915496 0.3620315 -0.1779124 0.2326843 0.04987072 0.1357227 0.06395864 0.3620315 -0.1779124 0.1357227 0.06395864 0.1616503 -0.107028 0.2326843 0.04987072 0.1643475 0.1915496 0.09592926 0.1580642 0.2326843 0.04987072 0.09592926 0.1580642 0.1357227 0.06395864 0.1357227 0.06395864 0.04863333 0.09598779 0.1616503 -0.107028 0.1357227 0.06395864 0.09592926 0.1580642 0.04863333 0.09598779 0.1616503 -0.107028 0.04863333 0.09598779 0.06096613 -0.04851484 0.09592926 0.1580642 0.1643475 0.1915496 0.09520256 0.2775188 0.1643475 0.1915496 0.1833845 0.3231912 0.09520256 0.2775188 0.09592926 0.1580642 0.02414989 0.234085 0.04863333 0.09598779 0.09592926 0.1580642 0.09520256 0.2775188 0.02414989 0.234085 0.04863333 0.09598779 -0.02898097 0.1447898 0.06096613 -0.04851484 0.04863333 0.09598779 0.02414989 0.234085 -0.02898097 0.1447898 0.06096613 -0.04851484 -0.02898097 0.1447898 -0.05512237 0.05420529 -0.02898097 0.1447898 -0.0924648 0.1838301 -0.05512237 0.05420529 -0.02898097 0.1447898 -0.09425675 0.2315394 -0.0924648 0.1838301 0.02414989 0.234085 -0.09425675 0.2315394 -0.02898097 0.1447898 0.09520256 0.2775188 0.04113328 0.3821898 0.02414989 0.234085 0.09520256 0.2775188 0.1833845 0.3231912 0.04113328 0.3821898 0.02414989 0.234085 -0.03215289 0.3355641 -0.09425675 0.2315394 0.02414989 0.234085 0.04113328 0.3821898 -0.03215289 0.3355641 -0.1020846 0.417728 -0.09425675 0.2315394 -0.03215289 0.3355641 -0.04017412 0.5155435 -0.1020846 0.417728 -0.03215289 0.3355641 0.1559065 0.4268825 0.04113328 0.3821898 0.1833845 0.3231912 0.1559065 0.4268825 0.1833845 0.3231912 0.3089098 0.3384779 -0.03215289 0.3355641 0.04113328 0.3821898 0.03781998 0.4907131 -0.04017412 0.5155435 -0.03215289 0.3355641 0.03781998 0.4907131 0.1559065 0.4268825 0.03781998 0.4907131 0.04113328 0.3821898 -0.04017412 0.5155435 0.03781998 0.4907131 0.06775939 0.5510087 0.03079128 0.6673043 -0.04017412 0.5155435 0.06775939 0.5510087 0.1687673 0.5252403 0.03781998 0.4907131 0.1559065 0.4268825 0.03079128 0.6673043 0.06775939 0.5510087 0.1541522 0.7056019 0.2720593 0.4326348 0.1687673 0.5252403 0.1559065 0.4268825 0.2720593 0.4326348 0.1559065 0.4268825 0.3089098 0.3384779 0.1687673 0.5252403 0.1885899 0.5516567 0.03781998 0.4907131 0.1885899 0.5516567 0.06775939 0.5510087 0.03781998 0.4907131 0.2720593 0.4326348 0.287002 0.5165861 0.1687673 0.5252403 0.287002 0.5165861 0.1885899 0.5516567 0.1687673 0.5252403 0.4043136 0.4330295 0.2720593 0.4326348 0.3089098 0.3384779 0.4043136 0.4330295 0.3089098 0.3384779 0.4369402 0.3280329 0.5 0.375649 0.4043136 0.4330295 0.4369402 0.3280329 0.3809478 0.4821859 0.287002 0.5165861 0.2720593 0.4326348 0.3809478 0.4821859 0.2720593 0.4326348 0.4043136 0.4330295 0.1565533 0.5933788 0.06775939 0.5510087 0.1885899 0.5516567 0.1565533 0.5933788 0.1541522 0.7056019 0.06775939 0.5510087 0.1989198 0.5951843 0.1565533 0.5933788 0.1885899 0.5516567 0.1565533 0.5933788 0.1891013 0.7027373 0.1541522 0.7056019 0.1989198 0.5951843 0.1891013 0.7027373 0.1565533 0.5933788 0.2671142 0.5557324 0.1989198 0.5951843 0.1885899 0.5516567 0.287002 0.5165861 0.2671142 0.5557324 0.1885899 0.5516567 0.1989198 0.5951843 0.2231453 0.6100819 0.1891013 0.7027373 0.2671142 0.5557324 0.2231453 0.6100819 0.1989198 0.5951843 0.1910873 0.789681 0.1541522 0.7056019 0.1891013 0.7027373 0.287002 0.5165861 0.3509773 0.5490204 0.2671142 0.5557324 0.1561633 0.8036052 0.1541522 0.7056019 0.1910873 0.789681 0.1561633 0.8036052 0.03079128 0.6673043 0.1541522 0.7056019 0.01768648 0.7355563 0.03079128 0.6673043 0.1561633 0.8036052 0.01243019 0.822768 0.01768648 0.7355563 0.1561633 0.8036052 0.01243019 0.822768 0.1561633 0.8036052 0.1645841 0.8706626 0.2002594 0.9928365 0.01243019 0.822768 0.1645841 0.8706626 0.1645841 0.8706626 0.1561633 0.8036052 0.2303867 0.8660342 0.2002594 0.9928365 0.1645841 0.8706626 0.2303867 0.8660342 0.2303867 0.8660342 0.1561633 0.8036052 0.1910873 0.789681 0.364527 0.9932524 0.2002594 0.9928365 0.2303867 0.8660342 0.2704917 0.8357971 0.2303867 0.8660342 0.1910873 0.789681 0.364527 0.9932524 0.2303867 0.8660342 0.2897883 0.8691502 0.2704917 0.8357971 0.1910873 0.789681 0.221978 0.7838316 0.1910873 0.789681 0.1891013 0.7027373 0.221978 0.7838316 0.319692 0.8511745 0.2303867 0.8660342 0.2704917 0.8357971 0.2897883 0.8691502 0.2303867 0.8660342 0.319692 0.8511745 0.2704917 0.8357971 0.221978 0.7838316 0.2810474 0.7893745 0.319692 0.8511745 0.2704917 0.8357971 0.2810474 0.7893745 0.221978 0.7838316 0.1891013 0.7027373 0.2096002 0.7003329 0.2810474 0.7893745 0.221978 0.7838316 0.2096002 0.7003329 0.2096002 0.7003329 0.1891013 0.7027373 0.2231453 0.6100819 0.2810474 0.7893745 0.2096002 0.7003329 0.2720788 0.6997981 0.2720788 0.6997981 0.2096002 0.7003329 0.2231453 0.6100819 0.319692 0.8511745 0.2810474 0.7893745 0.3478184 0.7868983 0.3478184 0.7868983 0.2810474 0.7893745 0.2720788 0.6997981 0.2720788 0.6997981 0.2231453 0.6100819 0.2723708 0.6047411 0.2671142 0.5557324 0.2723708 0.6047411 0.2231453 0.6100819 0.341957 0.6995556 0.2720788 0.6997981 0.2723708 0.6047411 0.3478184 0.7868983 0.2720788 0.6997981 0.341957 0.6995556 0.2671142 0.5557324 0.3330507 0.6021756 0.2723708 0.6047411 0.341957 0.6995556 0.2723708 0.6047411 0.3330507 0.6021756 0.3509773 0.5490204 0.3330507 0.6021756 0.2671142 0.5557324 0.4214465 0.7016633 0.341957 0.6995556 0.3330507 0.6021756 0.4214465 0.7016633 0.3478184 0.7868983 0.341957 0.6995556 0.3509773 0.5490204 0.4014993 0.6055002 0.3330507 0.6021756 0.4014993 0.6055002 0.4214465 0.7016633 0.3330507 0.6021756 0.3761866 0.5346189 0.4014993 0.6055002 0.3509773 0.5490204 0.3761866 0.5346189 0.3509773 0.5490204 0.287002 0.5165861 0.3809478 0.4821859 0.3761866 0.5346189 0.287002 0.5165861 0.4014993 0.6055002 0.4382861 0.7021043 0.4214465 0.7016633 0.4142015 0.6013945 0.4014993 0.6055002 0.3761866 0.5346189 0.4142015 0.6013945 0.4382861 0.7021043 0.4014993 0.6055002 0.4148431 0.5087178 0.3761866 0.5346189 0.3809478 0.4821859 0.4382861 0.7021043 0.4274767 0.7780993 0.4214465 0.7016633 0.4239978 0.5487805 0.3761866 0.5346189 0.4148431 0.5087178 0.4239978 0.5487805 0.4142015 0.6013945 0.3761866 0.5346189 0.4274767 0.7780993 0.409398 0.7781427 0.4214465 0.7016633 0.409398 0.7781427 0.3478184 0.7868983 0.4214465 0.7016633 0.3659874 0.837157 0.3478184 0.7868983 0.409398 0.7781427 0.4274767 0.7780993 0.3659874 0.837157 0.409398 0.7781427 0.3659874 0.837157 0.319692 0.8511745 0.3478184 0.7868983 0.3512769 0.8544932 0.3659874 0.837157 0.4274767 0.7780993 0.3512769 0.8544932 0.319692 0.8511745 0.3659874 0.837157 0.5 0.8466795 0.3512769 0.8544932 0.4274767 0.7780993 0.3512769 0.8544932 0.2897883 0.8691502 0.319692 0.8511745 0.5 0.9933622 0.3512769 0.8544932 0.5 0.8466795 0.364527 0.9932524 0.2897883 0.8691502 0.3512769 0.8544932 0.5 0.9933622 0.364527 0.9932524 0.3512769 0.8544932 0.4619153 0.6258721 0.4382861 0.7021043 0.4142015 0.6013945 0.5 0.6356535 0.4382861 0.7021043 0.4619153 0.6258721 0.4482718 0.5804808 0.4619153 0.6258721 0.4142015 0.6013945 0.4239978 0.5487805 0.4482718 0.5804808 0.4142015 0.6013945 0.5 0.6030581 0.5 0.6356535 0.4619153 0.6258721 0.5380848 0.6258721 0.5 0.6356535 0.5 0.6030581 0.5277789 0.5895102 0.5380848 0.6258721 0.5 0.6030581 0.4722211 0.5895102 0.4619153 0.6258721 0.4482718 0.5804808 0.4722211 0.5895102 0.5 0.6030581 0.4619153 0.6258721 0.5277789 0.5895102 0.5 0.6030581 0.5150228 0.5751405 0.5327532 0.5654025 0.5277789 0.5895102 0.5150228 0.5751405 0.4849773 0.5751405 0.5 0.6030581 0.4722211 0.5895102 0.4672468 0.5654025 0.4722211 0.5895102 0.4482718 0.5804808 0.4672468 0.5654025 0.4849773 0.5751405 0.4722211 0.5895102 0.4515625 0.5489762 0.4482718 0.5804808 0.4239978 0.5487805 0.4672468 0.5654025 0.4482718 0.5804808 0.4515625 0.5489762 0.4849773 0.5751405 0.5 0.5784367 0.5 0.6030581 0.5 0.5784367 0.5150228 0.5751405 0.5 0.6030581 0.480477 0.5540497 0.4849773 0.5751405 0.4672468 0.5654025 0.4914754 0.5613457 0.5 0.5784367 0.4849773 0.5751405 0.480477 0.5540497 0.4914754 0.5613457 0.4849773 0.5751405 0.5 0.5784367 0.5085247 0.5613457 0.5150228 0.5751405 0.480477 0.5540497 0.4672468 0.5654025 0.4679639 0.5459262 0.4679639 0.5459262 0.4672468 0.5654025 0.4515625 0.5489762 0.4914754 0.5613457 0.5 0.5634619 0.5 0.5784367 0.5 0.5784367 0.5 0.5634619 0.5085247 0.5613457 0.492204 0.5427424 0.4914754 0.5613457 0.480477 0.5540497 0.492204 0.5427424 0.5 0.5634619 0.4914754 0.5613457 0.4792791 0.5324534 0.480477 0.5540497 0.4679639 0.5459262 0.492204 0.5427424 0.480477 0.5540497 0.4792791 0.5324534 0.4679639 0.5459262 0.4515625 0.5489762 0.4613991 0.5282958 0.4792791 0.5324534 0.4679639 0.5459262 0.4613991 0.5282958 0.5 0.544812 0.5 0.5634619 0.492204 0.5427424 0.4613991 0.5282958 0.4515625 0.5489762 0.4411762 0.5223417 0.4515625 0.5489762 0.4239978 0.5487805 0.4411762 0.5223417 0.4411762 0.5223417 0.4239978 0.5487805 0.4148431 0.5087178 0.5 0.544812 0.5077961 0.5427424 0.5 0.5634619 0.5 0.5634619 0.5077961 0.5427424 0.5085247 0.5613457 0.5 0.5116218 0.5 0.544812 0.492204 0.5427424 0.5 0.5116218 0.5077961 0.5427424 0.5 0.544812 0.5 0.5116218 0.492204 0.5427424 0.4792791 0.5324534 0.5085247 0.5613457 0.5077961 0.5427424 0.519523 0.5540497 0.5085247 0.5613457 0.519523 0.5540497 0.5150228 0.5751405 0.5327532 0.5654025 0.5150228 0.5751405 0.519523 0.5540497 0.5077961 0.5427424 0.520721 0.5324534 0.519523 0.5540497 0.5 0.5116218 0.520721 0.5324534 0.5077961 0.5427424 0.5320361 0.5459262 0.5327532 0.5654025 0.519523 0.5540497 0.520721 0.5324534 0.5320361 0.5459262 0.519523 0.5540497 0.5320361 0.5459262 0.5484375 0.5489762 0.5327532 0.5654025 0.5320361 0.5459262 0.5386009 0.5282958 0.5484375 0.5489762 0.520721 0.5324534 0.5386009 0.5282958 0.5320361 0.5459262 0.5484375 0.5489762 0.5386009 0.5282958 0.5588238 0.5223417 0.520721 0.5324534 0.5252793 0.5081843 0.5386009 0.5282958 0.5 0.5116218 0.5252793 0.5081843 0.520721 0.5324534 0.544436 0.5073608 0.5588238 0.5223417 0.5386009 0.5282958 0.5252793 0.5081843 0.544436 0.5073608 0.5386009 0.5282958 0.544436 0.5073608 0.5590644 0.4933099 0.5588238 0.5223417 0.5362554 0.487321 0.5590644 0.4933099 0.544436 0.5073608 0.5252793 0.5081843 0.5362554 0.487321 0.544436 0.5073608 0.5476178 0.4692788 0.5590644 0.4933099 0.5362554 0.487321 0.5140859 0.4855456 0.5362554 0.487321 0.5252793 0.5081843 0.5 0.5116218 0.5140859 0.4855456 0.5252793 0.5081843 0.5222765 0.4642691 0.5476178 0.4692788 0.5362554 0.487321 0.5140859 0.4855456 0.5222765 0.4642691 0.5362554 0.487321 0.5222765 0.4642691 0.531387 0.4484104 0.5476178 0.4692788 0.5 0.5116218 0.5 0.4850214 0.5140859 0.4855456 0.5222765 0.4642691 0.5 0.4375398 0.531387 0.4484104 0.5 0.4375398 0.530524 0.4245614 0.531387 0.4484104 0.5140859 0.4855456 0.5 0.4604265 0.5222765 0.4642691 0.5 0.4850214 0.5 0.4604265 0.5140859 0.4855456 0.5 0.4604265 0.5 0.4375398 0.5222765 0.4642691 0.5 0.5116218 0.4859141 0.4855456 0.5 0.4850214 0.5 0.4850214 0.4859141 0.4855456 0.5 0.4604265 0.5 0.4375398 0.5 0.4039024 0.530524 0.4245614 0.5 0.4039024 0.5 0.375649 0.530524 0.4245614 0.469476 0.4245614 0.5 0.375649 0.5 0.4039024 0.469476 0.4245614 0.5 0.4039024 0.5 0.4375398 0.469476 0.4245614 0.4043136 0.4330295 0.5 0.375649 0.5 0.4604265 0.4777235 0.4642691 0.5 0.4375398 0.4859141 0.4855456 0.4777235 0.4642691 0.5 0.4604265 0.468613 0.4484104 0.469476 0.4245614 0.5 0.4375398 0.4777235 0.4642691 0.468613 0.4484104 0.5 0.4375398 0.4438975 0.448701 0.4043136 0.4330295 0.469476 0.4245614 0.468613 0.4484104 0.4438975 0.448701 0.469476 0.4245614 0.4222884 0.4725471 0.4043136 0.4330295 0.4438975 0.448701 0.4222884 0.4725471 0.3809478 0.4821859 0.4043136 0.4330295 0.4148431 0.5087178 0.3809478 0.4821859 0.4222884 0.4725471 0.4523822 0.4692788 0.4438975 0.448701 0.468613 0.4484104 0.4523822 0.4692788 0.4222884 0.4725471 0.4438975 0.448701 0.4777235 0.4642691 0.4523822 0.4692788 0.468613 0.4484104 0.4409356 0.4933099 0.4148431 0.5087178 0.4222884 0.4725471 0.4409356 0.4933099 0.4222884 0.4725471 0.4523822 0.4692788 0.4411762 0.5223417 0.4148431 0.5087178 0.4409356 0.4933099 0.4637446 0.487321 0.4523822 0.4692788 0.4777235 0.4642691 0.4637446 0.487321 0.4409356 0.4933099 0.4523822 0.4692788 0.4859141 0.4855456 0.4637446 0.487321 0.4777235 0.4642691 0.455564 0.5073608 0.4411762 0.5223417 0.4409356 0.4933099 0.455564 0.5073608 0.4409356 0.4933099 0.4637446 0.487321 0.4613991 0.5282958 0.4411762 0.5223417 0.455564 0.5073608 0.4747207 0.5081843 0.4637446 0.487321 0.4859141 0.4855456 0.4747207 0.5081843 0.455564 0.5073608 0.4637446 0.487321 0.4747207 0.5081843 0.4613991 0.5282958 0.455564 0.5073608 0.5 0.5116218 0.4747207 0.5081843 0.4859141 0.4855456 0.4792791 0.5324534 0.4613991 0.5282958 0.4747207 0.5081843 0.5 0.5116218 0.4792791 0.5324534 0.4747207 0.5081843</float_array>
          <technique_common>
            <accessor source="#Untitled_001-mesh-map-0-array" count="1230" stride="2">
              <param name="S" type="float"/>
              <param name="T" type="float"/>
            </accessor>
          </technique_common>
        </source>
        <source id="Untitled_001-mesh-map-1">
          <float_array id="Untitled_001-mesh-map-1-array" count="2460">0.3061723 0.02323949 0.2747539 0.07432669 0.2018616 0.05329978 0.2018616 0.05329978 0.2747539 0.07432669 0.1192035 0.1467155 0.344564 0.02180516 0.2747539 0.07432669 0.3061723 0.02323949 0.2747539 0.07432669 0.2354925 0.1367818 0.1192035 0.1467155 0.1192035 0.1467155 0.2354925 0.1367818 0.0721141 0.2277256 0.344564 0.02180516 0.3466086 0.1170824 0.2747539 0.07432669 0.2747539 0.07432669 0.3466086 0.1170824 0.2354925 0.1367818 0.0721141 0.2277256 0.2354925 0.1367818 0.20972 0.2068665 0.0721141 0.2277256 0.20972 0.2068665 0.01507586 0.388983 0.20972 0.2068665 0.2354925 0.1367818 0.2854353 0.1748378 0.3466086 0.1170824 0.2854353 0.1748378 0.2354925 0.1367818 0.20972 0.2068665 0.1983825 0.284886 0.01507586 0.388983 0.20972 0.2068665 0.2854353 0.1748378 0.1983825 0.284886 0.4282749 0.07177841 0.3466086 0.1170824 0.344564 0.02180516 0.4282749 0.07177841 0.344564 0.02180516 0.4943923 0.01550316 0.5730984 0.06532388 0.4282749 0.07177841 0.4943923 0.01550316 0.3466086 0.1170824 0.3815671 0.174258 0.2854353 0.1748378 0.4657969 0.1307545 0.3466086 0.1170824 0.4282749 0.07177841 0.4657969 0.1307545 0.3815671 0.174258 0.3466086 0.1170824 0.5531243 0.1280842 0.4282749 0.07177841 0.5730984 0.06532388 0.4657969 0.1307545 0.4282749 0.07177841 0.5531243 0.1280842 0.3815671 0.174258 0.3123827 0.2299076 0.2854353 0.1748378 0.2854353 0.1748378 0.3123827 0.2299076 0.1983825 0.284886 0.4657969 0.1307545 0.4183108 0.2452277 0.3815671 0.174258 0.3815671 0.174258 0.4183108 0.2452277 0.3123827 0.2299076 0.5023423 0.2242465 0.4657969 0.1307545 0.5531243 0.1280842 0.5023423 0.2242465 0.4183108 0.2452277 0.4657969 0.1307545 0.5531243 0.1280842 0.5730984 0.06532388 0.601648 0.1521782 0.5730984 0.06532388 0.6952316 0.1224231 0.601648 0.1521782 0.581445 0.2344853 0.5023423 0.2242465 0.5531243 0.1280842 0.5531243 0.1280842 0.601648 0.1521782 0.6021668 0.2494087 0.581445 0.2344853 0.5531243 0.1280842 0.6021668 0.2494087 0.601648 0.1521782 0.6952316 0.1224231 0.7260395 0.2216983 0.5063249 0.3164569 0.5023423 0.2242465 0.581445 0.2344853 0.6357367 0.2236362 0.601648 0.1521782 0.7260395 0.2216983 0.6021668 0.2494087 0.601648 0.1521782 0.6357367 0.2236362 0.6952316 0.1224231 0.8048982 0.2233157 0.7260395 0.2216983 0.6952316 0.1224231 0.7501488 0.1118791 0.8048982 0.2233157 0.7501488 0.1118791 0.820325 0.1076524 0.8048982 0.2233157 0.820325 0.1076524 0.8588693 0.2300907 0.8048982 0.2233157 0.820325 0.1076524 0.9571832 0.258793 0.8588693 0.2300907 0.8551461 0.2830396 0.8588693 0.2300907 0.9571832 0.258793 0.8048982 0.2233157 0.8588693 0.2300907 0.8551461 0.2830396 0.8551461 0.2830396 0.9571832 0.258793 0.9575189 0.3909819 0.7260395 0.2216983 0.8048982 0.2233157 0.793698 0.2514229 0.8048982 0.2233157 0.8551461 0.2830396 0.793698 0.2514229 0.7260395 0.2216983 0.793698 0.2514229 0.7237354 0.2498207 0.6357367 0.2236362 0.7260395 0.2216983 0.7237354 0.2498207 0.830808 0.3153125 0.793698 0.2514229 0.8551461 0.2830396 0.6357367 0.2236362 0.7237354 0.2498207 0.6371862 0.2577249 0.6021668 0.2494087 0.6357367 0.2236362 0.6371862 0.2577249 0.7237354 0.2498207 0.793698 0.2514229 0.7889983 0.2762799 0.7889983 0.2762799 0.793698 0.2514229 0.830808 0.3153125 0.6371862 0.2577249 0.7237354 0.2498207 0.6491798 0.2772107 0.7217975 0.2663157 0.7237354 0.2498207 0.7889983 0.2762799 0.6491798 0.2772107 0.7237354 0.2498207 0.7217975 0.2663157 0.7934539 0.3238117 0.7889983 0.2762799 0.830808 0.3153125 0.7217975 0.2663157 0.7889983 0.2762799 0.7934539 0.3238117 0.830808 0.3153125 0.8551461 0.2830396 0.8431831 0.3549096 0.7934539 0.3238117 0.830808 0.3153125 0.8431831 0.3549096 0.7213703 0.3165942 0.7217975 0.2663157 0.7934539 0.3238117 0.7213703 0.3165942 0.6491798 0.2772107 0.7217975 0.2663157 0.8431831 0.3549096 0.8551461 0.2830396 0.8576486 0.3308461 0.8576486 0.3308461 0.8551461 0.2830396 0.9575189 0.3909819 0.8576486 0.3308461 0.9575189 0.3909819 0.8458534 0.3803158 0.8431831 0.3549096 0.8576486 0.3308461 0.8458534 0.3803158 0.9575189 0.3909819 0.9575952 0.4999924 0.8458534 0.3803158 0.7934539 0.3238117 0.8431831 0.3549096 0.791455 0.3775388 0.7213703 0.3165942 0.7934539 0.3238117 0.791455 0.3775388 0.8431831 0.3549096 0.8458534 0.3803158 0.8319066 0.3921568 0.8431831 0.3549096 0.8319066 0.3921568 0.791455 0.3775388 0.9575952 0.4999924 0.8395667 0.4999924 0.8458534 0.3803158 0.8319066 0.3921568 0.8458534 0.3803158 0.7843748 0.4416419 0.8458534 0.3803158 0.8395667 0.4999924 0.7843748 0.4416419 0.791455 0.3775388 0.8319066 0.3921568 0.7844206 0.4271 0.8319066 0.3921568 0.7843748 0.4416419 0.7844206 0.4271 0.791455 0.3775388 0.7844206 0.4271 0.7228657 0.4367895 0.7844206 0.4271 0.7843748 0.4416419 0.7228657 0.4367895 0.7211719 0.3728237 0.7213703 0.3165942 0.791455 0.3775388 0.7211719 0.3728237 0.791455 0.3775388 0.7228657 0.4367895 0.6448768 0.3168231 0.7213703 0.3165942 0.7211719 0.3728237 0.6448768 0.3168231 0.6491798 0.2772107 0.7213703 0.3165942 0.6448768 0.3168231 0.7211719 0.3728237 0.6428169 0.365652 0.6428169 0.365652 0.7211719 0.3728237 0.7228657 0.4367895 0.6054475 0.3125963 0.6491798 0.2772107 0.6448768 0.3168231 0.6054475 0.3125963 0.6448768 0.3168231 0.6428169 0.365652 0.6371862 0.2577249 0.6491798 0.2772107 0.6054475 0.3125963 0.6021668 0.2494087 0.6371862 0.2577249 0.6054475 0.3125963 0.6000458 0.380087 0.6054475 0.3125963 0.6428169 0.365652 0.5740292 0.3287556 0.6021668 0.2494087 0.6054475 0.3125963 0.6000458 0.380087 0.5740292 0.3287556 0.6054475 0.3125963 0.5740292 0.3287556 0.581445 0.2344853 0.6021668 0.2494087 0.5063249 0.3164569 0.581445 0.2344853 0.5740292 0.3287556 0.6454871 0.420737 0.6000458 0.380087 0.6428169 0.365652 0.6454871 0.420737 0.6428169 0.365652 0.7228657 0.4367895 0.588449 0.4003662 0.5740292 0.3287556 0.6000458 0.380087 0.588449 0.4003662 0.6000458 0.380087 0.6454871 0.420737 0.5462577 0.4041962 0.5063249 0.3164569 0.5740292 0.3287556 0.5462577 0.4041962 0.5740292 0.3287556 0.588449 0.4003662 0.6454871 0.420737 0.7228657 0.4367895 0.7232319 0.4503395 0.7228657 0.4367895 0.7843748 0.4416419 0.7232319 0.4503395 0.6421912 0.4309605 0.588449 0.4003662 0.6454871 0.420737 0.6421912 0.4309605 0.6454871 0.420737 0.7232319 0.4503395 0.7232319 0.4503395 0.7843748 0.4416419 0.7124132 0.4999924 0.7124132 0.4999924 0.7843748 0.4416419 0.8395667 0.4999924 0.6421912 0.4309605 0.7232319 0.4503395 0.6618906 0.4693523 0.669749 0.4999924 0.7232319 0.4503395 0.7124132 0.4999924 0.6618906 0.4693523 0.7232319 0.4503395 0.669749 0.4999924 0.7124132 0.4999924 0.8395667 0.4999924 0.7843748 0.5583581 0.6253605 0.458381 0.6421912 0.4309605 0.6618906 0.4693523 0.669749 0.4999924 0.7124132 0.4999924 0.7232319 0.5496605 0.7232319 0.5496605 0.7124132 0.4999924 0.7843748 0.5583581 0.6253605 0.458381 0.5998474 0.4388342 0.6421912 0.4309605 0.5998474 0.4388342 0.588449 0.4003662 0.6421912 0.4309605 0.6253605 0.458381 0.6618906 0.4693523 0.6326238 0.4776532 0.5998474 0.4388342 0.5676051 0.4314793 0.588449 0.4003662 0.5676051 0.4314793 0.5462577 0.4041962 0.588449 0.4003662 0.6 0.4610208 0.5998474 0.4388342 0.6253605 0.458381 0.5998474 0.4388342 0.5785763 0.4526589 0.5676051 0.4314793 0.6 0.4610208 0.5785763 0.4526589 0.5998474 0.4388342 0.5385062 0.4374609 0.5462577 0.4041962 0.5676051 0.4314793 0.6 0.4610208 0.6253605 0.458381 0.6132296 0.47364 0.6132296 0.47364 0.6253605 0.458381 0.6326238 0.4776532 0.5385062 0.4374609 0.5676051 0.4314793 0.5552148 0.4524758 0.5552148 0.4524758 0.5676051 0.4314793 0.5785763 0.4526589 0.5385062 0.4374609 0.5067064 0.4229953 0.5462577 0.4041962 0.5462577 0.4041962 0.5067064 0.4229953 0.5063249 0.3164569 0.5358663 0.461677 0.5385062 0.4374609 0.5552148 0.4524758 0.5067064 0.4229953 0.4306249 0.3462272 0.5063249 0.3164569 0.5063249 0.3164569 0.4306249 0.3462272 0.5023423 0.2242465 0.4306249 0.3462272 0.4183108 0.2452277 0.5023423 0.2242465 0.5193103 0.4548562 0.5067064 0.4229953 0.5385062 0.4374609 0.5193103 0.4548562 0.5385062 0.4374609 0.5358663 0.461677 0.4306249 0.3462272 0.3784085 0.3718624 0.4183108 0.2452277 0.5190814 0.4747387 0.5193103 0.4548562 0.5358663 0.461677 0.3784085 0.3718624 0.3576714 0.2984207 0.4183108 0.2452277 0.3576714 0.2984207 0.3123827 0.2299076 0.4183108 0.2452277 0.4998856 0.4754406 0.5193103 0.4548562 0.5190814 0.4747387 0.4998856 0.4754406 0.5067064 0.4229953 0.5193103 0.4548562 0.3576714 0.2984207 0.2363775 0.3338369 0.3123827 0.2299076 0.3123827 0.2299076 0.2363775 0.3338369 0.1983825 0.284886 0.3576714 0.2984207 0.3140612 0.3666743 0.2363775 0.3338369 0.3784085 0.3718624 0.3140612 0.3666743 0.3576714 0.2984207 0.1983825 0.284886 0.2363775 0.3338369 0.1822842 0.3942474 0.3140612 0.3666743 0.1822842 0.3942474 0.2363775 0.3338369 0.1983825 0.284886 0.1822842 0.3942474 0.01507586 0.388983 0.2996109 0.4282903 0.3140612 0.3666743 0.3784085 0.3718624 0.1822842 0.3942474 0.1584039 0.4999924 0.01507586 0.388983 0.01507586 0.388983 0.1584039 0.4999924 0.02771037 0.4999924 0.2599374 0.403006 0.1822842 0.3942474 0.3140612 0.3666743 0.2599374 0.403006 0.3140612 0.3666743 0.2996109 0.4282903 0.2599374 0.403006 0.1584039 0.4999924 0.1822842 0.3942474 0.1584039 0.4999924 0.01507586 0.611017 0.02771037 0.4999924 0.369192 0.4500038 0.2996109 0.4282903 0.3784085 0.3718624 0.369192 0.4500038 0.3784085 0.3718624 0.4306249 0.3462272 0.2898451 0.4999924 0.2599374 0.403006 0.2996109 0.4282903 0.369192 0.4500038 0.2898451 0.4999924 0.2996109 0.4282903 0.2392615 0.4999924 0.1584039 0.4999924 0.2599374 0.403006 0.2392615 0.4999924 0.2599374 0.403006 0.2898451 0.4999924 0.2599374 0.596994 0.1584039 0.4999924 0.2392615 0.4999924 0.2599374 0.596994 0.2392615 0.4999924 0.2898451 0.4999924 0.4222171 0.4492561 0.369192 0.4500038 0.4306249 0.3462272 0.5067064 0.4229953 0.4222171 0.4492561 0.4306249 0.3462272 0.3659418 0.4999924 0.2898451 0.4999924 0.369192 0.4500038 0.3659418 0.4999924 0.369192 0.4500038 0.4222171 0.4492561 0.5067064 0.4229953 0.4605326 0.4999924 0.4222171 0.4492561 0.4998856 0.4754406 0.4605326 0.4999924 0.5067064 0.4229953 0.4171054 0.4999924 0.3659418 0.4999924 0.4222171 0.4492561 0.4605326 0.4999924 0.4171054 0.4999924 0.4222171 0.4492561 0.4171054 0.4999924 0.4222171 0.5507439 0.3659418 0.4999924 0.4605326 0.4999924 0.4222171 0.5507439 0.4171054 0.4999924 0.3659418 0.4999924 0.369192 0.5499962 0.2898451 0.4999924 0.4222171 0.5507439 0.369192 0.5499962 0.3659418 0.4999924 0.369192 0.5499962 0.2996109 0.5717098 0.2898451 0.4999924 0.2996109 0.5717098 0.2599374 0.596994 0.2898451 0.4999924 0.4222171 0.5507439 0.4306249 0.6537728 0.369192 0.5499962 0.369192 0.5499962 0.3784085 0.6281377 0.2996109 0.5717098 0.4306249 0.6537728 0.3784085 0.6281377 0.369192 0.5499962 0.2996109 0.5717098 0.3140612 0.6333257 0.2599374 0.596994 0.2996109 0.5717098 0.3784085 0.6281377 0.3140612 0.6333257 0.2599374 0.596994 0.1822842 0.6057527 0.1584039 0.4999924 0.3140612 0.6333257 0.1822842 0.6057527 0.2599374 0.596994 0.1584039 0.4999924 0.1822842 0.6057527 0.01507586 0.611017 0.3784085 0.6281377 0.3576714 0.7015793 0.3140612 0.6333257 0.2363775 0.6661631 0.1822842 0.6057527 0.3140612 0.6333257 0.3576714 0.7015793 0.2363775 0.6661631 0.3140612 0.6333257 0.1822842 0.6057527 0.1983825 0.7151141 0.01507586 0.611017 0.2363775 0.6661631 0.1983825 0.7151141 0.1822842 0.6057527 0.3784085 0.6281377 0.4183108 0.7547723 0.3576714 0.7015793 0.4306249 0.6537728 0.4183108 0.7547723 0.3784085 0.6281377 0.3576714 0.7015793 0.3123827 0.7700923 0.2363775 0.6661631 0.2363775 0.6661631 0.3123827 0.7700923 0.1983825 0.7151141 0.3576714 0.7015793 0.4183108 0.7547723 0.3123827 0.7700923 0.01507586 0.611017 0.1983825 0.7151141 0.20972 0.7931334 0.01507586 0.611017 0.20972 0.7931334 0.0721141 0.7722744 0.1983825 0.7151141 0.3123827 0.7700923 0.2854353 0.8251621 0.1983825 0.7151141 0.2854353 0.8251621 0.20972 0.7931334 0.20972 0.7931334 0.2354925 0.8632181 0.0721141 0.7722744 0.20972 0.7931334 0.2854353 0.8251621 0.2354925 0.8632181 0.0721141 0.7722744 0.2354925 0.8632181 0.1192035 0.8532845 0.2854353 0.8251621 0.3123827 0.7700923 0.3815671 0.825742 0.3123827 0.7700923 0.4183108 0.7547723 0.3815671 0.825742 0.2854353 0.8251621 0.3466086 0.8829175 0.2354925 0.8632181 0.2854353 0.8251621 0.3815671 0.825742 0.3466086 0.8829175 0.2354925 0.8632181 0.2747539 0.9256733 0.1192035 0.8532845 0.2354925 0.8632181 0.3466086 0.8829175 0.2747539 0.9256733 0.1192035 0.8532845 0.2747539 0.9256733 0.2018616 0.9467002 0.2747539 0.9256733 0.3061723 0.9767605 0.2018616 0.9467002 0.2747539 0.9256733 0.344564 0.9781948 0.3061723 0.9767605 0.3466086 0.8829175 0.344564 0.9781948 0.2747539 0.9256733 0.3815671 0.825742 0.4657969 0.8692454 0.3466086 0.8829175 0.3815671 0.825742 0.4183108 0.7547723 0.4657969 0.8692454 0.3466086 0.8829175 0.4282749 0.9282216 0.344564 0.9781948 0.3466086 0.8829175 0.4657969 0.8692454 0.4282749 0.9282216 0.4943923 0.9844968 0.344564 0.9781948 0.4282749 0.9282216 0.5730984 0.9346761 0.4943923 0.9844968 0.4282749 0.9282216 0.5017624 0.7768979 0.4657969 0.8692454 0.4183108 0.7547723 0.5017624 0.7768979 0.4183108 0.7547723 0.4306249 0.6537728 0.4282749 0.9282216 0.4657969 0.8692454 0.5531243 0.8719158 0.5730984 0.9346761 0.4282749 0.9282216 0.5531243 0.8719158 0.5017624 0.7768979 0.5531243 0.8719158 0.4657969 0.8692454 0.5730984 0.9346761 0.5531243 0.8719158 0.601648 0.8478218 0.6952316 0.8775769 0.5730984 0.9346761 0.601648 0.8478218 0.580911 0.766537 0.5531243 0.8719158 0.5017624 0.7768979 0.6952316 0.8775769 0.601648 0.8478218 0.7260395 0.7783017 0.5063859 0.6834211 0.580911 0.766537 0.5017624 0.7768979 0.5063859 0.6834211 0.5017624 0.7768979 0.4306249 0.6537728 0.580911 0.766537 0.6021668 0.7505913 0.5531243 0.8719158 0.6021668 0.7505913 0.601648 0.8478218 0.5531243 0.8719158 0.5063859 0.6834211 0.5739376 0.671397 0.580911 0.766537 0.5739376 0.671397 0.6021668 0.7505913 0.580911 0.766537 0.5067064 0.5770047 0.5063859 0.6834211 0.4306249 0.6537728 0.5067064 0.5770047 0.4306249 0.6537728 0.4222171 0.5507439 0.4605326 0.4999924 0.5067064 0.5770047 0.4222171 0.5507439 0.5462577 0.5958037 0.5739376 0.671397 0.5063859 0.6834211 0.5462577 0.5958037 0.5063859 0.6834211 0.5067064 0.5770047 0.6357367 0.7763638 0.601648 0.8478218 0.6021668 0.7505913 0.6357367 0.7763638 0.7260395 0.7783017 0.601648 0.8478218 0.6371862 0.7422751 0.6357367 0.7763638 0.6021668 0.7505913 0.6357367 0.7763638 0.7237354 0.7501793 0.7260395 0.7783017 0.6371862 0.7422751 0.7237354 0.7501793 0.6357367 0.7763638 0.6054475 0.6874037 0.6371862 0.7422751 0.6021668 0.7505913 0.5739376 0.671397 0.6054475 0.6874037 0.6021668 0.7505913 0.6371862 0.7422751 0.6491798 0.7227894 0.7237354 0.7501793 0.6054475 0.6874037 0.6491798 0.7227894 0.6371862 0.7422751 0.793698 0.7485771 0.7260395 0.7783017 0.7237354 0.7501793 0.5739376 0.671397 0.6000458 0.619913 0.6054475 0.6874037 0.8048982 0.7766842 0.7260395 0.7783017 0.793698 0.7485771 0.8048982 0.7766842 0.6952316 0.8775769 0.7260395 0.7783017 0.7501488 0.8881208 0.6952316 0.8775769 0.8048982 0.7766842 0.820325 0.8923476 0.7501488 0.8881208 0.8048982 0.7766842 0.820325 0.8923476 0.8048982 0.7766842 0.8588693 0.7699092 0.9571832 0.741207 0.820325 0.8923476 0.8588693 0.7699092 0.8588693 0.7699092 0.8048982 0.7766842 0.8551461 0.7169604 0.9571832 0.741207 0.8588693 0.7699092 0.8551461 0.7169604 0.8551461 0.7169604 0.8048982 0.7766842 0.793698 0.7485771 0.9575189 0.6090181 0.9571832 0.741207 0.8551461 0.7169604 0.830808 0.6846876 0.8551461 0.7169604 0.793698 0.7485771 0.9575189 0.6090181 0.8551461 0.7169604 0.8576486 0.6691539 0.830808 0.6846876 0.793698 0.7485771 0.7889983 0.7237202 0.793698 0.7485771 0.7237354 0.7501793 0.7889983 0.7237202 0.8431831 0.6450904 0.8551461 0.7169604 0.830808 0.6846876 0.8576486 0.6691539 0.8551461 0.7169604 0.8431831 0.6450904 0.830808 0.6846876 0.7889983 0.7237202 0.7934539 0.6761883 0.8431831 0.6450904 0.830808 0.6846876 0.7934539 0.6761883 0.7889983 0.7237202 0.7237354 0.7501793 0.7217975 0.7336843 0.7934539 0.6761883 0.7889983 0.7237202 0.7217975 0.7336843 0.7217975 0.7336843 0.7237354 0.7501793 0.6491798 0.7227894 0.7934539 0.6761883 0.7217975 0.7336843 0.7213703 0.6834058 0.7213703 0.6834058 0.7217975 0.7336843 0.6491798 0.7227894 0.8431831 0.6450904 0.7934539 0.6761883 0.791455 0.6224613 0.791455 0.6224613 0.7934539 0.6761883 0.7213703 0.6834058 0.7213703 0.6834058 0.6491798 0.7227894 0.6448768 0.6831769 0.6054475 0.6874037 0.6448768 0.6831769 0.6491798 0.7227894 0.7211719 0.6271763 0.7213703 0.6834058 0.6448768 0.6831769 0.791455 0.6224613 0.7213703 0.6834058 0.7211719 0.6271763 0.6054475 0.6874037 0.6428169 0.634348 0.6448768 0.6831769 0.7211719 0.6271763 0.6448768 0.6831769 0.6428169 0.634348 0.6000458 0.619913 0.6428169 0.634348 0.6054475 0.6874037 0.7228657 0.5632105 0.7211719 0.6271763 0.6428169 0.634348 0.7228657 0.5632105 0.791455 0.6224613 0.7211719 0.6271763 0.6000458 0.619913 0.6454871 0.579263 0.6428169 0.634348 0.6454871 0.579263 0.7228657 0.5632105 0.6428169 0.634348 0.588449 0.5996338 0.6454871 0.579263 0.6000458 0.619913 0.588449 0.5996338 0.6000458 0.619913 0.5739376 0.671397 0.5462577 0.5958037 0.588449 0.5996338 0.5739376 0.671397 0.6454871 0.579263 0.7232319 0.5496605 0.7228657 0.5632105 0.6421912 0.5690395 0.6454871 0.579263 0.588449 0.5996338 0.6421912 0.5690395 0.7232319 0.5496605 0.6454871 0.579263 0.5676051 0.5685207 0.588449 0.5996338 0.5462577 0.5958037 0.7232319 0.5496605 0.7843748 0.5583581 0.7228657 0.5632105 0.5998474 0.5611658 0.588449 0.5996338 0.5676051 0.5685207 0.5998474 0.5611658 0.6421912 0.5690395 0.588449 0.5996338 0.7843748 0.5583581 0.7844206 0.5728999 0.7228657 0.5632105 0.7844206 0.5728999 0.791455 0.6224613 0.7228657 0.5632105 0.8319066 0.6078432 0.791455 0.6224613 0.7844206 0.5728999 0.7843748 0.5583581 0.8319066 0.6078432 0.7844206 0.5728999 0.8319066 0.6078432 0.8431831 0.6450904 0.791455 0.6224613 0.8458534 0.6196841 0.8319066 0.6078432 0.7843748 0.5583581 0.8458534 0.6196841 0.8431831 0.6450904 0.8319066 0.6078432 0.8395667 0.4999924 0.8458534 0.6196841 0.7843748 0.5583581 0.8458534 0.6196841 0.8576486 0.6691539 0.8431831 0.6450904 0.9575952 0.4999924 0.8458534 0.6196841 0.8395667 0.4999924 0.9575189 0.6090181 0.8576486 0.6691539 0.8458534 0.6196841 0.9575952 0.4999924 0.9575189 0.6090181 0.8458534 0.6196841 0.6618906 0.5306478 0.7232319 0.5496605 0.6421912 0.5690395 0.669749 0.4999924 0.7232319 0.5496605 0.6618906 0.5306478 0.6253605 0.541619 0.6618906 0.5306478 0.6421912 0.5690395 0.5998474 0.5611658 0.6253605 0.541619 0.6421912 0.5690395 0.6435188 0.4999924 0.669749 0.4999924 0.6618906 0.5306478 0.6618906 0.4693523 0.669749 0.4999924 0.6435188 0.4999924 0.6326238 0.4776532 0.6618906 0.4693523 0.6435188 0.4999924 0.6326238 0.5223469 0.6618906 0.5306478 0.6253605 0.541619 0.6326238 0.5223469 0.6435188 0.4999924 0.6618906 0.5306478 0.6326238 0.4776532 0.6435188 0.4999924 0.6210575 0.4879072 0.6132296 0.47364 0.6326238 0.4776532 0.6210575 0.4879072 0.6210575 0.5120928 0.6435188 0.4999924 0.6326238 0.5223469 0.6132296 0.52636 0.6326238 0.5223469 0.6253605 0.541619 0.6132296 0.52636 0.6210575 0.5120928 0.6326238 0.5223469 0.6 0.5389792 0.6253605 0.541619 0.5998474 0.5611658 0.6132296 0.52636 0.6253605 0.541619 0.6 0.5389792 0.6210575 0.5120928 0.6237125 0.4999924 0.6435188 0.4999924 0.6237125 0.4999924 0.6210575 0.4879072 0.6435188 0.4999924 0.6040894 0.5157092 0.6210575 0.5120928 0.6132296 0.52636 0.6099641 0.506859 0.6237125 0.4999924 0.6210575 0.5120928 0.6040894 0.5157092 0.6099641 0.506859 0.6210575 0.5120928 0.6237125 0.4999924 0.6099641 0.4931411 0.6210575 0.4879072 0.6040894 0.5157092 0.6132296 0.52636 0.5975586 0.5257801 0.5975586 0.5257801 0.6132296 0.52636 0.6 0.5389792 0.6099641 0.506859 0.6116579 0.4999924 0.6237125 0.4999924 0.6237125 0.4999924 0.6116579 0.4999924 0.6099641 0.4931411 0.594995 0.5062791 0.6099641 0.506859 0.6040894 0.5157092 0.594995 0.5062791 0.6116579 0.4999924 0.6099641 0.506859 0.5867094 0.5166705 0.6040894 0.5157092 0.5975586 0.5257801 0.594995 0.5062791 0.6040894 0.5157092 0.5867094 0.5166705 0.5975586 0.5257801 0.6 0.5389792 0.5833677 0.5310598 0.5867094 0.5166705 0.5975586 0.5257801 0.5833677 0.5310598 0.5966583 0.4999924 0.6116579 0.4999924 0.594995 0.5062791 0.5833677 0.5310598 0.6 0.5389792 0.5785763 0.5473411 0.6 0.5389792 0.5998474 0.5611658 0.5785763 0.5473411 0.5785763 0.5473411 0.5998474 0.5611658 0.5676051 0.5685207 0.5966583 0.4999924 0.594995 0.4937209 0.6116579 0.4999924 0.6116579 0.4999924 0.594995 0.4937209 0.6099641 0.4931411 0.5699397 0.4999924 0.5966583 0.4999924 0.594995 0.5062791 0.5699397 0.4999924 0.594995 0.4937209 0.5966583 0.4999924 0.5699397 0.4999924 0.594995 0.5062791 0.5867094 0.5166705 0.6099641 0.4931411 0.594995 0.4937209 0.6040894 0.4842908 0.6099641 0.4931411 0.6040894 0.4842908 0.6210575 0.4879072 0.6132296 0.47364 0.6210575 0.4879072 0.6040894 0.4842908 0.594995 0.4937209 0.5867094 0.4833295 0.6040894 0.4842908 0.5699397 0.4999924 0.5867094 0.4833295 0.594995 0.4937209 0.5975586 0.4742199 0.6132296 0.47364 0.6040894 0.4842908 0.5867094 0.4833295 0.5975586 0.4742199 0.6040894 0.4842908 0.5975586 0.4742199 0.6 0.4610208 0.6132296 0.47364 0.5975586 0.4742199 0.5833677 0.4689403 0.6 0.4610208 0.5867094 0.4833295 0.5833677 0.4689403 0.5975586 0.4742199 0.6 0.4610208 0.5833677 0.4689403 0.5785763 0.4526589 0.5867094 0.4833295 0.5671778 0.4796521 0.5833677 0.4689403 0.5699397 0.4999924 0.5671778 0.4796521 0.5867094 0.4833295 0.5665217 0.4642405 0.5785763 0.4526589 0.5833677 0.4689403 0.5671778 0.4796521 0.5665217 0.4642405 0.5833677 0.4689403 0.5665217 0.4642405 0.5552148 0.4524758 0.5785763 0.4526589 0.5503929 0.4708324 0.5552148 0.4524758 0.5665217 0.4642405 0.5671778 0.4796521 0.5503929 0.4708324 0.5665217 0.4642405 0.5358663 0.461677 0.5552148 0.4524758 0.5503929 0.4708324 0.5489586 0.4886702 0.5503929 0.4708324 0.5671778 0.4796521 0.5699397 0.4999924 0.5489586 0.4886702 0.5671778 0.4796521 0.5318379 0.4820783 0.5358663 0.461677 0.5503929 0.4708324 0.5489586 0.4886702 0.5318379 0.4820783 0.5503929 0.4708324 0.5318379 0.4820783 0.5190814 0.4747387 0.5358663 0.461677 0.5699397 0.4999924 0.5485466 0.4999924 0.5489586 0.4886702 0.5318379 0.4820783 0.510338 0.4999924 0.5190814 0.4747387 0.510338 0.4999924 0.4998856 0.4754406 0.5190814 0.4747387 0.5489586 0.4886702 0.5287556 0.4999924 0.5318379 0.4820783 0.5485466 0.4999924 0.5287556 0.4999924 0.5489586 0.4886702 0.5287556 0.4999924 0.510338 0.4999924 0.5318379 0.4820783 0.5699397 0.4999924 0.5489586 0.5113298 0.5485466 0.4999924 0.5485466 0.4999924 0.5489586 0.5113298 0.5287556 0.4999924 0.510338 0.4999924 0.4832684 0.4999924 0.4998856 0.4754406 0.4832684 0.4999924 0.4605326 0.4999924 0.4998856 0.4754406 0.4998856 0.5245594 0.4605326 0.4999924 0.4832684 0.4999924 0.4998856 0.5245594 0.4832684 0.4999924 0.510338 0.4999924 0.4998856 0.5245594 0.5067064 0.5770047 0.4605326 0.4999924 0.5287556 0.4999924 0.5318379 0.5179217 0.510338 0.4999924 0.5489586 0.5113298 0.5318379 0.5179217 0.5287556 0.4999924 0.5190814 0.5252613 0.4998856 0.5245594 0.510338 0.4999924 0.5318379 0.5179217 0.5190814 0.5252613 0.510338 0.4999924 0.5193103 0.5451439 0.5067064 0.5770047 0.4998856 0.5245594 0.5190814 0.5252613 0.5193103 0.5451439 0.4998856 0.5245594 0.5385062 0.5625391 0.5067064 0.5770047 0.5193103 0.5451439 0.5385062 0.5625391 0.5462577 0.5958037 0.5067064 0.5770047 0.5676051 0.5685207 0.5462577 0.5958037 0.5385062 0.5625391 0.5358663 0.5383231 0.5193103 0.5451439 0.5190814 0.5252613 0.5358663 0.5383231 0.5385062 0.5625391 0.5193103 0.5451439 0.5318379 0.5179217 0.5358663 0.5383231 0.5190814 0.5252613 0.5552148 0.5475242 0.5676051 0.5685207 0.5385062 0.5625391 0.5552148 0.5475242 0.5385062 0.5625391 0.5358663 0.5383231 0.5785763 0.5473411 0.5676051 0.5685207 0.5552148 0.5475242 0.5503929 0.5291677 0.5358663 0.5383231 0.5318379 0.5179217 0.5503929 0.5291677 0.5552148 0.5475242 0.5358663 0.5383231 0.5489586 0.5113298 0.5503929 0.5291677 0.5318379 0.5179217 0.5665217 0.5357595 0.5785763 0.5473411 0.5552148 0.5475242 0.5665217 0.5357595 0.5552148 0.5475242 0.5503929 0.5291677 0.5833677 0.5310598 0.5785763 0.5473411 0.5665217 0.5357595 0.5671778 0.5203479 0.5503929 0.5291677 0.5489586 0.5113298 0.5671778 0.5203479 0.5665217 0.5357595 0.5503929 0.5291677 0.5671778 0.5203479 0.5833677 0.5310598 0.5665217 0.5357595 0.5699397 0.4999924 0.5671778 0.5203479 0.5489586 0.5113298 0.5867094 0.5166705 0.5833677 0.5310598 0.5671778 0.5203479 0.5699397 0.4999924 0.5867094 0.5166705 0.5671778 0.5203479</float_array>
          <technique_common>
            <accessor source="#Untitled_001-mesh-map-1-array" count="1230" stride="2">
              <param name="S" type="float"/>
              <param name="T" type="float"/>
            </accessor>
          </technique_common>
        </source>
        <source id="Untitled_001-mesh-colors-Col" name="Col">
          <float_array id="Untitled_001-mesh-colors-Col-array" count="3690">1 1 1 1 1 1 1 1 1 1 1 1 1 1 1 1 1 1 1 1 1 1 1 1 1 1 1 1 1 1 1 1 1 1 1 1 1 1 1 1 1 1 1 1 1 1 1 1 1 1 1 1 1 1 1 1 1 1 1 1 1 1 1 1 1 1 1 1 1 1 1 1 1 1 1 1 1 1 1 1 1 1 1 1 1 1 1 1 1 1 1 1 1 1 1 1 1 1 1 1 1 1 1 1 1 1 1 1 1 1 1 1 1 1 1 1 1 1 1 1 1 1 1 1 1 1 1 1 1 1 1 1 1 1 1 1 1 1 1 1 1 1 1 1 1 1 1 1 1 1 1 1 1 1 1 1 1 1 1 1 1 1 1 1 1 1 1 1 1 1 1 1 1 1 1 1 1 1 1 1 1 1 1 1 1 1 1 1 1 1 1 1 1 1 1 1 1 1 1 1 1 1 1 1 1 1 1 1 1 1 1 1 1 1 1 1 1 1 1 1 1 1 1 1 1 1 1 1 1 1 1 1 1 1 1 1 1 1 1 1 1 1 1 1 1 1 1 1 1 1 1 1 1 1 1 1 1 1 1 1 1 1 1 1 1 1 1 1 1 1 1 1 1 1 1 1 1 1 1 1 1 1 1 1 1 1 1 1 1 1 1 1 1 1 1 1 1 1 1 1 1 1 1 1 1 1 1 1 1 1 1 1 1 1 1 1 1 1 1 1 1 1 1 1 1 1 1 1 1 1 1 1 1 1 1 1 1 1 1 1 1 1 1 1 1 1 1 1 1 1 1 1 1 1 1 1 1 1 1 1 1 1 1 1 1 1 1 1 1 1 1 1 1 1 1 1 1 1 1 1 1 1 1 1 1 1 1 1 1 1 1 1 1 1 1 1 1 1 1 1 1 1 1 1 1 1 1 1 1 1 1 1 1 1 1 1 1 1 1 1 1 1 1 1 1 1 1 1 1 1 1 1 1 1 1 1 1 1 1 1 1 1 1 1 1 1 1 1 1 1 1 1 1 1 1 1 1 1 1 1 1 1 1 1 1 1 1 1 1 1 1 1 1 1 1 1 1 1 1 1 1 1 1 1 1 1 1 1 1 1 1 1 1 1 1 1 1 1 1 1 1 1 1 1 1 1 1 1 1 1 1 1 1 1 1 1 1 1 1 1 1 1 1 1 1 1 1 1 1 1 1 1 1 1 1 1 1 1 1 1 1 1 1 1 1 1 1 1 1 1 1 1 1 1 1 1 1 1 1 1 1 1 1 1 1 1 1 1 1 1 1 1 1 1 1 1 1 1 1 1 1 1 1 1 1 1 1 1 1 1 1 1 1 1 1 1 1 1 1 1 1 1 1 1 1 1 1 1 1 1 1 1 1 1 1 1 1 1 1 1 1 1 1 1 1 1 1 1 1 1 1 1 1 1 1 1 1 1 1 1 1 1 1 1 1 1 1 1 1 1 1 1 1 1 1 1 1 1 1 1 1 1 1 1 1 1 1 1 1 1 1 1 1 1 1 1 1 1 1 1 1 1 1 1 1 1 1 1 1 1 1 1 1 1 1 1 1 1 1 1 1 1 1 1 1 1 1 1 1 1 1 1 1 1 1 1 1 1 1 1 1 1 1 1 1 1 1 1 1 1 1 1 1 1 1 1 1 1 1 1 1 1 1 1 1 1 1 1 1 1 1 1 1 1 1 1 1 1 1 1 1 1 1 1 1 1 1 1 1 1 1 1 1 1 1 1 1 1 1 1 1 1 1 1 1 1 1 1 1 1 1 1 1 1 1 1 1 1 1 1 1 1 1 1 1 1 1 1 1 1 1 1 1 1 1 1 1 1 1 1 1 1 1 1 1 1 1 1 1 1 1 1 1 1 1 1 1 1 1 1 1 1 1 1 1 1 1 1 1 1 1 1 1 1 1 1 1 1 1 1 1 1 1 1 1 1 1 1 1 1 1 1 1 1 1 1 1 1 1 1 1 1 1 1 1 1 1 1 1 1 1 1 1 1 1 1 1 1 1 1 1 1 1 1 1 1 1 1 1 1 1 1 1 1 1 1 1 1 1 1 1 1 1 1 1 1 1 1 1 1 1 1 1 1 1 1 1 1 1 1 1 1 1 1 1 1 1 1 1 1 1 1 1 1 1 1 1 1 1 1 1 1 1 1 1 1 1 1 1 1 1 1 1 1 1 1 1 1 1 1 1 1 1 1 1 1 1 1 1 1 1 1 1 1 1 1 1 1 1 1 1 1 1 1 1 1 1 1 1 1 1 1 1 1 1 1 1 1 1 1 1 1 1 1 1 1 1 1 1 1 1 1 1 1 1 1 1 1 1 1 1 1 1 1 1 1 1 1 1 1 1 1 1 1 1 1 1 1 1 1 1 1 1 1 1 1 1 1 1 1 1 1 1 1 1 1 1 1 1 1 1 1 1 1 1 1 1 1 1 1 1 1 1 1 1 1 1 1 1 1 1 1 1 1 1 1 1 1 1 1 1 1 1 1 1 1 1 1 1 1 1 1 1 1 1 1 1 1 1 1 1 1 1 1 1 1 1 1 1 1 1 1 1 1 1 1 1 1 1 1 1 1 1 1 1 1 1 1 1 1 1 1 1 1 1 1 1 1 1 1 1 1 1 1 1 1 1 1 1 1 1 1 1 1 1 1 1 1 1 1 1 1 1 1 1 1 1 1 1 1 1 1 1 1 1 1 1 1 1 1 1 1 1 1 1 1 1 1 1 1 1 1 1 1 1 1 1 1 1 1 1 1 1 1 1 1 1 1 1 1 1 1 1 1 1 1 1 1 1 1 1 1 1 1 1 1 1 1 1 1 1 1 1 1 1 1 1 1 1 1 1 1 1 1 1 1 1 1 1 1 1 1 1 1 1 1 1 1 1 1 1 1 1 1 1 1 1 1 1 1 1 1 1 1 1 1 1 1 1 1 1 1 1 1 1 1 1 1 1 1 1 1 1 1 1 1 1 1 1 1 1 1 1 1 1 1 1 1 1 1 1 1 1 1 1 1 1 1 1 1 1 1 1 1 1 1 1 1 1 1 1 1 1 1 1 1 1 1 1 1 1 1 1 1 1 1 1 1 1 1 1 1 1 1 1 1 1 1 1 1 1 1 1 1 1 1 1 1 1 1 1 1 1 1 1 1 1 1 1 1 1 1 1 1 1 1 1 1 1 1 1 1 1 1 1 1 1 1 1 1 1 1 1 1 1 1 1 1 1 1 1 1 1 1 1 1 1 1 1 1 1 1 1 1 1 1 1 1 1 1 1 1 1 1 1 1 1 1 1 1 1 1 1 1 1 1 1 1 1 1 1 1 1 1 1 1 1 1 1 1 1 1 1 1 1 1 1 1 1 1 1 1 1 1 1 1 1 1 1 1 1 1 1 1 1 1 1 1 1 1 1 1 1 1 1 1 1 1 1 1 1 1 1 1 1 1 1 1 1 1 1 1 1 1 1 1 1 1 1 1 1 1 1 1 1 1 1 1 1 1 1 1 1 1 1 1 1 1 1 1 1 1 1 1 1 1 1 1 1 1 1 1 1 1 1 1 1 1 1 1 1 1 1 1 1 1 1 1 1 1 1 1 1 1 1 1 1 1 1 1 1 1 1 1 1 1 1 1 1 1 1 1 1 1 1 1 1 1 1 1 1 1 1 1 1 1 1 1 1 1 1 1 1 1 1 1 1 1 1 1 1 1 1 1 1 1 1 1 1 1 1 1 1 1 1 1 1 1 1 1 1 1 1 1 1 1 1 1 1 1 1 1 1 1 1 1 1 1 1 1 1 1 1 1 1 1 1 1 1 1 1 1 1 1 1 1 1 1 1 1 1 1 1 1 1 1 1 1 1 1 1 1 1 1 1 1 1 1 1 1 1 1 1 1 1 1 1 1 1 1 1 1 1 1 1 1 1 1 1 1 1 1 1 1 1 1 1 1 1 1 1 1 1 1 1 1 1 1 1 1 1 1 1 1 1 1 1 1 1 1 1 1 1 1 1 1 1 1 1 1 1 1 1 1 1 1 1 1 1 1 1 1 1 1 1 1 1 1 1 1 1 1 1 1 1 1 1 1 1 1 1 1 1 1 1 1 1 1 1 1 1 1 1 1 1 1 1 1 1 1 1 1 1 1 1 1 1 1 1 1 1 1 1 1 1 1 1 1 1 1 1 1 1 1 1 1 1 1 1 1 1 1 1 1 1 1 1 1 1 1 1 1 1 1 1 1 1 1 1 1 1 1 1 1 1 1 1 1 1 1 1 1 1 1 1 1 1 1 1 1 1 1 1 1 1 1 1 1 1 1 1 1 1 1 1 1 1 1 1 1 1 1 1 1 1 1 1 1 1 1 1 1 1 1 1 1 1 1 1 1 1 1 1 1 1 1 1 1 1 1 1 1 1 1 1 1 1 1 1 1 1 1 1 1 1 1 1 1 1 1 1 1 1 1 1 1 1 1 1 1 1 1 1 1 1 1 1 1 1 1 1 1 1 1 1 1 1 1 1 1 1 1 1 1 1 1 1 1 1 1 1 1 1 1 1 1 1 1 1 1 1 1 1 1 1 1 1 1 1 1 1 1 1 1 1 1 1 1 1 1 1 1 1 1 1 1 1 1 1 1 1 1 1 1 1 1 1 1 1 1 1 1 1 1 1 1 1 1 1 1 1 1 1 1 1 1 1 1 1 1 1 1 1 1 1 1 1 1 1 1 1 1 1 1 1 1 1 1 1 1 1 1 1 1 1 1 1 1 1 1 1 1 1 1 1 1 1 1 1 1 1 1 1 1 1 1 1 1 1 1 1 1 1 1 1 1 1 1 1 1 1 1 1 1 1 1 1 1 1 1 1 1 1 1 1 1 1 1 1 1 1 1 1 1 1 1 1 1 1 1 1 1 1 1 1 1 1 1 1 1 1 1 1 1 1 1 1 1 1 1 1 1 1 1 1 1 1 1 1 1 1 1 1 1 1 1 1 1 1 1 1 1 1 1 1 1 1 1 1 1 1 1 1 1 1 1 1 1 1 1 1 1 1 1 1 1 1 1 1 1 1 1 1 1 1 1 1 1 1 1 1 1 1 1 1 1 1 1 1 1 1 1 1 1 1 1 1 1 1 1 1 1 1 1 1 1 1 1 1 1 1 1 1 1 1 1 1 1 1 1 1 1 1 1 1 1 1 1 1 1 1 1 1 1 1 1 1 1 1 1 1 1 1 1 1 1 1 1 1 1 1 1 1 1 1 1 1 1 1 1 1 1 1 1 1 1 1 1 1 1 1 1 1 1 1 1 1 1 1 1 1 1 1 1 1 1 1 1 1 1 1 1 1 1 1 1 1 1 1 1 1 1 1 1 1 1 1 1 1 1 1 1 1 1 1 1 1 1 1 1 1 1 1 1 1 1 1 1 1 1 1 1 1 1 1 1 1 1 1 1 1 1 1 1 1 1 1 1 1 1 1 1 1 1 1 1 1 1 1 1 1 1 1 1 1 1 1 1 1 1 1 1 1 1 1 1 1 1 1 1 1 1 1 1 1 1 1 1 1 1 1 1 1 1 1 1 1 1 1 1 1 1 1 1 1 1 1 1 1 1 1 1 1 1 1 1 1 1 1 1 1 1 1 1 1 1 1 1 1 1 1 1 1 1 1 1 1 1 1 1 1 1 1 1 1 1 1 1 1 1 1 1 1 1 1 1 1 1 1 1 1 1 1 1 1 1 1 1 1 1 1 1 1 1 1 1 1 1 1 1 1 1 1 1 1 1 1 1 1 1 1 1 1 1 1 1 1 1 1 1 1 1 1 1 1 1 1 1 1 1 1 1 1 1 1 1 1 1 1 1 1 1 1 1 1 1 1 1 1 1 1 1 1 1 1 1 1 1 1 1 1 1 1 1 1 1 1 1 1 1 1 1 1 1 1 1 1 1 1 1 1 1 1 1 1 1 1 1 1 1 1 1 1 1 1 1 1 1 1 1 1 1 1 1 1 1 1 1 1 1 1 1 1 1 1 1 1 1 1 1 1 1 1 1 1 1 1 1 1 1 1 1 1 1 1 1 1 1 1 1 1 1 1 1 1 1 1 1 1 1 1 1 1 1 1 1 1 1 1 1 1 1 1 1 1 1 1 1 1 1 1 1 1 1 1 1 1 1 1 1 1 1 1 1 1 1 1 1 1 1 1 1 1 1 1 1 1 1 1 1 1 1 1 1 1 1 1 1 1 1 1 1 1 1 1 1 1 1 1 1 1 1 1 1 1 1 1 1 1 1 1 1 1 1 1 1 1 1 1 1 1 1 1 1 1 1 1 1 1 1 1 1 1 1 1 1 1 1 1 1 1 1 1 1 1 1 1 1 1 1 1 1 1 1 1 1 1 1 1 1 1 1 1 1 1 1 1 1 1 1 1 1 1 1 1 1 1 1 1 1 1 1 1 1 1 1 1 1 1 1 1 1 1 1 1 1 1 1 1 1 1 1 1 1 1 1 1 1 1 1 1 1 1 1 1 1 1 1 1 1 1 1 1 1 1 1 1 1 1 1 1 1 1 1 1 1 1 1 1 1 1 1 1 1 1 1 1 1 1 1 1 1 1 1 1 1 1 1 1 1 1 1 1 1 1 1 1 1 1 1 1 1 1 1 1 1 1 1 1 1 1 1 1 1 1 1 1 1 1 1 1 1 1 1 1 1 1 1 1 1 1 1 1 1 1 1 1 1 1 1 1 1 1 1 1 1 1 1 1 1 1 1 1 1 1 1 1 1 1 1 1 1 1 1 1 1 1 1 1 1 1 1 1 1 1 1 1 1 1 1 1 1 1 1 1 1 1 1 1 1 1 1 1 1 1 1 1 1 1 1 1 1 1 1 1 1 1 1 1 1 1 1 1 1 1 1 1 1 1 1 1 1 1 1 1 1 1 1 1 1 1 1 1 1 1 1 1 1 1 1 1 1 1 1 1 1 1 1 1 1 1 1 1 1 1 1 1 1 1 1 1 1 1 1 1 1 1 1 1 1 1 1 1 1 1 1 1 1 1 1 1 1 1 1 1 1 1 1 1 1 1 1 1 1 1 1 1 1 1 1 1 1 1 1 1 1 1 1 1 1 1 1 1 1 1 1 1 1 1 1 1 1 1 1 1 1 1 1 1 1 1 1 1 1 1 1 1 1 1 1 1 1 1 1 1 1 1 1 1 1 1 1 1 1 1 1 1 1 1 1 1 1 1 1 1 1 1 1 1 1 1 1 1 1 1 1 1 1 1 1 1 1 1 1 1 1 1 1 1 1 1 1 1 1 1 1 1 1 1 1 1 1 1 1 1 1 1 1 1 1 1 1 1 1 1 1 1 1 1 1 1 1 1 1 1 1 1 1 1 1 1 1 1 1 1 1 1 1 1 1 1 1 1 1 1 1 1 1 1 1 1 1 1 1 1 1 1 1 1 1 1 1 1 1 1 1 1 1 1 1 1 1 1 1 1 1 1 1 1 1 1 1 1 1 1 1 1 1 1 1 1 1 1 1 1 1 1 1 1 1 1 1 1 1 1 1 1 1 1 1 1 1 1 1 1 1 1 1 1 1 1 1 1 1 1 1 1 1 1 1 1 1 1 1 1 1 1 1 1 1 1 1 1 1 1 1 1 1 1 1 1 1 1 1 1 1 1 1 1 1 1 1 1 1 1 1 1 1 1 1 1 1 1 1 1 1 1 1 1 1 1 1 1 1 1 1 1 1 1 1 1 1 1 1 1 1 1 1 1 1 1 1 1 1 1 1 1 1 1 1 1 1 1 1 1 1 1 1 1 1 1 1 1 1 1 1 1 1 1 1 1 1 1 1 1 1 1 1 1 1 1 1 1 1 1 1 1 1 1 1 1 1 1 1 1 1 1 1 1 1 1 1 1 1 1 1 1 1 1 1 1 1 1 1 1 1 1 1 1 1 1 1 1 1 1 1 1 1 1 1 1 1 1 1 1 1 1 1 1 1 1 1 1 1 1 1 1 1 1 1 1 1 1 1 1 1 1 1 1 1 1 1 1 1 1 1 1 1 1 1 1 1 1 1 1 1 1 1 1 1 1 1 1 1 1 1 1 1 1 1 1 1 1 1 1 1 1 1 1 1 1 1 1 1 1 1 1 1 1 1 1 1 1 1 1 1 1 1 1 1 1 1 1 1 1 1 1 1 1 1 1 1 1 1 1 1 1 1 1 1 1 1 1 1 1 1 1 1 1 1 1 1 1 1 1 1 1 1 1 1 1 1 1 1 1 1 1 1 1 1 1 1 1 1 1 1 1 1 1 1</float_array>
          <technique_common>
            <accessor source="#Untitled_001-mesh-colors-Col-array" count="1230" stride="3">
              <param name="R" type="float"/>
              <param name="G" type="float"/>
              <param name="B" type="float"/>
            </accessor>
          </technique_common>
        </source>
        <vertices id="Untitled_001-mesh-vertices">
          <input semantic="POSITION" source="#Untitled_001-mesh-positions"/>
        </vertices>
        <triangles material="m_Eye-material" count="410">
          <input semantic="VERTEX" source="#Untitled_001-mesh-vertices" offset="0"/>
          <input semantic="NORMAL" source="#Untitled_001-mesh-normals" offset="1"/>
          <input semantic="TEXCOORD" source="#Untitled_001-mesh-map-0" offset="2" set="0"/>
          <input semantic="TEXCOORD" source="#Untitled_001-mesh-map-1" offset="2" set="1"/>
          <input semantic="COLOR" source="#Untitled_001-mesh-colors-Col" offset="3" set="0"/>
          <p>0 0 0 0 1 1 1 1 2 2 2 2 2 2 3 3 1 1 4 4 3 3 5 5 4 4 6 6 1 1 7 7 0 0 8 8 1 1 9 9 5 5 10 10 3 3 11 11 3 3 12 12 5 5 13 13 6 6 14 14 4 4 15 15 7 7 16 16 1 1 17 17 1 1 18 18 7 7 19 19 5 5 20 20 6 6 21 21 5 5 22 22 8 8 23 23 6 6 24 24 8 8 25 25 9 9 26 26 8 8 27 27 5 5 28 28 10 10 29 29 7 7 30 30 10 10 31 31 5 5 32 32 8 8 33 33 11 11 34 34 9 9 35 35 8 8 36 36 10 10 37 37 11 11 38 38 12 12 39 39 7 7 40 40 4 4 41 41 12 12 42 42 4 4 43 43 13 13 44 44 14 14 45 45 12 12 46 46 13 13 47 47 7 7 48 48 15 15 49 49 10 10 50 50 16 16 51 51 7 7 52 52 12 12 53 53 16 16 54 54 15 15 55 55 7 7 56 56 17 17 57 57 12 12 58 58 14 14 59 59 16 16 60 60 12 12 61 61 17 17 62 62 15 15 63 63 18 18 64 64 10 10 65 65 10 10 66 66 18 18 67 67 11 11 68 68 16 16 69 69 19 19 70 70 15 15 71 71 15 15 72 72 19 19 73 73 18 18 74 74 20 20 75 75 16 16 76 76 17 17 77 77 20 20 78 78 19 19 79 79 16 16 80 80 17 17 81 81 14 14 82 82 21 21 83 83 14 14 84 84 22 22 85 85 21 21 86 86 23 23 87 87 20 20 88 88 17 17 89 89 17 17 90 90 21 21 91 91 24 24 92 92 23 23 93 93 17 17 94 94 24 24 95 95 21 21 96 96 22 22 97 97 25 25 98 98 26 26 99 99 20 20 100 100 23 23 101 101 27 27 102 102 21 21 103 103 25 25 104 104 24 24 105 105 21 21 106 106 27 27 107 107 22 22 108 108 28 28 109 109 25 25 110 110 22 22 111 111 29 29 112 112 28 28 113 113 29 29 114 114 30 30 115 115 28 28 116 116 30 30 117 117 31 31 118 118 28 28 119 119 30 30 120 120 32 32 121 121 31 31 122 122 33 33 123 123 31 31 124 124 32 32 125 125 28 28 126 126 31 31 127 127 33 33 128 128 33 33 129 129 32 32 130 130 34 34 131 131 25 25 132 132 28 28 133 133 35 35 134 134 28 28 135 135 33 33 136 136 35 35 137 137 25 25 138 138 35 35 139 139 36 36 140 140 27 27 141 141 25 25 142 142 36 36 143 143 37 37 144 144 35 35 145 145 33 33 146 146 27 27 147 147 36 36 148 148 38 38 149 149 24 24 150 150 27 27 151 151 38 38 152 152 36 36 153 153 35 35 154 154 39 39 155 155 39 39 156 156 35 35 157 157 37 37 158 158 38 38 159 159 36 36 160 160 40 40 161 161 41 41 162 162 36 36 163 163 39 39 164 164 40 40 165 165 36 36 166 166 41 41 167 167 42 42 168 168 39 39 169 169 37 37 170 170 41 41 171 171 39 39 172 172 42 42 173 173 37 37 174 174 33 33 175 175 43 43 176 176 42 42 177 177 37 37 178 178 43 43 179 179 44 44 180 180 41 41 181 181 42 42 182 182 44 44 183 183 40 40 184 184 41 41 185 185 43 43 186 186 33 33 187 187 45 45 188 188 45 45 189 189 33 33 190 190 34 34 191 191 45 45 192 192 34 34 193 193 46 46 194 194 43 43 195 195 45 45 196 196 46 46 197 197 34 34 198 198 47 47 199 199 46 46 200 200 42 42 201 201 43 43 202 202 48 48 203 203 44 44 204 204 42 42 205 205 48 48 206 206 43 43 207 207 46 46 208 208 49 49 209 209 43 43 210 210 49 49 211 211 48 48 212 212 47 47 213 213 50 50 214 214 46 46 215 215 49 49 216 216 46 46 217 217 51 51 218 218 46 46 219 219 50 50 220 220 51 51 221 221 48 48 222 222 49 49 223 223 52 52 224 224 49 49 225 225 51 51 226 226 52 52 227 227 48 48 228 228 52 52 229 229 53 53 230 230 52 52 231 231 51 51 232 232 53 53 233 233 54 54 234 234 44 44 235 235 48 48 236 236 54 54 237 237 48 48 238 238 53 53 239 239 55 55 240 240 44 44 241 241 54 54 242 242 55 55 243 243 40 40 244 244 44 44 245 245 55 55 246 246 54 54 247 247 56 56 248 248 56 56 249 249 54 54 250 250 53 53 251 251 57 57 252 252 40 40 253 253 55 55 254 254 57 57 255 255 55 55 256 256 56 56 257 257 38 38 258 258 40 40 259 259 57 57 260 260 24 24 261 261 38 38 262 262 57 57 263 263 58 58 264 264 57 57 265 265 56 56 266 266 59 59 267 267 24 24 268 268 57 57 269 269 58 58 270 270 59 59 271 271 57 57 272 272 59 59 273 273 23 23 274 274 24 24 275 275 26 26 276 276 23 23 277 277 59 59 278 278 60 60 279 279 58 58 280 280 56 56 281 281 60 60 282 282 56 56 283 283 53 53 284 284 61 61 285 285 59 59 286 286 58 58 287 287 61 61 288 288 58 58 289 289 60 60 290 290 62 62 291 291 26 26 292 292 59 59 293 293 62 62 294 294 59 59 295 295 61 61 296 296 60 60 297 297 53 53 298 298 63 63 299 299 53 53 300 300 51 51 301 301 63 63 302 302 64 64 303 303 61 61 304 304 60 60 305 305 64 64 306 306 60 60 307 307 63 63 308 308 63 63 309 309 51 51 310 310 65 65 311 311 65 65 312 312 51 51 313 313 50 50 314 314 64 64 315 315 63 63 316 316 66 66 317 317 67 67 318 318 63 63 319 319 65 65 320 320 66 66 321 321 63 63 322 322 67 67 323 323 65 65 324 324 50 50 325 325 68 68 326 326 69 69 327 327 64 64 328 328 66 66 329 329 67 67 330 330 65 65 331 331 70 70 332 332 70 70 333 333 65 65 334 334 68 68 335 335 69 69 336 336 71 71 337 337 64 64 338 338 71 71 339 339 61 61 340 340 64 64 341 341 69 69 342 342 66 66 343 343 72 72 344 344 71 71 345 345 73 73 346 346 61 61 347 347 73 73 348 348 62 62 349 349 61 61 350 350 74 74 351 351 71 71 352 352 69 69 353 353 71 71 354 354 75 75 355 355 73 73 356 356 74 74 357 357 75 75 358 358 71 71 359 359 76 76 360 360 62 62 361 361 73 73 362 362 74 74 363 363 69 69 364 364 77 77 365 365 77 77 366 366 69 69 367 367 72 72 368 368 76 76 369 369 73 73 370 370 78 78 371 371 78 78 372 372 73 73 373 373 75 75 374 374 76 76 375 375 79 79 376 376 62 62 377 377 62 62 378 378 79 79 379 379 26 26 380 380 80 80 381 381 76 76 382 382 78 78 383 383 79 79 384 384 81 81 385 385 26 26 386 386 26 26 387 387 81 81 388 388 20 20 389 389 81 81 390 390 19 19 391 391 20 20 392 392 82 82 393 393 79 79 394 394 76 76 395 395 82 82 396 396 76 76 397 397 80 80 398 398 81 81 399 399 83 83 400 400 19 19 401 401 84 84 402 402 82 82 403 403 80 80 404 404 83 83 405 405 85 85 406 406 19 19 407 407 85 85 408 408 18 18 409 409 19 19 410 410 86 86 411 411 82 82 412 412 84 84 413 413 86 86 414 414 79 79 415 415 82 82 416 416 85 85 417 417 87 87 418 418 18 18 419 419 18 18 420 420 87 87 421 421 11 11 422 422 85 85 423 423 88 88 424 424 87 87 425 425 83 83 426 426 88 88 427 427 85 85 428 428 11 11 429 429 87 87 430 430 89 89 431 431 88 88 432 432 89 89 433 433 87 87 434 434 11 11 435 435 89 89 436 436 9 9 437 437 90 90 438 438 88 88 439 439 83 83 440 440 89 89 441 441 91 91 442 442 9 9 443 443 9 9 444 444 91 91 445 445 92 92 446 446 93 93 447 447 89 89 448 448 88 88 449 449 93 93 450 450 88 88 451 451 90 90 452 452 93 93 453 453 91 91 454 454 89 89 455 455 91 91 456 456 94 94 457 457 92 92 458 458 95 95 459 459 90 90 460 460 83 83 461 461 95 95 462 462 83 83 463 463 81 81 464 464 96 96 465 465 93 93 466 466 90 90 467 467 95 95 468 468 96 96 469 469 90 90 470 470 97 97 471 471 91 91 472 472 93 93 473 473 97 97 474 474 93 93 475 475 96 96 476 476 98 98 477 477 91 91 478 478 97 97 479 479 98 98 480 480 97 97 481 481 96 96 482 482 99 99 483 483 95 95 484 484 81 81 485 485 79 79 486 486 99 99 487 487 81 81 488 488 100 100 489 489 96 96 490 490 95 95 491 491 100 100 492 492 95 95 493 493 99 99 494 494 79 79 495 495 101 101 496 496 99 99 497 497 86 86 498 498 101 101 499 499 79 79 500 500 102 102 501 501 100 100 502 502 99 99 503 503 101 101 504 504 102 102 505 505 99 99 506 506 102 102 507 507 103 103 508 508 100 100 509 509 101 101 510 510 103 103 511 511 102 102 512 512 100 100 513 513 104 104 514 514 96 96 515 515 103 103 516 516 104 104 517 517 100 100 518 518 104 104 519 519 105 105 520 520 96 96 521 521 105 105 522 522 98 98 523 523 96 96 524 524 103 103 525 525 106 106 526 526 104 104 527 527 104 104 528 528 107 107 529 529 105 105 530 530 106 106 531 531 107 107 532 532 104 104 533 533 105 105 534 534 108 108 535 535 98 98 536 536 105 105 537 537 107 107 538 538 108 108 539 539 98 98 540 540 109 109 541 541 91 91 542 542 108 108 543 543 109 109 544 544 98 98 545 545 91 91 546 546 109 109 547 547 94 94 548 548 107 107 549 549 110 110 550 550 108 108 551 551 111 111 552 552 109 109 553 553 108 108 554 554 110 110 555 555 111 111 556 556 108 108 557 557 109 109 558 558 112 112 559 559 94 94 560 560 111 111 561 561 112 112 562 562 109 109 563 563 107 107 564 564 113 113 565 565 110 110 566 566 106 106 567 567 113 113 568 568 107 107 569 569 110 110 570 570 114 114 571 571 111 111 572 572 111 111 573 573 114 114 574 574 112 112 575 575 110 110 576 576 113 113 577 577 114 114 578 578 94 94 579 579 112 112 580 580 115 115 581 581 94 94 582 582 115 115 583 583 116 116 584 584 112 112 585 585 114 114 586 586 117 117 587 587 112 112 588 588 117 117 589 589 115 115 590 590 115 115 591 591 118 118 592 592 116 116 593 593 115 115 594 594 117 117 595 595 118 118 596 596 116 116 597 597 118 118 598 598 119 119 599 599 117 117 600 600 114 114 601 601 120 120 602 602 114 114 603 603 113 113 604 604 120 120 605 605 117 117 606 606 121 121 607 607 118 118 608 608 117 117 609 609 120 120 610 610 121 121 611 611 118 118 612 612 122 122 613 613 119 119 614 614 118 118 615 615 121 121 616 616 122 122 617 617 119 119 618 618 122 122 619 619 123 123 620 620 122 122 621 621 124 124 622 622 123 123 623 623 122 122 624 624 125 125 625 625 124 124 626 626 121 121 627 627 125 125 628 628 122 122 629 629 120 120 630 630 126 126 631 631 121 121 632 632 120 120 633 633 113 113 634 634 126 126 635 635 121 121 636 636 127 127 637 637 125 125 638 638 121 121 639 639 126 126 640 640 127 127 641 641 128 128 642 642 125 125 643 643 127 127 644 644 129 129 645 645 128 128 646 646 127 127 647 647 130 130 648 648 126 126 649 649 113 113 650 650 130 130 651 651 113 113 652 652 106 106 653 653 127 127 654 654 126 126 655 655 131 131 656 656 129 129 657 657 127 127 658 658 131 131 659 659 130 130 660 660 131 131 661 661 126 126 662 662 129 129 663 663 131 131 664 664 132 132 665 665 133 133 666 666 129 129 667 667 132 132 668 668 134 134 669 669 131 131 670 670 130 130 671 671 133 133 672 672 132 132 673 673 135 135 674 674 136 136 675 675 134 134 676 676 130 130 677 677 136 136 678 678 130 130 679 679 106 106 680 680 134 134 681 681 137 137 682 682 131 131 683 683 137 137 684 684 132 132 685 685 131 131 686 686 136 136 687 687 138 138 688 688 134 134 689 689 138 138 690 690 137 137 691 691 134 134 692 692 139 139 693 693 136 136 694 694 106 106 695 695 139 139 696 696 106 106 697 697 103 103 698 698 101 101 699 699 139 139 700 700 103 103 701 701 140 140 702 702 138 138 703 703 136 136 704 704 140 140 705 705 136 136 706 706 139 139 707 707 141 141 708 708 132 132 709 709 137 137 710 710 141 141 711 711 135 135 712 712 132 132 713 713 142 142 714 714 141 141 715 715 137 137 716 716 141 141 717 717 143 143 718 718 135 135 719 719 142 142 720 720 143 143 721 721 141 141 722 722 144 144 723 723 142 142 724 724 137 137 725 725 138 138 726 726 144 144 727 727 137 137 728 728 142 142 729 729 145 145 730 730 143 143 731 731 144 144 732 732 145 145 733 733 142 142 734 734 146 146 735 735 135 135 736 736 143 143 737 737 138 138 738 738 147 147 739 739 144 144 740 740 148 148 741 741 135 135 742 742 146 146 743 743 148 148 744 744 133 133 745 745 135 135 746 746 149 149 747 747 133 133 748 748 148 148 749 749 150 150 750 750 149 149 751 751 148 148 752 752 150 150 753 753 148 148 754 754 151 151 755 755 152 152 756 756 150 150 757 757 151 151 758 758 151 151 759 759 148 148 760 760 153 153 761 761 152 152 762 762 151 151 763 763 153 153 764 764 153 153 765 765 148 148 766 766 146 146 767 767 154 154 768 768 152 152 769 769 153 153 770 770 155 155 771 771 153 153 772 772 146 146 773 773 154 154 774 774 153 153 775 775 156 156 776 776 155 155 777 777 146 146 778 778 157 157 779 779 146 146 780 780 143 143 781 781 157 157 782 782 158 158 783 783 153 153 784 784 155 155 785 785 156 156 786 786 153 153 787 787 158 158 788 788 155 155 789 789 157 157 790 790 159 159 791 791 158 158 792 792 155 155 793 793 159 159 794 794 157 157 795 795 143 143 796 796 160 160 797 797 159 159 798 798 157 157 799 799 160 160 800 800 160 160 801 801 143 143 802 802 145 145 803 803 159 159 804 804 160 160 805 805 161 161 806 806 161 161 807 807 160 160 808 808 145 145 809 809 158 158 810 810 159 159 811 811 162 162 812 812 162 162 813 813 159 159 814 814 161 161 815 815 161 161 816 816 145 145 817 817 163 163 818 818 144 144 819 819 163 163 820 820 145 145 821 821 164 164 822 822 161 161 823 823 163 163 824 824 162 162 825 825 161 161 826 826 164 164 827 827 144 144 828 828 165 165 829 829 163 163 830 830 164 164 831 831 163 163 832 832 165 165 833 833 147 147 834 834 165 165 835 835 144 144 836 836 166 166 837 837 164 164 838 838 165 165 839 839 166 166 840 840 162 162 841 841 164 164 842 842 147 147 843 843 167 167 844 844 165 165 845 845 167 167 846 846 166 166 847 847 165 165 848 848 168 168 849 849 167 167 850 850 147 147 851 851 168 168 852 852 147 147 853 853 138 138 854 854 140 140 855 855 168 168 856 856 138 138 857 857 167 167 858 858 70 70 859 859 166 166 860 860 169 169 861 861 167 167 862 862 168 168 863 863 169 169 864 864 70 70 865 865 167 167 866 866 170 170 867 867 168 168 868 868 140 140 869 869 70 70 870 870 68 68 871 871 166 166 872 872 171 171 873 873 168 168 874 874 170 170 875 875 171 171 876 876 169 169 877 877 168 168 878 878 68 68 879 879 172 172 880 880 166 166 881 881 172 172 882 882 162 162 883 883 166 166 884 884 173 173 885 885 162 162 886 886 172 172 887 887 68 68 888 888 173 173 889 889 172 172 890 890 173 173 891 891 158 158 892 892 162 162 893 893 174 174 894 894 173 173 895 895 68 68 896 896 174 174 897 897 158 158 898 898 173 173 899 899 50 50 900 900 174 174 901 901 68 68 902 902 174 174 903 903 156 156 904 904 158 158 905 905 47 47 906 906 174 174 907 907 50 50 908 908 154 154 909 909 156 156 910 910 174 174 911 911 47 47 912 912 154 154 913 913 174 174 914 914 175 175 915 915 70 70 916 916 169 169 917 917 67 67 918 918 70 70 919 919 175 175 920 920 176 176 921 921 175 175 922 922 169 169 923 923 171 171 924 924 176 176 925 925 169 169 926 926 177 177 927 927 67 67 928 928 175 175 929 929 66 66 930 930 67 67 931 931 177 177 932 932 72 72 933 933 66 66 934 934 177 177 935 935 178 178 936 936 175 175 937 937 176 176 938 938 178 178 939 939 177 177 940 940 175 175 941 941 72 72 942 942 177 177 943 943 179 179 944 944 77 77 945 945 72 72 946 946 179 179 947 947 180 180 948 948 177 177 949 949 178 178 950 950 181 181 951 951 178 178 952 952 176 176 953 953 181 181 954 954 180 180 955 955 178 178 956 956 182 182 957 957 176 176 958 958 171 171 959 959 181 181 960 960 176 176 961 961 182 182 962 962 180 180 963 963 183 183 964 964 177 177 965 965 183 183 966 966 179 179 967 967 177 177 968 968 184 184 969 969 180 180 970 970 181 181 971 971 185 185 972 972 183 183 973 973 180 180 974 974 184 184 975 975 185 185 976 976 180 180 977 977 183 183 978 978 186 186 979 979 179 179 980 980 184 184 981 981 181 181 982 982 187 187 983 983 187 187 984 984 181 181 985 985 182 182 986 986 185 185 987 987 188 188 988 988 183 183 989 989 183 183 990 990 188 188 991 991 186 186 992 992 189 189 993 993 185 185 994 994 184 184 995 995 189 189 996 996 188 188 997 997 185 185 998 998 190 190 999 999 184 184 1000 1000 187 187 1001 1001 189 189 1002 1002 184 184 1003 1003 190 190 1004 1004 187 187 1005 1005 182 182 1006 1006 191 191 1007 1007 190 190 1008 1008 187 187 1009 1009 191 191 1010 1010 192 192 1011 1011 188 188 1012 1012 189 189 1013 1013 191 191 1014 1014 182 182 1015 1015 193 193 1016 1016 182 182 1017 1017 171 171 1018 1018 193 193 1019 1019 193 193 1020 1020 171 171 1021 1021 170 170 1022 1022 192 192 1023 1023 194 194 1024 1024 188 188 1025 1025 188 188 1026 1026 194 194 1027 1027 186 186 1028 1028 195 195 1029 1029 192 192 1030 1030 189 189 1031 1031 195 195 1032 1032 194 194 1033 1033 192 192 1034 1034 195 195 1035 1035 189 189 1036 1036 190 190 1037 1037 186 186 1038 1038 194 194 1039 1039 196 196 1040 1040 186 186 1041 1041 196 196 1042 1042 179 179 1043 1043 77 77 1044 1044 179 179 1045 1045 196 196 1046 1046 194 194 1047 1047 197 197 1048 1048 196 196 1049 1049 195 195 1050 1050 197 197 1051 1051 194 194 1052 1052 198 198 1053 1053 77 77 1054 1054 196 196 1055 1055 197 197 1056 1056 198 198 1057 1057 196 196 1058 1058 198 198 1059 1059 74 74 1060 1060 77 77 1061 1061 198 198 1062 1062 199 199 1063 1063 74 74 1064 1064 197 197 1065 1065 199 199 1066 1066 198 198 1067 1067 74 74 1068 1068 199 199 1069 1069 75 75 1070 1070 197 197 1071 1071 200 200 1072 1072 199 199 1073 1073 195 195 1074 1074 200 200 1075 1075 197 197 1076 1076 201 201 1077 1077 75 75 1078 1078 199 199 1079 1079 200 200 1080 1080 201 201 1081 1081 199 199 1082 1082 201 201 1083 1083 78 78 1084 1084 75 75 1085 1085 202 202 1086 1086 78 78 1087 1087 201 201 1088 1088 200 200 1089 1089 202 202 1090 1090 201 201 1091 1091 80 80 1092 1092 78 78 1093 1093 202 202 1094 1094 203 203 1095 1095 202 202 1096 1096 200 200 1097 1097 195 195 1098 1098 203 203 1099 1099 200 200 1100 1100 204 204 1101 1101 80 80 1102 1102 202 202 1103 1103 203 203 1104 1104 204 204 1105 1105 202 202 1106 1106 204 204 1107 1107 84 84 1108 1108 80 80 1109 1109 195 195 1110 1110 205 205 1111 1111 203 203 1112 1112 204 204 1113 1113 206 206 1114 1114 84 84 1115 1115 206 206 1116 1116 86 86 1117 1117 84 84 1118 1118 203 203 1119 1119 207 207 1120 1120 204 204 1121 1121 205 205 1122 1122 207 207 1123 1123 203 203 1124 1124 207 207 1125 1125 206 206 1126 1126 204 204 1127 1127 195 195 1128 1128 208 208 1129 1129 205 205 1130 1130 205 205 1131 1131 208 208 1132 1132 207 207 1133 1133 206 206 1134 1134 209 209 1135 1135 86 86 1136 1136 209 209 1137 1137 101 101 1138 1138 86 86 1139 1139 210 210 1140 1140 101 101 1141 1141 209 209 1142 1142 210 210 1143 1143 209 209 1144 1144 206 206 1145 1145 210 210 1146 1146 139 139 1147 1147 101 101 1148 1148 207 207 1149 1149 211 211 1150 1150 206 206 1151 1151 208 208 1152 1152 211 211 1153 1153 207 207 1154 1154 212 212 1155 1155 210 210 1156 1156 206 206 1157 1157 211 211 1158 1158 212 212 1159 1159 206 206 1160 1160 213 213 1161 1161 139 139 1162 1162 210 210 1163 1163 212 212 1164 1164 213 213 1165 1165 210 210 1166 1166 214 214 1167 1167 139 139 1168 1168 213 213 1169 1169 214 214 1170 1170 140 140 1171 1171 139 139 1172 1172 170 170 1173 1173 140 140 1174 1174 214 214 1175 1175 215 215 1176 1176 213 213 1177 1177 212 212 1178 1178 215 215 1179 1179 214 214 1180 1180 213 213 1181 1181 211 211 1182 1182 215 215 1183 1183 212 212 1184 1184 216 216 1185 1185 170 170 1186 1186 214 214 1187 1187 216 216 1188 1188 214 214 1189 1189 215 215 1190 1190 193 193 1191 1191 170 170 1192 1192 216 216 1193 1193 217 217 1194 1194 215 215 1195 1195 211 211 1196 1196 217 217 1197 1197 216 216 1198 1198 215 215 1199 1199 208 208 1200 1200 217 217 1201 1201 211 211 1202 1202 218 218 1203 1203 193 193 1204 1204 216 216 1205 1205 218 218 1206 1206 216 216 1207 1207 217 217 1208 1208 191 191 1209 1209 193 193 1210 1210 218 218 1211 1211 219 219 1212 1212 217 217 1213 1213 208 208 1214 1214 219 219 1215 1215 218 218 1216 1216 217 217 1217 1217 219 219 1218 1218 191 191 1219 1219 218 218 1220 1220 195 195 1221 1221 219 219 1222 1222 208 208 1223 1223 190 190 1224 1224 191 191 1225 1225 219 219 1226 1226 195 195 1227 1227 190 190 1228 1228 219 219 1229 1229</p>
        </triangles>
      </mesh>
    </geometry>
  </library_geometries>
  <library_controllers>
    <controller id="Armature_Body__m_Body-skin" name="Armature">
      <skin source="#Untitled-mesh">
        <bind_shape_matrix>1 1.11022e-15 -1.06165e-15 1.782e-9 1.06165e-15 -1.62921e-7 -1 6.31748e-10 -6.66133e-16 1 -1.62921e-7 6.25374e-8 0 0 0 1</bind_shape_matrix>
        <source id="Armature_Body__m_Body-skin-joints">
          <Name_array id="Armature_Body__m_Body-skin-joints-array" count="32">Skl_Root Hip LegL KneeL FootL LegR KneeR FootR Spine1 Spine2 Head Cap HairL HairR MustacheL MustacheR ShoulderL ArmL ElbowL HandL Finger1L Finger2L Thumb1L Thumb2L ShoulderR ArmR ElbowR HandR Finger1R Finger2R Thumb1R Thumb2R</Name_array>
          <technique_common>
            <accessor source="#Armature_Body__m_Body-skin-joints-array" count="32" stride="1">
              <param name="JOINT" type="name"/>
            </accessor>
          </technique_common>
        </source>
        <source id="Armature_Body__m_Body-skin-bind_poses">
          <float_array id="Armature_Body__m_Body-skin-bind_poses-array" count="512">0 -3.13916e-7 1 -6.47 1 0 0 0 0 1 3.12924e-7 -0.400001 0 0 0 1 -3.16029e-7 1.94707e-7 -1 6.37 -1 -3.62391e-7 6.19868e-7 -3.8036e-6 1.77767e-7 1 1.93715e-7 -0.4000002 0 0 0 1 -7.15256e-7 -1 -2.12342e-7 0.1723269 0 1.78571e-7 -1 5.420126 1 -1.78246e-7 -2.98023e-7 -1.149999 0 0 0 1 0 -1 -1.75089e-7 0.1723265 0 1.44913e-7 -1 3.194716 1 4.64659e-7 -3.8743e-7 -1.149998 0 0 0 1 3.7753e-7 -3.10893e-7 1 -1.583477 -3.98714e-7 -1 -2.98023e-7 0.1723271 1 1.47972e-7 -5.96046e-7 -1.149998 0 0 0 1 9.58304e-7 1 0 -0.1723242 3.23065e-7 1.55958e-7 -1 5.42013 -1 4.33742e-7 2.08616e-7 -1.150001 0 0 0 1 -0.2461534 0.9692307 2.38419e-7 -0.4500996 0 2.8563e-7 -1 3.19472 -0.969231 -0.2461538 1.49012e-7 -1.072198 0 0 0 1 0 3.40165e-7 -1 1.58348 -5.21541e-7 -1 -3.94881e-7 0.172325 -1 0 4.76837e-7 -1.150002 0 0 0 1 0 -1 -1.60187e-7 0.4 0 -1.6118e-7 1 -6.57 -1 0 0 0 0 0 0 1 0 -1 -1.60187e-7 0.4 0 -1.6118e-7 1 -7.62013 -1 0 0 0 0 0 0 1 0 -1 -1.60187e-7 0.4 0 -1.6118e-7 1 -9.120131 -1 0 0 0 0 0 0 1 -1 2.71329e-7 6.27394e-7 -7.64989e-6 0 -0.9238797 0.3826833 -4.230353 6.87987e-7 0.3826832 0.9238797 -11.25823 0 0 0 1 0.2499998 0.4330117 0.8660262 -9.306672 0.4330124 0.7500011 -0.4999989 3.280375 -0.8660255 0.4999999 1.21072e-6 0.3392199 0 0 0 1 0.2500003 -0.4330132 -0.8660253 9.306666 0.4330127 -0.7499999 0.5000004 -3.280391 -0.8660255 -0.5 4.4331e-7 -0.3392357 0 0 0 1 -0.3623712 -0.1631761 0.9176386 -9.679575 0.8516508 0.3420192 0.3971313 -3.65279 -0.3786525 0.9254167 0.01503115 2.522778 0 0 0 1 -0.3623712 0.1631736 -0.9176389 9.679599 0.8516508 -0.3420205 -0.3971306 3.652791 -0.3786527 -0.9254166 -0.01502877 -2.522801 0 0 0 1 0 0 1 -8.42013 1 -1.28861e-7 0 -0.3 1.28861e-7 1 0 -0.2999994 0 0 0 1 0 0 1 -8.420129 1 0 0 -1.700001 0 1 0 -0.2999997 0 0 0 1 0 -1.3897e-7 1 -8.42013 1 -1.22211e-7 0 -3.198001 1.19209e-7 1 1.37836e-7 -0.2999999 0 0 0 1 -3.76409e-7 -1.5236e-7 1 -8.420128 1 -1.43437e-7 5.36442e-7 -4.605485 1.43051e-7 1 1.52737e-7 -0.3000001 0 0 0 1 -1.34599e-7 -1.23684e-7 1 -9.032773 1 0 1.19209e-7 -6.417482 0 1 1.2666e-7 -0.2999213 0 0 0 1 -1.34599e-7 -1.60936e-7 1 -9.032772 1 -1.46422e-7 0 -7.217482 1.44542e-7 1 1.60187e-7 -0.2999218 0 0 0 1 -2.39008e-7 -2.39008e-7 1 -8.019792 0.8660255 -0.5000002 0 -5.681815 0.5000002 0.8660254 3.8743e-7 -2.281872 0 0 0 1 -1.19504e-7 -1.79256e-7 1 -8.019794 0.8660255 -0.5000001 0 -6.209965 0.5000001 0.8660253 1.78814e-7 -2.28187 0 0 0 1 0 1.36771e-7 -1 8.420133 -1 -1.26588e-7 0 -0.3 -1.26588e-7 1 1.37836e-7 -0.2999999 0 0 0 1 0 1.51188e-7 -1 8.420133 -1 -1.39263e-7 0 -1.700001 -1.3411e-7 1 1.52737e-7 -0.3 0 0 0 1 0 1.3897e-7 -1 8.420133 -1 -1.32198e-7 0 -3.198001 -1.3411e-7 1 1.37836e-7 -0.3 0 0 0 1 0 1.21152e-7 -1 8.420133 -1 0 0 -4.60548 0 1 1.22935e-7 -0.2999997 0 0 0 1 0 1.23684e-7 -1 9.032773 -1 0 0 -6.41748 0 1 1.22935e-7 -0.2999217 0 0 0 1 0 1.60936e-7 -1 9.032773 -1 -1.48291e-7 0 -7.217481 -1.49012e-7 1 1.60187e-7 -0.2999223 0 0 0 1 1.19504e-7 0 -1 8.019794 -0.8660255 -0.5000001 0 -5.681814 -0.5000002 0.8660254 0 -2.281869 0 0 0 1 1.19504e-7 1.79256e-7 -1 8.019794 -0.8660256 -0.5 0 -6.209963 -0.5000001 0.8660253 1.49012e-7 -2.281865 0 0 0 1</float_array>
          <technique_common>
            <accessor source="#Armature_Body__m_Body-skin-bind_poses-array" count="32" stride="16">
              <param name="TRANSFORM" type="float4x4"/>
            </accessor>
          </technique_common>
        </source>
        <source id="Armature_Body__m_Body-skin-weights">
          <float_array id="Armature_Body__m_Body-skin-weights-array" count="3696">1 1 1 1 1 1 1 0.4980393 0.5019608 0.4980393 0.5019608 0.2509804 0.7490196 0.2509804 0.7490196 0.2509804 0.7490196 0.4980393 0.5019608 0.4980393 0.5019608 1 1 1 1 1 1 1 1 1 1 1 1 1 1 1 1 1 1 1 1 1 1 1 1 1 1 1 1 1 1 1 1 1 1 1 1 1 1 1 1 1 1 1 1 1 1 1 1 1 1 1 1 1 1 1 1 1 1 1 1 1 1 1 1 1 1 1 1 1 1 1 1 1 1 1 1 1 1 1 1 1 1 1 1 1 1 1 1 1 1 1 1 1 1 1 1 1 1 1 1 1 1 0.4980393 0.5019608 1 0.4980393 0.5019608 1 0.4980393 0.5019608 0.4980393 0.5019608 1 0.4980393 0.5019608 1 0.4980393 0.5019608 1 1 0.4980393 0.5019608 1 0.4980393 0.5019608 1 0.4980393 0.5019608 0.4980393 0.5019608 1 0.4980393 0.5019608 1 1 1 1 1 1 1 1 1 1 1 1 1 1 1 1 1 1 1 1 1 1 1 1 1 1 1 1 1 1 1 1 1 1 1 1 1 1 1 1 1 1 1 1 1 1 1 1 1 1 1 1 1 1 1 1 1 1 1 1 1 1 1 1 1 1 1 1 1 1 1 1 1 1 1 1 1 1 1 1 1 1 1 1 1 1 1 1 1 1 0.7490196 0.2509804 0.7490196 0.2509804 0.4980393 0.5019608 0.7490196 0.2509804 0.4980393 0.2509804 0.2509804 0.4980393 0.5019608 0.4980393 0.5019608 0.2509804 0.7490196 0.7490196 0.2509804 1 0.7490196 0.2509804 0.2509804 0.7490196 0.2509804 0.7490196 1 0.7490196 0.2509804 0.4980393 0.5019608 0.7490196 0.2509804 0.2509804 0.7490196 0.4980393 0.5019608 0.2509804 0.2509804 0.4980393 0.2509804 0.7490196 0.2509804 0.7490196 0.4980393 0.5019608 1 0.4980393 0.2509804 0.2509804 0.4980393 0.5019608 0.4980393 0.2509804 0.2509804 0.7490196 0.2509804 1 1 0.7490196 0.2509804 1 0.7490196 0.2509804 0.7490196 0.2509804 1 0.7490196 0.2509804 1 0.7490196 0.2509804 0.7490196 0.2509804 1 0.7490196 0.2509804 1 0.7490196 0.2509804 1 0.7490196 0.2509804 1 0.7490196 0.2509804 0.7490196 0.2509804 1 0.7490196 0.2509804 1 1 0.2509804 0.7490196 1 1 0.4980393 0.5019608 1 0.4980393 0.5019608 0.4980393 0.5019608 1 1 0.7490196 0.2509804 1 0.7490196 0.2509804 1 1 0.7490196 0.2509804 1 1 0.7490196 0.2509804 1 0.7490196 0.2509804 0.4980393 0.5019608 0.7490196 0.2509804 0.4980393 0.2509804 0.2509804 0.4980393 0.5019608 0.4980393 0.5019608 0.2509804 0.7490196 1 0.7490196 0.2509804 0.7490196 0.2509804 0.2509804 0.7490196 0.2509804 0.7490196 1 0.7490196 0.2509804 0.4980393 0.5019608 0.7490196 0.2509804 0.2509804 0.7490196 0.2509804 0.2509804 0.4980393 0.4980393 0.5019608 0.4980393 0.5019608 0.2509804 0.7490196 0.2509804 0.7490196 0.4980393 0.5019608 1 0.4980393 0.2509804 0.2509804 0.4980393 0.5019608 0.2509804 0.7490196 0.4980393 0.2509804 0.2509804 0.7490196 0.2509804 1 1 0.7490196 0.2509804 1 0.7490196 0.2509804 0.7490196 0.2509804 1 1 0.7490196 0.2509804 1 0.7490196 0.2509804 0.7490196 0.2509804 1 0.7490196 0.2509804 1 0.7490196 0.2509804 0.7490196 0.2509804 1 0.7490196 0.2509804 0.7490196 0.2509804 1 1 1 0.7490196 0.2509804 1 1 0.4980393 0.5019608 1 0.4980393 0.5019608 1 0.7490196 0.2509804 1 1 0.7490196 0.2509804 1 1 0.7490196 0.2509804 1 1 1 1 1 1 1 1 1 1 1 1 1 1 1 1 1 1 1 1 1 1 1 1 1 1 1 1 1 1 1 1 1 1 1 1 1 1 1 1 1 1 1 1 1 1 1 1 1 1 1 1 1 1 1 1 1 1 1 1 1 1 1 1 1 1 1 1 1 1 1 1 1 1 1 1 1 1 1 1 1 1 1 1 1 1 1 1 1 1 1 1 1 1 1 1 1 1 1 1 1 1 1 1 1 1 1 1 1 1 1 1 1 1 1 1 1 1 1 1 1 1 1 1 1 0.2509804 0.7490196 1 0.2509804 0.7490196 0.2509804 0.7490196 0.2509804 0.7490196 0.2509804 0.7490196 0.2509804 0.7490196 0.2509804 0.7490196 1 1 1 1 1 0.2509804 0.4980393 0.2509804 1 1 1 1 1 0.2509804 0.4980393 0.2509804 0.2509804 0.4980393 0.2509804 0.2509804 0.4980393 0.2509804 0.2509804 0.4980393 0.2509804 0.2509804 0.4980393 0.2509804 0.2509804 0.4980393 0.2509804 1 1 1 1 0.2509804 0.2509804 0.4980393 1 0.2509804 0.2509804 0.4980393 1 1 1 1 0.2509804 0.2509804 0.4980393 1 1 0.2509804 0.2509804 0.4980393 0.2509804 0.2509804 0.4980393 0.2509804 0.2509804 0.4980393 0.2509804 0.2509804 0.4980393 1 1 1 1 1 0.2509804 0.7490196 0.2509804 0.7490196 1 0.2509804 0.7490196 0.2509804 0.7490196 0.2509804 0.7490196 0.2509804 0.7490196 1 0.2509804 0.7490196 1 1 1 1 1 1 1 1 1 1 1 1 1 1 1 1 1 1 1 1 1 1 1 1 1 1 1 1 1 1 0.7490196 0.2509804 1 1 1 1 1 1 1 0.4980393 0.5019608 0.4980393 0.5019608 0.4980393 0.5019608 0.6980392 0.3019608 0.1411764 0.2784314 0.2784314 0.3019608 0.4980393 0.5019608 0.7490196 0.2509804 0.7490196 0.2509804 0.4980393 0.5019608 0.6980392 0.3019608 0.4980393 0.5019608 1 1 0.6980392 0.3019608 0.7490196 0.2509804 1 1 0.4980393 0.5019608 1 1 0.7490196 0.2509804 0.4980393 0.5019608 1 0.7490196 0.2509804 0.7490196 0.2509804 0.7490196 0.2509804 0.7490196 0.2509804 0.7490196 0.2509804 0.7490196 0.2509804 1 0.7490196 0.2509804 0.7490196 0.2509804 0.7490196 0.2509804 1 1 1 1 1 0.4980393 0.5019608 0.6980392 0.3019608 0.4980393 0.5019608 0.6980392 0.3019608 1 1 1 1 1 1 1 1 0.7490196 0.2509804 1 0.4980393 0.5019608 1 1 0.6980392 0.3019608 1 0.6980392 0.3019608 0.7490196 0.2509804 0.4980393 0.5019608 0.7490196 0.2509804 0.7490196 0.2509804 0.4980393 0.5019608 0.1411764 0.2784314 0.2784314 0.3019608 0.4980393 0.5019608 0.7490196 0.2509804 0.4980393 0.5019608 1 1 1 1 1 1 1 1 0.7490196 0.2509804 0.4980393 0.5019608 1 0.4980393 0.5019608 1 1 0.4980393 0.5019608 1 1 0.4980393 0.5019608 1 1 1 1 1 0.4980393 0.5019608 1 1 1 1 1 1 1 1 1 1 1 1 1 1 1 1 1 1 1 1 1 1 1 1 1 1 0.4980393 0.5019608 1 1 1 0.4980393 0.5019608 0.4980393 0.5019608 0.4980393 0.5019608 0.7490196 0.2509804 0.7490196 0.2509804 0.7490196 0.2509804 1 1 1 1 1 0.7490196 0.2509804 1 1 0.7490196 0.2509804 0.7490196 0.2509804 0.4980393 0.5019608 0.4980393 0.5019608 0.4980393 0.5019608 1 1 1 1 1 0.4980393 0.5019608 1 1 1 1 1 0.4980393 0.5019608 1 1 0.4980393 0.5019608 1 1 0.4980393 0.5019608 1 1 1 1 1 1 1 1 1 1 1 1 1 1 1 1 1 1 1 1 1 1 1 1 1 1 1 1 0.7490196 0.2509804 0.4980393 0.5019608 0.4980393 0.5019608 1 0.6980392 0.3019608 0.1411764 0.2784314 0.2784314 0.3019608 0.6980392 0.3019608 0.7490196 0.2509804 0.6980392 0.3019608 0.4980393 0.5019608 0.7490196 0.2509804 1 0.4980393 0.5019608 0.4980393 0.5019608 0.7490196 0.2509804 1 1 1 1 0.6980392 0.3019608 1 0.4980393 0.5019608 1 0.6980392 0.3019608 1 0.4980393 0.5019608 0.7490196 0.2509804 0.4980393 0.2509804 0.2509804 1 0.4980393 0.5019608 0.7490196 0.2509804 1 0.7490196 0.2509804 0.4980393 0.5019608 1 1 0.2509804 0.7490196 1 0.2509804 0.7490196 1 1 0.2509804 0.7490196 1 1 0.2509804 0.7490196 0.2509804 0.7490196 0.2509804 0.2509804 0.4980393 1 0.4980393 0.5019608 0.4980393 0.5019608 0.4980393 0.2509804 0.2509804 0.4980393 0.2509804 0.2509804 0.7490196 0.2509804 0.7490196 0.2509804 0.7490196 0.2509804 1 0.7490196 0.2509804 0.7490196 0.2509804 1 1 1 1 1 1 1 1 1 1 0.2509804 0.7490196 0.2509804 0.7490196 1 0.4980393 0.5019608 0.2509804 0.7490196 1 1 0.2509804 0.7490196 0.2509804 0.7490196 0.2509804 0.2509804 0.4980393 0.7490196 0.2509804 0.4980393 0.2509804 0.2509804 0.4980393 0.5019608 0.7490196 0.2509804 0.7490196 0.2509804 1 1 1 0.4980393 0.5019608 1 1 0.4980393 0.5019608 0.4980393 0.5019608 0.4980393 0.5019608 0.6980392 0.3019608 0.6980392 0.3019608 0.6980392 0.3019608 0.1411764 0.2784314 0.2784314 0.3019608 1 0.6980392 0.3019608 0.7490196 0.2509804 1 0.7490196 0.2509804 0.4980393 0.5019608 0.4980393 0.5019608 0.7490196 0.2509804 1 1 1 0.7490196 0.2509804 0.7490196 0.2509804 0.7490196 0.2509804 1 0.7490196 0.2509804 0.4980393 0.5019608 0.4980393 0.5019608 0.4980393 0.5019608 0.4980393 0.5019608 0.4980393 0.5019608 1 1 1 1 1 1 1 1 1 1 1 1 1 1 1 1 1 1 1 1 1 1 1 0.4980393 0.5019608 0.7490196 0.2509804 0.7490196 0.2509804 0.7490196 0.2509804 1 0.4980393 0.5019608 0.4980393 0.2509804 0.2509804 0.4980393 0.2509804 0.2509804 0.7490196 0.2509804 0.7490196 0.2509804 1 1 1 1 1 1 1 1 1 1 1 1 1 1 1 1 1 1 1 1 1 1 1 0.2509804 0.7490196 1 1 0.4980393 0.5019608 0.4980393 0.5019608 1 0.6313726 0.3686274 0.7490196 0.2509804 0.7490196 0.2509804 0.7490196 0.2509804 0.4980393 0.5019608 0.6313726 0.3686274 0.6313726 0.3686274 0.7490196 0.2509804 0.7490196 0.2509804 0.4980393 0.5019608 0.4980393 0.5019608 0.2509804 0.7490196 1 1 1 1 1 1 1 1 1 1 1 1 1 0.2509804 0.7490196 0.2509804 0.7490196 1 1 0.2509804 0.7490196 1 1 1 0.4980393 0.5019608 0.4980393 0.5019608 1 1 1 0.2509804 0.7490196 1 0.2509804 0.7490196 0.2509804 0.7490196 1 1 0.2509804 0.7490196 0.1999999 0.8 1 0.1999999 0.8 1 1 1 1 0.1999999 0.8 0.2509804 0.7490196 0.2509804 0.7490196 0.2509804 0.7490196 1 1 0.4980393 0.5019608 1 0.4980393 0.5019608 1 1 0.2509804 0.7490196 0.4980393 0.5019608 1 0.2509804 0.7490196 1 0.2509804 0.7490196 1 1 1 1 1 1 1 1 1 0.2509804 0.7490196 0.2509804 0.7490196 1 0.4980393 0.5019608 1 1 0.2509804 0.7490196 1 0.2509804 0.7490196 1 0.2509804 0.7490196 0.4980393 0.5019608 1 1 1 1 1 1 1 1 1 0.2509804 0.7490196 0.2509804 0.7490196 1 0.4980393 0.5019608 1 1 0.2509804 0.7490196 0.2509804 0.7490196 1 1 1 1 0.2509804 0.7490196 1 1 1 1 1 1 0.2509804 0.7490196 0.2509804 0.7490196 1 1 0.4980393 0.5019608 0.4980393 0.5019608 1 1 0.2509804 0.7490196 0.7490196 0.2509804 0.2509804 0.7490196 0.2509804 0.7490196 0.4980393 0.5019608 0.7490196 0.2509804 0.2509804 0.7490196 0.4980393 0.5019608 1 0.2509804 0.7490196 0.4980393 0.5019608 0.4980393 0.5019608 0.2509804 0.7490196 0.4980393 0.5019608 0.7490196 0.2509804 0.2509804 0.7490196 0.4980393 0.5019608 1 1 1 1 1 0.2509804 0.7490196 0.4980393 0.5019608 0.4980393 0.5019608 1 1 1 1 1 1 0.4980393 0.5019608 0.4980393 0.5019608 0.2509804 0.7490196 0.2509804 0.7490196 1 1 1 1 0.2509804 0.7490196 1 1 0.2509804 0.7490196 1 1 1 0.4980393 0.5019608 1 0.4980393 0.5019608 1 0.4980393 0.5019608 1 0.4980393 0.5019608 1 1 0.2509804 0.7490196 0.2509804 0.7490196 0.2509804 0.7490196 1 1 1 1 1 1 0.2509804 0.7490196 0.2509804 0.7490196 1 0.4980393 0.5019608 0.2509804 0.7490196 0.4980393 0.5019608 1 1 1 1 1 1 0.4980393 0.5019608 0.4980393 0.5019608 1 1 0.2509804 0.7490196 0.4980393 0.5019608 1 1 1 0.2509804 0.7490196 0.2509804 0.7490196 0.2509804 0.7490196 1 1 1 1 1 0.2509804 0.7490196 0.2509804 0.7490196 1 1 1 1 1 0.2509804 0.7490196 1 0.2509804 0.7490196 1 0.2509804 0.7490196 1 1 1 0.4980393 0.5019608 0.4980393 0.5019608 1 1 1 0.2509804 0.7490196 1 0.2509804 0.7490196 0.2509804 0.7490196 1 1 0.2509804 0.7490196 0.1999999 0.8 1 0.1999999 0.8 1 1 1 1 0.1999999 0.8 0.2509804 0.7490196 0.2509804 0.7490196 0.2509804 0.7490196 1 1 0.4980393 0.5019608 1 0.4980393 0.5019608 1 1 0.2509804 0.7490196 0.4980393 0.5019608 1 0.2509804 0.7490196 1 0.2509804 0.7490196 1 1 1 1 1 1 1 1 1 0.2509804 0.7490196 0.2509804 0.7490196 1 0.4980393 0.5019608 1 1 0.2509804 0.7490196 1 0.2509804 0.7490196 1 0.2509804 0.7490196 0.4980393 0.5019608 1 1 1 1 1 1 1 1 1 0.2509804 0.7490196 0.2509804 0.7490196 1 0.4980393 0.5019608 1 1 0.2509804 0.7490196 0.2509804 0.7490196 1 1 1 1 0.2509804 0.7490196 1 1 1 1 1 1 0.2509804 0.7490196 0.2509804 0.7490196 1 1 0.4980393 0.5019608 0.4980393 0.5019608 1 1 0.2509804 0.7490196 0.7490196 0.2509804 0.2509804 0.7490196 0.2509804 0.7490196 0.4980393 0.5019608 0.7490196 0.2509804 0.2509804 0.7490196 0.4980393 0.5019608 1 0.2509804 0.7490196 0.4980393 0.5019608 0.4980393 0.5019608 0.2509804 0.7490196 0.4980393 0.5019608 0.7490196 0.2509804 0.2509804 0.7490196 0.4980393 0.5019608 1 1 1 1 1 0.2509804 0.7490196 0.4980393 0.5019608 0.4980393 0.5019608 1 1 1 1 1 1 0.4980393 0.5019608 0.4980393 0.5019608 0.2509804 0.7490196 0.2509804 0.7490196 1 1 1 1 0.2509804 0.7490196 1 1 0.2509804 0.7490196 1 1 1 0.4980393 0.5019608 1 0.4980393 0.5019608 1 0.4980393 0.5019608 1 0.4980393 0.5019608 1 1 0.2509804 0.7490196 0.2509804 0.7490196 0.2509804 0.7490196 1 1 1 1 1 1 0.2509804 0.7490196 0.2509804 0.7490196 1 0.4980393 0.5019608 0.2509804 0.7490196 0.4980393 0.5019608 1 1 1 1 1 1 0.4980393 0.5019608 0.4980393 0.5019608 1 1 0.2509804 0.7490196 0.4980393 0.5019608 1 1 1 0.2509804 0.7490196 0.2509804 0.7490196 0.2509804 0.7490196 1 1 1 1 1 0.2509804 0.7490196 0.2509804 0.7490196 1 1 1 1 1 1 1 1 1 1 1 1 1 1 1 1 1 1 1 1 1 1 1 1 1 1 1 1 1 1 1 1 1 1 1 1 1 1 1 1 1 1 1 1 1 1 1 1 1 1 1 1 1 1 1 1 1 1 1 1 1 1 1 1 1 1 1 1 1 1 1 1 1 1 1 1 1 1 1 1 1 1 1 1 1 1 1 1 1 1 1 1 1 1 0.4980393 0.5019608 1 0.4980393 0.5019608 1 1 0.4980393 0.5019608 1 1 1 1 1 1 0.4980393 0.5019608 1 1 1 1 1 1 1 1 0.4980393 0.5019608 0.4980393 0.5019608 1 0.4980393 0.5019608 0.4980393 0.5019608 0.4980393 0.5019608 0.4980393 0.5019608 1 1 1 0.4980393 0.5019608 1 1 1 1 1 1 1 1 1 1 0.4980393 0.5019608 1 0.4980393 0.5019608 0.4980393 0.5019608 0.4980393 0.5019608 0.4980393 0.5019608 0.4980393 0.5019608 1 0.4980393 0.5019608 1 0.4980393 0.5019608 0.4980393 0.5019608 1 1 1 0.4980393 0.5019608 0.4980393 0.5019608 1 1 1 1 1 1 1 1 1 1 1 1 1 1 1 1 1 0.4980393 0.5019608 1 1 1 1 1 1 1 1 1 1 1 1 1 1 1 1 1 1 1 1 1 1 1 1 1 1 1 1 1 1 1 1 1 1 1 1 1 1 1 1 1 1 1 1 1 1 1 1 1 1 1 1 1 1 1 1 1 1 1 1 1 1 1 1 1 1 1 1 1 1 1 1 1 1 1 1 1 1 1 1 1 1 1 1 1 1 1 1 1 1 1 1 1 1 1 1 1 1 1 1 1 1 1 1 1 1 1 1 1 1 1 1 1 1 1 1 1 1 1 1 1 1 1 1 1 1 1 1 1 1 1 1 1 1 1 1 1 1 1 1 1 1 1 1 1 1 1 1 1 1 1 1 1 1 1 1 1 1 1 1 1 1 1 1 1 1 1 1 1 1 1 1 1 1 1 1 1 1 1 1 1 1 1 1 1 1 1 1 1 1 1 1 1 1 1 0.2509804 0.7490196 0.2509804 0.7490196 0.2509804 0.7490196 0.2509804 0.7490196 0.2509804 0.7490196 0.2509804 0.7490196 0.2509804 0.7490196 0.2509804 0.7490196 0.2509804 0.7490196 0.2509804 0.7490196 0.2509804 0.7490196 0.2509804 0.7490196 0.2509804 0.7490196 0.2509804 0.7490196 0.2509804 0.7490196 0.2509804 0.7490196 0.2509804 0.7490196 0.2509804 0.7490196 0.2509804 0.7490196 0.2509804 0.7490196 0.2509804 0.7490196 0.2509804 0.7490196 0.2509804 0.7490196 0.2509804 0.7490196 0.2509804 0.7490196 0.2509804 0.7490196 0.2509804 0.7490196 0.2509804 0.7490196 0.2509804 0.7490196 0.2509804 0.7490196 0.2509804 0.7490196 0.2509804 0.7490196 0.2509804 0.7490196 0.2509804 0.7490196 0.2509804 0.7490196 0.2509804 0.7490196 0.2509804 0.7490196 0.2509804 0.7490196 0.2509804 0.7490196 0.2509804 0.7490196 0.2509804 0.7490196 0.2509804 0.7490196 0.2509804 0.7490196 0.2509804 0.7490196 0.2509804 0.7490196 0.2509804 0.7490196 0.2509804 0.7490196 0.2509804 0.7490196 0.2509804 0.7490196 0.2509804 0.7490196 0.2509804 0.7490196 0.2509804 0.7490196 0.2509804 0.7490196 0.2509804 0.7490196 0.2509804 0.7490196 0.2509804 0.7490196 0.2509804 0.7490196 0.2509804 0.7490196 0.2509804 0.7490196 0.2509804 0.7490196 0.2509804 0.7490196 0.2509804 0.7490196 0.2509804 0.7490196 0.2509804 0.7490196 0.2509804 0.7490196 0.2509804 0.7490196 0.2509804 0.7490196 0.2509804 0.7490196 0.2509804 0.7490196 0.2509804 0.7490196 0.2509804 0.7490196 0.2509804 0.7490196 0.2509804 0.7490196 0.2509804 0.7490196 0.2509804 0.7490196 0.2509804 0.7490196 0.2509804 0.7490196 0.2509804 0.7490196 0.2509804 0.7490196 0.2509804 0.7490196 0.2509804 0.7490196 0.2509804 0.7490196 1 1 1 1 1 1 1 1 1 1 1 1 1 1 1 1 1 1 1 1 1 1 1 1 1 1 1 0.7490196 0.2509804 0.7490196 0.2509804 0.2509804 0.7490196 0.2509804 0.7490196 1 0.2509804 0.7490196 1 0.4980393 0.5019608 1 0.6980392 0.3019608 0.7490196 0.2509804 1 0.7490196 0.2509804 1 1 0.6980392 0.3019608 1 1 1 1 1 1 1 1 1 1 1 0.4980393 0.5019608 1 0.7490196 0.2509804 0.2509804 0.7490196 1 0.2509804 0.7490196 0.2509804 0.7490196 0.7490196 0.2509804 0.7490196 0.2509804 1 1 1 0.7490196 0.2509804 1 1 1 1 1 1 1 1 1 1 1 1 1 1 1 1 1 1 1 1 1 1 1 1 1 1 1 1 1 1 1 1 1 1 1 1 1 1 1 1 1 1 1 1 1 1 1 1 1 1 1 1 1 1 1 0.4980393 0.5019608 1 0.4980393 0.5019608 1 1 0.4980393 0.5019608 1 1 1 0.4980393 0.5019608 1 1 1 0.2509804 0.7490196 0.2509804 0.7490196 0.2509804 0.7490196 1 1 1 0.2509804 0.7490196 1 1 0.4980393 0.5019608 0.2509804 0.7490196 1 1 0.4980393 0.5019608 1 1 0.2509804 0.7490196 1 1 0.2509804 0.7490196 1 1 1 1 0.4980393 0.5019608 1 1 0.2509804 0.7490196 1 1 1 1 1 0.4980393 0.5019608 0.4980393 0.5019608 1 0.1999999 0.8 1 1 1 1 0.4980393 0.5019608 0.4980393 0.5019608 1 1 1 1 0.4980393 0.5019608 1 1 0.4980393 0.5019608 1 1 0.2509804 0.7490196 1 0.2509804 0.7490196 0.2509804 0.7490196 1 1 1 0.2509804 0.7490196 1 1 0.4980393 0.5019608 0.2509804 0.7490196 1 1 1 0.4980393 0.5019608 1 0.2509804 0.7490196 1 1 0.2509804 0.7490196 1 1 1 1 0.4980393 0.5019608 1 0.2509804 0.7490196 1 1 1 1 1 1 0.4980393 0.5019608 0.4980393 0.5019608 1 0.1999999 0.8 1 1 1 1 1 1 1 1 1 1 1 1 1 1 1 1 1 1 1 1 1 1 1 1 1 1 1 1 1 1 1 1 1 0.4980393 0.5019608 1 1 1 1 1 1 1 1 0.4980393 0.5019608 1 0.4980393 0.5019608 1 0.4980393 0.5019608 1 0.4980393 0.5019608 1 1 1 1 0.4980393 0.5019608 0.4980393 0.5019608 1 1 0.4980393 0.5019608 0.4980393 0.5019608 1 1 1 1 1 1 1 1 1 0.4980393 0.5019608 0.4980393 0.5019608 0.7490196 0.2509804 1 0.7490196 0.2509804 0.2509804 0.7490196 0.7490196 0.2509804 0.7490196 0.2509804 1 0.7490196 0.2509804 0.7490196 0.2509804 1 0.2509804 0.7490196 0.7490196 0.2509804 0.4980393 0.5019608 0.7490196 0.2509804 0.7490196 0.2509804 1 0.7490196 0.2509804 0.4980393 0.5019608 0.4980393 0.5019608 0.7490196 0.2509804 1 0.7490196 0.2509804 0.4980393 0.5019608 1 0.7490196 0.2509804 0.7490196 0.2509804 0.2509804 0.7490196 0.7490196 0.2509804 0.7490196 0.2509804 1 0.7490196 0.2509804 0.7490196 0.2509804 1 0.2509804 0.7490196 0.7490196 0.2509804 0.4980393 0.5019608 0.7490196 0.2509804 0.7490196 0.2509804 1 0.7490196 0.2509804 0.4980393 0.5019608 0.4980393 0.5019608 0.7490196 0.2509804 1 0.7490196 0.2509804 1 1 0.4980393 0.5019608 1 1 1 1 1 1 1 1 1 1 1 1 1 1 1 1 1 1 1 1 1 1 1 1 1 1 1 1 1 1 1 1 1 1 1 1 1 1 1 1 1 1 1 1 1 1 1 1 1 1 1 1 1 1 1 0.7490196 0.2509804 1 1 0.7490196 0.2509804 0.7490196 0.2509804 1 1 1 0.4980393 0.5019608 0.4980393 0.5019608 1 0.7490196 0.2509804 0.7490196 0.2509804 0.7490196 0.2509804 1 1 1 1 0.7490196 0.2509804 1 1 0.7490196 0.2509804 0.7490196 0.2509804 1 0.7490196 0.2509804 0.7490196 0.2509804 1 0.4980393 0.5019608 0.4980393 0.5019608 0.4980393 0.5019608 1 1 1 1 1 1 1 1 1 1 1 1 1 1 1 1 1 0.7490196 0.2509804 0.7490196 0.2509804 0.2509804 0.7490196 1 1 0.2509804 0.7490196 0.7490196 0.2509804 1 1 1 1 1 1 1 1 1 1 1 1 1 1 1 1 1 1 1 1 1 0.2509804 0.7490196 0.2509804 0.7490196 1 1 0.2509804 0.4980393 0.2509804 1 1 1 1 0.2509804 0.2509804 0.4980393 1 1 1 1 0.2509804 0.7490196 1 0.2509804 0.7490196 1 1 1 1 1 1 1 1 1 1 1 1 1 1 1 1 1 1 1 1 1 1 1 1 1 1 1 1 1 1 1 1 1 1 1 1 1 1 1 1 1 1 1 1 1 1 1 1 1 1 1 1 1 1 1 1 1 1 1 1 1 1 1 1 1 1 1 0.2509804 0.7490196 0.2509804 0.7490196 0.2509804 0.7490196 0.2509804 0.7490196 0.2509804 0.7490196 0.2509804 0.7490196 0.2509804 0.7490196 0.2509804 0.7490196 0.2509804 0.7490196 0.2509804 0.7490196 0.2509804 0.7490196 0.2509804 0.7490196 0.2509804 0.7490196 0.2509804 0.7490196 0.2509804 0.7490196 0.2509804 0.7490196 0.2509804 0.7490196 0.2509804 0.7490196 0.2509804 0.7490196 0.2509804 0.7490196 1 1 1 1 1 0.4980393 0.5019608 1 1 0.4980393 0.5019608 1 1 0.4980393 0.5019608 1 1 1 1 1 1 1 1 1 1 1 1 1 1 1 1 1 1 1 1 1 0.4980393 0.5019608 1 1 1 0.4980393 0.5019608 1 0.2509804 0.7490196 0.2509804 0.7490196 0.2509804 0.7490196 1 0.4980393 0.5019608 1 0.4980393 0.5019608 1 1 1 0.2509804 0.7490196 0.2509804 0.7490196 1 0.2509804 0.7490196 1 0.2509804 0.7490196 0.4980393 0.5019608 0.2509804 0.7490196 0.4980393 0.5019608 0.4980393 0.5019608 1 1 1 1 1 1 1 0.4980393 0.5019608 1 0.4980393 0.5019608 1 1 0.2509804 0.7490196 0.4980393 0.5019608 1 0.2509804 0.7490196 0.2509804 0.7490196 1 0.4980393 0.5019608 1 0.2509804 0.7490196 1 0.2509804 0.7490196 1 0.2509804 0.7490196 1 1 0.2509804 0.7490196 0.4980393 0.5019608 0.2509804 0.7490196 0.4980393 0.5019608 0.4980393 0.5019608 1 1 1 1 1 1 1 1 1 1 1 1 1 1 1 0.2509804 0.7490196 1 1 1 1 1 0.2509804 0.4980393 0.2509804 1 1 0.2509804 0.2509804 0.4980393 1 1 0.2509804 0.7490196 1 1 1 1 1 1 1 1 1 1 1 1 1 1 1 1 1 1 1 1 1 1 0.4980393 0.5019608 0.4980393 0.5019608 1 1 1 0.7490196 0.2509804 1 1 0.7490196 0.2509804 1 1 0.2509804 0.7490196 1 0.4980393 0.5019608 1 1 1 1 0.2509804 0.7490196 0.4980393 0.5019608 1 1 1 1 1 1 1 1 1 1 1 1 1 1 1 1 1 1 0.2509804 0.7490196 0.2509804 0.7490196 0.2509804 0.7490196 0.2509804 0.7490196 0.2509804 0.7490196 0.2509804 0.7490196 0.2509804 0.7490196 0.2509804 0.7490196 0.2509804 0.7490196 0.2509804 0.7490196 0.2509804 0.7490196 0.2509804 0.7490196 1 1 0.2509804 0.7490196 0.2509804 0.7490196 1 1 1 1 1 1 1 1 1 1 1 1 1 1 1 1 1 1 1 1 1 1 1 1 1 1 1 1 1 1 1 1 1 1 1 1 1 1 1 1 1 0.4980393 0.5019608 1 0.4980393 0.5019608 0.4980393 0.5019608 1 1 1 1 1 1 0.4980393 0.5019608 1 1 1 0.4980393 0.5019608 1 0.4980393 0.5019608 1 1 0.4980393 0.5019608 1 1 1 1 1 1 1 1 1 1 1 1 1 1 1 1 1 1 1 1 1 1 1 1 1 0.7490196 0.2509804 0.1411764 0.2784314 0.2784314 0.3019608 1 0.4980393 0.5019608 0.7490196 0.2509804 1 1 1 0.4980393 0.5019608 1 1 0.7490196 0.2509804 1 1 1 0.4980393 0.5019608 0.1411764 0.2784314 0.2784314 0.3019608 1 0.7490196 0.2509804 1 1 1 1 1 1 1 0.7490196 0.2509804 0.7490196 0.2509804 0.2509804 0.7490196 1 0.7490196 0.2509804 0.7490196 0.2509804 0.2509804 0.7490196 1 1 1 1 1 1 1 1 1 1 1 1 1 1 1 1 1 1 1 1 1 1 0.4980393 0.5019608 1 1 0.4980393 0.5019608 1 0.6980392 0.3019608 1 1 0.6980392 0.3019608 0.7490196 0.2509804 0.7490196 0.2509804 1 1 1 0.1411764 0.2784314 0.2784314 0.3019608 1 1 0.1411764 0.2784314 0.2784314 0.3019608 1 1 1 1 1 1 1 1 1 0.4980393 0.5019608 0.4980393 0.5019608 1 1 0.4980393 0.5019608 0.4980393 0.5019608 1 0.7490196 0.2509804 0.7490196 0.2509804 0.7490196 0.2509804 1 0.4980393 0.5019608 1 1 0.7490196 0.2509804 0.2509804 0.7490196 0.7490196 0.2509804 0.7490196 0.2509804 0.7490196 0.2509804 1 0.7490196 0.2509804 0.7490196 0.2509804 0.7490196 0.2509804 0.4980393 0.5019608 1 0.7490196 0.2509804 1 1 0.7490196 0.2509804 0.2509804 0.7490196 0.7490196 0.2509804 0.7490196 0.2509804 1 0.7490196 0.2509804 0.2509804 0.7490196 0.7490196 0.2509804 1 1 0.2509804 0.7490196 1 1 1 1 1 1 1 1 1 1 1 1 1 1 1</float_array>
          <technique_common>
            <accessor source="#Armature_Body__m_Body-skin-weights-array" count="3696" stride="1">
              <param name="WEIGHT" type="float"/>
            </accessor>
          </technique_common>
        </source>
        <joints>
          <input semantic="JOINT" source="#Armature_Body__m_Body-skin-joints"/>
          <input semantic="INV_BIND_MATRIX" source="#Armature_Body__m_Body-skin-bind_poses"/>
        </joints>
        <vertex_weights count="2813">
          <input semantic="JOINT" source="#Armature_Body__m_Body-skin-joints" offset="0"/>
          <input semantic="WEIGHT" source="#Armature_Body__m_Body-skin-weights" offset="1"/>
          <vcount>1 1 1 1 1 1 1 2 2 2 2 2 2 2 1 1 1 1 1 1 1 1 1 1 1 1 1 1 1 1 1 1 1 1 1 1 1 1 1 1 1 1 1 1 1 1 1 1 1 1 1 1 1 1 1 1 1 1 1 1 1 1 1 1 1 1 1 1 1 1 1 1 1 1 1 1 1 1 1 1 1 1 1 1 1 1 1 1 1 1 1 1 1 1 1 1 1 1 1 1 1 1 1 1 1 1 1 1 1 1 1 1 1 1 1 1 2 1 2 1 2 2 1 2 1 2 1 1 2 1 2 1 2 2 1 2 1 1 1 1 1 1 1 1 1 1 1 1 1 1 1 1 1 1 1 1 1 1 1 1 1 1 1 1 1 1 1 1 1 1 1 1 1 1 1 1 1 1 1 1 1 1 1 1 1 1 1 1 1 1 1 1 1 1 1 1 1 1 1 1 1 1 1 1 1 1 1 1 1 1 1 1 1 1 1 1 1 1 1 1 1 1 1 1 1 1 2 2 2 2 3 2 2 2 2 1 2 2 2 1 2 2 2 2 2 3 2 2 2 1 3 2 3 2 1 1 2 1 2 2 1 2 1 2 2 1 2 1 2 1 2 1 2 2 1 2 1 1 2 1 1 2 1 2 2 1 1 2 1 2 1 1 2 1 1 2 1 2 2 2 3 2 2 2 1 2 2 2 2 1 2 2 2 2 3 2 2 2 2 2 1 3 2 2 3 2 1 1 2 1 2 2 1 1 2 1 2 2 1 2 1 2 2 1 2 2 1 1 1 2 1 1 2 1 2 1 2 1 1 2 1 1 2 1 1 1 1 1 1 1 1 1 1 1 1 1 1 1 1 1 1 1 1 1 1 1 1 1 1 1 1 1 1 1 1 1 1 1 1 1 1 1 1 1 1 1 1 1 1 1 1 1 1 1 1 1 1 1 1 1 1 1 1 1 1 1 1 1 1 1 1 1 1 1 1 1 1 1 1 1 1 1 1 1 1 1 1 1 1 1 1 1 1 1 1 1 1 1 1 1 1 1 1 1 1 1 1 1 1 1 1 1 1 1 1 1 1 1 1 1 1 1 1 1 1 1 1 1 2 1 2 2 2 2 2 2 1 1 1 1 1 3 1 1 1 1 1 3 3 3 3 3 3 1 1 1 1 3 1 3 1 1 1 1 3 1 1 3 3 3 3 1 1 1 1 1 2 2 1 2 2 2 2 1 2 1 1 1 1 1 1 1 1 1 1 1 1 1 1 1 1 1 1 1 1 1 1 1 1 1 1 1 1 1 1 2 1 1 1 1 1 1 1 2 2 2 2 4 2 2 2 2 2 2 1 1 2 2 1 1 2 1 1 2 2 1 2 2 2 2 2 2 1 2 2 2 1 1 1 1 1 2 2 2 2 1 1 1 1 1 1 1 1 2 1 2 1 1 2 1 2 2 2 2 2 2 4 2 2 2 1 1 1 1 1 1 1 1 2 2 1 2 1 1 2 1 1 2 1 1 1 1 1 2 1 1 1 1 1 1 1 1 1 1 1 1 1 1 1 1 1 1 1 1 1 1 1 1 1 1 2 1 1 1 2 2 2 2 2 2 1 1 1 1 1 2 1 1 2 2 2 2 2 1 1 1 1 1 2 1 1 1 1 1 2 1 1 2 1 1 2 1 1 1 1 1 1 1 1 1 1 1 1 1 1 1 1 1 1 1 1 1 1 1 1 1 1 1 1 2 2 2 1 2 4 2 2 2 2 2 1 2 2 2 1 1 1 1 2 1 2 1 2 1 2 2 3 1 2 2 1 2 2 1 1 2 1 2 1 1 2 1 1 2 2 3 1 2 2 3 3 2 2 2 1 2 2 1 1 1 1 1 1 1 1 1 1 2 2 1 2 2 1 1 2 2 3 2 3 2 2 2 1 1 1 2 1 1 2 2 2 2 2 2 4 1 2 2 1 2 2 2 2 1 1 1 2 2 2 1 2 2 2 2 2 2 1 1 1 1 1 1 1 1 1 1 1 1 1 1 1 1 1 1 1 1 1 1 1 2 2 2 2 1 2 3 3 2 2 1 1 1 1 1 1 1 1 1 1 1 1 1 1 1 1 1 1 1 1 1 1 1 2 1 1 2 2 1 2 2 2 2 2 2 2 2 2 2 2 2 1 1 1 1 1 1 1 1 1 1 1 1 1 2 2 1 1 2 1 1 1 2 2 1 1 1 2 1 2 2 1 1 2 2 1 2 1 1 1 1 2 2 2 2 1 1 2 1 2 1 1 2 2 1 2 1 2 1 1 1 1 1 1 1 1 1 2 2 1 2 1 1 2 1 2 1 2 2 1 1 1 1 1 1 1 1 1 2 2 1 2 1 1 2 2 1 1 1 1 2 1 1 1 1 1 1 2 2 1 1 2 2 1 1 2 2 2 2 2 2 2 2 1 2 2 2 2 2 2 2 2 1 1 1 1 1 2 2 2 1 1 1 1 1 1 2 2 2 2 1 1 1 1 2 1 1 2 1 1 1 2 1 2 1 2 1 2 1 1 2 2 2 1 1 1 1 1 1 2 2 1 2 2 2 1 1 1 1 1 1 2 2 1 1 2 2 1 1 1 2 2 2 1 1 1 1 1 2 2 1 1 1 1 1 2 1 2 1 2 1 1 1 2 2 1 1 1 2 1 2 2 1 1 2 2 1 2 1 1 1 1 2 2 2 2 1 1 2 1 2 1 1 2 2 1 2 1 2 1 1 1 1 1 1 1 1 1 2 2 1 2 1 1 2 1 2 1 2 2 1 1 1 1 1 1 1 1 1 2 2 1 2 1 1 2 2 1 1 1 1 2 1 1 1 1 1 1 2 2 1 1 2 2 1 1 2 2 2 2 2 2 2 2 1 2 2 2 2 2 2 2 2 1 1 1 1 1 2 2 2 1 1 1 1 1 1 2 2 2 2 1 1 1 1 2 1 1 2 1 1 1 2 1 2 1 2 1 2 1 1 2 2 2 1 1 1 1 1 1 2 2 1 2 2 2 1 1 1 1 1 1 2 2 1 1 2 2 1 1 1 2 2 2 1 1 1 1 1 2 2 1 1 1 1 1 1 1 1 1 1 1 1 1 1 1 1 1 1 1 1 1 1 1 1 1 1 1 1 1 1 1 1 1 1 1 1 1 1 1 1 1 1 1 1 1 1 1 1 1 1 1 1 1 1 1 1 1 1 1 1 1 1 1 1 1 1 1 1 1 1 1 1 1 1 1 1 1 1 1 1 1 1 1 1 1 1 1 1 1 1 1 1 1 1 2 1 2 1 1 2 1 1 1 1 1 1 2 1 1 1 1 1 1 1 1 2 2 1 2 2 2 2 1 1 1 2 1 1 1 1 1 1 1 1 1 1 2 1 2 2 2 2 2 1 2 1 2 2 1 1 1 2 2 1 1 1 1 1 1 1 1 1 1 1 1 1 1 1 1 1 2 1 1 1 1 1 1 1 1 1 1 1 1 1 1 1 1 1 1 1 1 1 1 1 1 1 1 1 1 1 1 1 1 1 1 1 1 1 1 1 1 1 1 1 1 1 1 1 1 1 1 1 1 1 1 1 1 1 1 1 1 1 1 1 1 1 1 1 1 1 1 1 1 1 1 1 1 1 1 1 1 1 1 1 1 1 1 1 1 1 1 1 1 1 1 1 1 1 1 1 1 1 1 1 1 1 1 1 1 1 1 1 1 1 1 1 1 1 1 1 1 1 1 1 1 1 1 1 1 1 1 1 1 1 1 1 1 1 1 1 1 1 1 1 1 1 1 1 1 1 1 1 1 1 1 1 1 1 1 1 1 1 1 1 1 1 1 1 1 1 1 1 1 1 1 1 1 1 1 1 1 1 1 1 1 1 1 1 1 1 1 1 1 1 1 1 2 2 2 2 2 2 2 2 2 2 2 2 2 2 2 2 2 2 2 2 2 2 2 2 2 2 2 2 2 2 2 2 2 2 2 2 2 2 2 2 2 2 2 2 2 2 2 2 2 2 2 2 2 2 2 2 2 2 2 2 2 2 2 2 2 2 2 2 2 2 2 2 2 2 2 2 2 2 2 2 2 2 1 1 1 1 1 1 1 1 1 1 1 1 1 1 1 1 1 1 1 1 1 1 1 1 1 1 1 2 2 2 2 1 2 1 2 1 2 2 1 2 1 1 2 1 1 1 1 1 1 1 1 1 1 1 2 1 2 2 1 2 2 2 2 1 1 1 2 1 1 1 1 1 1 1 1 1 1 1 1 1 1 1 1 1 1 1 1 1 1 1 1 1 1 1 1 1 1 1 1 1 1 1 1 1 1 1 1 1 1 1 1 1 1 1 1 1 1 1 1 1 1 1 2 1 2 1 1 2 1 1 1 2 1 1 1 2 2 2 1 1 1 2 1 1 2 2 1 1 2 1 1 2 1 1 2 1 1 1 1 2 1 1 2 1 1 1 1 1 2 2 1 2 1 1 1 1 2 2 1 1 1 1 2 1 1 2 1 1 2 1 2 2 1 1 1 2 1 1 2 2 1 1 1 2 1 2 1 1 2 1 1 1 1 2 1 2 1 1 1 1 1 1 2 2 1 2 1 1 1 1 1 1 1 1 1 1 1 1 1 1 1 1 1 1 1 1 1 1 1 1 1 1 1 1 1 1 1 1 1 2 1 1 1 1 1 1 1 1 2 1 2 1 2 1 2 1 1 1 1 2 2 1 1 2 2 1 1 1 1 1 1 1 1 1 2 2 2 1 2 2 2 2 1 2 2 1 2 2 2 2 2 1 2 2 2 2 1 2 2 1 2 2 2 2 2 1 2 2 1 2 2 2 2 2 1 2 2 2 2 1 2 1 1 2 1 1 1 1 1 1 1 1 1 1 1 1 1 1 1 1 1 1 1 1 1 1 1 1 1 1 1 1 1 1 1 1 1 1 1 1 1 1 1 1 1 1 1 1 1 1 1 1 1 1 1 1 1 1 1 2 1 1 2 2 1 1 1 2 2 1 2 2 2 1 1 1 1 2 1 1 2 2 1 2 2 1 2 2 2 1 1 1 1 1 1 1 1 1 1 1 1 1 1 1 1 1 2 2 2 1 1 2 2 1 1 1 1 1 1 1 1 1 1 1 1 1 1 1 1 1 1 1 1 1 2 2 1 1 3 1 1 1 1 3 1 1 1 1 2 1 2 1 1 1 1 1 1 1 1 1 1 1 1 1 1 1 1 1 1 1 1 1 1 1 1 1 1 1 1 1 1 1 1 1 1 1 1 1 1 1 1 1 1 1 1 1 1 1 1 1 1 1 1 1 1 1 1 1 1 1 1 1 1 1 1 1 1 1 2 2 2 2 2 2 2 2 2 2 2 2 2 2 2 2 2 2 2 2 1 1 1 1 1 2 1 1 2 1 1 2 1 1 1 1 1 1 1 1 1 1 1 1 1 1 1 1 1 1 1 1 1 2 1 1 1 2 1 2 2 2 1 2 1 2 1 1 1 2 2 1 2 1 2 2 2 2 2 1 1 1 1 1 1 1 2 1 2 1 1 2 2 1 2 2 1 2 1 2 1 2 1 2 1 1 2 2 2 2 2 1 1 1 1 1 1 1 1 1 1 1 1 1 1 1 2 1 1 1 1 1 3 1 1 3 1 1 2 1 1 1 1 1 1 1 1 1 1 1 1 1 1 1 1 1 1 1 1 1 1 2 2 1 1 1 2 1 1 2 1 1 2 1 2 1 1 1 1 2 2 1 1 1 1 1 1 1 1 1 1 1 1 1 1 1 1 1 1 2 2 2 2 2 2 2 2 2 2 2 2 1 1 2 2 1 1 1 1 1 1 1 1 1 1 1 1 1 1 1 1 1 1 1 1 1 1 1 1 1 1 1 1 1 1 1 1 1 1 1 1 1 1 1 1 1 2 1 2 2 1 1 1 1 1 1 2 1 1 1 2 1 2 1 1 2 1 1 1 1 1 1 1 1 1 1 1 1 1 1 1 1 1 1 1 1 1 1 1 1 1 2 4 1 2 2 1 1 1 2 1 1 2 1 1 1 2 4 1 2 1 1 1 1 1 1 1 2 2 2 1 2 2 2 1 1 1 1 1 1 1 1 1 1 1 1 1 1 1 1 1 1 1 1 1 1 2 1 1 2 1 2 1 1 2 2 2 1 1 1 4 1 1 4 1 1 1 1 1 1 1 1 1 2 2 1 1 2 2 1 2 2 2 1 2 1 1 2 2 2 2 2 1 2 2 2 2 1 2 1 1 2 2 2 2 1 2 2 2 1 1 2 1 1 1 1 1 1 1 1 1 1 1 1 1 1 1 </vcount>
          <v>10 0 10 1 10 2 10 3 10 4 10 5 28 6 27 7 28 8 27 9 28 10 18 11 19 12 18 13 19 14 18 15 19 16 19 17 20 18 19 19 20 20 20 21 10 22 10 23 10 24 10 25 10 26 10 27 10 28 10 29 10 30 10 31 10 32 10 33 10 34 10 35 10 36 10 37 10 38 10 39 10 40 10 41 10 42 10 43 10 44 10 45 10 46 10 47 10 48 10 49 10 50 10 51 10 52 10 53 10 54 10 55 10 56 10 57 10 58 10 59 10 60 10 61 10 62 10 63 10 64 10 65 10 66 10 67 10 68 10 69 10 70 10 71 10 72 10 73 10 74 10 75 10 76 10 77 10 78 10 79 10 80 10 81 10 82 10 83 10 84 10 85 10 86 10 87 10 88 10 89 10 90 10 91 10 92 10 93 10 94 10 95 10 96 10 97 10 98 10 99 10 100 10 101 10 102 10 103 4 104 4 105 4 106 4 107 4 108 4 109 4 110 4 111 4 112 4 113 4 114 4 115 4 116 4 117 4 118 4 119 4 120 4 121 9 122 9 123 10 124 9 125 9 126 10 127 9 128 9 129 10 130 9 131 10 132 9 133 9 134 10 135 9 136 9 137 10 138 9 139 9 140 9 141 10 142 9 143 9 144 10 145 9 146 9 147 10 148 9 149 10 150 9 151 9 152 10 153 9 154 11 155 11 156 11 157 11 158 11 159 11 160 11 161 11 162 11 163 11 164 11 165 11 166 11 167 11 168 11 169 11 170 11 171 11 172 11 173 11 174 11 175 11 176 11 177 11 178 11 179 11 180 11 181 11 182 11 183 11 184 11 185 11 186 11 187 11 188 11 189 11 190 11 191 11 192 11 193 11 194 11 195 11 196 11 197 11 198 11 199 11 200 11 201 11 202 11 203 11 204 11 205 11 206 11 207 11 208 11 209 11 210 11 211 11 212 7 213 7 214 7 215 7 216 7 217 7 218 7 219 7 220 7 221 7 222 7 223 7 224 7 225 7 226 7 227 7 228 7 229 7 230 9 231 9 232 9 233 9 234 9 235 9 236 9 237 9 238 9 239 9 240 9 241 8 242 8 243 24 244 25 245 24 246 25 247 9 248 24 249 8 250 9 251 8 252 9 253 24 254 9 255 24 256 24 257 25 258 9 259 24 260 24 261 25 262 26 263 24 264 25 265 9 266 24 267 9 268 24 269 25 270 24 271 25 272 24 273 25 274 24 275 25 276 9 277 24 278 24 279 25 280 8 281 9 282 24 283 24 284 25 285 24 286 25 287 24 288 25 289 24 290 8 291 9 292 24 293 24 294 25 295 8 296 9 297 24 298 8 299 9 300 8 301 8 302 24 303 25 304 8 305 24 306 25 307 24 308 25 309 26 310 25 311 26 312 26 313 26 314 27 315 26 316 27 317 26 318 26 319 27 320 25 321 25 322 26 323 26 324 26 325 27 326 26 327 26 328 27 329 25 330 26 331 26 332 26 333 27 334 26 335 25 336 24 337 25 338 25 339 25 340 25 341 26 342 26 343 25 344 26 345 25 346 26 347 26 348 26 349 26 350 27 351 26 352 26 353 27 354 26 355 26 356 26 357 27 358 26 359 8 360 16 361 17 362 8 363 16 364 17 365 9 366 16 367 8 368 9 369 8 370 9 371 16 372 9 373 16 374 16 375 17 376 9 377 16 378 18 379 16 380 17 381 16 382 17 383 9 384 16 385 9 386 16 387 17 388 16 389 17 390 17 391 18 392 16 393 17 394 9 395 16 396 8 397 9 398 16 399 16 400 17 401 16 402 17 403 16 404 17 405 16 406 17 407 16 408 17 409 16 410 8 411 9 412 16 413 16 414 17 415 16 416 17 417 8 418 9 419 16 420 8 421 9 422 8 423 8 424 16 425 17 426 8 427 16 428 17 429 16 430 17 431 18 432 17 433 17 434 18 435 18 436 18 437 19 438 18 439 19 440 18 441 18 442 19 443 18 444 18 445 19 446 17 447 18 448 18 449 18 450 19 451 17 452 18 453 17 454 18 455 18 456 18 457 19 458 17 459 17 460 17 461 18 462 18 463 17 464 18 465 18 466 18 467 19 468 18 469 18 470 18 471 19 472 18 473 18 474 18 475 19 476 18 477 7 478 7 479 7 480 7 481 7 482 7 483 7 484 7 485 7 486 7 487 7 488 7 489 7 490 7 491 7 492 7 493 7 494 7 495 7 496 7 497 7 498 7 499 7 500 7 501 7 502 7 503 7 504 7 505 7 506 7 507 7 508 7 509 7 510 7 511 7 512 7 513 7 514 7 515 7 516 7 517 7 518 7 519 7 520 7 521 7 522 7 523 7 524 7 525 7 526 7 527 7 528 7 529 7 530 7 531 7 532 7 533 7 534 7 535 7 536 7 537 7 538 7 539 7 540 7 541 7 542 7 543 7 544 7 545 7 546 7 547 7 548 7 549 7 550 7 551 7 552 7 553 7 554 7 555 7 556 7 557 7 558 7 559 7 560 7 561 7 562 7 563 7 564 7 565 7 566 10 567 10 568 10 569 10 570 10 571 10 572 10 573 10 574 10 575 10 576 10 577 10 578 10 579 10 580 10 581 10 582 10 583 10 584 10 585 10 586 10 587 10 588 10 589 10 590 10 591 10 592 10 593 10 594 10 595 10 596 10 597 10 598 10 599 10 600 10 601 10 602 12 603 10 604 10 605 12 606 10 607 12 608 10 609 12 610 10 611 12 612 10 613 12 614 10 615 12 616 10 617 10 618 10 619 10 620 10 621 10 622 12 623 13 624 10 625 10 626 10 627 10 628 10 629 10 630 12 631 13 632 10 633 12 634 13 635 10 636 12 637 13 638 10 639 12 640 13 641 10 642 12 643 13 644 10 645 12 646 13 647 10 648 10 649 10 650 10 651 10 652 12 653 13 654 10 655 10 656 12 657 13 658 10 659 10 660 10 661 10 662 10 663 12 664 13 665 10 666 10 667 10 668 12 669 13 670 10 671 12 672 13 673 10 674 12 675 13 676 10 677 12 678 13 679 10 680 10 681 10 682 10 683 10 684 10 685 13 686 10 687 13 688 10 689 10 690 13 691 10 692 13 693 10 694 13 695 10 696 13 697 10 698 10 699 13 700 10 701 10 702 10 703 10 704 10 705 10 706 10 707 10 708 10 709 10 710 10 711 10 712 10 713 10 714 10 715 10 716 10 717 10 718 10 719 10 720 10 721 10 722 10 723 10 724 10 725 10 726 10 727 10 728 8 729 8 730 8 731 9 732 8 733 8 734 8 735 8 736 8 737 8 738 8 739 1 740 8 741 1 742 8 743 1 744 8 745 1 746 8 747 0 748 1 749 2 750 8 751 1 752 8 753 1 754 2 755 1 756 2 757 1 758 2 759 1 760 8 761 1 762 2 763 2 764 1 765 1 766 8 767 1 768 2 769 8 770 8 771 1 772 2 773 8 774 8 775 8 776 9 777 1 778 8 779 8 780 8 781 9 782 8 783 9 784 8 785 9 786 8 787 9 788 8 789 9 790 8 791 9 792 8 793 8 794 9 795 8 796 9 797 8 798 9 799 8 800 8 801 8 802 8 803 8 804 1 805 8 806 1 807 8 808 1 809 8 810 1 811 8 812 1 813 1 814 1 815 1 816 1 817 1 818 1 819 1 820 1 821 2 822 1 823 1 824 2 825 1 826 1 827 1 828 8 829 1 830 1 831 8 832 1 833 5 834 1 835 8 836 1 837 5 838 1 839 5 840 1 841 5 842 0 843 1 844 5 845 8 846 1 847 8 848 1 849 5 850 1 851 5 852 8 853 8 854 8 855 8 856 8 857 8 858 8 859 8 860 8 861 9 862 1 863 5 864 5 865 1 866 5 867 5 868 5 869 5 870 6 871 6 872 5 873 5 874 6 875 6 876 6 877 6 878 7 879 6 880 5 881 6 882 7 883 7 884 6 885 6 886 7 887 7 888 7 889 7 890 6 891 7 892 7 893 7 894 7 895 7 896 7 897 7 898 7 899 7 900 7 901 7 902 6 903 6 904 6 905 6 906 6 907 6 908 5 909 6 910 5 911 5 912 5 913 1 914 5 915 1 916 5 917 1 918 5 919 1 920 5 921 1 922 5 923 1 924 5 925 1 926 1 927 1 928 1 929 1 930 1 931 2 932 1 933 1 934 1 935 2 936 1 937 2 938 1 939 2 940 1 941 2 942 1 943 2 944 2 945 2 946 3 947 2 948 2 949 2 950 3 951 3 952 3 953 3 954 4 955 3 956 2 957 3 958 3 959 2 960 2 961 3 962 3 963 2 964 2 965 3 966 3 967 3 968 3 969 3 970 3 971 4 972 3 973 4 974 4 975 3 976 4 977 4 978 4 979 4 980 4 981 4 982 4 983 4 984 4 985 4 986 4 987 4 988 4 989 4 990 8 991 8 992 8 993 8 994 8 995 9 996 1 997 8 998 1 999 8 1000 8 1001 1 1002 8 1003 0 1004 1 1005 5 1006 8 1007 1 1008 8 1009 1 1010 5 1011 1 1012 8 1013 1 1014 8 1015 1 1016 5 1017 1 1018 1 1019 5 1020 1 1021 5 1022 1 1023 5 1024 1 1025 5 1026 5 1027 6 1028 1 1029 8 1030 1 1031 1 1032 8 1033 1 1034 1 1035 8 1036 8 1037 1 1038 8 1039 8 1040 9 1041 8 1042 9 1043 24 1044 8 1045 8 1046 9 1047 8 1048 9 1049 8 1050 9 1051 24 1052 9 1053 24 1054 9 1055 9 1056 9 1057 24 1058 9 1059 9 1060 24 1061 9 1062 9 1063 9 1064 24 1065 9 1066 9 1067 9 1068 24 1069 8 1070 9 1071 8 1072 9 1073 24 1074 9 1075 8 1076 9 1077 8 1078 9 1079 8 1080 9 1081 24 1082 8 1083 9 1084 24 1085 8 1086 9 1087 8 1088 9 1089 8 1090 9 1091 8 1092 8 1093 9 1094 8 1095 9 1096 8 1097 8 1098 8 1099 8 1100 8 1101 8 1102 8 1103 8 1104 8 1105 9 1106 9 1107 16 1108 9 1109 16 1110 9 1111 9 1112 16 1113 9 1114 16 1115 9 1116 9 1117 9 1118 16 1119 8 1120 9 1121 8 1122 9 1123 16 1124 9 1125 16 1126 8 1127 9 1128 16 1129 8 1130 9 1131 8 1132 9 1133 8 1134 9 1135 8 1136 8 1137 8 1138 1 1139 8 1140 8 1141 8 1142 1 1143 8 1144 1 1145 8 1146 1 1147 8 1148 1 1149 8 1150 1 1151 8 1152 1 1153 8 1154 0 1155 1 1156 2 1157 8 1158 1 1159 1 1160 8 1161 1 1162 2 1163 1 1164 1 1165 2 1166 1 1167 2 1168 1 1169 2 1170 1 1171 2 1172 1 1173 1 1174 1 1175 1 1176 2 1177 1 1178 5 1179 1 1180 2 1181 1 1182 1 1183 5 1184 1 1185 2 1186 1 1187 2 1188 1 1189 5 1190 1 1191 5 1192 1 1193 5 1194 5 1195 5 1196 5 1197 6 1198 6 1199 6 1200 6 1201 6 1202 6 1203 6 1204 6 1205 6 1206 7 1207 7 1208 7 1209 7 1210 7 1211 7 1212 7 1213 7 1214 7 1215 7 1216 7 1217 8 1218 9 1219 8 1220 9 1221 8 1222 9 1223 8 1224 9 1225 8 1226 8 1227 9 1228 8 1229 9 1230 16 1231 8 1232 9 1233 16 1234 8 1235 9 1236 8 1237 9 1238 8 1239 8 1240 8 1241 8 1242 8 1243 8 1244 8 1245 8 1246 8 1247 9 1248 9 1249 9 1250 9 1251 9 1252 9 1253 9 1254 9 1255 9 1256 9 1257 9 1258 9 1259 9 1260 9 1261 8 1262 9 1263 9 1264 9 1265 8 1266 9 1267 8 1268 9 1269 9 1270 8 1271 9 1272 8 1273 9 1274 8 1275 9 1276 8 1277 9 1278 8 1279 9 1280 8 1281 9 1282 8 1283 9 1284 8 1285 9 1286 8 1287 9 1288 8 1289 9 1290 8 1291 9 1292 8 1293 9 1294 9 1295 9 1296 9 1297 9 1298 9 1299 9 1300 9 1301 9 1302 9 1303 9 1304 9 1305 9 1306 9 1307 26 1308 27 1309 26 1310 27 1311 27 1312 27 1313 26 1314 27 1315 27 1316 27 1317 27 1318 27 1319 28 1320 27 1321 28 1322 27 1323 28 1324 28 1325 28 1326 29 1327 27 1328 26 1329 27 1330 28 1331 29 1332 29 1333 27 1334 26 1335 27 1336 28 1337 29 1338 29 1339 28 1340 29 1341 29 1342 29 1343 29 1344 29 1345 28 1346 29 1347 28 1348 29 1349 28 1350 29 1351 28 1352 29 1353 28 1354 28 1355 27 1356 28 1357 28 1358 27 1359 28 1360 28 1361 28 1362 28 1363 29 1364 27 1365 28 1366 28 1367 28 1368 29 1369 29 1370 28 1371 29 1372 29 1373 29 1374 28 1375 29 1376 29 1377 29 1378 29 1379 29 1380 29 1381 28 1382 29 1383 28 1384 29 1385 28 1386 27 1387 28 1388 28 1389 28 1390 28 1391 29 1392 28 1393 28 1394 29 1395 29 1396 28 1397 29 1398 27 1399 28 1400 28 1401 29 1402 29 1403 29 1404 29 1405 29 1406 29 1407 29 1408 29 1409 28 1410 29 1411 28 1412 29 1413 28 1414 27 1415 28 1416 28 1417 28 1418 28 1419 29 1420 28 1421 29 1422 29 1423 28 1424 29 1425 29 1426 28 1427 29 1428 29 1429 29 1430 29 1431 29 1432 29 1433 29 1434 28 1435 29 1436 28 1437 29 1438 28 1439 28 1440 27 1441 28 1442 27 1443 28 1444 27 1445 27 1446 27 1447 30 1448 27 1449 30 1450 26 1451 27 1452 27 1453 30 1454 30 1455 31 1456 27 1457 30 1458 26 1459 27 1460 30 1461 31 1462 31 1463 27 1464 30 1465 27 1466 30 1467 27 1468 30 1469 27 1470 30 1471 30 1472 31 1473 27 1474 30 1475 27 1476 30 1477 30 1478 31 1479 31 1480 31 1481 31 1482 31 1483 31 1484 27 1485 30 1486 30 1487 31 1488 30 1489 31 1490 27 1491 31 1492 31 1493 31 1494 31 1495 31 1496 30 1497 31 1498 30 1499 31 1500 27 1501 30 1502 27 1503 30 1504 27 1505 27 1506 27 1507 27 1508 26 1509 27 1510 27 1511 27 1512 26 1513 27 1514 27 1515 27 1516 27 1517 27 1518 28 1519 27 1520 27 1521 28 1522 28 1523 27 1524 28 1525 28 1526 27 1527 28 1528 28 1529 28 1530 28 1531 29 1532 28 1533 29 1534 28 1535 29 1536 29 1537 29 1538 29 1539 29 1540 29 1541 28 1542 28 1543 29 1544 28 1545 29 1546 28 1547 27 1548 28 1549 28 1550 29 1551 27 1552 28 1553 28 1554 29 1555 29 1556 29 1557 29 1558 29 1559 27 1560 28 1561 27 1562 28 1563 28 1564 28 1565 28 1566 29 1567 27 1568 28 1569 28 1570 28 1571 28 1572 28 1573 29 1574 28 1575 29 1576 28 1577 29 1578 29 1579 29 1580 29 1581 29 1582 29 1583 28 1584 29 1585 28 1586 29 1587 29 1588 29 1589 29 1590 29 1591 29 1592 18 1593 19 1594 19 1595 18 1596 19 1597 19 1598 18 1599 19 1600 19 1601 19 1602 19 1603 19 1604 20 1605 19 1606 20 1607 19 1608 20 1609 20 1610 20 1611 21 1612 19 1613 18 1614 19 1615 20 1616 21 1617 21 1618 19 1619 18 1620 19 1621 20 1622 21 1623 21 1624 20 1625 21 1626 21 1627 21 1628 21 1629 21 1630 20 1631 21 1632 20 1633 21 1634 20 1635 21 1636 20 1637 21 1638 20 1639 20 1640 19 1641 20 1642 20 1643 19 1644 20 1645 20 1646 20 1647 20 1648 21 1649 19 1650 20 1651 20 1652 20 1653 21 1654 21 1655 20 1656 21 1657 21 1658 21 1659 20 1660 21 1661 21 1662 21 1663 21 1664 21 1665 21 1666 20 1667 21 1668 20 1669 21 1670 20 1671 19 1672 20 1673 20 1674 20 1675 20 1676 21 1677 20 1678 20 1679 21 1680 21 1681 20 1682 21 1683 19 1684 20 1685 20 1686 21 1687 21 1688 21 1689 21 1690 21 1691 21 1692 21 1693 21 1694 20 1695 21 1696 20 1697 21 1698 20 1699 19 1700 20 1701 20 1702 20 1703 20 1704 21 1705 20 1706 21 1707 21 1708 20 1709 21 1710 21 1711 20 1712 21 1713 21 1714 21 1715 21 1716 21 1717 21 1718 21 1719 20 1720 21 1721 20 1722 21 1723 20 1724 20 1725 19 1726 20 1727 19 1728 20 1729 19 1730 19 1731 19 1732 22 1733 19 1734 22 1735 18 1736 19 1737 19 1738 22 1739 22 1740 23 1741 19 1742 22 1743 18 1744 19 1745 22 1746 23 1747 23 1748 19 1749 22 1750 19 1751 22 1752 19 1753 22 1754 19 1755 22 1756 22 1757 23 1758 19 1759 22 1760 19 1761 22 1762 22 1763 23 1764 23 1765 23 1766 23 1767 23 1768 23 1769 19 1770 22 1771 22 1772 23 1773 22 1774 23 1775 19 1776 23 1777 23 1778 23 1779 23 1780 23 1781 22 1782 23 1783 22 1784 23 1785 19 1786 22 1787 19 1788 22 1789 19 1790 19 1791 19 1792 19 1793 18 1794 19 1795 19 1796 19 1797 18 1798 19 1799 19 1800 19 1801 19 1802 19 1803 20 1804 19 1805 19 1806 20 1807 20 1808 19 1809 20 1810 20 1811 19 1812 20 1813 20 1814 20 1815 20 1816 21 1817 20 1818 21 1819 20 1820 21 1821 21 1822 21 1823 21 1824 21 1825 21 1826 20 1827 20 1828 21 1829 20 1830 21 1831 20 1832 19 1833 20 1834 20 1835 21 1836 19 1837 20 1838 20 1839 21 1840 21 1841 21 1842 21 1843 21 1844 19 1845 20 1846 19 1847 20 1848 20 1849 20 1850 20 1851 21 1852 19 1853 20 1854 20 1855 20 1856 20 1857 20 1858 21 1859 20 1860 21 1861 20 1862 21 1863 21 1864 21 1865 21 1866 21 1867 21 1868 20 1869 21 1870 20 1871 21 1872 21 1873 21 1874 21 1875 21 1876 21 1877 4 1878 4 1879 4 1880 4 1881 4 1882 4 1883 4 1884 4 1885 4 1886 4 1887 4 1888 4 1889 4 1890 4 1891 4 1892 4 1893 4 1894 4 1895 4 1896 4 1897 4 1898 4 1899 4 1900 4 1901 4 1902 4 1903 4 1904 4 1905 4 1906 4 1907 4 1908 4 1909 4 1910 4 1911 4 1912 4 1913 4 1914 4 1915 4 1916 4 1917 4 1918 4 1919 4 1920 4 1921 4 1922 4 1923 4 1924 4 1925 4 1926 4 1927 4 1928 4 1929 4 1930 4 1931 4 1932 4 1933 4 1934 4 1935 4 1936 4 1937 4 1938 4 1939 4 1940 4 1941 4 1942 4 1943 4 1944 4 1945 4 1946 4 1947 4 1948 4 1949 4 1950 4 1951 4 1952 4 1953 4 1954 4 1955 4 1956 4 1957 4 1958 4 1959 4 1960 4 1961 4 1962 4 1963 4 1964 4 1965 4 1966 10 1967 15 1968 15 1969 10 1970 15 1971 10 1972 15 1973 10 1974 15 1975 10 1976 10 1977 15 1978 15 1979 15 1980 15 1981 10 1982 15 1983 15 1984 15 1985 15 1986 15 1987 15 1988 15 1989 15 1990 15 1991 10 1992 15 1993 10 1994 15 1995 15 1996 10 1997 15 1998 10 1999 15 2000 10 2001 15 2002 10 2003 15 2004 10 2005 10 2006 10 2007 10 2008 15 2009 10 2010 10 2011 10 2012 10 2013 10 2014 10 2015 10 2016 10 2017 10 2018 10 2019 10 2020 14 2021 10 2022 10 2023 14 2024 10 2025 14 2026 10 2027 14 2028 10 2029 14 2030 10 2031 14 2032 14 2033 10 2034 14 2035 14 2036 10 2037 14 2038 10 2039 14 2040 10 2041 10 2042 14 2043 10 2044 14 2045 10 2046 14 2047 14 2048 14 2049 14 2050 14 2051 14 2052 14 2053 14 2054 14 2055 14 2056 14 2057 14 2058 14 2059 2 2060 2 2061 3 2062 2 2063 3 2064 1 2065 2 2066 3 2067 2 2068 2 2069 3 2070 3 2071 3 2072 3 2073 4 2074 3 2075 4 2076 4 2077 3 2078 3 2079 4 2080 4 2081 4 2082 4 2083 4 2084 4 2085 4 2086 4 2087 11 2088 11 2089 11 2090 11 2091 11 2092 11 2093 11 2094 11 2095 11 2096 11 2097 11 2098 11 2099 11 2100 11 2101 11 2102 11 2103 11 2104 11 2105 11 2106 11 2107 11 2108 11 2109 11 2110 11 2111 11 2112 11 2113 11 2114 11 2115 11 2116 11 2117 11 2118 11 2119 11 2120 11 2121 11 2122 11 2123 11 2124 11 2125 11 2126 11 2127 11 2128 11 2129 11 2130 11 2131 11 2132 11 2133 11 2134 11 2135 11 2136 11 2137 11 2138 11 2139 11 2140 11 2141 11 2142 11 2143 11 2144 11 2145 11 2146 11 2147 11 2148 11 2149 11 2150 11 2151 11 2152 11 2153 11 2154 11 2155 11 2156 11 2157 11 2158 11 2159 11 2160 11 2161 11 2162 11 2163 11 2164 11 2165 11 2166 11 2167 11 2168 11 2169 11 2170 11 2171 11 2172 11 2173 11 2174 11 2175 11 2176 11 2177 11 2178 11 2179 11 2180 11 2181 11 2182 11 2183 11 2184 11 2185 11 2186 11 2187 11 2188 11 2189 11 2190 11 2191 11 2192 11 2193 11 2194 11 2195 11 2196 11 2197 11 2198 11 2199 11 2200 11 2201 11 2202 11 2203 11 2204 11 2205 11 2206 11 2207 11 2208 11 2209 11 2210 11 2211 11 2212 11 2213 11 2214 11 2215 11 2216 11 2217 11 2218 11 2219 11 2220 11 2221 11 2222 11 2223 8 2224 8 2225 8 2226 8 2227 8 2228 8 2229 8 2230 8 2231 8 2232 8 2233 8 2234 8 2235 8 2236 8 2237 8 2238 8 2239 8 2240 8 2241 8 2242 8 2243 8 2244 8 2245 8 2246 8 2247 8 2248 8 2249 8 2250 8 2251 8 2252 8 2253 8 2254 8 2255 8 2256 8 2257 8 2258 8 2259 8 2260 8 2261 18 2262 19 2263 18 2264 19 2265 18 2266 19 2267 18 2268 19 2269 18 2270 19 2271 18 2272 19 2273 18 2274 19 2275 18 2276 19 2277 18 2278 19 2279 18 2280 19 2281 18 2282 19 2283 18 2284 19 2285 18 2286 19 2287 18 2288 19 2289 18 2290 19 2291 18 2292 19 2293 18 2294 19 2295 18 2296 19 2297 18 2298 19 2299 18 2300 19 2301 18 2302 19 2303 18 2304 19 2305 18 2306 19 2307 18 2308 19 2309 18 2310 19 2311 18 2312 19 2313 18 2314 19 2315 18 2316 19 2317 18 2318 19 2319 18 2320 19 2321 18 2322 19 2323 18 2324 19 2325 18 2326 19 2327 18 2328 19 2329 18 2330 19 2331 18 2332 19 2333 18 2334 19 2335 18 2336 19 2337 18 2338 19 2339 18 2340 19 2341 18 2342 19 2343 26 2344 27 2345 26 2346 27 2347 26 2348 27 2349 26 2350 27 2351 26 2352 27 2353 26 2354 27 2355 26 2356 27 2357 26 2358 27 2359 26 2360 27 2361 26 2362 27 2363 26 2364 27 2365 26 2366 27 2367 26 2368 27 2369 26 2370 27 2371 26 2372 27 2373 26 2374 27 2375 26 2376 27 2377 26 2378 27 2379 26 2380 27 2381 26 2382 27 2383 26 2384 27 2385 26 2386 27 2387 26 2388 27 2389 26 2390 27 2391 26 2392 27 2393 26 2394 27 2395 26 2396 27 2397 26 2398 27 2399 26 2400 27 2401 26 2402 27 2403 26 2404 27 2405 26 2406 27 2407 26 2408 27 2409 26 2410 27 2411 26 2412 27 2413 26 2414 27 2415 26 2416 27 2417 26 2418 27 2419 26 2420 27 2421 26 2422 27 2423 26 2424 27 2425 29 2426 29 2427 29 2428 21 2429 21 2430 21 2431 9 2432 9 2433 9 2434 9 2435 9 2436 9 2437 9 2438 9 2439 9 2440 9 2441 15 2442 15 2443 15 2444 15 2445 14 2446 14 2447 14 2448 14 2449 8 2450 8 2451 8 2452 8 2453 9 2454 8 2455 9 2456 8 2457 9 2458 9 2459 16 2460 9 2461 9 2462 16 2463 9 2464 9 2465 16 2466 9 2467 1 2468 8 2469 8 2470 9 2471 8 2472 1 2473 2 2474 1 2475 2 2476 1 2477 8 2478 2 2479 4 2480 1 2481 4 2482 4 2483 1 2484 2 2485 4 2486 4 2487 2 2488 1 2489 9 2490 24 2491 9 2492 8 2493 9 2494 9 2495 24 2496 9 2497 9 2498 24 2499 8 2500 9 2501 8 2502 9 2503 8 2504 9 2505 8 2506 8 2507 8 2508 1 2509 5 2510 8 2511 5 2512 5 2513 7 2514 5 2515 5 2516 7 2517 7 2518 7 2519 7 2520 11 2521 11 2522 11 2523 11 2524 11 2525 11 2526 11 2527 11 2528 11 2529 11 2530 7 2531 7 2532 7 2533 7 2534 7 2535 7 2536 7 2537 7 2538 11 2539 11 2540 11 2541 11 2542 11 2543 11 2544 11 2545 11 2546 11 2547 11 2548 11 2549 11 2550 11 2551 11 2552 11 2553 11 2554 11 2555 11 2556 11 2557 11 2558 11 2559 11 2560 11 2561 11 2562 21 2563 21 2564 21 2565 19 2566 20 2567 21 2568 19 2569 20 2570 21 2571 21 2572 19 2573 20 2574 21 2575 21 2576 21 2577 19 2578 20 2579 19 2580 19 2581 19 2582 18 2583 19 2584 18 2585 19 2586 19 2587 22 2588 21 2589 21 2590 21 2591 19 2592 22 2593 23 2594 23 2595 19 2596 22 2597 18 2598 19 2599 19 2600 23 2601 19 2602 22 2603 23 2604 23 2605 19 2606 22 2607 19 2608 21 2609 18 2610 19 2611 19 2612 21 2613 21 2614 21 2615 19 2616 20 2617 21 2618 19 2619 18 2620 19 2621 19 2622 21 2623 21 2624 21 2625 21 2626 19 2627 20 2628 19 2629 20 2630 21 2631 20 2632 21 2633 21 2634 29 2635 29 2636 29 2637 27 2638 28 2639 27 2640 28 2641 29 2642 29 2643 29 2644 29 2645 27 2646 28 2647 29 2648 29 2649 27 2650 28 2651 27 2652 27 2653 27 2654 30 2655 27 2656 26 2657 27 2658 26 2659 27 2660 29 2661 29 2662 29 2663 27 2664 30 2665 31 2666 31 2667 27 2668 30 2669 26 2670 27 2671 27 2672 31 2673 31 2674 27 2675 30 2676 31 2677 27 2678 30 2679 27 2680 29 2681 26 2682 27 2683 27 2684 29 2685 29 2686 29 2687 27 2688 28 2689 29 2690 26 2691 27 2692 27 2693 27 2694 29 2695 29 2696 29 2697 29 2698 27 2699 28 2700 27 2701 28 2702 29 2703 28 2704 29 2705 29 2706 10 2707 10 2708 10 2709 10 2710 10 2711 10 2712 10 2713 10 2714 10 2715 10 2716 10 2717 10 2718 10 2719 10 2720 10 2721 10 2722 10 2723 10 2724 10 2725 10 2726 10 2727 10 2728 4 2729 4 2730 4 2731 4 2732 4 2733 4 2734 4 2735 4 2736 10 2737 14 2738 10 2739 14 2740 14 2741 14 2742 10 2743 14 2744 14 2745 14 2746 14 2747 14 2748 10 2749 14 2750 10 2751 10 2752 14 2753 14 2754 10 2755 14 2756 10 2757 10 2758 14 2759 10 2760 10 2761 10 2762 10 2763 10 2764 15 2765 10 2766 15 2767 10 2768 15 2769 10 2770 15 2771 10 2772 15 2773 15 2774 15 2775 15 2776 15 2777 15 2778 15 2779 15 2780 10 2781 15 2782 10 2783 15 2784 24 2785 25 2786 24 2787 25 2788 8 2789 8 2790 9 2791 9 2792 24 2793 25 2794 26 2795 24 2796 25 2797 26 2798 26 2799 27 2800 26 2801 27 2802 26 2803 9 2804 24 2805 26 2806 27 2807 25 2808 26 2809 26 2810 27 2811 26 2812 27 2813 26 2814 24 2815 25 2816 24 2817 25 2818 9 2819 24 2820 8 2821 9 2822 8 2823 24 2824 25 2825 16 2826 17 2827 8 2828 16 2829 17 2830 8 2831 9 2832 9 2833 16 2834 17 2835 18 2836 16 2837 17 2838 18 2839 18 2840 19 2841 18 2842 19 2843 18 2844 9 2845 16 2846 18 2847 19 2848 17 2849 18 2850 18 2851 19 2852 18 2853 19 2854 18 2855 16 2856 17 2857 16 2858 17 2859 9 2860 16 2861 8 2862 9 2863 8 2864 16 2865 17 2866 9 2867 9 2868 9 2869 10 2870 9 2871 9 2872 9 2873 9 2874 9 2875 4 2876 4 2877 4 2878 4 2879 4 2880 4 2881 4 2882 4 2883 4 2884 4 2885 4 2886 4 2887 4 2888 4 2889 4 2890 4 2891 4 2892 4 2893 4 2894 4 2895 4 2896 4 2897 4 2898 4 2899 4 2900 7 2901 7 2902 7 2903 7 2904 7 2905 7 2906 7 2907 7 2908 7 2909 7 2910 7 2911 7 2912 7 2913 7 2914 7 2915 7 2916 7 2917 7 2918 7 2919 7 2920 7 2921 7 2922 7 2923 7 2924 7 2925 8 2926 9 2927 8 2928 8 2929 1 2930 2 2931 1 2932 2 2933 2 2934 1 2935 8 2936 2 2937 3 2938 1 2939 8 2940 8 2941 8 2942 9 2943 8 2944 9 2945 8 2946 9 2947 8 2948 8 2949 1 2950 8 2951 8 2952 9 2953 8 2954 1 2955 1 2956 5 2957 1 2958 5 2959 5 2960 1 2961 5 2962 1 2963 2 2964 1 2965 2 2966 3 2967 5 2968 6 2969 5 2970 6 2971 7 2972 7 2973 7 2974 7 2975 7 2976 7 2977 5 2978 5 2979 1 2980 2 2981 2 2982 4 2983 4 2984 4 2985 4 2986 4 2987 4 2988 8 2989 9 2990 8 2991 9 2992 8 2993 9 2994 9 2995 9 2996 8 2997 9 2998 8 2999 9 3000 9 3001 10 3002 10 3003 10 3004 10 3005 10 3006 10 3007 10 3008 10 3009 10 3010 10 3011 10 3012 10 3013 10 3014 10 3015 10 3016 10 3017 10 3018 10 3019 10 3020 10 3021 10 3022 12 3023 10 3024 12 3025 10 3026 10 3027 10 3028 12 3029 13 3030 10 3031 10 3032 10 3033 10 3034 10 3035 12 3036 13 3037 10 3038 10 3039 10 3040 10 3041 10 3042 13 3043 10 3044 10 3045 13 3046 10 3047 10 3048 10 3049 10 3050 10 3051 10 3052 10 3053 10 3054 10 3055 10 3056 10 3057 10 3058 10 3059 10 3060 10 3061 8 3062 8 3063 8 3064 8 3065 8 3066 8 3067 8 3068 8 3069 8 3070 8 3071 8 3072 8 3073 8 3074 8 3075 11 3076 11 3077 11 3078 11 3079 11 3080 11 3081 11 3082 11 3083 11 3084 11 3085 11 3086 11 3087 11 3088 11 3089 11 3090 11 3091 11 3092 11 3093 11 3094 11 3095 11 3096 11 3097 11 3098 11 3099 11 3100 11 3101 11 3102 11 3103 11 3104 11 3105 11 3106 11 3107 11 3108 11 3109 11 3110 11 3111 11 3112 11 3113 18 3114 19 3115 18 3116 19 3117 18 3118 19 3119 18 3120 19 3121 18 3122 19 3123 18 3124 19 3125 18 3126 19 3127 18 3128 19 3129 18 3130 19 3131 18 3132 19 3133 26 3134 27 3135 26 3136 27 3137 26 3138 27 3139 26 3140 27 3141 26 3142 27 3143 26 3144 27 3145 26 3146 27 3147 26 3148 27 3149 26 3150 27 3151 26 3152 27 3153 9 3154 9 3155 9 3156 9 3157 9 3158 9 3159 10 3160 9 3161 9 3162 9 3163 10 3164 9 3165 9 3166 9 3167 10 3168 9 3169 9 3170 10 3171 10 3172 10 3173 10 3174 10 3175 10 3176 10 3177 10 3178 10 3179 10 3180 10 3181 10 3182 10 3183 10 3184 10 3185 10 3186 10 3187 10 3188 29 3189 27 3190 28 3191 29 3192 29 3193 27 3194 27 3195 28 3196 29 3197 26 3198 27 3199 26 3200 27 3201 27 3202 30 3203 29 3204 27 3205 28 3206 29 3207 27 3208 28 3209 29 3210 31 3211 31 3212 26 3213 27 3214 26 3215 27 3216 27 3217 26 3218 27 3219 31 3220 27 3221 30 3222 27 3223 28 3224 26 3225 27 3226 27 3227 28 3228 27 3229 28 3230 29 3231 29 3232 29 3233 29 3234 29 3235 21 3236 21 3237 19 3238 20 3239 21 3240 19 3241 20 3242 19 3243 21 3244 18 3245 19 3246 19 3247 20 3248 21 3249 18 3250 19 3251 19 3252 22 3253 21 3254 19 3255 20 3256 21 3257 18 3258 19 3259 23 3260 18 3261 19 3262 23 3263 18 3264 19 3265 19 3266 23 3267 18 3268 19 3269 19 3270 20 3271 19 3272 22 3273 19 3274 20 3275 19 3276 20 3277 21 3278 21 3279 21 3280 21 3281 21 3282 10 3283 10 3284 10 3285 10 3286 10 3287 10 3288 10 3289 10 3290 10 3291 10 3292 10 3293 12 3294 10 3295 10 3296 10 3297 10 3298 10 3299 10 3300 12 3301 13 3302 10 3303 10 3304 10 3305 12 3306 13 3307 10 3308 10 3309 10 3310 13 3311 10 3312 10 3313 10 3314 10 3315 10 3316 10 3317 10 3318 10 3319 10 3320 10 3321 10 3322 10 3323 10 3324 10 3325 10 3326 10 3327 10 3328 10 3329 10 3330 29 3331 29 3332 29 3333 27 3334 28 3335 19 3336 20 3337 21 3338 21 3339 21 3340 1 3341 5 3342 1 3343 7 3344 1 3345 2 3346 4 3347 21 3348 19 3349 22 3350 21 3351 19 3352 20 3353 23 3354 19 3355 29 3356 29 3357 27 3358 30 3359 27 3360 28 3361 27 3362 31 3363 11 3364 11 3365 11 3366 11 3367 11 3368 11 3369 11 3370 11 3371 11 3372 11 3373 11 3374 11 3375 11 3376 11 3377 11 3378 11 3379 26 3380 27 3381 26 3382 27 3383 26 3384 27 3385 26 3386 27 3387 26 3388 27 3389 26 3390 27 3391 18 3392 19 3393 18 3394 19 3395 18 3396 19 3397 18 3398 19 3399 18 3400 19 3401 18 3402 19 3403 23 3404 23 3405 19 3406 22 3407 27 3408 30 3409 31 3410 31 3411 7 3412 7 3413 7 3414 7 3415 7 3416 7 3417 7 3418 7 3419 7 3420 7 3421 7 3422 7 3423 7 3424 7 3425 7 3426 7 3427 7 3428 7 3429 4 3430 4 3431 4 3432 4 3433 4 3434 4 3435 4 3436 4 3437 4 3438 4 3439 4 3440 4 3441 4 3442 4 3443 4 3444 4 3445 4 3446 4 3447 14 3448 10 3449 14 3450 10 3451 14 3452 10 3453 10 3454 15 3455 10 3456 14 3457 10 3458 15 3459 15 3460 14 3461 14 3462 10 3463 10 3464 14 3465 15 3466 10 3467 15 3468 10 3469 15 3470 27 3471 27 3472 28 3473 29 3474 21 3475 19 3476 20 3477 19 3478 7 3479 7 3480 7 3481 4 3482 4 3483 4 3484 7 3485 7 3486 7 3487 7 3488 7 3489 7 3490 7 3491 7 3492 4 3493 4 3494 4 3495 4 3496 4 3497 4 3498 4 3499 4 3500 8 3501 8 3502 8 3503 9 3504 0 3505 1 3506 5 3507 8 3508 1 3509 1 3510 8 3511 8 3512 9 3513 7 3514 7 3515 1 3516 1 3517 5 3518 8 3519 1 3520 8 3521 9 3522 7 3523 7 3524 1 3525 1 3526 2 3527 0 3528 1 3529 2 3530 8 3531 8 3532 8 3533 9 3534 4 3535 4 3536 7 3537 4 3538 4 3539 4 3540 8 3541 8 3542 9 3543 8 3544 9 3545 9 3546 24 3547 8 3548 8 3549 9 3550 8 3551 9 3552 9 3553 16 3554 11 3555 11 3556 11 3557 11 3558 11 3559 11 3560 11 3561 11 3562 11 3563 11 3564 11 3565 11 3566 11 3567 11 3568 11 3569 11 3570 11 3571 11 3572 11 3573 11 3574 11 3575 9 3576 9 3577 24 3578 9 3579 1 3580 9 3581 16 3582 9 3583 1 3584 8 3585 8 3586 9 3587 1 3588 8 3589 1 3590 2 3591 1 3592 5 3593 1 3594 9 3595 8 3596 0 3597 1 3598 5 3599 8 3600 4 3601 4 3602 0 3603 1 3604 2 3605 8 3606 4 3607 7 3608 4 3609 7 3610 7 3611 4 3612 7 3613 7 3614 29 3615 27 3616 28 3617 27 3618 28 3619 29 3620 21 3621 19 3622 20 3623 19 3624 20 3625 21 3626 18 3627 19 3628 16 3629 17 3630 18 3631 19 3632 8 3633 9 3634 16 3635 9 3636 9 3637 18 3638 19 3639 9 3640 16 3641 18 3642 19 3643 8 3644 9 3645 16 3646 17 3647 8 3648 26 3649 27 3650 26 3651 27 3652 24 3653 25 3654 9 3655 24 3656 9 3657 26 3658 27 3659 9 3660 8 3661 26 3662 27 3663 9 3664 24 3665 24 3666 25 3667 8 3668 9 3669 8 3670 8 3671 9 3672 9 3673 16 3674 8 3675 9 3676 9 3677 9 3678 9 3679 24 3680 9 3681 11 3682 11 3683 11 3684 11 3685 11 3686 11 3687 11 3688 11 3689 11 3690 11 3691 11 3692 11 3693 11 3694 11 3695</v>
        </vertex_weights>
      </skin>
    </controller>
    <controller id="Armature_Body__m_Eye-skin" name="Armature">
      <skin source="#Untitled_001-mesh">
        <bind_shape_matrix>1 0 0 0 0 -1.62921e-7 -1 0 0 1 -1.62921e-7 0 0 0 0 1</bind_shape_matrix>
        <source id="Armature_Body__m_Eye-skin-joints">
          <Name_array id="Armature_Body__m_Eye-skin-joints-array" count="2">Head Mouth</Name_array>
          <technique_common>
            <accessor source="#Armature_Body__m_Eye-skin-joints-array" count="2" stride="1">
              <param name="JOINT" type="name"/>
            </accessor>
          </technique_common>
        </source>
        <source id="Armature_Body__m_Eye-skin-bind_poses">
          <float_array id="Armature_Body__m_Eye-skin-bind_poses-array" count="32">0 -1 -1.60187e-7 0.4 0 -1.6118e-7 1 -9.120131 -1 0 0 0 0 0 0 1 1.93873e-7 -0.2588188 0.965926 -9.916718 0 -0.965926 -0.2588188 2.864228 1 0 -1.87432e-7 1.92442e-6 0 0 0 1</float_array>
          <technique_common>
            <accessor source="#Armature_Body__m_Eye-skin-bind_poses-array" count="2" stride="16">
              <param name="TRANSFORM" type="float4x4"/>
            </accessor>
          </technique_common>
        </source>
        <source id="Armature_Body__m_Eye-skin-weights">
          <float_array id="Armature_Body__m_Eye-skin-weights-array" count="359">1 0.8980392 0.1019607 1 1 1 0.6980392 0.3019608 1 0.8980392 0.1019607 0.4980393 0.5019608 1 0.6980392 0.3019608 0.4980393 0.5019608 1 1 1 0.8980392 0.1019607 1 1 0.6980392 0.3019608 0.8 0.1999999 1 1 1 1 1 1 1 1 1 1 1 1 1 1 1 1 1 1 1 1 1 1 1 1 1 1 1 1 1 1 1 1 1 1 1 1 1 1 1 1 1 1 1 1 1 1 1 1 1 1 1 1 1 1 1 1 1 1 1 1 1 0.8 0.1999999 1 0.4980393 0.5019608 1 0.6 0.4 1 0.4980393 0.5019608 0.4 0.6 0.3019608 0.6980392 0.3019608 0.6980392 0.3019608 0.6980392 1 0.3019608 0.6980392 1 0.4980393 0.5019608 0.3019608 0.6980392 0.3019608 0.6980392 0.3019608 0.6980392 0.8 0.1999999 0.4980393 0.5019608 1 0.8 0.1999999 0.8 0.1999999 0.4980393 0.5019608 0.3019608 0.6980392 0.8 0.1999999 0.4980393 0.5019608 0.4 0.6 0.3019608 0.6980392 0.6 0.4 0.4980393 0.5019608 0.4980393 0.5019608 0.8 0.1999999 0.6980392 0.3019608 0.4980393 0.5019608 1 0.6980392 0.3019608 0.6980392 0.3019608 1 0.8980392 0.1019607 0.8980392 0.1019607 0.8980392 0.1019607 1 1 1 1 1 1 1 1 1 1 1 1 1 1 1 1 1 1 1 1 1 1 1 1 1 1 1 1 1 1 1 1 1 1 1 1 1 1 1 1 1 1 1 1 1 1 1 1 1 1 1 1 1 1 1 1 1 1 1 1 1 1 1 1 1 1 1 1 1 1 1 1 1 1 1 1 1 1 1 1 1 1 1 1 1 1 1 1 1 1 1 1 1 1 1 1 1 0.8980392 0.1019607 1 1 1 1 1 1 0.6980392 0.3019608 1 1 0.3019608 0.6980392 0.4980393 0.5019608 0.3019608 0.6980392 1 1 0.3019608 0.6980392 0.3019608 0.6980392 0.6980392 0.3019608 0.4980393 0.5019608 1 1 0.8980392 0.1019607 1 1 1 1 1 1 1 1 1 1 1 1 1 1 1 1 1 1 1 1 1 1 1 1 1 1 1 1 1 1 1 1 1 1 1 1 1 0.3019608 0.6980392 1 1 1 1 1 1 1 1 0.3019608 0.6980392 1 1 1 1 1 1 1 1 1 1 1 1 1 1 1</float_array>
          <technique_common>
            <accessor source="#Armature_Body__m_Eye-skin-weights-array" count="359" stride="1">
              <param name="WEIGHT" type="float"/>
            </accessor>
          </technique_common>
        </source>
        <joints>
          <input semantic="JOINT" source="#Armature_Body__m_Eye-skin-joints"/>
          <input semantic="INV_BIND_MATRIX" source="#Armature_Body__m_Eye-skin-bind_poses"/>
        </joints>
        <vertex_weights count="304">
          <input semantic="JOINT" source="#Armature_Body__m_Eye-skin-joints" offset="0"/>
          <input semantic="WEIGHT" source="#Armature_Body__m_Eye-skin-weights" offset="1"/>
          <vcount>1 2 1 1 1 2 1 2 2 1 2 2 1 1 1 2 1 1 2 2 1 1 1 1 1 1 1 1 1 1 1 1 1 1 1 1 1 1 1 1 1 1 1 1 1 1 1 1 1 1 1 1 1 1 1 1 1 1 1 1 1 1 1 1 1 1 1 1 1 1 1 1 1 1 1 1 1 1 1 1 1 2 1 2 1 2 1 2 2 2 2 2 1 2 1 2 2 2 2 2 2 1 2 2 2 2 2 2 2 2 2 2 2 2 2 2 1 2 2 1 2 2 2 1 1 1 1 1 1 1 1 1 1 1 1 1 1 1 1 1 1 1 1 1 1 1 1 1 1 1 1 1 1 1 1 1 1 1 1 1 1 1 1 1 1 1 1 1 1 1 1 1 1 1 1 1 1 1 1 1 1 1 1 1 1 1 1 1 1 1 1 1 1 1 1 1 1 1 1 1 1 1 1 1 1 1 1 1 1 1 1 1 1 1 1 1 1 1 1 1 2 1 1 1 1 1 1 2 1 1 2 2 2 1 1 2 2 2 2 1 1 2 1 1 1 1 1 1 1 1 1 1 1 1 1 1 1 1 1 1 1 1 1 1 1 1 1 1 1 1 1 1 1 1 1 1 1 1 1 2 1 1 1 1 1 1 1 1 2 1 1 1 1 1 1 1 1 1 1 1 1 1 1 1 </vcount>
          <v>0 0 0 1 1 2 0 3 0 4 0 5 0 6 1 7 0 8 0 9 1 10 0 11 1 12 0 13 0 14 1 15 0 16 1 17 0 18 0 19 0 20 0 21 1 22 0 23 0 24 0 25 1 26 0 27 1 28 0 29 0 30 0 31 0 32 0 33 0 34 0 35 0 36 0 37 0 38 0 39 0 40 0 41 0 42 0 43 0 44 0 45 0 46 0 47 0 48 0 49 0 50 0 51 0 52 0 53 0 54 0 55 0 56 0 57 0 58 0 59 0 60 0 61 0 62 0 63 0 64 0 65 0 66 0 67 0 68 0 69 0 70 0 71 0 72 0 73 0 74 0 75 0 76 0 77 0 78 0 79 0 80 0 81 0 82 0 83 0 84 0 85 0 86 0 87 0 88 0 89 0 90 1 91 0 92 0 93 1 94 0 95 0 96 1 97 0 98 0 99 1 100 0 101 1 102 0 103 1 104 0 105 1 106 0 107 1 108 0 109 0 110 1 111 0 112 0 113 1 114 0 115 1 116 0 117 1 118 0 119 1 120 0 121 1 122 0 123 1 124 0 125 0 126 1 127 0 128 1 129 0 130 1 131 0 132 1 133 0 134 1 135 0 136 1 137 0 138 1 139 0 140 1 141 0 142 1 143 0 144 1 145 0 146 1 147 0 148 1 149 0 150 1 151 0 152 1 153 0 154 0 155 1 156 0 157 1 158 0 159 0 160 1 161 0 162 1 163 0 164 1 165 0 166 0 167 0 168 0 169 0 170 0 171 0 172 0 173 0 174 0 175 0 176 0 177 0 178 0 179 0 180 0 181 0 182 0 183 0 184 0 185 0 186 0 187 0 188 0 189 0 190 0 191 0 192 0 193 0 194 0 195 0 196 0 197 0 198 0 199 0 200 0 201 0 202 0 203 0 204 0 205 0 206 0 207 0 208 0 209 0 210 0 211 0 212 0 213 0 214 0 215 0 216 0 217 0 218 0 219 0 220 0 221 0 222 0 223 0 224 0 225 0 226 0 227 0 228 0 229 0 230 0 231 0 232 0 233 0 234 0 235 0 236 0 237 0 238 0 239 0 240 0 241 0 242 0 243 0 244 0 245 0 246 0 247 0 248 0 249 0 250 0 251 0 252 0 253 0 254 0 255 0 256 0 257 0 258 0 259 0 260 0 261 0 262 0 263 1 264 0 265 0 266 0 267 0 268 0 269 0 270 0 271 1 272 0 273 0 274 0 275 1 276 0 277 1 278 0 279 1 280 0 281 0 282 0 283 1 284 0 285 1 286 0 287 1 288 0 289 1 290 0 291 0 292 0 293 1 294 0 295 0 296 0 297 0 298 0 299 0 300 0 301 0 302 0 303 0 304 0 305 0 306 0 307 0 308 0 309 0 310 0 311 0 312 0 313 0 314 0 315 0 316 0 317 0 318 0 319 0 320 0 321 0 322 0 323 0 324 0 325 0 326 0 327 0 328 0 329 0 330 0 331 0 332 1 333 0 334 0 335 0 336 0 337 0 338 0 339 0 340 0 341 0 342 1 343 0 344 0 345 0 346 0 347 0 348 0 349 0 350 0 351 0 352 0 353 0 354 0 355 0 356 0 357 0 358</v>
        </vertex_weights>
      </skin>
    </controller>
  </library_controllers>
  <library_visual_scenes>
    <visual_scene id="Scene" name="Scene">
      <node id="Armature" name="Armature" type="NODE">
        <matrix sid="transform">1 0 0 0 0 -1.62921e-7 -1 0 0 1 -1.62921e-7 0 0 0 0 1</matrix>
        <node id="Armature_Skl_Root" name="Skl_Root" sid="Skl_Root" type="JOINT">
          <matrix sid="transform">0 1 0 0 1 0 1.50996e-7 6.47 1.50996e-7 0 -1 -0.4 0 0 0 1</matrix>
          <node id="Armature_Hip" name="Hip" sid="Hip" type="JOINT">
            <matrix sid="transform">-1 3.16029e-7 -1.19209e-7 -0.0999999 -6.19868e-7 -0.9999999 -3.62391e-7 0 -1.2095e-7 1.77767e-7 1 0 0 0 0 1</matrix>
            <node id="Armature_LegL" name="LegL" sid="LegL" type="JOINT">
              <matrix sid="transform">-1.61358e-8 0.9999999 -3.21404e-7 0.9498734 5.40636e-7 -3.21404e-7 -1 -1.150001 -1 2.20718e-8 -5.40636e-7 -0.227674 0 0 0 1</matrix>
              <node id="Armature_KneeL" name="KneeL" sid="KneeL" type="JOINT">
                <matrix sid="transform">1 3.39379e-8 -6.39758e-7 -4.91738e-7 -3.36578e-8 0.9999999 6.65324e-8 2.22541 6.42905e-7 -7.23477e-8 1 -1.19209e-7 0 0 0 1</matrix>
                <node id="Armature_FootL" name="FootL" sid="FootL" type="JOINT">
                  <matrix sid="transform">1.22524e-7 1 3.07408e-7 -1.49012e-8 -0.9999999 1.65979e-7 3.30501e-8 1.61124 1.39878e-7 -3.16687e-7 1 1.19209e-7 0 0 0 1</matrix>
                  <extra>
                    <technique profile="blender">
                      <connect sid="connect" type="bool">1</connect>
                      <layer sid="layer" type="string">0</layer>
                      <roll sid="roll" type="float">1.570796</roll>
                      <tip_x sid="tip_x" type="float">2.38419e-7</tip_x>
                      <tip_y sid="tip_y" type="float">-2.38419e-7</tip_y>
                      <tip_z sid="tip_z" type="float">1.61124</tip_z>
                    </technique>
                  </extra>
                </node>
                <extra>
                  <technique profile="blender">
                    <layer sid="layer" type="string">0</layer>
                    <roll sid="roll" type="float">-1.570796</roll>
                  </technique>
                </extra>
              </node>
              <extra>
                <technique profile="blender">
                  <layer sid="layer" type="string">0</layer>
                  <roll sid="roll" type="float">-1.570796</roll>
                  <tip_x sid="tip_x" type="float">-7.15256e-7</tip_x>
                  <tip_y sid="tip_y" type="float">-2.225409</tip_y>
                  <tip_z sid="tip_z" type="float">-1.19209e-7</tip_z>
                </technique>
              </extra>
            </node>
            <node id="Armature_LegR" name="LegR" sid="LegR" type="JOINT">
              <matrix sid="transform">3.87484e-8 1 4.01755e-7 0.9498711 -7.96132e-7 -4.01755e-7 1 1.149999 1 -1.11847e-7 7.96132e-7 -0.2276744 0 0 0 1</matrix>
              <node id="Armature_KneeR" name="KneeR" sid="KneeR" type="JOINT">
                <matrix sid="transform">0.9692307 1.09613e-7 -0.2461543 -4.61936e-7 -1.64364e-7 0.9999999 -2.01522e-7 2.225409 0.2461543 -6.96406e-9 0.9692308 1.19209e-7 0 0 0 1</matrix>
                <node id="Armature_FootR" name="FootR" sid="FootR" type="JOINT">
                  <matrix sid="transform">2.26911e-7 -0.9692307 0.2461538 2.98023e-8 0.9999999 1.77245e-7 9.88915e-8 1.611241 1.43478e-7 0.2461539 0.9692307 1.19209e-7 0 0 0 1</matrix>
                  <extra>
                    <technique profile="blender">
                      <connect sid="connect" type="bool">1</connect>
                      <layer sid="layer" type="string">0</layer>
                      <roll sid="roll" type="float">-1.570796</roll>
                      <tip_x sid="tip_x" type="float">-1.19209e-7</tip_x>
                      <tip_y sid="tip_y" type="float">-1.19209e-7</tip_y>
                      <tip_z sid="tip_z" type="float">1.611241</tip_z>
                    </technique>
                  </extra>
                </node>
                <extra>
                  <technique profile="blender">
                    <layer sid="layer" type="string">0</layer>
                    <roll sid="roll" type="float">1.570797</roll>
                  </technique>
                </extra>
              </node>
              <extra>
                <technique profile="blender">
                  <layer sid="layer" type="string">0</layer>
                  <roll sid="roll" type="float">1.570797</roll>
                  <tip_x sid="tip_x" type="float">-4.76837e-7</tip_x>
                  <tip_y sid="tip_y" type="float">-2.225409</tip_y>
                  <tip_z sid="tip_z" type="float">1.93715e-7</tip_z>
                </technique>
              </extra>
            </node>
            <extra>
              <technique profile="blender">
                <layer sid="layer" type="string">0</layer>
                <roll sid="roll" type="float">3.141592</roll>
                <tip_x sid="tip_x" type="float">-1.508838</tip_x>
                <tip_y sid="tip_y" type="float">4.76837e-7</tip_y>
                <tip_z sid="tip_z" type="float">-2.68221e-7</tip_z>
              </technique>
            </extra>
          </node>
          <node id="Armature_Spine1" name="Spine1" sid="Spine1" type="JOINT">
            <matrix sid="transform">1.52737e-7 1 0 0.0999999 -4.19703e-8 0 -1 0 -1 1.54478e-7 4.19703e-8 2.98023e-8 0 0 0 1</matrix>
            <node id="Armature_Spine2" name="Spine2" sid="Spine2" type="JOINT">
              <matrix sid="transform">1 -1.74111e-9 -1.74112e-9 0 0 1 2.83276e-16 1.050129 1.74112e-9 -4.32247e-16 1 -1.77636e-15 0 0 0 1</matrix>
              <node id="Armature_Head" name="Head" sid="Head" type="JOINT">
                <matrix sid="transform">1 -1.74111e-9 -3.55271e-15 0 0 0.9999999 0 1.5 3.55271e-15 0 1 0 0 0 0 1</matrix>
                <node id="Armature_Cap" name="Cap" sid="Cap" type="JOINT">
                  <matrix sid="transform">-2.18942e-7 0.9238794 -0.3826834 0 6.35877e-7 0.3826834 0.9238796 2.900002 0.9999999 -2.98023e-8 -6.66742e-7 -1.77636e-15 0 0 0 1</matrix>
                  <extra>
                    <technique profile="blender">
                      <layer sid="layer" type="string">0</layer>
                      <roll sid="roll" type="float">3.141592</roll>
                      <tip_x sid="tip_x" type="float">0</tip_x>
                      <tip_y sid="tip_y" type="float">0.8998098</tip_y>
                      <tip_z sid="tip_z" type="float">2.172333</tip_z>
                    </technique>
                  </extra>
                </node>
                <node id="Armature_HairL" name="HairL" sid="HairL" type="JOINT">
                  <matrix sid="transform">-0.4330112 -0.7500007 -0.4999995 -1 0.8660259 -0.4999991 9.23872e-7 0.5798731 -0.2500001 -0.4330122 0.8660256 -1.2 0 0 0 1</matrix>
                  <extra>
                    <technique profile="blender">
                      <layer sid="layer" type="string">0</layer>
                      <roll sid="roll" type="float">-2.094393</roll>
                      <tip_x sid="tip_x" type="float">1.018149</tip_x>
                      <tip_y sid="tip_y" type="float">-1.175656</tip_y>
                      <tip_z sid="tip_z" type="float">-1.763489</tip_z>
                    </technique>
                  </extra>
                </node>
                <node id="Armature_HairR" name="HairR" sid="HairR" type="JOINT">
                  <matrix sid="transform">0.4330133 0.7499996 0.5 -1 -0.8660252 0.5000005 5.36442e-7 0.5798731 -0.2499998 -0.4330128 0.8660254 1.2 0 0 0 1</matrix>
                  <extra>
                    <technique profile="blender">
                      <layer sid="layer" type="string">0</layer>
                      <roll sid="roll" type="float">-1.047198</roll>
                      <tip_x sid="tip_x" type="float">1.01815</tip_x>
                      <tip_y sid="tip_y" type="float">1.175659</tip_y>
                      <tip_z sid="tip_z" type="float">1.763487</tip_z>
                    </technique>
                  </extra>
                </node>
                <node id="Armature_Mouth" name="Mouth" sid="Mouth" type="JOINT">
                  <matrix sid="transform">0.2588186 0.9659259 -9.32708e-8 0.1999998 0.965926 -0.2588186 -1.87432e-7 1.2 -2.05186e-7 -4.15817e-8 -1 -8.74227e-9 0 0 0 1</matrix>
                  <extra>
                    <technique profile="blender">
                      <layer sid="layer" type="string">0</layer>
                      <roll sid="roll" type="float">1.570796</roll>
                      <tip_x sid="tip_x" type="float">0</tip_x>
                      <tip_y sid="tip_y" type="float">-0.6085644</tip_y>
                      <tip_z sid="tip_z" type="float">2.271198</tip_z>
                    </technique>
                  </extra>
                </node>
                <node id="Armature_MustacheL" name="MustacheL" sid="MustacheL" type="JOINT">
                  <matrix sid="transform">0.163176 -0.3420195 -0.9254169 3.06477 0.9176388 0.3971316 0.01503107 1.17494 0.3623712 -0.8516511 0.3786525 -0.5585601 0 0 0 1</matrix>
                  <extra>
                    <technique profile="blender">
                      <layer sid="layer" type="string">0</layer>
                      <roll sid="roll" type="float">-2.743333</roll>
                      <tip_x sid="tip_x" type="float">2.002501</tip_x>
                      <tip_y sid="tip_y" type="float">0.9337816</tip_y>
                      <tip_z sid="tip_z" type="float">-0.8041959</tip_z>
                    </technique>
                  </extra>
                </node>
                <node id="Armature_MustacheR" name="MustacheR" sid="MustacheR" type="JOINT">
                  <matrix sid="transform">-0.1631738 0.3420206 0.9254169 3.06477 -0.9176392 -0.3971307 -0.01502867 1.17497 0.3623713 -0.851651 0.3786527 0.5585599 0 0 0 1</matrix>
                  <extra>
                    <technique profile="blender">
                      <layer sid="layer" type="string">0</layer>
                      <roll sid="roll" type="float">-0.3655065</roll>
                      <tip_x sid="tip_x" type="float">2.002501</tip_x>
                      <tip_y sid="tip_y" type="float">-0.9337797</tip_y>
                      <tip_z sid="tip_z" type="float">0.8041988</tip_z>
                    </technique>
                  </extra>
                </node>
                <extra>
                  <technique profile="blender">
                    <layer sid="layer" type="string">0</layer>
                    <roll sid="roll" type="float">-1.570796</roll>
                    <tip_x sid="tip_x" type="float">0</tip_x>
                    <tip_y sid="tip_y" type="float">2.351316</tip_y>
                    <tip_z sid="tip_z" type="float">0</tip_z>
                  </technique>
                </extra>
              </node>
              <node id="Armature_ShoulderL" name="ShoulderL" sid="ShoulderL" type="JOINT">
                <matrix sid="transform">-7.95123e-8 8.51495e-8 -1 0.0999999 1 0 -7.77712e-8 0.8000002 -7.09055e-15 -0.9999999 -8.51495e-8 -0.3000001 0 0 0 1</matrix>
                <node id="Armature_ArmL" name="ArmL" sid="ArmL" type="JOINT">
                  <matrix sid="transform">1 8.80597e-15 2.79902e-8 0 -7.44125e-15 1 -2.93871e-8 1.400001 -2.6709e-8 2.93871e-8 1 2.98023e-8 0 0 0 1</matrix>
                  <node id="Armature_ElbowL" name="ElbowL" sid="ElbowL" type="JOINT">
                    <matrix sid="transform">0.9999999 -9.22395e-16 2.75717e-8 0 -5.38259e-15 1 2.27374e-8 1.498 -2.82037e-8 -1.79029e-8 1 0 0 0 0 1</matrix>
                    <node id="Armature_HandL" name="HandL" sid="HandL" type="JOINT">
                      <matrix sid="transform">1 4.99325e-7 1.33896e-8 0 -4.99325e-7 0.9999999 2.12258e-8 1.40748 -1.1791e-8 -2.42276e-8 1 0 0 0 0 1</matrix>
                      <node id="Armature_Finger1L" name="Finger1L" sid="Finger1L" type="JOINT">
                        <matrix sid="transform">1 -2.49613e-7 -2.86764e-8 0.6126413 4.09646e-7 1 -3.12866e-8 1.812001 2.80613e-8 3.09009e-8 1 -7.84099e-5 0 0 0 1</matrix>
                        <node id="Armature_Finger2L" name="Finger2L" sid="Finger2L" type="JOINT">
                          <matrix sid="transform">1 -1.42402e-7 3.72528e-8 0 1.27012e-7 1 3.42714e-8 0.8000007 -3.52686e-8 -3.16815e-8 1 0 0 0 0 1</matrix>
                          <extra>
                            <technique profile="blender">
                              <connect sid="connect" type="bool">1</connect>
                              <layer sid="layer" type="string">0</layer>
                              <roll sid="roll" type="float">3.141592</roll>
                              <tip_x sid="tip_x" type="float">0.8000007</tip_x>
                              <tip_y sid="tip_y" type="float">0</tip_y>
                              <tip_z sid="tip_z" type="float">1.19209e-7</tip_z>
                            </technique>
                          </extra>
                        </node>
                        <extra>
                          <technique profile="blender">
                            <layer sid="layer" type="string">0</layer>
                            <roll sid="roll" type="float">3.141592</roll>
                          </technique>
                        </extra>
                      </node>
                      <node id="Armature_Thumb1L" name="Thumb1L" sid="Thumb1L" type="JOINT">
                        <matrix sid="transform">1 -2.88547e-7 5.936e-8 -0.4003363 3.80242e-7 0.8660254 0.5000001 1.45605 -1.96296e-7 -0.5000001 0.8660254 -1.16475 0 0 0 1</matrix>
                        <node id="Armature_Thumb2L" name="Thumb2L" sid="Thumb2L" type="JOINT">
                          <matrix sid="transform">1 4.27135e-8 -1.79404e-7 0 -4.27135e-8 1 -2.98023e-8 0.5281496 1.78814e-7 5.96046e-8 1 -4.76837e-7 0 0 0 1</matrix>
                          <extra>
                            <technique profile="blender">
                              <connect sid="connect" type="bool">1</connect>
                              <layer sid="layer" type="string">0</layer>
                              <roll sid="roll" type="float">2.617994</roll>
                              <tip_x sid="tip_x" type="float">0.4573913</tip_x>
                              <tip_y sid="tip_y" type="float">0</tip_y>
                              <tip_z sid="tip_z" type="float">0.2640751</tip_z>
                            </technique>
                          </extra>
                        </node>
                        <extra>
                          <technique profile="blender">
                            <layer sid="layer" type="string">0</layer>
                            <roll sid="roll" type="float">2.617994</roll>
                          </technique>
                        </extra>
                      </node>
                      <extra>
                        <technique profile="blender">
                          <connect sid="connect" type="bool">1</connect>
                          <layer sid="layer" type="string">0</layer>
                          <roll sid="roll" type="float">3.141592</roll>
                          <tip_x sid="tip_x" type="float">1.909928</tip_x>
                          <tip_y sid="tip_y" type="float">9.53674e-7</tip_y>
                          <tip_z sid="tip_z" type="float">2.68221e-7</tip_z>
                        </technique>
                      </extra>
                    </node>
                    <extra>
                      <technique profile="blender">
                        <connect sid="connect" type="bool">1</connect>
                        <layer sid="layer" type="string">0</layer>
                        <roll sid="roll" type="float">3.141592</roll>
                      </technique>
                    </extra>
                  </node>
                  <extra>
                    <technique profile="blender">
                      <connect sid="connect" type="bool">1</connect>
                      <layer sid="layer" type="string">0</layer>
                      <roll sid="roll" type="float">3.141592</roll>
                    </technique>
                  </extra>
                </node>
                <extra>
                  <technique profile="blender">
                    <layer sid="layer" type="string">0</layer>
                    <roll sid="roll" type="float">3.141592</roll>
                  </technique>
                </extra>
              </node>
              <node id="Armature_ShoulderR" name="ShoulderR" sid="ShoulderR" type="JOINT">
                <matrix sid="transform">2.61494e-8 1.70299e-7 -1 0.0999999 -1 0 -2.44083e-8 0.8000031 0 1 1.70299e-7 0.3 0 0 0 1</matrix>
                <node id="Armature_ArmR" name="ArmR" sid="ArmR" type="JOINT">
                  <matrix sid="transform">1 7.24555e-15 -1.44168e-8 0 -2.40242e-15 0.9999999 1.26757e-8 1.400001 1.43444e-8 -1.26757e-8 1 2.98023e-8 0 0 0 1</matrix>
                  <node id="Armature_ElbowR" name="ElbowR" sid="ElbowR" type="JOINT">
                    <matrix sid="transform">1 0 1.22177e-8 0 -2.0845e-15 1 -7.06494e-9 1.498 -1.27744e-8 1.91218e-9 1 0 0 0 0 1</matrix>
                    <node id="Armature_HandR" name="HandR" sid="HandR" type="JOINT">
                      <matrix sid="transform">0.9999999 -6.41756e-16 1.78182e-8 9.53674e-7 -1.21437e-15 1 -2.48831e-8 1.407479 -1.94168e-8 2.67953e-8 1 -2.98023e-8 0 0 0 1</matrix>
                      <node id="Armature_Finger1R" name="Finger1R" sid="Finger1R" type="JOINT">
                        <matrix sid="transform">0.9999999 0 -2.53139e-9 -0.6126394 -2.23485e-15 1 7.44876e-9 1.812 1.74105e-9 -1.04557e-8 1 -7.80821e-5 0 0 0 1</matrix>
                        <node id="Armature_Finger2R" name="Finger2R" sid="Finger2R" type="JOINT">
                          <matrix sid="transform">1 9.7614e-16 -3.72527e-8 0 -2.00911e-15 0.9999999 3.35274e-8 0.8000007 3.89938e-8 -3.28073e-8 1 2.98023e-8 0 0 0 1</matrix>
                          <extra>
                            <technique profile="blender">
                              <connect sid="connect" type="bool">1</connect>
                              <layer sid="layer" type="string">0</layer>
                              <roll sid="roll" type="float">-3.141592</roll>
                              <tip_x sid="tip_x" type="float">-0.8000012</tip_x>
                              <tip_y sid="tip_y" type="float">0</tip_y>
                              <tip_z sid="tip_z" type="float">1.19209e-7</tip_z>
                            </technique>
                          </extra>
                        </node>
                        <extra>
                          <technique profile="blender">
                            <layer sid="layer" type="string">0</layer>
                            <roll sid="roll" type="float">-3.141592</roll>
                          </technique>
                        </extra>
                      </node>
                      <node id="Armature_Thumb1R" name="Thumb1R" sid="Thumb1R" type="JOINT">
                        <matrix sid="transform">0.9999999 1.77636e-15 8.30367e-8 0.400341 -4.15184e-8 0.8660254 0.5 1.45605 -7.27022e-8 -0.5 0.8660254 -1.16475 0 0 0 1</matrix>
                        <node id="Armature_Thumb2R" name="Thumb2R" sid="Thumb2R" type="JOINT">
                          <matrix sid="transform">1 -2.08843e-8 -1.19504e-7 0 2.08843e-8 1 -8.9407e-8 0.5281487 1.49012e-7 1.49012e-7 1 -3.57628e-6 0 0 0 1</matrix>
                          <extra>
                            <technique profile="blender">
                              <layer sid="layer" type="string">0</layer>
                              <roll sid="roll" type="float">-2.617994</roll>
                              <tip_x sid="tip_x" type="float">-0.4573903</tip_x>
                              <tip_y sid="tip_y" type="float">0</tip_y>
                              <tip_z sid="tip_z" type="float">0.2640745</tip_z>
                            </technique>
                          </extra>
                        </node>
                        <extra>
                          <technique profile="blender">
                            <layer sid="layer" type="string">0</layer>
                            <roll sid="roll" type="float">-2.617994</roll>
                            <tip_x sid="tip_x" type="float">-0.4573903</tip_x>
                            <tip_y sid="tip_y" type="float">0</tip_y>
                            <tip_z sid="tip_z" type="float">0.2640744</tip_z>
                          </technique>
                        </extra>
                      </node>
                      <extra>
                        <technique profile="blender">
                          <connect sid="connect" type="bool">1</connect>
                          <layer sid="layer" type="string">0</layer>
                          <roll sid="roll" type="float">-3.141592</roll>
                          <tip_x sid="tip_x" type="float">-1.909928</tip_x>
                          <tip_y sid="tip_y" type="float">0</tip_y>
                          <tip_z sid="tip_z" type="float">2.08616e-7</tip_z>
                        </technique>
                      </extra>
                    </node>
                    <extra>
                      <technique profile="blender">
                        <connect sid="connect" type="bool">1</connect>
                        <layer sid="layer" type="string">0</layer>
                        <roll sid="roll" type="float">-3.141592</roll>
                      </technique>
                    </extra>
                  </node>
                  <extra>
                    <technique profile="blender">
                      <connect sid="connect" type="bool">1</connect>
                      <layer sid="layer" type="string">0</layer>
                      <roll sid="roll" type="float">-3.141592</roll>
                    </technique>
                  </extra>
                </node>
                <extra>
                  <technique profile="blender">
                    <layer sid="layer" type="string">0</layer>
                    <roll sid="roll" type="float">-3.141592</roll>
                  </technique>
                </extra>
              </node>
              <extra>
                <technique profile="blender">
                  <layer sid="layer" type="string">0</layer>
                  <roll sid="roll" type="float">-1.570796</roll>
                  <tip_x sid="tip_x" type="float">0</tip_x>
                  <tip_y sid="tip_y" type="float">1.073489</tip_y>
                  <tip_z sid="tip_z" type="float">0</tip_z>
                </technique>
              </extra>
            </node>
            <extra>
              <technique profile="blender">
                <layer sid="layer" type="string">0</layer>
                <roll sid="roll" type="float">-1.570796</roll>
                <tip_x sid="tip_x" type="float">0</tip_x>
                <tip_y sid="tip_y" type="float">1.05013</tip_y>
                <tip_z sid="tip_z" type="float">0</tip_z>
              </technique>
            </extra>
          </node>
          <extra>
            <technique profile="blender">
              <layer sid="layer" type="string">0</layer>
              <roll sid="roll" type="float">3.141593</roll>
              <tip_x sid="tip_x" type="float">0.0999999</tip_x>
              <tip_y sid="tip_y" type="float">0</tip_y>
              <tip_z sid="tip_z" type="float">0</tip_z>
            </technique>
          </extra>
        </node>
      </node>
      <node id="Body__m_Body" name="Body__m_Body" type="NODE">
        <translate sid="location">0 0 0</translate>
        <rotate sid="rotationZ">0 0 1 0</rotate>
        <rotate sid="rotationY">0 1 0 0</rotate>
        <rotate sid="rotationX">1 0 0 0</rotate>
        <scale sid="scale">1 1 1</scale>
        <instance_controller url="#Armature_Body__m_Body-skin">
          <skeleton>#Armature_Skl_Root</skeleton>
          <bind_material>
            <technique_common>
              <instance_material symbol="m_Body-material" target="#m_Body-material"/>
            </technique_common>
          </bind_material>
        </instance_controller>
      </node>
      <node id="Body__m_Eye" name="Body__m_Eye" type="NODE">
        <translate sid="location">0 0 0</translate>
        <rotate sid="rotationZ">0 0 1 0</rotate>
        <rotate sid="rotationY">0 1 0 0</rotate>
        <rotate sid="rotationX">1 0 0 0</rotate>
        <scale sid="scale">1 1 1</scale>
        <instance_controller url="#Armature_Body__m_Eye-skin">
          <skeleton>#Armature_Skl_Root</skeleton>
          <bind_material>
            <technique_common>
              <instance_material symbol="m_Eye-material" target="#m_Eye-material"/>
            </technique_common>
          </bind_material>
        </instance_controller>
      </node>
    </visual_scene>
  </library_visual_scenes>
  <scene>
    <instance_visual_scene url="#Scene"/>
  </scene>
</COLLADA>