<?xml version="1.0" encoding="UTF-8" standalone="no" ?>
<COLLADA xmlns="http://www.collada.org/2005/11/COLLADASchema" version="1.4.1">
    <asset>
        <created>2025-08-13T11:59:26</created>
        <modified>2025-08-13T11:59:26</modified>
        <up_axis>Y_UP</up_axis>
        <contributor>
            <author>Blurro</author>
            <authoring_tool>MKDXtool</authoring_tool>
        </contributor>
        <contributor>
            <author>Assimp</author>
            <authoring_tool>Assimp Exporter</authoring_tool>
        </contributor>
    </asset>
    <library_images>
        <image id="material_1-diffuse-image">
            <init_from>mark_mario_col.dds</init_from>
        </image>
        <image id="material_1-specular-image">
            <init_from>mark_spe.dds</init_from>
        </image>
        <image id="material_1-reflective-image">
            <init_from>mark_ref.dds</init_from>
        </image>
        <image id="material_2-diffuse-image">
            <init_from>spe03_X01_DMY_CHG01_col.dds</init_from>
        </image>
        <image id="material_2-specular-image">
            <init_from>spe03_X01_DMY_CHG01_spe.dds</init_from>
        </image>
        <image id="material_2-reflective-image">
            <init_from>spe03_X01_DMY_CHG01_ref.dds</init_from>
        </image>
    </library_images>
    <library_effects>
        <effect id="material_0-fx" name="">
            <profile_COMMON>
                <technique sid="standard">
                    <phong>
                        <ambient>
                            <color sid="ambient">0.5   0.5   0.5   1</color>
                        </ambient>
                    </phong>
                </technique>
            </profile_COMMON>
        </effect>
        <effect id="material_1-fx" name="">
            <profile_COMMON>
                <newparam sid="material_1-diffuse-surface">
                    <surface type="2D">
                        <init_from>material_1-diffuse-image</init_from>
                    </surface>
                </newparam>
                <newparam sid="material_1-diffuse-sampler">
                    <sampler2D>
                        <source>material_1-diffuse-surface</source>
                    </sampler2D>
                </newparam>
                <newparam sid="material_1-specular-surface">
                    <surface type="2D">
                        <init_from>material_1-specular-image</init_from>
                    </surface>
                </newparam>
                <newparam sid="material_1-specular-sampler">
                    <sampler2D>
                        <source>material_1-specular-surface</source>
                    </sampler2D>
                </newparam>
                <newparam sid="material_1-reflective-surface">
                    <surface type="2D">
                        <init_from>material_1-reflective-image</init_from>
                    </surface>
                </newparam>
                <newparam sid="material_1-reflective-sampler">
                    <sampler2D>
                        <source>material_1-reflective-surface</source>
                    </sampler2D>
                </newparam>
                <technique sid="standard">
                    <phong>
                        <ambient>
                            <color sid="ambient">0.5   0.5   0.5   1</color>
                        </ambient>
                        <diffuse>
                            <texture texture="material_1-diffuse-sampler" texcoord="CHANNEL0"/>
                        </diffuse>
                        <specular>
                            <texture texture="material_1-specular-sampler" texcoord="CHANNEL0"/>
                        </specular>
                        <reflective>
                            <texture texture="material_1-reflective-sampler" texcoord="CHANNEL0"/>
                        </reflective>
                    </phong>
                </technique>
            </profile_COMMON>
        </effect>
        <effect id="material_2-fx" name="">
            <profile_COMMON>
                <newparam sid="material_2-diffuse-surface">
                    <surface type="2D">
                        <init_from>material_2-diffuse-image</init_from>
                    </surface>
                </newparam>
                <newparam sid="material_2-diffuse-sampler">
                    <sampler2D>
                        <source>material_2-diffuse-surface</source>
                    </sampler2D>
                </newparam>
                <newparam sid="material_2-specular-surface">
                    <surface type="2D">
                        <init_from>material_2-specular-image</init_from>
                    </surface>
                </newparam>
                <newparam sid="material_2-specular-sampler">
                    <sampler2D>
                        <source>material_2-specular-surface</source>
                    </sampler2D>
                </newparam>
                <newparam sid="material_2-reflective-surface">
                    <surface type="2D">
                        <init_from>material_2-reflective-image</init_from>
                    </surface>
                </newparam>
                <newparam sid="material_2-reflective-sampler">
                    <sampler2D>
                        <source>material_2-reflective-surface</source>
                    </sampler2D>
                </newparam>
                <technique sid="standard">
                    <phong>
                        <ambient>
                            <color sid="ambient">0.5   0.5   0.5   1</color>
                        </ambient>
                        <diffuse>
                            <texture texture="material_2-diffuse-sampler" texcoord="CHANNEL0"/>
                        </diffuse>
                        <specular>
                            <texture texture="material_2-specular-sampler" texcoord="CHANNEL0"/>
                        </specular>
                        <reflective>
                            <texture texture="material_2-reflective-sampler" texcoord="CHANNEL0"/>
                        </reflective>
                    </phong>
                </technique>
            </profile_COMMON>
        </effect>
    </library_effects>
    <library_materials>
        <material id="material_0" name="">
            <instance_effect url="#material_0-fx"/>
        </material>
        <material id="material_1" name="">
            <instance_effect url="#material_1-fx"/>
        </material>
        <material id="material_2" name="">
            <instance_effect url="#material_2-fx"/>
        </material>
    </library_materials>
    <library_geometries>
        <geometry id="spe03_kart_root.polymsh2_1" name="spe03_kart_root.polymsh2">
            <mesh>
                <source id="spe03_kart_root.polymsh2_1-positions" name="spe03_kart_root.polymsh2_1-positions">
                    <float_array id="spe03_kart_root.polymsh2_1-positions-array" count="645"> 0.460166991 -0.221310005 -1.67847002 -0.00906999968 -0.220602006 -1.739887 -0.00906999968 0.0198800005 -2.05807209 0.531509995 0.0195850004 -1.98712099 0.369778007 -0.139084995 -1.34518003 -0.00906999968 -0.13888 -1.39432597 0.369778007 0.173111007 -1.39280796 -0.00906999968 0.173316002 -1.44195294 -0.00906999968 -0.13888 -1.39432597 0.369778007 -0.139084995 -1.34518003 0.460166991 0.283868015 -1.75524998 -0.00906999968 0.284575999 -1.81666601 0.87766403 -0.223385006 -1.49840498 1.01432204 0.0187199991 -1.77910399 0.704208016 -0.139684007 -1.20109296 0.704208016 0.172511995 -1.24872005 0.704208016 -0.139684007 -1.20109296 0.87766403 0.281794012 -1.57518399 1.23617697 -0.226686001 -1.21196198 1.42892206 0.0173429996 -1.44819701 0.991388977 -0.140637994 -0.971882999 0.991388977 0.171557993 -1.01951098 0.991388977 -0.140637994 -0.971882999 1.23617697 0.278492987 -1.28874195 1.51127398 -0.230986997 -0.838662982 1.74705505 0.0155480001 -1.01695096 1.21175098 -0.141881004 -0.673170984 1.21175098 0.170314997 -0.720798016 1.21175098 -0.141881004 -0.673170984 1.51127398 0.274190992 -0.915443003 1.68420696 -0.235997006 -0.403948009 1.94704294 0.0134589998 -0.514753997 1.35027695 -0.143327996 -0.325313002 1.35027695 0.168868005 -0.372940987 1.35027695 -0.143327996 -0.325313002 1.68420696 0.269181997 -0.480726987 1.743191 -0.241373003 0.0625599995 2.01525402 0.011217 0.0241700001 1.39752495 -0.144880995 0.0479840003 1.39752495 0.167315006 0.000356000004 1.39752495 -0.144880995 0.0479840003 1.743191 0.263805985 -0.0142200002 -0.00906999968 0.00255300011 2.10641193 0.531509995 0.00284800003 2.03546095 0.460166991 0.243743002 1.72680998 -0.00906999968 0.243036002 1.78822696 0.369778007 0.161517993 1.39352 -0.00906999968 0.161313996 1.44266605 0.369778007 -0.150677994 1.44114804 -0.00906999968 -0.150882006 1.49029303 -0.00906999968 -0.150882006 1.49029303 0.369778007 -0.150677994 1.44114804 0.460166991 -0.261435002 1.80359006 -0.00906999968 -0.262142986 1.86500597 1.01432204 0.00371400011 1.82744396 0.87766403 0.245818004 1.54674494 0.704208016 0.162118003 1.24943304 0.704208016 -0.150077999 1.29706001 0.704208016 -0.150077999 1.29706001 0.87766403 -0.259359986 1.62352395 1.42892206 0.00509099988 1.49653697 1.23617697 0.249118999 1.26030195 0.991388977 0.163071007 1.02022302 0.991388977 -0.149124995 1.06785095 0.991388977 -0.149124995 1.06785095 1.23617697 -0.256058991 1.33708203 1.74705505 0.00688500004 1.06529105 1.51127398 0.253421009 0.887003005 1.21175098 0.164314002 0.721511006 1.21175098 -0.147882 0.769138992 1.21175098 -0.147882 0.769138992 1.51127398 -0.251758009 0.963783026 1.94704294 0.00897399988 0.56309402 1.68420696 0.258430004 0.452288002 1.35027695 0.165760994 0.373652995 1.35027695 -0.146434993 0.42128101 1.35027695 -0.146434993 0.42128101 1.68420696 -0.246748 0.52906698 -0.478305995 -0.221310005 -1.67847002 -0.549649 0.0195850004 -1.98712099 -0.387917012 -0.139084995 -1.34518003 -0.387917012 0.173111007 -1.39280796 -0.387917012 -0.139084995 -1.34518003 -0.478305995 0.283868015 -1.75524998 -0.895803988 -0.223385006 -1.49840498 -1.03246105 0.0187199991 -1.77910399 -0.722347021 -0.139684007 -1.20109296 -0.722347021 0.172511995 -1.24872005 -0.722347021 -0.139684007 -1.20109296 -0.895803988 0.281794012 -1.57518399 -1.25431705 -0.226686001 -1.21196198 -1.44706094 0.0173429996 -1.44819701 -1.00952804 -0.140637994 -0.971882999 -1.00952804 0.171557993 -1.01951098 -1.00952804 -0.140637994 -0.971882999 -1.25431705 0.278492987 -1.28874195 -1.52941298 -0.230986997 -0.838662982 -1.76519501 0.0155480001 -1.01695096 -1.22988999 -0.141881004 -0.673170984 -1.22988999 0.170314997 -0.720798016 -1.22988999 -0.141881004 -0.673170984 -1.52941298 0.274190992 -0.915443003 -1.70234597 -0.235997006 -0.403948009 -1.96518195 0.0134589998 -0.514753997 -1.36841595 -0.143327996 -0.325313002 -1.36841595 0.168868005 -0.372940987 -1.36841595 -0.143327996 -0.325313002 -1.70234597 0.269181997 -0.480726987 -1.76133096 -0.241373003 0.0625599995 -2.0333941 0.011217 0.0241700001 -1.41566396 -0.144880995 0.0479840003 -1.41566396 0.167315006 0.000356000004 -1.41566396 -0.144880995 0.0479840003 -1.76133096 0.263805985 -0.0142200002 -0.478305995 0.243743002 1.72680998 -0.549649 0.00284800003 2.03546095 -0.387917012 0.161517993 1.39352 -0.387917012 -0.150677994 1.44114804 -0.478305995 -0.261435002 1.80359006 -0.387917012 -0.150677994 1.44114804 -0.895803988 0.245818004 1.54674494 -1.03246105 0.00371400011 1.82744396 -0.722347021 0.162118003 1.24943304 -0.722347021 -0.150077999 1.29706001 -0.895803988 -0.259359986 1.62352395 -0.722347021 -0.150077999 1.29706001 -1.25431705 0.249118999 1.26030195 -1.44706094 0.00509099988 1.49653697 -1.00952804 0.163071007 1.02022302 -1.00952804 -0.149124995 1.06785095 -1.25431705 -0.256058991 1.33708203 -1.00952804 -0.149124995 1.06785095 -1.52941298 0.253421009 0.887003005 -1.76519501 0.00688500004 1.06529105 -1.22988999 0.164314002 0.721511006 -1.22988999 -0.147882 0.769138992 -1.52941298 -0.251758009 0.963783026 -1.22988999 -0.147882 0.769138992 -1.70234597 0.258430004 0.452288002 -1.96518195 0.00897399988 0.56309402 -1.36841595 0.165760994 0.373652995 -1.36841595 -0.146434993 0.42128101 -1.70234597 -0.246748 0.52906698 -1.36841595 -0.146434993 0.42128101 0.238426 0.0261230003 0.974452019 0.309780985 0.0115599995 0.577171028 -0.00886499975 0.0115599995 0.577171028 -0.00886499975 0.0261230003 0.974452019 0.453238994 0.0044379998 0.383020997 -0.00886499975 0.00444199983 0.38302201 0.833929002 -0.126176998 0.231377006 0.795131028 0.000768999977 0.283004999 0.495514005 -0.123196997 0.339652002 0.767188013 -0.187174007 -0.404031008 0.291274995 -0.214241996 -0.489459008 0.253295988 -0.0235619992 -0.380856007 0.728389978 -0.0207349993 -0.303591996 0.795131028 0.000768999977 0.283004999 1.44214404 -0.000377999997 0.251830012 1.45547605 -0.0147700002 -0.140356004 -0.00886499975 -0.0207289997 -0.30359 -0.00886499975 0.000775999972 0.283006012 1.49568796 -0.100966997 -0.234117001 0.272592992 -0.104125999 1.525231 -0.00886499975 -0.104125999 1.525231 -0.00886499975 -0.112334996 1.01586103 0.294654995 -0.112334996 1.01586103 0.357769012 -0.115626998 0.589522004 0.291274995 -0.214241996 -0.489459008 0.495514005 -0.123196997 0.339652002 -0.746119022 -0.0207349993 -0.303591996 -0.271025002 -0.0235619992 -0.380856007 -0.00886499975 0.0445730016 1.47759998 0.220449001 0.0445730016 1.47759998 1.482355 -0.114134997 0.190237001 1.44214404 -0.000377999997 0.251830012 -0.00886499975 -0.115626998 0.589522004 -0.00886499975 -0.217133999 -0.524815023 0.767188013 -0.187174007 -0.404031008 0.833929002 -0.126176998 0.231377006 0.272592992 -0.104125999 1.525231 0.294654995 -0.112334996 1.01586103 0.357769012 -0.115626998 0.589522004 -0.00886499975 -0.217133999 -0.524815023 -0.00886499975 -0.0247850008 -0.414211988 1.49568796 -0.100966997 -0.234117001 1.482355 -0.114134997 0.190237001 -0.256155014 0.0261230003 0.974452019 -0.327509999 0.0115599995 0.577171028 -0.470968008 0.0044379998 0.383020997 -0.851657987 -0.126176998 0.231377006 -0.51324302 -0.123196997 0.339652002 -0.812860012 0.000768999977 0.283004999 -0.784916997 -0.187174007 -0.404031008 -0.309004009 -0.214241996 -0.489459008 -0.812860012 0.000768999977 0.283004999 -1.47320604 -0.0147700002 -0.140356004 -1.45987296 -0.000377999997 0.251830012 -1.51341701 -0.100966997 -0.234117001 -0.290322006 -0.104125999 1.525231 -0.312384009 -0.112334996 1.01586103 -0.51324302 -0.123196997 0.339652002 -0.309004009 -0.214241996 -0.489459008 -0.37549901 -0.115626998 0.589522004 -0.00886499975 -0.0235619992 -0.380856007 -0.238178 0.0445730016 1.47759998 -1.50008404 -0.114134997 0.190237001 -1.45987296 -0.000377999997 0.251830012 -0.851657987 -0.126176998 0.231377006 -0.784916997 -0.187174007 -0.404031008 -0.290322006 -0.104125999 1.525231 -0.312384009 -0.112334996 1.01586103 -0.37549901 -0.115626998 0.589522004 -1.50008404 -0.114134997 0.190237001 -1.51341701 -0.100966997 -0.234117001 </float_array>
                    <technique_common>
                        <accessor count="215" offset="0" source="#spe03_kart_root.polymsh2_1-positions-array" stride="3">
                            <param name="X" type="float"/>
                            <param name="Y" type="float"/>
                            <param name="Z" type="float"/>
                        </accessor>
                    </technique_common>
                </source>
                <source id="spe03_kart_root.polymsh2_1-normals" name="spe03_kart_root.polymsh2_1-normals">
                    <float_array id="spe03_kart_root.polymsh2_1-normals-array" count="645"> 0.0528969988 -0.978524983 -0.199227005 0 -0.978685975 -0.205363005 0 -0.0924339965 -0.995719016 0.264302999 -0.0893139988 -0.960295022 -0.220125005 -0.56408602 0.795834005 0 -0.561968982 0.827157974 -0.198317006 0.657391012 0.726984978 0 0.658870995 0.752255976 0 -0.561968982 0.827157974 -0.220125005 -0.56408602 0.795834005 0.0722860023 0.964150012 -0.255320996 0 0.963737011 -0.266851991 0.104347996 -0.977895021 -0.181197003 0.512759984 -0.0799420029 -0.854802012 -0.42572099 -0.568356991 0.704082012 -0.388101995 0.651458979 0.651902974 -0.42572099 -0.568356991 0.704082012 0.137966007 0.965040028 -0.222853005 0.150368005 -0.976880014 -0.151969001 0.718973994 -0.0652249977 -0.691969991 -0.592077017 -0.575317979 0.564316988 -0.549557984 0.642610013 0.533890009 -0.592077017 -0.575317979 0.564316988 0.188712999 0.966412008 -0.174455002 0.189101994 -0.975512028 -0.112326004 0.873192012 -0.0460960008 -0.485192001 -0.711603999 -0.584406018 0.389986008 -0.675552011 0.631597996 0.380412012 -0.711603999 -0.584406018 0.389986008 0.221913993 0.968128026 -0.116109997 0.218119994 -0.973854005 -0.0634960011 0.96804601 -0.0238530003 -0.249635994 -0.779425979 -0.595148981 0.195683002 -0.758928001 0.619432986 0.200828001 -0.779425979 -0.595148981 0.195683002 0.236901 0.97003901 -0.0538699999 0.234898001 -0.971993029 -0.00723800017 1 0 0 -0.794661999 -0.607029974 -0.00521099987 -0.794661999 0.607029974 0.00521099987 -0.794661999 -0.607029974 -0.00521099987 0.234898001 0.971993029 0.00723800017 0 0.0924339965 0.995719016 0.264302999 0.0893139988 0.960295022 0.0528969988 0.978524983 0.199227005 0 0.978685975 0.205363005 -0.220125005 0.56408602 -0.795834005 0 0.561968982 -0.827157974 -0.198317006 -0.657391012 -0.726984978 0 -0.658870995 -0.752255976 0 -0.658870995 -0.752255976 -0.198317006 -0.657391012 -0.726984978 0.0722860023 -0.964150012 0.255320996 0 -0.963737011 0.266851991 0.512759984 0.0799420029 0.854802012 0.104347996 0.977895021 0.181197003 -0.42572099 0.568356991 -0.704082012 -0.388101995 -0.651458979 -0.651902974 -0.388101995 -0.651458979 -0.651902974 0.137966007 -0.965040028 0.222853005 0.718973994 0.0652249977 0.691969991 0.150368005 0.976880014 0.151969001 -0.592077017 0.575317979 -0.564316988 -0.549557984 -0.642610013 -0.533890009 -0.549557984 -0.642610013 -0.533890009 0.188712999 -0.966412008 0.174455002 0.873192012 0.0460960008 0.485192001 0.189101994 0.975512028 0.112326004 -0.711603999 0.584406018 -0.389986008 -0.675552011 -0.631597996 -0.380412012 -0.675552011 -0.631597996 -0.380412012 0.221913993 -0.968128026 0.116109997 0.96804601 0.0238530003 0.249635994 0.218119994 0.973854005 0.0634960011 -0.779425979 0.595148981 -0.195683002 -0.758928001 -0.619432986 -0.200828001 -0.758928001 -0.619432986 -0.200828001 0.236901 -0.97003901 0.0538699999 -0.0528969988 -0.978524983 -0.199227005 -0.264302999 -0.0893139988 -0.960295022 0.220125005 -0.56408602 0.795834005 0.198317006 0.657391012 0.726984978 0.220125005 -0.56408602 0.795834005 -0.0722860023 0.964150012 -0.255320996 -0.104347996 -0.977895021 -0.181197003 -0.512759984 -0.0799420029 -0.854802012 0.42572099 -0.568356991 0.704082012 0.388101995 0.651458979 0.651902974 0.42572099 -0.568356991 0.704082012 -0.137966007 0.965040028 -0.222853005 -0.150368005 -0.976880014 -0.151969001 -0.718973994 -0.0652249977 -0.691969991 0.592077017 -0.575317979 0.564316988 0.549557984 0.642610013 0.533890009 0.592077017 -0.575317979 0.564316988 -0.188712999 0.966412008 -0.174455002 -0.189101994 -0.975512028 -0.112326004 -0.873192012 -0.0460960008 -0.485192001 0.711603999 -0.584406018 0.389986008 0.675552011 0.631597996 0.380412012 0.711603999 -0.584406018 0.389986008 -0.221913993 0.968128026 -0.116109997 -0.218119994 -0.973854005 -0.0634960011 -0.96804601 -0.0238530003 -0.249635994 0.779425979 -0.595148981 0.195683002 0.758928001 0.619432986 0.200828001 0.779425979 -0.595148981 0.195683002 -0.236901 0.97003901 -0.0538699999 -0.234898001 -0.971993029 -0.00723800017 -1 0 0 0.794661999 -0.607029974 -0.00521099987 0.794661999 0.607029974 0.00521099987 0.794661999 -0.607029974 -0.00521099987 -0.234898001 0.971993029 0.00723800017 -0.0528969988 0.978524983 0.199227005 -0.264302999 0.0893139988 0.960295022 0.220125005 0.56408602 -0.795834005 0.198317006 -0.657391012 -0.726984978 -0.0722860023 -0.964150012 0.255320996 0.198317006 -0.657391012 -0.726984978 -0.104347996 0.977895021 0.181197003 -0.512759984 0.0799420029 0.854802012 0.42572099 0.568356991 -0.704082012 0.388101995 -0.651458979 -0.651902974 -0.137966007 -0.965040028 0.222853005 0.388101995 -0.651458979 -0.651902974 -0.150368005 0.976880014 0.151969001 -0.718973994 0.0652249977 0.691969991 0.592077017 0.575317979 -0.564316988 0.549557984 -0.642610013 -0.533890009 -0.188712999 -0.966412008 0.174455002 0.549557984 -0.642610013 -0.533890009 -0.189101994 0.975512028 0.112326004 -0.873192012 0.0460960008 0.485192001 0.711603999 0.584406018 -0.389986008 0.675552011 -0.631597996 -0.380412012 -0.221913993 -0.968128026 0.116109997 0.675552011 -0.631597996 -0.380412012 -0.218119994 0.973854005 0.0634960011 -0.96804601 0.0238530003 0.249635994 0.779425979 0.595148981 -0.195683002 0.758928001 -0.619432986 -0.200828001 -0.236901 -0.97003901 0.0538699999 0.758928001 -0.619432986 -0.200828001 0.557401001 0.829751015 0.0285890009 0.544162989 0.818902016 0.182445005 0 0.999328971 -0.0366379991 0 0.999328971 -0.0366379991 0.321723014 0.864189029 0.38687399 0 0.999328971 -0.0366399996 0.130089 -0.795928001 0.591248989 0.169101 -0.336264014 0.926461995 0.431796998 -0.702207983 0.566088021 0.131832004 0.577024996 -0.806016028 0.114646003 0.511615992 -0.851531029 0.0519080013 0.910422027 -0.410412014 0.0584819987 0.922335029 -0.381938994 1.10000001e-05 0.999328971 -0.0366379991 1.89999992e-05 0.999328017 -0.0366510004 0.0742200017 0.894876003 -0.440100998 0 0.999328971 -0.0366269983 0 0.999328971 -0.0366329998 0.135122001 0.630071998 -0.764689982 0 -0.999870002 0.0161119998 0 -0.999870002 0.0161119998 0 -0.999929011 0.0119169997 0 -0.999929011 0.0119169997 0.589480996 -0.761538982 0.269389004 0.0435380004 -0.994899988 0.0909890011 0.431796998 -0.702207983 0.566088021 -0.0584819987 0.922335029 -0.381938994 -0.0519080013 0.910422027 -0.410412014 0 0.999328017 -0.0366449989 0.565532982 0.824706018 -0.00561799994 0.0713369995 -0.826187015 0.558861971 0.0542679988 -0.410369992 0.910302997 0 -0.998781979 0.0493430011 0 -0.995862007 0.0908799991 0.0497240014 -0.996342003 0.0694990009 0.130089 -0.795928001 0.591248989 0.932403982 0.36037901 0.0273819994 0.92365402 0.373892009 0.0840770006 0.589480996 -0.761538982 0.269389004 0 0.504292011 -0.86353302 0 0.858725011 -0.512436986 0.0672399998 -0.996869028 0.0416020006 0.0713369995 -0.826187015 0.558861971 -0.557401001 0.829751015 0.0285890009 -0.544162989 0.818902016 0.182445005 -0.321723014 0.864189029 0.38687399 -0.130089 -0.795928001 0.591248989 -0.431796998 -0.702207983 0.566088021 -0.169101 -0.336264014 0.926461995 -0.131832004 0.577024996 -0.806016028 -0.114646003 0.511615992 -0.851531029 -1.10000001e-05 0.999328971 -0.0366379991 -0.0742200017 0.894876003 -0.440100998 -1.89999992e-05 0.999328017 -0.0366510004 -0.135122001 0.630071998 -0.764689982 0 -0.999870002 0.0161119998 0 -0.999929011 0.0119169997 -0.431796998 -0.702207983 0.566088021 -0.0435380004 -0.994899988 0.0909890011 -0.589480996 -0.761538982 0.269389004 0 0.999328971 -0.0366359986 -0.565532982 0.824706018 -0.00561799994 -0.0713369995 -0.826187015 0.558861971 -0.0542679988 -0.410369992 0.910302997 -0.130089 -0.795928001 0.591248989 -0.0497240014 -0.996342003 0.0694990009 -0.932403982 0.36037901 0.0273819994 -0.92365402 0.373892009 0.0840770006 -0.589480996 -0.761538982 0.269389004 -0.0713369995 -0.826187015 0.558861971 -0.0672399998 -0.996869028 0.0416020006 </float_array>
                    <technique_common>
                        <accessor count="215" offset="0" source="#spe03_kart_root.polymsh2_1-normals-array" stride="3">
                            <param name="X" type="float"/>
                            <param name="Y" type="float"/>
                            <param name="Z" type="float"/>
                        </accessor>
                    </technique_common>
                </source>
                <source id="spe03_kart_root.polymsh2_1-tex0" name="spe03_kart_root.polymsh2_1-tex0">
                    <float_array id="spe03_kart_root.polymsh2_1-tex0-array" count="430"> 0.0246699993 0.727137983 0.0246699993 0.703559995 0.00580599997 0.703559995 0.00580599997 0.727137983 0.0435339995 0.727137983 0.0435339995 0.703559995 0.0435339995 0.727137983 0.0435339995 0.703559995 0.0623969994 0.703559995 0.0623969994 0.727137983 0.0246699993 0.727137983 0.0246699993 0.703559995 0.0246699993 0.751013994 0.00580599997 0.751013994 0.0435339995 0.751013994 0.0435339995 0.751013994 0.0623969994 0.751013994 0.0246699993 0.751013994 0.0246699993 0.774890006 0.00580599997 0.774890006 0.0435339995 0.774890006 0.0435339995 0.774890006 0.0623969994 0.774890006 0.0246699993 0.774890006 0.0246699993 0.798766971 0.00580599997 0.798766971 0.0435339995 0.798766971 0.0435339995 0.798766971 0.0623969994 0.798766971 0.0246699993 0.798766971 0.0246699993 0.822642982 0.00580599997 0.822642982 0.0435339995 0.822642982 0.0435339995 0.822642982 0.0623969994 0.822642982 0.0246699993 0.822642982 0.0246699993 0.846520007 0.00580599997 0.846520007 0.0435339995 0.846520007 0.0435339995 0.846520007 0.0623969994 0.846520007 0.0246699993 0.846520007 0.00580599997 0.989777982 0.00580599997 0.965901971 0.0246699993 0.965901971 0.0246699993 0.989777982 0.0435339995 0.965901971 0.0435339995 0.989777982 0.0623969994 0.965901971 0.0623969994 0.989777982 0.0435339995 0.989777982 0.0435339995 0.965901971 0.0246699993 0.965901971 0.0246699993 0.989777982 0.00580599997 0.942025006 0.0246699993 0.942025006 0.0435339995 0.942025006 0.0623969994 0.942025006 0.0435339995 0.942025006 0.0246699993 0.942025006 0.00580599997 0.918148994 0.0246699993 0.918148994 0.0435339995 0.918148994 0.0623969994 0.918148994 0.0435339995 0.918148994 0.0246699993 0.918148994 0.00580599997 0.894272983 0.0246699993 0.894272983 0.0435339995 0.894272983 0.0623969994 0.894272983 0.0435339995 0.894272983 0.0246699993 0.894272983 0.00580599997 0.870396018 0.0246699993 0.870396018 0.0435339995 0.870396018 0.0623969994 0.870396018 0.0435339995 0.870396018 0.0246699993 0.870396018 0.0246699993 0.727137983 0.00580599997 0.727137983 0.0435339995 0.727137983 0.0435339995 0.727137983 0.0623969994 0.727137983 0.0246699993 0.727137983 0.0246699993 0.751013994 0.00580599997 0.751013994 0.0435339995 0.751013994 0.0435339995 0.751013994 0.0623969994 0.751013994 0.0246699993 0.751013994 0.0246699993 0.774890006 0.00580599997 0.774890006 0.0435339995 0.774890006 0.0435339995 0.774890006 0.0623969994 0.774890006 0.0246699993 0.774890006 0.0246699993 0.798766971 0.00580599997 0.798766971 0.0435339995 0.798766971 0.0435339995 0.798766971 0.0623969994 0.798766971 0.0246699993 0.798766971 0.0246699993 0.822642982 0.00580599997 0.822642982 0.0435339995 0.822642982 0.0435339995 0.822642982 0.0623969994 0.822642982 0.0246699993 0.822642982 0.0246699993 0.846520007 0.00580599997 0.846520007 0.0435339995 0.846520007 0.0435339995 0.846520007 0.0623969994 0.846520007 0.0246699993 0.846520007 0.0246699993 0.965901971 0.00580599997 0.965901971 0.0435339995 0.965901971 0.0623969994 0.965901971 0.0246699993 0.965901971 0.0435339995 0.965901971 0.0246699993 0.942025006 0.00580599997 0.942025006 0.0435339995 0.942025006 0.0623969994 0.942025006 0.0246699993 0.942025006 0.0435339995 0.942025006 0.0246699993 0.918148994 0.00580599997 0.918148994 0.0435339995 0.918148994 0.0623969994 0.918148994 0.0246699993 0.918148994 0.0435339995 0.918148994 0.0246699993 0.894272983 0.00580599997 0.894272983 0.0435339995 0.894272983 0.0623969994 0.894272983 0.0246699993 0.894272983 0.0435339995 0.894272983 0.0246699993 0.870396018 0.00580599997 0.870396018 0.0435339995 0.870396018 0.0623969994 0.870396018 0.0246699993 0.870396018 0.0435339995 0.870396018 0.901974022 0.55081898 0.906346977 0.523257971 0.884808004 0.523257971 0.884808004 0.55081898 0.916001976 0.510632992 0.884808004 0.510985017 0.942668021 0.514551997 0.939979017 0.50484103 0.920074999 0.518871009 0.937343001 0.452344 0.902459025 0.448742986 0.902432978 0.462487012 0.934782982 0.467337996 0.939979017 0.50484103 0.986133993 0.502587974 0.986133993 0.477245003 0.884808004 0.467579991 0.884808004 0.504661977 0.986133993 0.461014003 0.900729001 0.586688995 0.884808004 0.586688995 0.884808004 0.55081898 0.901974022 0.55081898 0.906346977 0.523257971 0.902432978 0.462487012 0.916001976 0.510632992 0.934782982 0.467337996 0.902432978 0.462487012 0.884808004 0.586688995 0.900729001 0.586688995 0.986133993 0.51067102 0.986133993 0.502587974 0.884808004 0.523257971 0.884808004 0.460586995 0.934782982 0.467337996 0.939979017 0.50484103 0.90920198 0.586520016 0.910158992 0.553851008 0.914246976 0.525381982 0.884808004 0.448944002 0.884808004 0.460586995 0.986133993 0.477245003 0.986133993 0.502587974 0.901974022 0.55081898 0.906346977 0.523257971 0.916001976 0.510632992 0.942668021 0.514551997 0.920074999 0.518871009 0.939979017 0.50484103 0.937343001 0.452344 0.902459025 0.448742986 0.939979017 0.50484103 0.986133993 0.477245003 0.986133993 0.502587974 0.986133993 0.461014003 0.900729001 0.586688995 0.901974022 0.55081898 0.916001976 0.510632992 0.902432978 0.462487012 0.906346977 0.523257971 0.884808004 0.462695986 0.900729001 0.586688995 0.986133993 0.51067102 0.986133993 0.502587974 0.939979017 0.50484103 0.934782982 0.467337996 0.90920198 0.586520016 0.910158992 0.553851008 0.914246976 0.525381982 0.986133993 0.502587974 0.986133993 0.477245003 </float_array>
                    <technique_common>
                        <accessor count="215" offset="0" source="#spe03_kart_root.polymsh2_1-tex0-array" stride="2">
                            <param name="S" type="float"/>
                            <param name="T" type="float"/>
                        </accessor>
                    </technique_common>
                </source>
                <source id="spe03_kart_root.polymsh2_1-tex1" name="spe03_kart_root.polymsh2_1-tex1">
                    <float_array id="spe03_kart_root.polymsh2_1-tex1-array" count="430"> 0.0246699993 0.727137983 0.0246699993 0.703559995 0.00580599997 0.703559995 0.00580599997 0.727137983 0.0435339995 0.727137983 0.0435339995 0.703559995 0.0435339995 0.727137983 0.0435339995 0.703559995 0.0623969994 0.703559995 0.0623969994 0.727137983 0.0246699993 0.727137983 0.0246699993 0.703559995 0.0246699993 0.751013994 0.00580599997 0.751013994 0.0435339995 0.751013994 0.0435339995 0.751013994 0.0623969994 0.751013994 0.0246699993 0.751013994 0.0246699993 0.774890006 0.00580599997 0.774890006 0.0435339995 0.774890006 0.0435339995 0.774890006 0.0623969994 0.774890006 0.0246699993 0.774890006 0.0246699993 0.798766971 0.00580599997 0.798766971 0.0435339995 0.798766971 0.0435339995 0.798766971 0.0623969994 0.798766971 0.0246699993 0.798766971 0.0246699993 0.822642982 0.00580599997 0.822642982 0.0435339995 0.822642982 0.0435339995 0.822642982 0.0623969994 0.822642982 0.0246699993 0.822642982 0.0246699993 0.846520007 0.00580599997 0.846520007 0.0435339995 0.846520007 0.0435339995 0.846520007 0.0623969994 0.846520007 0.0246699993 0.846520007 0.00580599997 0.989777982 0.00580599997 0.965901971 0.0246699993 0.965901971 0.0246699993 0.989777982 0.0435339995 0.965901971 0.0435339995 0.989777982 0.0623969994 0.965901971 0.0623969994 0.989777982 0.0435339995 0.989777982 0.0435339995 0.965901971 0.0246699993 0.965901971 0.0246699993 0.989777982 0.00580599997 0.942025006 0.0246699993 0.942025006 0.0435339995 0.942025006 0.0623969994 0.942025006 0.0435339995 0.942025006 0.0246699993 0.942025006 0.00580599997 0.918148994 0.0246699993 0.918148994 0.0435339995 0.918148994 0.0623969994 0.918148994 0.0435339995 0.918148994 0.0246699993 0.918148994 0.00580599997 0.894272983 0.0246699993 0.894272983 0.0435339995 0.894272983 0.0623969994 0.894272983 0.0435339995 0.894272983 0.0246699993 0.894272983 0.00580599997 0.870396018 0.0246699993 0.870396018 0.0435339995 0.870396018 0.0623969994 0.870396018 0.0435339995 0.870396018 0.0246699993 0.870396018 0.0246699993 0.727137983 0.00580599997 0.727137983 0.0435339995 0.727137983 0.0435339995 0.727137983 0.0623969994 0.727137983 0.0246699993 0.727137983 0.0246699993 0.751013994 0.00580599997 0.751013994 0.0435339995 0.751013994 0.0435339995 0.751013994 0.0623969994 0.751013994 0.0246699993 0.751013994 0.0246699993 0.774890006 0.00580599997 0.774890006 0.0435339995 0.774890006 0.0435339995 0.774890006 0.0623969994 0.774890006 0.0246699993 0.774890006 0.0246699993 0.798766971 0.00580599997 0.798766971 0.0435339995 0.798766971 0.0435339995 0.798766971 0.0623969994 0.798766971 0.0246699993 0.798766971 0.0246699993 0.822642982 0.00580599997 0.822642982 0.0435339995 0.822642982 0.0435339995 0.822642982 0.0623969994 0.822642982 0.0246699993 0.822642982 0.0246699993 0.846520007 0.00580599997 0.846520007 0.0435339995 0.846520007 0.0435339995 0.846520007 0.0623969994 0.846520007 0.0246699993 0.846520007 0.0246699993 0.965901971 0.00580599997 0.965901971 0.0435339995 0.965901971 0.0623969994 0.965901971 0.0246699993 0.965901971 0.0435339995 0.965901971 0.0246699993 0.942025006 0.00580599997 0.942025006 0.0435339995 0.942025006 0.0623969994 0.942025006 0.0246699993 0.942025006 0.0435339995 0.942025006 0.0246699993 0.918148994 0.00580599997 0.918148994 0.0435339995 0.918148994 0.0623969994 0.918148994 0.0246699993 0.918148994 0.0435339995 0.918148994 0.0246699993 0.894272983 0.00580599997 0.894272983 0.0435339995 0.894272983 0.0623969994 0.894272983 0.0246699993 0.894272983 0.0435339995 0.894272983 0.0246699993 0.870396018 0.00580599997 0.870396018 0.0435339995 0.870396018 0.0623969994 0.870396018 0.0246699993 0.870396018 0.0435339995 0.870396018 0.901974022 0.55081898 0.906346977 0.523257971 0.884808004 0.523257971 0.884808004 0.55081898 0.916001976 0.510632992 0.884808004 0.510985017 0.942668021 0.514551997 0.939979017 0.50484103 0.920074999 0.518871009 0.937343001 0.452344 0.902459025 0.448742986 0.902432978 0.462487012 0.934782982 0.467337996 0.939979017 0.50484103 0.986133993 0.502587974 0.986133993 0.477245003 0.884808004 0.467579991 0.884808004 0.504661977 0.986133993 0.461014003 0.900729001 0.586688995 0.884808004 0.586688995 0.884808004 0.55081898 0.901974022 0.55081898 0.906346977 0.523257971 0.902432978 0.462487012 0.916001976 0.510632992 0.934782982 0.467337996 0.902432978 0.462487012 0.884808004 0.586688995 0.900729001 0.586688995 0.986133993 0.51067102 0.986133993 0.502587974 0.884808004 0.523257971 0.884808004 0.460586995 0.934782982 0.467337996 0.939979017 0.50484103 0.90920198 0.586520016 0.910158992 0.553851008 0.914246976 0.525381982 0.884808004 0.448944002 0.884808004 0.460586995 0.986133993 0.477245003 0.986133993 0.502587974 0.901974022 0.55081898 0.906346977 0.523257971 0.916001976 0.510632992 0.942668021 0.514551997 0.920074999 0.518871009 0.939979017 0.50484103 0.937343001 0.452344 0.902459025 0.448742986 0.939979017 0.50484103 0.986133993 0.477245003 0.986133993 0.502587974 0.986133993 0.461014003 0.900729001 0.586688995 0.901974022 0.55081898 0.916001976 0.510632992 0.902432978 0.462487012 0.906346977 0.523257971 0.884808004 0.462695986 0.900729001 0.586688995 0.986133993 0.51067102 0.986133993 0.502587974 0.939979017 0.50484103 0.934782982 0.467337996 0.90920198 0.586520016 0.910158992 0.553851008 0.914246976 0.525381982 0.986133993 0.502587974 0.986133993 0.477245003 </float_array>
                    <technique_common>
                        <accessor count="215" offset="0" source="#spe03_kart_root.polymsh2_1-tex1-array" stride="2">
                            <param name="S" type="float"/>
                            <param name="T" type="float"/>
                        </accessor>
                    </technique_common>
                </source>
                <source id="spe03_kart_root.polymsh2_1-tex2" name="spe03_kart_root.polymsh2_1-tex2">
                    <float_array id="spe03_kart_root.polymsh2_1-tex2-array" count="430"> 0.0246699993 0.727137983 0.0246699993 0.703559995 0.00580599997 0.703559995 0.00580599997 0.727137983 0.0435339995 0.727137983 0.0435339995 0.703559995 0.0435339995 0.727137983 0.0435339995 0.703559995 0.0623969994 0.703559995 0.0623969994 0.727137983 0.0246699993 0.727137983 0.0246699993 0.703559995 0.0246699993 0.751013994 0.00580599997 0.751013994 0.0435339995 0.751013994 0.0435339995 0.751013994 0.0623969994 0.751013994 0.0246699993 0.751013994 0.0246699993 0.774890006 0.00580599997 0.774890006 0.0435339995 0.774890006 0.0435339995 0.774890006 0.0623969994 0.774890006 0.0246699993 0.774890006 0.0246699993 0.798766971 0.00580599997 0.798766971 0.0435339995 0.798766971 0.0435339995 0.798766971 0.0623969994 0.798766971 0.0246699993 0.798766971 0.0246699993 0.822642982 0.00580599997 0.822642982 0.0435339995 0.822642982 0.0435339995 0.822642982 0.0623969994 0.822642982 0.0246699993 0.822642982 0.0246699993 0.846520007 0.00580599997 0.846520007 0.0435339995 0.846520007 0.0435339995 0.846520007 0.0623969994 0.846520007 0.0246699993 0.846520007 0.00580599997 0.989777982 0.00580599997 0.965901971 0.0246699993 0.965901971 0.0246699993 0.989777982 0.0435339995 0.965901971 0.0435339995 0.989777982 0.0623969994 0.965901971 0.0623969994 0.989777982 0.0435339995 0.989777982 0.0435339995 0.965901971 0.0246699993 0.965901971 0.0246699993 0.989777982 0.00580599997 0.942025006 0.0246699993 0.942025006 0.0435339995 0.942025006 0.0623969994 0.942025006 0.0435339995 0.942025006 0.0246699993 0.942025006 0.00580599997 0.918148994 0.0246699993 0.918148994 0.0435339995 0.918148994 0.0623969994 0.918148994 0.0435339995 0.918148994 0.0246699993 0.918148994 0.00580599997 0.894272983 0.0246699993 0.894272983 0.0435339995 0.894272983 0.0623969994 0.894272983 0.0435339995 0.894272983 0.0246699993 0.894272983 0.00580599997 0.870396018 0.0246699993 0.870396018 0.0435339995 0.870396018 0.0623969994 0.870396018 0.0435339995 0.870396018 0.0246699993 0.870396018 0.0246699993 0.727137983 0.00580599997 0.727137983 0.0435339995 0.727137983 0.0435339995 0.727137983 0.0623969994 0.727137983 0.0246699993 0.727137983 0.0246699993 0.751013994 0.00580599997 0.751013994 0.0435339995 0.751013994 0.0435339995 0.751013994 0.0623969994 0.751013994 0.0246699993 0.751013994 0.0246699993 0.774890006 0.00580599997 0.774890006 0.0435339995 0.774890006 0.0435339995 0.774890006 0.0623969994 0.774890006 0.0246699993 0.774890006 0.0246699993 0.798766971 0.00580599997 0.798766971 0.0435339995 0.798766971 0.0435339995 0.798766971 0.0623969994 0.798766971 0.0246699993 0.798766971 0.0246699993 0.822642982 0.00580599997 0.822642982 0.0435339995 0.822642982 0.0435339995 0.822642982 0.0623969994 0.822642982 0.0246699993 0.822642982 0.0246699993 0.846520007 0.00580599997 0.846520007 0.0435339995 0.846520007 0.0435339995 0.846520007 0.0623969994 0.846520007 0.0246699993 0.846520007 0.0246699993 0.965901971 0.00580599997 0.965901971 0.0435339995 0.965901971 0.0623969994 0.965901971 0.0246699993 0.965901971 0.0435339995 0.965901971 0.0246699993 0.942025006 0.00580599997 0.942025006 0.0435339995 0.942025006 0.0623969994 0.942025006 0.0246699993 0.942025006 0.0435339995 0.942025006 0.0246699993 0.918148994 0.00580599997 0.918148994 0.0435339995 0.918148994 0.0623969994 0.918148994 0.0246699993 0.918148994 0.0435339995 0.918148994 0.0246699993 0.894272983 0.00580599997 0.894272983 0.0435339995 0.894272983 0.0623969994 0.894272983 0.0246699993 0.894272983 0.0435339995 0.894272983 0.0246699993 0.870396018 0.00580599997 0.870396018 0.0435339995 0.870396018 0.0623969994 0.870396018 0.0246699993 0.870396018 0.0435339995 0.870396018 0.901974022 0.55081898 0.906346977 0.523257971 0.884808004 0.523257971 0.884808004 0.55081898 0.916001976 0.510632992 0.884808004 0.510985017 0.942668021 0.514551997 0.939979017 0.50484103 0.920074999 0.518871009 0.937343001 0.452344 0.902459025 0.448742986 0.902432978 0.462487012 0.934782982 0.467337996 0.939979017 0.50484103 0.986133993 0.502587974 0.986133993 0.477245003 0.884808004 0.467579991 0.884808004 0.504661977 0.986133993 0.461014003 0.900729001 0.586688995 0.884808004 0.586688995 0.884808004 0.55081898 0.901974022 0.55081898 0.906346977 0.523257971 0.902432978 0.462487012 0.916001976 0.510632992 0.934782982 0.467337996 0.902432978 0.462487012 0.884808004 0.586688995 0.900729001 0.586688995 0.986133993 0.51067102 0.986133993 0.502587974 0.884808004 0.523257971 0.884808004 0.460586995 0.934782982 0.467337996 0.939979017 0.50484103 0.90920198 0.586520016 0.910158992 0.553851008 0.914246976 0.525381982 0.884808004 0.448944002 0.884808004 0.460586995 0.986133993 0.477245003 0.986133993 0.502587974 0.901974022 0.55081898 0.906346977 0.523257971 0.916001976 0.510632992 0.942668021 0.514551997 0.920074999 0.518871009 0.939979017 0.50484103 0.937343001 0.452344 0.902459025 0.448742986 0.939979017 0.50484103 0.986133993 0.477245003 0.986133993 0.502587974 0.986133993 0.461014003 0.900729001 0.586688995 0.901974022 0.55081898 0.916001976 0.510632992 0.902432978 0.462487012 0.906346977 0.523257971 0.884808004 0.462695986 0.900729001 0.586688995 0.986133993 0.51067102 0.986133993 0.502587974 0.939979017 0.50484103 0.934782982 0.467337996 0.90920198 0.586520016 0.910158992 0.553851008 0.914246976 0.525381982 0.986133993 0.502587974 0.986133993 0.477245003 </float_array>
                    <technique_common>
                        <accessor count="215" offset="0" source="#spe03_kart_root.polymsh2_1-tex2-array" stride="2">
                            <param name="S" type="float"/>
                            <param name="T" type="float"/>
                        </accessor>
                    </technique_common>
                </source>
                <source id="spe03_kart_root.polymsh2_1-color0" name="spe03_kart_root.polymsh2_1-color0">
                    <float_array id="spe03_kart_root.polymsh2_1-color0-array" count="645"> 1 1 1 1 1 1 1 1 1 1 1 1 1 1 1 1 1 1 1 1 1 1 1 1 1 1 1 1 1 1 1 1 1 1 1 1 1 1 1 1 1 1 1 1 1 1 1 1 1 1 1 1 1 1 1 1 1 1 1 1 1 1 1 1 1 1 1 1 1 1 1 1 1 1 1 1 1 1 1 1 1 1 1 1 1 1 1 1 1 1 1 1 1 1 1 1 1 1 1 1 1 1 1 1 1 1 1 1 1 1 1 1 1 1 1 1 1 1 1 1 1 1 1 1 1 1 1 1 1 1 1 1 1 1 1 1 1 1 1 1 1 1 1 1 1 1 1 1 1 1 1 1 1 1 1 1 1 1 1 1 1 1 1 1 1 1 1 1 1 1 1 1 1 1 1 1 1 1 1 1 1 1 1 1 1 1 1 1 1 1 1 1 1 1 1 1 1 1 1 1 1 1 1 1 1 1 1 1 1 1 1 1 1 1 1 1 1 1 1 1 1 1 1 1 1 1 1 1 1 1 1 1 1 1 1 1 1 1 1 1 1 1 1 1 1 1 1 1 1 1 1 1 1 1 1 1 1 1 1 1 1 1 1 1 1 1 1 1 1 1 1 1 1 1 1 1 1 1 1 1 1 1 1 1 1 1 1 1 1 1 1 1 1 1 1 1 1 1 1 1 1 1 1 1 1 1 1 1 1 1 1 1 1 1 1 1 1 1 1 1 1 1 1 1 1 1 1 1 1 1 1 1 1 1 1 1 1 1 1 1 1 1 1 1 1 1 1 1 1 1 1 1 1 1 1 1 1 1 1 1 1 1 1 1 1 1 1 1 1 1 1 1 1 1 1 1 1 1 1 1 1 1 1 1 1 1 1 1 1 1 1 1 1 1 1 1 1 1 1 1 1 1 1 1 1 1 1 1 1 1 1 1 1 1 1 1 1 1 1 1 1 1 1 1 1 1 1 1 1 1 1 1 1 1 1 1 1 1 1 1 1 1 1 1 1 1 1 1 1 1 1 1 1 1 1 1 1 1 1 1 1 1 1 1 1 1 1 1 1 1 1 1 1 1 1 1 1 1 1 1 1 1 1 1 1 1 1 1 1 1 1 1 1 1 1 1 1 1 1 1 1 1 1 1 1 1 1 1 1 1 1 1 1 1 1 1 1 1 1 1 1 1 1 1 1 1 1 1 1 1 1 1 1 1 1 1 1 1 1 1 1 1 1 1 1 1 1 1 1 1 1 1 1 1 1 1 1 1 1 1 1 1 1 1 1 1 1 1 1 1 1 1 1 1 1 1 1 1 1 1 1 1 1 1 1 1 1 1 1 1 1 1 1 1 1 1 1 1 1 1 1 1 1 1 1 1 1 1 1 1 1 1 1 1 1 1 1 1 1 1 1 1 1 1 1 1 1 1 1 1 1 1 1 1 1 1 1 1 1 1 1 1 1 1 1 </float_array>
                    <technique_common>
                        <accessor count="215" offset="0" source="#spe03_kart_root.polymsh2_1-color0-array" stride="3">
                            <param name="R" type="float"/>
                            <param name="G" type="float"/>
                            <param name="B" type="float"/>
                        </accessor>
                    </technique_common>
                </source>
                <vertices id="spe03_kart_root.polymsh2_1-vertices">
                    <input semantic="POSITION" source="#spe03_kart_root.polymsh2_1-positions"/>
                </vertices>
                <triangles count="324" material="defaultMaterial">
                    <input offset="0" semantic="VERTEX" source="#spe03_kart_root.polymsh2_1-vertices"/>
                    <input offset="0" semantic="NORMAL" source="#spe03_kart_root.polymsh2_1-normals"/>
                    <input offset="1" semantic="TEXCOORD" source="#spe03_kart_root.polymsh2_1-tex0" set="0"/>
                    <input offset="1" semantic="TEXCOORD" source="#spe03_kart_root.polymsh2_1-tex1" set="1"/>
                    <input offset="1" semantic="TEXCOORD" source="#spe03_kart_root.polymsh2_1-tex2" set="2"/>
                    <input offset="0" semantic="COLOR" source="#spe03_kart_root.polymsh2_1-color0" set="0"/>
                    <p>0 0 1 1 2 2 0 0 2 2 3 3 4 4 5 5 1 1 4 4 1 1 0 0 6 6 7 7 5 8 6 6 5 8 4 9 10 10 11 11 7 7 10 10 7 7 6 6 3 3 2 2 11 11 3 3 11 11 10 10 12 12 0 0 3 3 12 12 3 3 13 13 14 14 4 4 0 0 14 14 0 0 12 12 15 15 6 6 4 9 15 15 4 9 14 16 17 17 10 10 6 6 17 17 6 6 15 15 13 13 3 3 10 10 13 13 10 10 17 17 18 18 12 12 13 13 18 18 13 13 19 19 20 20 14 14 12 12 20 20 12 12 18 18 21 21 15 15 14 16 21 21 14 16 20 22 23 23 17 17 15 15 23 23 15 15 21 21 19 19 13 13 17 17 19 19 17 17 23 23 24 24 18 18 19 19 24 24 19 19 25 25 26 26 20 20 18 18 26 26 18 18 24 24 27 27 21 21 20 22 27 27 20 22 26 28 29 29 23 23 21 21 29 29 21 21 27 27 25 25 19 19 23 23 25 25 23 23 29 29 30 30 24 24 25 25 30 30 25 25 31 31 32 32 26 26 24 24 32 32 24 24 30 30 33 33 27 27 26 28 33 33 26 28 32 34 35 35 29 29 27 27 35 35 27 27 33 33 31 31 25 25 29 29 31 31 29 29 35 35 36 36 30 30 31 31 36 36 31 31 37 37 38 38 32 32 30 30 38 38 30 30 36 36 39 39 33 33 32 34 39 39 32 34 38 40 41 41 35 35 33 33 41 41 33 33 39 39 37 37 31 31 35 35 37 37 35 35 41 41 42 42 43 43 44 44 42 42 44 44 45 45 45 45 44 44 46 46 45 45 46 46 47 47 47 47 46 46 48 48 47 47 48 48 49 49 49 50 48 51 52 52 49 50 52 52 53 53 53 53 52 52 43 43 53 53 43 43 42 42 43 43 54 54 55 55 43 43 55 55 44 44 44 44 55 55 56 56 44 44 56 56 46 46 46 46 56 56 57 57 46 46 57 57 48 48 48 51 57 58 59 59 48 51 59 59 52 52 52 52 59 59 54 54 52 52 54 54 43 43 54 54 60 60 61 61 54 54 61 61 55 55 55 55 61 61 62 62 55 55 62 62 56 56 56 56 62 62 63 63 56 56 63 63 57 57 57 58 63 64 65 65 57 58 65 65 59 59 59 59 65 65 60 60 59 59 60 60 54 54 60 60 66 66 67 67 60 60 67 67 61 61 61 61 67 67 68 68 61 61 68 68 62 62 62 62 68 68 69 69 62 62 69 69 63 63 63 64 69 70 71 71 63 64 71 71 65 65 65 65 71 71 66 66 65 65 66 66 60 60 66 66 72 72 73 73 66 66 73 73 67 67 67 67 73 73 74 74 67 67 74 74 68 68 68 68 74 74 75 75 68 68 75 75 69 69 69 70 75 76 77 77 69 70 77 77 71 71 71 71 77 77 72 72 71 71 72 72 66 66 72 72 37 37 41 41 72 72 41 41 73 73 73 73 41 41 39 39 73 73 39 39 74 74 74 74 39 39 38 40 74 74 38 40 75 75 75 76 38 38 36 36 75 76 36 36 77 77 77 77 36 36 37 37 77 77 37 37 72 72 78 78 79 79 2 2 78 78 2 2 1 1 80 80 78 78 1 1 80 80 1 1 5 5 81 81 80 82 5 8 81 81 5 8 7 7 83 83 81 81 7 7 83 83 7 7 11 11 79 79 83 83 11 11 79 79 11 11 2 2 84 84 85 85 79 79 84 84 79 79 78 78 86 86 84 84 78 78 86 86 78 78 80 80 87 87 86 88 80 82 87 87 80 82 81 81 89 89 87 87 81 81 89 89 81 81 83 83 85 85 89 89 83 83 85 85 83 83 79 79 90 90 91 91 85 85 90 90 85 85 84 84 92 92 90 90 84 84 92 92 84 84 86 86 93 93 92 94 86 88 93 93 86 88 87 87 95 95 93 93 87 87 95 95 87 87 89 89 91 91 95 95 89 89 91 91 89 89 85 85 96 96 97 97 91 91 96 96 91 91 90 90 98 98 96 96 90 90 98 98 90 90 92 92 99 99 98 100 92 94 99 99 92 94 93 93 101 101 99 99 93 93 101 101 93 93 95 95 97 97 101 101 95 95 97 97 95 95 91 91 102 102 103 103 97 97 102 102 97 97 96 96 104 104 102 102 96 96 104 104 96 96 98 98 105 105 104 106 98 100 105 105 98 100 99 99 107 107 105 105 99 99 107 107 99 99 101 101 103 103 107 107 101 101 103 103 101 101 97 97 108 108 109 109 103 103 108 108 103 103 102 102 110 110 108 108 102 102 110 110 102 102 104 104 111 111 110 112 104 106 111 111 104 106 105 105 113 113 111 111 105 105 113 113 105 105 107 107 109 109 113 113 107 107 109 109 107 107 103 103 42 42 45 45 114 114 42 42 114 114 115 115 45 45 47 47 116 116 45 45 116 116 114 114 47 47 49 49 117 117 47 47 117 117 116 116 49 50 53 53 118 118 49 50 118 118 117 119 53 53 42 42 115 115 53 53 115 115 118 118 115 115 114 114 120 120 115 115 120 120 121 121 114 114 116 116 122 122 114 114 122 122 120 120 116 116 117 117 123 123 116 116 123 123 122 122 117 119 118 118 124 124 117 119 124 124 123 125 118 118 115 115 121 121 118 118 121 121 124 124 121 121 120 120 126 126 121 121 126 126 127 127 120 120 122 122 128 128 120 120 128 128 126 126 122 122 123 123 129 129 122 122 129 129 128 128 123 125 124 124 130 130 123 125 130 130 129 131 124 124 121 121 127 127 124 124 127 127 130 130 127 127 126 126 132 132 127 127 132 132 133 133 126 126 128 128 134 134 126 126 134 134 132 132 128 128 129 129 135 135 128 128 135 135 134 134 129 131 130 130 136 136 129 131 136 136 135 137 130 130 127 127 133 133 130 130 133 133 136 136 133 133 132 132 138 138 133 133 138 138 139 139 132 132 134 134 140 140 132 132 140 140 138 138 134 134 135 135 141 141 134 134 141 141 140 140 135 137 136 136 142 142 135 137 142 142 141 143 136 136 133 133 139 139 136 136 139 139 142 142 139 139 138 138 113 113 139 139 113 113 109 109 138 138 140 140 111 111 138 138 111 111 113 113 140 140 141 141 110 112 140 140 110 112 111 111 141 143 142 142 108 108 141 143 108 108 110 110 142 142 139 139 109 109 142 142 109 109 108 108 144 144 145 145 146 146 144 144 146 146 147 147 145 145 148 148 149 149 145 145 149 149 146 146 150 150 151 151 148 148 150 150 148 148 152 152 153 153 154 154 155 155 153 153 155 155 156 156 157 157 158 158 159 159 157 157 159 159 156 156 160 160 161 161 157 157 160 160 157 157 156 156 162 162 153 153 156 156 162 162 156 156 159 159 163 163 164 164 165 165 163 163 165 165 166 166 167 167 168 168 152 169 170 170 160 160 171 171 144 144 147 147 172 172 144 144 172 172 173 173 174 174 175 175 151 151 174 174 151 151 150 150 167 167 166 166 165 165 167 167 165 165 176 176 168 168 167 167 176 176 168 168 176 176 177 177 168 168 178 178 150 179 168 168 150 179 152 169 180 180 181 181 144 144 180 180 144 144 173 173 181 181 167 182 145 145 181 181 145 145 144 144 154 154 183 183 184 184 154 154 184 184 155 155 150 179 178 178 185 185 150 179 185 185 174 186 167 182 152 152 148 148 167 182 148 148 145 145 187 187 147 147 146 146 187 187 146 146 188 188 146 146 149 149 189 189 146 146 189 189 188 188 190 190 191 191 189 189 190 190 189 189 192 192 193 193 170 170 171 171 193 193 171 171 194 194 195 195 170 170 196 196 195 195 196 196 197 197 189 189 161 161 195 195 198 198 196 196 170 170 198 198 170 170 193 193 199 199 200 200 165 165 199 199 165 165 164 164 191 201 202 202 203 203 184 184 204 204 155 155 187 187 205 205 172 172 187 187 172 172 147 147 206 206 190 190 192 192 206 206 192 192 207 207 203 203 176 176 165 165 203 203 165 165 200 200 202 202 177 177 176 176 202 202 176 176 203 203 202 202 191 201 190 208 202 202 190 208 209 209 210 210 205 205 187 187 210 210 187 187 211 211 211 211 187 187 188 188 211 211 188 188 203 212 194 194 171 171 184 184 194 194 184 184 183 183 190 208 206 213 214 214 190 208 214 214 209 209 203 212 188 188 189 189 203 212 189 189 191 191 157 157 161 161 148 148 195 195 161 161 160 160 195 195 160 160 170 170 156 156 155 155 160 160 184 184 171 171 204 204 204 204 160 160 155 155 204 204 171 171 160 160 149 149 148 148 161 161 149 149 161 161 189 189</p>
                </triangles>
            </mesh>
        </geometry>
        <geometry id="spe03_kart_root.polymsh_detached1_1" name="spe03_kart_root.polymsh_detached1">
            <mesh>
                <source id="spe03_kart_root.polymsh_detached1_1-positions" name="spe03_kart_root.polymsh_detached1_1-positions">
                    <float_array id="spe03_kart_root.polymsh_detached1_1-positions-array" count="597"> -0.637443006 2.13604093 1.20250106 -0.637443006 2.31042194 0.287939996 -0.744485974 2.14037204 0.28796199 -0.744485974 1.97893596 1.13462698 -0.637443006 1.63944495 1.97782803 -0.744485974 1.51920795 1.85239398 -0.637443006 0.896237016 2.49588609 -0.744485974 0.831175029 2.33199096 -0.637443006 0.0195640009 2.67780304 -0.744485974 0.0195850004 2.50040293 -0.637443006 -0.857110023 2.49588609 -0.744485974 0.0195850004 2.50040293 -0.744485974 -0.792005002 2.33199096 -0.637443006 -1.60031796 1.97782803 -0.744485974 -1.48003697 1.85239398 -0.637443006 -2.0969131 1.20250106 -0.744485974 -1.93976605 1.13462698 -0.637443006 -2.27129507 0.287939996 -0.744485974 -2.10120106 0.28796199 -0.637443006 -2.0969131 -0.626621008 -0.637443006 -2.27129507 0.287939996 -0.744485974 -1.93976605 -0.558701992 -0.637443006 -1.60031796 -1.40194798 -0.744485974 -1.48003697 -1.27646995 -0.637443006 -0.857110023 -1.92000496 -0.744485974 -0.792005002 -1.75606704 -0.637443006 0.0195640009 -2.10192299 -0.744485974 0.0195850004 -1.92447901 -0.637443006 0.896237016 -1.92000496 -0.744485974 0.0195850004 -1.92447901 -0.744485974 0.831175029 -1.75606704 -0.637443006 1.63944495 -1.40194798 -0.744485974 1.51920795 -1.27646995 -0.637443006 2.13604093 -0.626621008 -0.744485974 1.97893596 -0.558701992 -0.637443006 2.31042194 0.287939996 -0.355596989 2.46352005 0.287939996 -0.355596989 2.27748489 -0.687740982 -0.637443006 2.13604093 -0.626621008 -0.637443006 2.31042194 0.287939996 -0.355596989 1.747702 -1.514884 -0.637443006 1.63944495 -1.40194798 -0.355596989 0.954824984 -2.06756306 -0.637443006 0.896237016 -1.92000496 -0.355596989 0.0195640009 -2.26163697 -0.637443006 0.0195640009 -2.10192299 -0.355596989 -0.915697992 -2.06756306 -0.637443006 -0.857110023 -1.92000496 -0.355596989 -1.70857501 -1.514884 -0.355596989 -2.23835802 -0.687740982 -0.637443006 -2.0969131 -0.626621008 -0.355596989 -2.42439294 0.287939996 -0.637443006 -2.27129507 0.287939996 -0.355596989 -2.42439294 0.287939996 -0.355596989 -2.23835802 1.26362097 -0.637443006 -2.0969131 1.20250106 -0.637443006 -2.27129507 0.287939996 -0.355596989 -1.70857501 2.09076405 -0.637443006 -1.60031796 1.97782803 -0.355596989 -0.915697992 2.64344311 -0.637443006 -0.857110023 2.49588609 -0.355596989 0.0195640009 2.83751798 -0.637443006 0.0195640009 2.67780304 -0.355596989 0.954824984 2.64344311 -0.637443006 0.896237016 2.49588609 -0.355596989 1.747702 2.09076405 -0.637443006 1.63944495 1.97782803 -0.355596989 2.27748489 1.26362097 -0.637443006 2.13604093 1.20250106 -0.355596989 2.46352005 0.287939996 -0.637443006 2.31042194 0.287939996 1.361377 0.883633018 -0.0854369998 1.361377 0.954824984 0.287939996 1.50284195 0.0195640009 0.287939996 0.958518028 1.61615503 -0.401971012 0.958518028 1.747702 0.287939996 0.355596989 2.10561109 -0.613471985 0.355596989 2.27748489 0.287939996 -0.665700018 1.30925703 -0.269354999 -0.665700018 1.41551697 0.287939996 -0.801957011 1.63030398 0.287950009 -0.801957011 1.50769496 -0.355089009 -1.11103404 1.006652 -0.138595 -1.11103404 1.08798099 0.287939996 -0.665700018 1.41551697 0.287939996 -0.665700018 1.30925703 -0.269354999 -1.11103404 -0.735921025 -0.500195026 -1.11103404 -0.967525005 -0.138595 -1.40859699 -0.389301986 -0.138595 -1.11103404 -1.04885304 0.287939996 -1.11103404 -0.967525005 0.714475989 -1.40859699 -0.558659017 0.287939996 1.361377 0.680894017 -0.401971012 0.958518028 1.24154198 -0.98684901 0.355596989 1.61615503 -1.37765205 -0.665700018 1.006652 -0.741807997 -0.801957011 1.15853202 -0.900231004 -1.11103404 0.775048018 -0.500195026 -0.665700018 1.006652 -0.741807997 -1.40859699 0.428429008 -0.138595 -1.11103404 -0.735921025 1.07607496 -1.11103404 -0.389301986 1.31768799 -1.40859699 -0.389301986 0.714475989 1.361377 0.377472997 -0.613471985 0.958518028 0.680894017 -1.37765205 0.355596989 0.883633018 -1.88826096 -0.665700018 0.553771973 -1.05748999 -0.801957011 0.635972977 -1.26448298 -1.11103404 0.428429008 -0.741807997 -0.665700018 0.553771973 -1.05748999 -1.11103404 0.0195640009 1.40253103 -1.11103404 0.428429008 1.31768799 -1.40859699 0.0195640009 0.891152024 -1.11103404 0.775048018 1.07607496 -1.11103404 1.006652 0.714475989 -1.40859699 0.428429008 0.714475989 1.361377 0.0195640009 -0.687740982 0.958518028 0.0195640009 -1.514884 0.355596989 0.0195640009 -2.06756306 -0.665700018 0.0195640009 -1.16834295 -0.801957011 0.0195739996 -1.39239204 -1.11103404 0.0195640009 -0.826650977 -0.665700018 0.0195640009 -1.16834295 -1.40859699 0.0195640009 -0.315272003 -1.40859699 0.597787023 0.287939996 1.361377 -0.338344991 -0.613471985 0.958518028 -0.641766012 -1.37765205 0.355596989 -0.844505012 -1.88826096 -0.665700018 -0.51464498 -1.05748999 -0.801957011 0.0195739996 -1.39239204 -0.801957011 -0.596826017 -1.26448298 -1.11103404 -0.389301986 -0.741807997 -0.665700018 -0.51464498 -1.05748999 1.361377 -0.641766012 -0.401971012 0.958518028 -1.20241499 -0.98684901 0.355596989 -1.57702804 -1.37765205 -0.665700018 -0.967525005 -0.741807997 -0.801957011 -1.119385 -0.900231004 -0.665700018 -0.967525005 -0.741807997 -1.51308703 0.0195640009 0.287939996 1.361377 -0.844505012 -0.0854369998 0.958518028 -1.57702804 -0.401971012 0.355596989 -2.06648397 -0.613471985 -0.665700018 -1.27012897 -0.269354999 -0.801957011 -1.46854699 -0.355089009 -0.665700018 -1.27012897 -0.269354999 1.361377 -0.915697992 0.287939996 0.958518028 -1.70857501 0.287939996 0.355596989 -2.23835802 0.287939996 -0.665700018 -1.37638998 0.287939996 -0.801957011 -1.59115696 0.287950009 -0.665700018 -1.37638998 0.287939996 1.361377 -0.844505012 0.661316991 0.958518028 -1.57702804 0.977850974 0.355596989 -2.06648397 1.18935204 -0.665700018 -1.27012897 0.845236003 -0.665700018 -1.37638998 0.287939996 -0.801957011 -1.59115696 0.287950009 -0.801957011 -1.46854699 0.930989027 -0.665700018 -1.27012897 0.845236003 1.361377 -0.641766012 0.977850974 0.958518028 -1.20241499 1.562729 0.355596989 -1.57702804 1.95353198 -0.665700018 -0.967525005 1.31768799 -0.801957011 -1.119385 1.47613204 -0.665700018 -0.967525005 1.31768799 1.361377 -0.338344991 1.18935204 0.958518028 -0.641766012 1.95353198 0.355596989 -0.844505012 2.46414089 -0.665700018 -0.51464498 1.63337004 -0.801957011 -0.596826017 1.84038401 -0.665700018 -0.51464498 1.63337004 1.361377 0.0195640009 1.26362097 0.958518028 0.0195640009 2.09076405 0.355596989 0.0195640009 2.64344311 -0.665700018 0.0195640009 1.744223 -0.801957011 0.0195739996 1.968292 -0.665700018 0.0195640009 1.744223 1.361377 0.377472997 1.18935204 0.958518028 0.680894017 1.95353198 0.355596989 0.883633018 2.46414089 -0.665700018 0.553771973 1.63337004 -0.801957011 0.0195739996 1.968292 -0.801957011 0.635972977 1.84038401 -0.665700018 0.553771973 1.63337004 1.361377 0.680894017 0.977850974 0.958518028 1.24154198 1.562729 0.355596989 1.61615503 1.95353198 -0.665700018 1.006652 1.31768799 -0.801957011 1.15853202 1.47613204 -0.665700018 1.006652 1.31768799 1.361377 0.883633018 0.661316991 0.958518028 1.61615503 0.977850974 0.355596989 2.10561109 1.18935204 -0.665700018 1.30925703 0.845236003 -0.801957011 1.50769496 0.930989027 -0.665700018 1.30925703 0.845236003 -0.665700018 1.41551697 0.287939996 -0.801957011 1.63030398 0.287950009 </float_array>
                    <technique_common>
                        <accessor count="199" offset="0" source="#spe03_kart_root.polymsh_detached1_1-positions-array" stride="3">
                            <param name="X" type="float"/>
                            <param name="Y" type="float"/>
                            <param name="Z" type="float"/>
                        </accessor>
                    </technique_common>
                </source>
                <source id="spe03_kart_root.polymsh_detached1_1-normals" name="spe03_kart_root.polymsh_detached1_1-normals">
                    <float_array id="spe03_kart_root.polymsh_detached1_1-normals-array" count="597"> -0.686788976 0.675382972 0.268660992 -0.684876025 0.728658974 9.99999997e-07 -0.943934023 0.330134004 9.99999997e-07 -0.944486976 0.305328995 0.121324003 -0.691492021 0.521018028 0.500379026 -0.945833981 0.234281003 0.224746004 -0.696304977 0.284242004 0.659063995 -0.94719398 0.127113 0.294389993 -0.698336005 9.99999997e-07 0.715770006 -0.947763026 9.99999997e-07 0.318973988 -0.696321011 -0.284235001 0.659051001 -0.947763026 9.99999997e-07 0.318973988 -0.947201014 -0.127103999 0.294373006 -0.691520989 -0.520996988 0.500361025 -0.945846021 -0.234254003 0.224721998 -0.686827004 -0.675348997 0.268647999 -0.944503009 -0.305285007 0.121307001 -0.684917986 -0.728619993 9.99999997e-07 -0.943952024 -0.330083013 9.99999997e-07 -0.686842978 -0.675336003 -0.268640995 -0.684917986 -0.728619993 9.99999997e-07 -0.944509983 -0.305267006 -0.121298999 -0.691550016 -0.520977974 -0.500340998 -0.945858002 -0.234229997 -0.224696994 -0.696358025 -0.284220994 -0.65901798 -0.947215974 -0.127085999 -0.294330001 -0.698376 9.99999997e-07 -0.715731025 -0.947780013 9.99999997e-07 -0.318924993 -0.696341991 0.28422901 -0.659030974 -0.947780013 9.99999997e-07 -0.318924993 -0.947210014 0.127095997 -0.294346988 -0.691519976 0.520999014 -0.500358999 -0.945846021 0.234255999 -0.224721 -0.686803997 0.675369978 -0.268653989 -0.944492996 0.305312008 -0.121315002 -0.684876025 0.728658974 9.99999997e-07 -0.121151999 0.992633998 0 -0.121693 0.922170997 -0.367139012 -0.686803997 0.675369978 -0.268653989 -0.684876025 0.728658974 9.99999997e-07 -0.123028003 0.715470016 -0.687726021 -0.691519976 0.520999014 -0.500358999 -0.124407999 0.392645001 -0.911237001 -0.696341991 0.28422901 -0.659030974 -0.124992996 0 -0.992157996 -0.698376 9.99999997e-07 -0.715731025 -0.124407999 -0.392645001 -0.911237001 -0.696358025 -0.284220994 -0.65901798 -0.123028003 -0.715470016 -0.687726021 -0.121693 -0.922170997 -0.367139012 -0.686842978 -0.675336003 -0.268640995 -0.121151999 -0.992633998 0 -0.684917986 -0.728619993 9.99999997e-07 -0.121151999 -0.992633998 0 -0.121693 -0.922170997 0.367139012 -0.686827004 -0.675348997 0.268647999 -0.684917986 -0.728619993 9.99999997e-07 -0.123028003 -0.715470016 0.687726021 -0.691520989 -0.520996988 0.500361025 -0.124407999 -0.392645001 0.911237001 -0.696321011 -0.284235001 0.659051001 -0.124992996 0 0.992157996 -0.698336005 9.99999997e-07 0.715770006 -0.124407999 0.392645001 0.911237001 -0.696304977 0.284242004 0.659063995 -0.123028003 0.715470016 0.687726021 -0.691492021 0.521018028 0.500379026 -0.121693 0.922170997 0.367139012 -0.686788976 0.675382972 0.268660992 -0.121151999 0.992633998 0 -0.684876025 0.728658974 9.99999997e-07 0.952883005 0.281910002 -0.111991003 0.952381015 0.304910988 0 1 0 0 0.79203099 0.567287028 -0.225549996 0.790377021 0.612621009 0 0.471870989 0.819166005 -0.326043993 0.469886988 0.882727027 0 -0.845858991 -0.495696008 0.196998999 -0.844417989 -0.53568399 9.99999997e-07 -0.974641025 -0.223774001 0 -0.974870026 -0.207017004 0.082291998 -0.770969987 0.591812015 -0.235294998 -0.738173008 0.674611986 0 -0.592490971 0.80557698 0 -0.594797015 0.746927977 -0.297179013 -0.744611979 -0.48149699 -0.462292999 -0.770969987 -0.591812015 -0.235294998 -0.92386502 -0.276075989 -0.265056998 -0.738173008 -0.674611986 0 -0.770969987 -0.591812015 0.235294998 -0.921131015 -0.389252007 0 0.954099 0.216150999 -0.207303002 0.796070993 0.436609 -0.419099003 0.476763994 0.633817017 -0.609073997 -0.849371016 -0.380849004 0.365408987 -0.975428998 -0.158956006 0.152547002 -0.744611979 0.48149699 -0.462292999 -0.600463986 0.576692998 -0.553956985 -0.92386502 0.276075989 -0.265056998 -0.744611979 -0.48149699 0.462292999 -0.77956003 -0.248153001 0.575070977 -0.92386502 -0.276075989 0.265056998 0.955321014 0.117191002 -0.271342993 0.800176978 0.237625003 -0.550683022 0.481806993 0.346841991 -0.804711998 -0.852922022 -0.206910998 0.479281992 -0.975995004 -0.0863049999 0.199959993 -0.77956003 0.248153001 -0.575070977 -0.606280029 0.314884007 -0.730255008 -0.751227021 0 0.660044014 -0.77956003 0.248153001 0.575070977 -0.926624 0 0.375990003 -0.744611979 0.48149699 0.462292999 -0.770969987 0.591812015 0.235294998 -0.92386502 0.276075989 0.265056998 0.955829978 0 -0.293918997 0.801896989 0 -0.597461998 0.483942002 0 -0.875100017 -0.854403019 9.99999997e-07 0.519611001 -0.976231992 0 0.216729 -0.751227021 0 -0.660044014 -0.608734012 0 -0.793374002 -0.926624 0 -0.375990003 -0.921131015 0.389252007 0 0.955321014 -0.117191002 -0.271342993 0.800176978 -0.237625003 -0.550683022 0.481806993 -0.346841991 -0.804711998 -0.852913976 0.206918001 0.479294002 -0.976231992 0 0.216729 -0.975993991 0.0863080025 0.199965999 -0.77956003 -0.248153001 -0.575070977 -0.606280029 -0.314884007 -0.730255008 0.954099 -0.216150999 -0.207303002 0.796070993 -0.436609 -0.419099003 0.476763994 -0.633817017 -0.609073997 -0.849354982 0.380867004 0.365426004 -0.975426018 0.158965006 0.152556002 -0.600463986 -0.576692998 -0.553956985 -1 0 0 0.952883005 -0.281910002 -0.111991003 0.79203099 -0.567287028 -0.225549996 0.471870989 -0.819166005 -0.326043993 -0.84583801 0.495725989 0.197009996 -0.974866986 0.207031995 0.0822980031 -0.594797015 -0.746927977 -0.297179013 0.952381015 -0.304910988 0 0.790377021 -0.612621009 0 0.469886988 -0.882727027 0 -0.844395995 0.535719991 9.99999997e-07 -0.974636972 0.223791003 0 -0.592490971 -0.80557698 0 0.952883005 -0.281910002 0.111991003 0.79203099 -0.567287028 0.225549996 0.471870989 -0.819166005 0.326043993 -0.845847011 0.495714009 -0.197004005 -0.844395995 0.535719991 9.99999997e-07 -0.974636972 0.223791003 0 -0.974868 0.207026005 -0.0822950006 -0.594797015 -0.746927977 0.297179013 0.954099 -0.216150999 0.207303002 0.796070993 -0.436609 0.419099003 0.476763994 -0.633817017 0.609073997 -0.849370003 0.380849987 -0.365408003 -0.975428998 0.158957005 -0.152547002 -0.600463986 -0.576692998 0.553956985 0.955321014 -0.117191002 0.271342993 0.800176978 -0.237625003 0.550683022 0.481806993 -0.346841991 0.804711998 -0.85293299 0.206906006 -0.479265004 -0.975997984 0.0863019973 -0.199952006 -0.606280029 -0.314884007 0.730255008 0.955829978 0 0.293918997 0.801896989 0 0.597461998 0.483942002 0 0.875100017 -0.854424 9.99999997e-07 -0.519577026 -0.976234972 0 -0.216711998 -0.608734012 0 0.793374002 0.955321014 0.117191002 0.271342993 0.800176978 0.237625003 0.550683022 0.481806993 0.346841991 0.804711998 -0.85294199 -0.206899002 -0.479252994 -0.976234972 0 -0.216711998 -0.975998998 -0.0862990022 -0.199946001 -0.606280029 0.314884007 0.730255008 0.954099 0.216150999 0.207303002 0.796070993 0.436609 0.419099003 0.476763994 0.633817017 0.609073997 -0.849385977 -0.380831987 -0.365391999 -0.975431979 -0.158947006 -0.152539 -0.600463986 0.576692998 0.553956985 0.952883005 0.281910002 0.111991003 0.79203099 0.567287028 0.225549996 0.471870989 0.819166005 0.326043993 -0.845866978 -0.495683998 -0.196992993 -0.974871993 -0.207010999 -0.0822890028 -0.594797015 0.746927977 0.297179013 -0.844417989 -0.53568399 9.99999997e-07 -0.974641025 -0.223774001 0 </float_array>
                    <technique_common>
                        <accessor count="199" offset="0" source="#spe03_kart_root.polymsh_detached1_1-normals-array" stride="3">
                            <param name="X" type="float"/>
                            <param name="Y" type="float"/>
                            <param name="Z" type="float"/>
                        </accessor>
                    </technique_common>
                </source>
                <source id="spe03_kart_root.polymsh_detached1_1-tex0" name="spe03_kart_root.polymsh_detached1_1-tex0">
                    <float_array id="spe03_kart_root.polymsh_detached1_1-tex0-array" count="398"> 0.854649007 0.939157009 0.842891991 0.995779991 0.821928024 0.99575299 0.835269988 0.931451023 0.888082027 0.891153991 0.873269022 0.876940012 0.938179016 0.859080017 0.930132985 0.840519011 0.997202992 0.847819984 0.997207999 0.827727973 0.938179016 0.859080017 0.997207999 0.827724993 0.930132985 0.840515018 0.888082027 0.891153991 0.873269022 0.876936972 0.854649007 0.939157009 0.835269988 0.931447983 0.842891991 0.995779991 0.821928024 0.99575001 0.854653001 0.939157009 0.842894971 0.995779991 0.835269988 0.931447983 0.888085008 0.891153991 0.873269022 0.876936972 0.938181996 0.859080017 0.930132985 0.840515018 0.997205973 0.847819984 0.997207999 0.827724993 0.938181996 0.859080017 0.997207999 0.827727973 0.930132985 0.840519011 0.888085008 0.891153991 0.873269022 0.876940012 0.854653001 0.939157009 0.835269988 0.931451023 0.842894971 0.995779991 0.997255981 0.862007976 0.943817019 0.872189999 0.938178003 0.859080017 0.997201979 0.847820997 0.89854902 0.901189029 0.888085008 0.891155005 0.868296981 0.944588006 0.854649007 0.939157009 0.857658982 0.995781004 0.842894971 0.995779991 0.868296981 0.944588006 0.854649007 0.939155996 0.89854902 0.901189029 0.943817019 0.872189999 0.938178003 0.859080017 0.997255981 0.862007976 0.997201979 0.847819984 0.997259974 0.862007976 0.94382 0.872189999 0.938181996 0.859080017 0.997205973 0.847819984 0.898553014 0.901189029 0.888089001 0.891153991 0.868300974 0.944588006 0.854653001 0.939155996 0.857662976 0.995781004 0.842899024 0.995779991 0.868300974 0.944588006 0.854653001 0.939157009 0.898553014 0.901189029 0.888089001 0.891155005 0.94382 0.872189999 0.938181996 0.859080017 0.997259974 0.862007976 0.997205973 0.847820997 0.981613994 0.959594011 0.997276008 0.956607997 0.997276008 0.995839 0.967673004 0.927340984 0.997268021 0.921697974 0.955718994 0.899699986 0.997241974 0.891782999 0.800743997 0.917746007 0.784511983 0.995773017 0.797972023 0.995791018 0.813140988 0.922692001 0.750485003 0.844431996 0.776166022 0.849388003 0.776166022 0.869346976 0.742613018 0.862872005 0.728713989 0.738249004 0.750485003 0.724135995 0.750485003 0.759370029 0.776166022 0.719179988 0.801846981 0.724135995 0.776166022 0.749050021 0.968335986 0.968097985 0.942584991 0.943409979 0.920517027 0.922246993 0.846841991 0.851597011 0.856337011 0.860719979 0.728713989 0.830318987 0.714168012 0.844431996 0.750485003 0.809198022 0.823616982 0.738249004 0.838163972 0.759370029 0.801846027 0.759370029 0.959465027 0.98082602 0.925819993 0.967459977 0.896996021 0.95599103 0.915823996 0.807398021 0.920982003 0.81931299 0.714166999 0.809198022 0.695160985 0.816835999 0.843272984 0.784283996 0.838163972 0.809198022 0.812484026 0.784283996 0.823616982 0.830318987 0.801846981 0.844431996 0.801846027 0.809198022 0.956349015 0.995839 0.919933975 0.995827973 0.88873601 0.995793998 0.997228026 0.791876972 0.99723798 0.804733992 0.709059 0.784283996 0.688486993 0.784283996 0.739848018 0.784283996 0.776166022 0.81951803 0.959465027 0.98082602 0.925819993 0.967459977 0.896996021 0.95599103 0.915823996 0.807398021 0.99723798 0.804732978 0.920982003 0.819311976 0.714166999 0.759370029 0.695160985 0.751733005 0.968335986 0.968098998 0.942584991 0.943409979 0.920517027 0.922246993 0.846841991 0.851597011 0.856337011 0.860719025 0.714168012 0.724135995 0.776166022 0.784283996 0.981613994 0.959594011 0.967673004 0.927340984 0.955718994 0.899699986 0.800743997 0.917746007 0.813140988 0.922690988 0.742613018 0.705697 0.997276008 0.956607997 0.997268021 0.921697974 0.997241974 0.891782999 0.784511983 0.995773971 0.797972023 0.995790005 0.776166022 0.699222028 0.981613994 0.959594011 0.967673004 0.927340984 0.955718994 0.899699986 0.800740004 0.917746007 0.78450799 0.995773971 0.797968984 0.995790005 0.813138008 0.922690988 0.80971998 0.705697 0.968335986 0.968098998 0.942584991 0.943409979 0.920517027 0.922246993 0.846839011 0.851597011 0.856334984 0.860719025 0.838164985 0.724135995 0.959464014 0.98082602 0.925819993 0.967459977 0.896996021 0.95599103 0.915820003 0.807398021 0.920979023 0.819311976 0.857170999 0.751733005 0.956349015 0.995839 0.919933975 0.995827973 0.88873601 0.995793998 0.997223973 0.791876972 0.997235 0.804732978 0.863844991 0.784283996 0.959464014 0.98082602 0.925819993 0.967459977 0.896996021 0.95599103 0.915820003 0.807398021 0.997235 0.804733992 0.920979023 0.81931299 0.857170999 0.816835999 0.968335986 0.968097985 0.942584991 0.943409979 0.920517027 0.922246993 0.846839011 0.851597011 0.856334984 0.860719979 0.838164985 0.844431996 0.981613994 0.959594011 0.967673004 0.927340984 0.955718994 0.899699986 0.800740004 0.917746007 0.813138008 0.922692001 0.80971998 0.862872005 0.78450799 0.995773017 0.797968984 0.995791018 </float_array>
                    <technique_common>
                        <accessor count="199" offset="0" source="#spe03_kart_root.polymsh_detached1_1-tex0-array" stride="2">
                            <param name="S" type="float"/>
                            <param name="T" type="float"/>
                        </accessor>
                    </technique_common>
                </source>
                <source id="spe03_kart_root.polymsh_detached1_1-tex1" name="spe03_kart_root.polymsh_detached1_1-tex1">
                    <float_array id="spe03_kart_root.polymsh_detached1_1-tex1-array" count="398"> 0.854649007 0.939157009 0.842891991 0.995779991 0.821928024 0.99575299 0.835269988 0.931451023 0.888082027 0.891153991 0.873269022 0.876940012 0.938179016 0.859080017 0.930132985 0.840519011 0.997202992 0.847819984 0.997207999 0.827727973 0.938179016 0.859080017 0.997207999 0.827724993 0.930132985 0.840515018 0.888082027 0.891153991 0.873269022 0.876936972 0.854649007 0.939157009 0.835269988 0.931447983 0.842891991 0.995779991 0.821928024 0.99575001 0.854653001 0.939157009 0.842894971 0.995779991 0.835269988 0.931447983 0.888085008 0.891153991 0.873269022 0.876936972 0.938181996 0.859080017 0.930132985 0.840515018 0.997205973 0.847819984 0.997207999 0.827724993 0.938181996 0.859080017 0.997207999 0.827727973 0.930132985 0.840519011 0.888085008 0.891153991 0.873269022 0.876940012 0.854653001 0.939157009 0.835269988 0.931451023 0.842894971 0.995779991 0.997255981 0.862007976 0.943817019 0.872189999 0.938178003 0.859080017 0.997201979 0.847820997 0.89854902 0.901189029 0.888085008 0.891155005 0.868296981 0.944588006 0.854649007 0.939157009 0.857658982 0.995781004 0.842894971 0.995779991 0.868296981 0.944588006 0.854649007 0.939155996 0.89854902 0.901189029 0.943817019 0.872189999 0.938178003 0.859080017 0.997255981 0.862007976 0.997201979 0.847819984 0.997259974 0.862007976 0.94382 0.872189999 0.938181996 0.859080017 0.997205973 0.847819984 0.898553014 0.901189029 0.888089001 0.891153991 0.868300974 0.944588006 0.854653001 0.939155996 0.857662976 0.995781004 0.842899024 0.995779991 0.868300974 0.944588006 0.854653001 0.939157009 0.898553014 0.901189029 0.888089001 0.891155005 0.94382 0.872189999 0.938181996 0.859080017 0.997259974 0.862007976 0.997205973 0.847820997 0.981613994 0.959594011 0.997276008 0.956607997 0.997276008 0.995839 0.967673004 0.927340984 0.997268021 0.921697974 0.955718994 0.899699986 0.997241974 0.891782999 0.800743997 0.917746007 0.784511983 0.995773017 0.797972023 0.995791018 0.813140988 0.922692001 0.750485003 0.844431996 0.776166022 0.849388003 0.776166022 0.869346976 0.742613018 0.862872005 0.728713989 0.738249004 0.750485003 0.724135995 0.750485003 0.759370029 0.776166022 0.719179988 0.801846981 0.724135995 0.776166022 0.749050021 0.968335986 0.968097985 0.942584991 0.943409979 0.920517027 0.922246993 0.846841991 0.851597011 0.856337011 0.860719979 0.728713989 0.830318987 0.714168012 0.844431996 0.750485003 0.809198022 0.823616982 0.738249004 0.838163972 0.759370029 0.801846027 0.759370029 0.959465027 0.98082602 0.925819993 0.967459977 0.896996021 0.95599103 0.915823996 0.807398021 0.920982003 0.81931299 0.714166999 0.809198022 0.695160985 0.816835999 0.843272984 0.784283996 0.838163972 0.809198022 0.812484026 0.784283996 0.823616982 0.830318987 0.801846981 0.844431996 0.801846027 0.809198022 0.956349015 0.995839 0.919933975 0.995827973 0.88873601 0.995793998 0.997228026 0.791876972 0.99723798 0.804733992 0.709059 0.784283996 0.688486993 0.784283996 0.739848018 0.784283996 0.776166022 0.81951803 0.959465027 0.98082602 0.925819993 0.967459977 0.896996021 0.95599103 0.915823996 0.807398021 0.99723798 0.804732978 0.920982003 0.819311976 0.714166999 0.759370029 0.695160985 0.751733005 0.968335986 0.968098998 0.942584991 0.943409979 0.920517027 0.922246993 0.846841991 0.851597011 0.856337011 0.860719025 0.714168012 0.724135995 0.776166022 0.784283996 0.981613994 0.959594011 0.967673004 0.927340984 0.955718994 0.899699986 0.800743997 0.917746007 0.813140988 0.922690988 0.742613018 0.705697 0.997276008 0.956607997 0.997268021 0.921697974 0.997241974 0.891782999 0.784511983 0.995773971 0.797972023 0.995790005 0.776166022 0.699222028 0.981613994 0.959594011 0.967673004 0.927340984 0.955718994 0.899699986 0.800740004 0.917746007 0.78450799 0.995773971 0.797968984 0.995790005 0.813138008 0.922690988 0.80971998 0.705697 0.968335986 0.968098998 0.942584991 0.943409979 0.920517027 0.922246993 0.846839011 0.851597011 0.856334984 0.860719025 0.838164985 0.724135995 0.959464014 0.98082602 0.925819993 0.967459977 0.896996021 0.95599103 0.915820003 0.807398021 0.920979023 0.819311976 0.857170999 0.751733005 0.956349015 0.995839 0.919933975 0.995827973 0.88873601 0.995793998 0.997223973 0.791876972 0.997235 0.804732978 0.863844991 0.784283996 0.959464014 0.98082602 0.925819993 0.967459977 0.896996021 0.95599103 0.915820003 0.807398021 0.997235 0.804733992 0.920979023 0.81931299 0.857170999 0.816835999 0.968335986 0.968097985 0.942584991 0.943409979 0.920517027 0.922246993 0.846839011 0.851597011 0.856334984 0.860719979 0.838164985 0.844431996 0.981613994 0.959594011 0.967673004 0.927340984 0.955718994 0.899699986 0.800740004 0.917746007 0.813138008 0.922692001 0.80971998 0.862872005 0.78450799 0.995773017 0.797968984 0.995791018 </float_array>
                    <technique_common>
                        <accessor count="199" offset="0" source="#spe03_kart_root.polymsh_detached1_1-tex1-array" stride="2">
                            <param name="S" type="float"/>
                            <param name="T" type="float"/>
                        </accessor>
                    </technique_common>
                </source>
                <source id="spe03_kart_root.polymsh_detached1_1-tex2" name="spe03_kart_root.polymsh_detached1_1-tex2">
                    <float_array id="spe03_kart_root.polymsh_detached1_1-tex2-array" count="398"> 0.854649007 0.939157009 0.842891991 0.995779991 0.821928024 0.99575299 0.835269988 0.931451023 0.888082027 0.891153991 0.873269022 0.876940012 0.938179016 0.859080017 0.930132985 0.840519011 0.997202992 0.847819984 0.997207999 0.827727973 0.938179016 0.859080017 0.997207999 0.827724993 0.930132985 0.840515018 0.888082027 0.891153991 0.873269022 0.876936972 0.854649007 0.939157009 0.835269988 0.931447983 0.842891991 0.995779991 0.821928024 0.99575001 0.854653001 0.939157009 0.842894971 0.995779991 0.835269988 0.931447983 0.888085008 0.891153991 0.873269022 0.876936972 0.938181996 0.859080017 0.930132985 0.840515018 0.997205973 0.847819984 0.997207999 0.827724993 0.938181996 0.859080017 0.997207999 0.827727973 0.930132985 0.840519011 0.888085008 0.891153991 0.873269022 0.876940012 0.854653001 0.939157009 0.835269988 0.931451023 0.842894971 0.995779991 0.997255981 0.862007976 0.943817019 0.872189999 0.938178003 0.859080017 0.997201979 0.847820997 0.89854902 0.901189029 0.888085008 0.891155005 0.868296981 0.944588006 0.854649007 0.939157009 0.857658982 0.995781004 0.842894971 0.995779991 0.868296981 0.944588006 0.854649007 0.939155996 0.89854902 0.901189029 0.943817019 0.872189999 0.938178003 0.859080017 0.997255981 0.862007976 0.997201979 0.847819984 0.997259974 0.862007976 0.94382 0.872189999 0.938181996 0.859080017 0.997205973 0.847819984 0.898553014 0.901189029 0.888089001 0.891153991 0.868300974 0.944588006 0.854653001 0.939155996 0.857662976 0.995781004 0.842899024 0.995779991 0.868300974 0.944588006 0.854653001 0.939157009 0.898553014 0.901189029 0.888089001 0.891155005 0.94382 0.872189999 0.938181996 0.859080017 0.997259974 0.862007976 0.997205973 0.847820997 0.981613994 0.959594011 0.997276008 0.956607997 0.997276008 0.995839 0.967673004 0.927340984 0.997268021 0.921697974 0.955718994 0.899699986 0.997241974 0.891782999 0.800743997 0.917746007 0.784511983 0.995773017 0.797972023 0.995791018 0.813140988 0.922692001 0.750485003 0.844431996 0.776166022 0.849388003 0.776166022 0.869346976 0.742613018 0.862872005 0.728713989 0.738249004 0.750485003 0.724135995 0.750485003 0.759370029 0.776166022 0.719179988 0.801846981 0.724135995 0.776166022 0.749050021 0.968335986 0.968097985 0.942584991 0.943409979 0.920517027 0.922246993 0.846841991 0.851597011 0.856337011 0.860719979 0.728713989 0.830318987 0.714168012 0.844431996 0.750485003 0.809198022 0.823616982 0.738249004 0.838163972 0.759370029 0.801846027 0.759370029 0.959465027 0.98082602 0.925819993 0.967459977 0.896996021 0.95599103 0.915823996 0.807398021 0.920982003 0.81931299 0.714166999 0.809198022 0.695160985 0.816835999 0.843272984 0.784283996 0.838163972 0.809198022 0.812484026 0.784283996 0.823616982 0.830318987 0.801846981 0.844431996 0.801846027 0.809198022 0.956349015 0.995839 0.919933975 0.995827973 0.88873601 0.995793998 0.997228026 0.791876972 0.99723798 0.804733992 0.709059 0.784283996 0.688486993 0.784283996 0.739848018 0.784283996 0.776166022 0.81951803 0.959465027 0.98082602 0.925819993 0.967459977 0.896996021 0.95599103 0.915823996 0.807398021 0.99723798 0.804732978 0.920982003 0.819311976 0.714166999 0.759370029 0.695160985 0.751733005 0.968335986 0.968098998 0.942584991 0.943409979 0.920517027 0.922246993 0.846841991 0.851597011 0.856337011 0.860719025 0.714168012 0.724135995 0.776166022 0.784283996 0.981613994 0.959594011 0.967673004 0.927340984 0.955718994 0.899699986 0.800743997 0.917746007 0.813140988 0.922690988 0.742613018 0.705697 0.997276008 0.956607997 0.997268021 0.921697974 0.997241974 0.891782999 0.784511983 0.995773971 0.797972023 0.995790005 0.776166022 0.699222028 0.981613994 0.959594011 0.967673004 0.927340984 0.955718994 0.899699986 0.800740004 0.917746007 0.78450799 0.995773971 0.797968984 0.995790005 0.813138008 0.922690988 0.80971998 0.705697 0.968335986 0.968098998 0.942584991 0.943409979 0.920517027 0.922246993 0.846839011 0.851597011 0.856334984 0.860719025 0.838164985 0.724135995 0.959464014 0.98082602 0.925819993 0.967459977 0.896996021 0.95599103 0.915820003 0.807398021 0.920979023 0.819311976 0.857170999 0.751733005 0.956349015 0.995839 0.919933975 0.995827973 0.88873601 0.995793998 0.997223973 0.791876972 0.997235 0.804732978 0.863844991 0.784283996 0.959464014 0.98082602 0.925819993 0.967459977 0.896996021 0.95599103 0.915820003 0.807398021 0.997235 0.804733992 0.920979023 0.81931299 0.857170999 0.816835999 0.968335986 0.968097985 0.942584991 0.943409979 0.920517027 0.922246993 0.846839011 0.851597011 0.856334984 0.860719979 0.838164985 0.844431996 0.981613994 0.959594011 0.967673004 0.927340984 0.955718994 0.899699986 0.800740004 0.917746007 0.813138008 0.922692001 0.80971998 0.862872005 0.78450799 0.995773017 0.797968984 0.995791018 </float_array>
                    <technique_common>
                        <accessor count="199" offset="0" source="#spe03_kart_root.polymsh_detached1_1-tex2-array" stride="2">
                            <param name="S" type="float"/>
                            <param name="T" type="float"/>
                        </accessor>
                    </technique_common>
                </source>
                <source id="spe03_kart_root.polymsh_detached1_1-color0" name="spe03_kart_root.polymsh_detached1_1-color0">
                    <float_array id="spe03_kart_root.polymsh_detached1_1-color0-array" count="597"> 1 1 1 1 1 1 1 1 1 1 1 1 1 1 1 1 1 1 1 1 1 1 1 1 1 1 1 1 1 1 1 1 1 1 1 1 1 1 1 1 1 1 1 1 1 1 1 1 1 1 1 1 1 1 1 1 1 1 1 1 1 1 1 1 1 1 1 1 1 1 1 1 1 1 1 1 1 1 1 1 1 1 1 1 1 1 1 1 1 1 1 1 1 1 1 1 1 1 1 1 1 1 1 1 1 1 1 1 1 1 1 1 1 1 1 1 1 1 1 1 1 1 1 1 1 1 1 1 1 1 1 1 1 1 1 1 1 1 1 1 1 1 1 1 1 1 1 1 1 1 1 1 1 1 1 1 1 1 1 1 1 1 1 1 1 1 1 1 1 1 1 1 1 1 1 1 1 1 1 1 1 1 1 1 1 1 1 1 1 1 1 1 1 1 1 1 1 1 1 1 1 1 1 1 1 1 1 1 1 1 1 1 1 1 1 1 1 1 1 1 1 1 1 1 1 1 1 1 1 1 1 1 1 1 1 1 1 1 1 1 1 1 1 1 1 1 1 1 1 1 1 1 1 1 1 1 1 1 1 1 1 1 1 1 1 1 1 1 1 1 1 1 1 1 1 1 1 1 1 1 1 1 1 1 1 1 1 1 1 1 1 1 1 1 1 1 1 1 1 1 1 1 1 1 1 1 1 1 1 1 1 1 1 1 1 1 1 1 1 1 1 1 1 1 1 1 1 1 1 1 1 1 1 1 1 1 1 1 1 1 1 1 1 1 1 1 1 1 1 1 1 1 1 1 1 1 1 1 1 1 1 1 1 1 1 1 1 1 1 1 1 1 1 1 1 1 1 1 1 1 1 1 1 1 1 1 1 1 1 1 1 1 1 1 1 1 1 1 1 1 1 1 1 1 1 1 1 1 1 1 1 1 1 1 1 1 1 1 1 1 1 1 1 1 1 1 1 1 1 1 1 1 1 1 1 1 1 1 1 1 1 1 1 1 1 1 1 1 1 1 1 1 1 1 1 1 1 1 1 1 1 1 1 1 1 1 1 1 1 1 1 1 1 1 1 1 1 1 1 1 1 1 1 1 1 1 1 1 1 1 1 1 1 1 1 1 1 1 1 1 1 1 1 1 1 1 1 1 1 1 1 1 1 1 1 1 1 1 1 1 1 1 1 1 1 1 1 1 1 1 1 1 1 1 1 1 1 1 1 1 1 1 1 1 1 1 1 1 1 1 1 1 1 1 1 1 1 1 1 1 1 1 1 1 1 1 1 1 1 1 1 1 1 1 1 1 1 1 1 1 1 1 1 1 1 1 1 1 1 1 1 1 1 1 1 1 1 </float_array>
                    <technique_common>
                        <accessor count="199" offset="0" source="#spe03_kart_root.polymsh_detached1_1-color0-array" stride="3">
                            <param name="R" type="float"/>
                            <param name="G" type="float"/>
                            <param name="B" type="float"/>
                        </accessor>
                    </technique_common>
                </source>
                <vertices id="spe03_kart_root.polymsh_detached1_1-vertices">
                    <input semantic="POSITION" source="#spe03_kart_root.polymsh_detached1_1-positions"/>
                </vertices>
                <triangles count="304" material="defaultMaterial">
                    <input offset="0" semantic="VERTEX" source="#spe03_kart_root.polymsh_detached1_1-vertices"/>
                    <input offset="0" semantic="NORMAL" source="#spe03_kart_root.polymsh_detached1_1-normals"/>
                    <input offset="1" semantic="TEXCOORD" source="#spe03_kart_root.polymsh_detached1_1-tex0" set="0"/>
                    <input offset="1" semantic="TEXCOORD" source="#spe03_kart_root.polymsh_detached1_1-tex1" set="1"/>
                    <input offset="1" semantic="TEXCOORD" source="#spe03_kart_root.polymsh_detached1_1-tex2" set="2"/>
                    <input offset="0" semantic="COLOR" source="#spe03_kart_root.polymsh_detached1_1-color0" set="0"/>
                    <p>0 0 1 1 2 2 0 0 2 2 3 3 4 4 0 0 3 3 4 4 3 3 5 5 6 6 4 4 5 5 6 6 5 5 7 7 8 8 6 6 7 7 8 8 7 7 9 9 10 10 8 8 9 11 10 10 9 11 12 12 13 13 10 10 12 12 13 13 12 12 14 14 15 15 13 13 14 14 15 15 14 14 16 16 17 17 15 15 16 16 17 17 16 16 18 18 19 19 17 20 18 18 19 19 18 18 21 21 22 22 19 19 21 21 22 22 21 21 23 23 24 24 22 22 23 23 24 24 23 23 25 25 26 26 24 24 25 25 26 26 25 25 27 27 28 28 26 26 27 29 28 28 27 29 30 30 31 31 28 28 30 30 31 31 30 30 32 32 33 33 31 31 32 32 33 33 32 32 34 34 1 35 33 33 34 34 1 35 34 34 2 2 36 36 37 37 33 38 36 36 33 38 1 39 37 37 40 40 31 41 37 37 31 41 33 38 40 40 42 42 28 43 40 40 28 43 31 41 42 42 44 44 26 45 42 42 26 45 28 43 44 44 46 46 24 47 44 44 24 47 26 45 46 46 48 48 22 22 46 46 22 22 24 47 48 48 49 49 19 50 48 48 19 50 22 22 49 49 51 51 17 52 49 49 17 52 19 50 51 53 54 54 15 55 51 53 15 55 17 56 54 54 57 57 13 58 54 54 13 58 15 55 57 57 59 59 10 60 57 57 10 60 13 58 59 59 61 61 8 62 59 59 8 62 10 60 61 61 63 63 6 64 61 61 6 64 8 62 63 63 65 65 4 66 63 63 4 66 6 64 65 65 67 67 68 68 65 65 68 68 4 66 67 67 36 69 1 70 67 67 1 70 68 68 71 71 72 72 73 73 74 74 75 75 72 72 74 74 72 72 71 71 76 76 77 77 75 75 76 76 75 75 74 74 37 37 36 36 77 77 37 37 77 77 76 76 78 78 79 79 80 80 78 78 80 80 81 81 82 82 83 83 84 84 82 82 84 84 85 85 86 86 87 87 88 88 89 89 90 90 91 91 92 92 71 71 73 73 93 93 74 74 71 71 93 93 71 71 92 92 94 94 76 76 74 74 94 94 74 74 93 93 40 40 37 37 76 76 40 40 76 76 94 94 95 95 78 78 81 81 95 95 81 81 96 96 97 97 82 82 85 85 97 97 85 85 98 98 99 99 82 82 97 97 100 100 101 101 102 102 103 103 92 92 73 73 104 104 93 93 92 92 104 104 92 92 103 103 105 105 94 94 93 93 105 105 93 93 104 104 42 42 40 40 94 94 42 42 94 94 105 105 106 106 95 95 96 96 106 106 96 96 107 107 108 108 97 97 98 98 108 108 98 98 109 109 110 110 111 111 112 112 113 113 114 114 115 115 116 116 103 103 73 73 117 117 104 104 103 103 117 117 103 103 116 116 118 118 105 105 104 104 118 118 104 104 117 117 44 44 42 42 105 105 44 44 105 105 118 118 119 119 106 106 107 107 119 119 107 107 120 120 121 121 108 108 109 109 121 121 109 109 122 122 123 123 108 108 121 121 83 83 82 82 124 124 125 125 116 116 73 73 126 126 117 117 116 116 126 126 116 116 125 125 127 127 118 118 117 117 127 127 117 117 126 126 46 46 44 44 118 118 46 46 118 118 127 127 128 128 119 119 120 129 128 128 120 129 130 130 131 131 121 121 122 122 131 131 122 122 132 132 97 97 108 108 99 99 121 121 131 131 123 123 133 133 125 125 73 73 134 134 126 126 125 125 134 134 125 125 133 133 135 135 127 127 126 126 135 135 126 126 134 134 48 48 46 46 127 127 48 48 127 127 135 135 136 136 128 128 130 130 136 136 130 130 137 137 86 86 131 131 132 132 86 86 132 132 138 138 88 88 131 131 86 86 124 124 139 139 115 115 140 140 133 133 73 73 141 141 134 134 133 133 141 141 133 133 140 140 142 142 135 135 134 134 142 142 134 134 141 141 49 49 48 48 135 135 49 49 135 135 142 142 143 143 136 136 137 137 143 143 137 137 144 144 87 87 86 86 138 138 87 87 138 138 145 145 115 115 114 114 124 124 139 139 112 112 115 115 146 146 140 140 73 73 147 147 141 141 140 140 147 147 140 140 146 146 148 148 142 142 141 141 148 148 141 141 147 147 51 51 49 49 142 142 51 51 142 142 148 148 149 149 143 143 144 144 149 149 144 144 150 150 89 89 87 87 145 145 89 89 145 145 151 151 91 91 87 87 89 89 112 112 111 111 115 115 152 152 146 146 73 73 153 153 147 147 146 146 153 153 146 146 152 152 154 154 148 148 147 147 154 154 147 147 153 153 54 54 51 53 148 148 54 54 148 148 154 154 155 155 149 156 150 157 155 155 150 157 158 158 90 90 89 89 151 151 90 90 151 151 159 159 139 139 102 102 112 112 102 102 101 101 112 112 160 160 152 152 73 73 161 161 153 153 152 152 161 161 152 152 160 160 162 162 154 154 153 153 162 162 153 153 161 161 57 57 54 54 154 154 57 57 154 154 162 162 163 163 155 155 158 158 163 163 158 158 164 164 100 100 90 90 159 159 100 100 159 159 165 165 102 102 90 90 100 100 139 139 91 91 102 102 166 166 160 160 73 73 167 167 161 161 160 160 167 167 160 160 166 166 168 168 162 162 161 161 168 168 161 161 167 167 59 59 57 57 162 162 59 59 162 162 168 168 169 169 163 163 164 164 169 169 164 164 170 170 101 101 100 100 165 165 101 101 165 165 171 171 91 91 90 90 102 102 139 139 88 88 91 91 172 172 166 166 73 73 173 173 167 167 166 166 173 173 166 166 172 172 174 174 168 168 167 167 174 174 167 167 173 173 61 61 59 59 168 168 61 61 168 168 174 174 175 175 169 169 170 170 175 175 170 170 176 176 110 110 101 101 171 171 110 110 171 171 177 177 112 112 101 101 110 110 88 88 87 87 91 91 178 178 172 172 73 73 179 179 173 173 172 172 179 179 172 172 178 178 180 180 174 174 173 173 180 180 173 173 179 179 63 63 61 61 174 174 63 63 174 174 180 180 181 181 175 175 176 182 181 181 176 182 183 183 111 111 110 110 177 177 111 111 177 177 184 184 139 139 123 123 88 88 123 123 131 131 88 88 185 185 178 178 73 73 186 186 179 179 178 178 186 186 178 178 185 185 187 187 180 180 179 179 187 187 179 179 186 186 65 65 63 63 180 180 65 65 180 180 187 187 188 188 181 181 183 183 188 188 183 183 189 189 113 113 111 111 184 184 113 113 184 184 190 190 115 115 111 111 113 113 139 139 99 99 123 123 191 191 185 185 73 73 192 192 186 186 185 185 192 192 185 185 191 191 193 193 187 187 186 186 193 193 186 186 192 192 67 67 65 65 187 187 67 67 187 187 193 193 194 194 188 188 189 189 194 194 189 189 195 195 114 114 113 113 190 190 114 114 190 190 196 196 99 99 108 108 123 123 124 124 99 99 139 139 72 72 191 191 73 73 75 75 192 192 191 191 75 75 191 191 72 72 77 77 193 193 192 192 77 77 192 192 75 75 36 69 67 67 193 193 36 69 193 193 77 77 79 197 194 194 195 195 79 197 195 195 80 198 83 83 114 114 196 196 83 83 196 196 84 84 124 124 114 114 83 83 124 124 82 82 99 99 2 2 34 34 81 81 2 2 81 81 80 80 34 34 32 32 96 96 34 34 96 96 81 81 32 32 30 30 107 107 32 32 107 107 96 96 30 30 27 29 120 120 30 30 120 120 107 107 27 27 25 25 130 130 27 27 130 130 120 129 25 25 23 23 137 137 25 25 137 137 130 130 23 23 21 21 144 144 23 23 144 144 137 137 21 21 18 18 150 150 21 21 150 150 144 144 18 18 16 16 158 158 18 18 158 158 150 157 16 16 14 14 164 164 16 16 164 164 158 158 14 14 12 12 170 170 14 14 170 170 164 164 12 12 9 11 176 176 12 12 176 176 170 170 9 9 7 7 183 183 9 9 183 183 176 182 7 7 5 5 189 189 7 7 189 189 183 183 5 5 3 3 195 195 5 5 195 195 189 189 3 3 2 2 80 198 3 3 80 198 195 195</p>
                </triangles>
            </mesh>
        </geometry>
        <geometry id="spe03_kart_root.polymsh_detached2_1" name="spe03_kart_root.polymsh_detached2">
            <mesh>
                <source id="spe03_kart_root.polymsh_detached2_1-positions" name="spe03_kart_root.polymsh_detached2_1-positions">
                    <float_array id="spe03_kart_root.polymsh_detached2_1-positions-array" count="597"> -0.637443006 2.14091206 0.914560974 -0.637443006 2.31529403 0 -0.744485974 2.14524293 2.20000002e-05 -0.744485974 1.98380804 0.846687019 -0.637443006 1.64431703 1.689888 -0.744485974 1.52407897 1.56445396 -0.637443006 0.90110898 2.20794511 -0.744485974 0.836046994 2.04405093 -0.637443006 0.0244350005 2.38986301 -0.744485974 0.0244570002 2.2124629 -0.637443006 -0.852237999 2.20794511 -0.744485974 0.0244570002 2.2124629 -0.744485974 -0.787132978 2.04405093 -0.637443006 -1.59544599 1.689888 -0.744485974 -1.47516501 1.56445396 -0.637443006 -2.09204197 0.914560974 -0.744485974 -1.93489397 0.846687019 -0.637443006 -2.26642299 0 -0.744485974 -2.09632897 2.20000002e-05 -0.637443006 -2.09204197 -0.914560974 -0.637443006 -2.26642299 0 -0.744485974 -1.93489397 -0.846642017 -0.637443006 -1.59544599 -1.689888 -0.744485974 -1.47516501 -1.56440997 -0.637443006 -0.852237999 -2.20794511 -0.744485974 -0.787132978 -2.04400706 -0.637443006 0.0244350005 -2.38986301 -0.744485974 0.0244570002 -2.21241903 -0.637443006 0.90110898 -2.20794511 -0.744485974 0.0244570002 -2.21241903 -0.744485974 0.836046994 -2.04400706 -0.637443006 1.64431703 -1.689888 -0.744485974 1.52407897 -1.56440997 -0.637443006 2.14091206 -0.914560974 -0.744485974 1.98380804 -0.846642017 -0.637443006 2.31529403 0 -0.355596989 2.4683919 0 -0.355596989 2.28235698 -0.975681007 -0.637443006 2.14091206 -0.914560974 -0.637443006 2.31529403 0 -0.355596989 1.75257397 -1.80282402 -0.637443006 1.64431703 -1.689888 -0.355596989 0.959697008 -2.35550308 -0.637443006 0.90110898 -2.20794511 -0.355596989 0.0244350005 -2.54957795 -0.637443006 0.0244350005 -2.38986301 -0.355596989 -0.910826027 -2.35550308 -0.637443006 -0.852237999 -2.20794511 -0.355596989 -1.70370305 -1.80282402 -0.355596989 -2.23348594 -0.975681007 -0.637443006 -2.09204197 -0.914560974 -0.355596989 -2.41952109 0 -0.637443006 -2.26642299 0 -0.355596989 -2.41952109 0 -0.355596989 -2.23348594 0.975681007 -0.637443006 -2.09204197 0.914560974 -0.637443006 -2.26642299 0 -0.355596989 -1.70370305 1.80282402 -0.637443006 -1.59544599 1.689888 -0.355596989 -0.910826027 2.35550308 -0.637443006 -0.852237999 2.20794511 -0.355596989 0.0244350005 2.54957795 -0.637443006 0.0244350005 2.38986301 -0.355596989 0.959697008 2.35550308 -0.637443006 0.90110898 2.20794511 -0.355596989 1.75257397 1.80282402 -0.637443006 1.64431703 1.689888 -0.355596989 2.28235698 0.975681007 -0.637443006 2.14091206 0.914560974 -0.355596989 2.4683919 0 -0.637443006 2.31529403 0 1.361377 0.888504028 -0.373376995 1.361377 0.959697008 0 1.50284195 0.0244350005 0 0.958518028 1.62102699 -0.689911008 0.958518028 1.75257397 0 0.355596989 2.11048293 -0.90141201 0.355596989 2.28235698 0 -0.665700018 1.31412899 -0.557295024 -0.665700018 1.42038906 0 -0.801957011 1.63517594 9.99999975e-06 -0.801957011 1.51256597 -0.643028975 -1.11103404 1.01152396 -0.42653501 -1.11103404 1.092852 0 -0.665700018 1.42038906 0 -0.665700018 1.31412899 -0.557295024 -1.11103404 -0.731049001 -0.788134992 -1.11103404 -0.962652981 -0.42653501 -1.40859699 -0.384429991 -0.42653501 -1.11103404 -1.04398096 0 -1.11103404 -0.962652981 0.42653501 -1.40859699 -0.553788006 0 1.361377 0.685765028 -0.689911008 0.958518028 1.24641395 -1.27478898 0.355596989 1.62102699 -1.66559196 -0.665700018 1.01152396 -1.02974796 -0.801957011 1.16340399 -1.18817103 -1.11103404 0.779919982 -0.788134992 -0.665700018 1.01152396 -1.02974796 -1.40859699 0.433301002 -0.42653501 -1.11103404 -0.731049001 0.788134992 -1.11103404 -0.384429991 1.02974796 -1.40859699 -0.384429991 0.42653501 1.361377 0.382344991 -0.90141201 0.958518028 0.685765028 -1.66559196 0.355596989 0.888504028 -2.17620111 -0.665700018 0.558643997 -1.34543002 -0.801957011 0.640845001 -1.552423 -1.11103404 0.433301002 -1.02974796 -0.665700018 0.558643997 -1.34543002 -1.11103404 0.0244350005 1.114591 -1.11103404 0.433301002 1.02974796 -1.40859699 0.0244350005 0.603211999 -1.11103404 0.779919982 0.788134992 -1.11103404 1.01152396 0.42653501 -1.40859699 0.433301002 0.42653501 1.361377 0.0244350005 -0.975681007 0.958518028 0.0244350005 -1.80282402 0.355596989 0.0244350005 -2.35550308 -0.665700018 0.0244350005 -1.45628297 -0.801957011 0.0244449992 -1.68033195 -1.11103404 0.0244350005 -1.114591 -0.665700018 0.0244350005 -1.45628297 -1.40859699 0.0244350005 -0.603211999 -1.40859699 0.602657974 0 1.361377 -0.33347401 -0.90141201 0.958518028 -0.636895001 -1.66559196 0.355596989 -0.839634001 -2.17620111 -0.665700018 -0.509773016 -1.34543002 -0.801957011 0.0244449992 -1.68033195 -0.801957011 -0.591955006 -1.552423 -1.11103404 -0.384429991 -1.02974796 -0.665700018 -0.509773016 -1.34543002 1.361377 -0.636895001 -0.689911008 0.958518028 -1.19754303 -1.27478898 0.355596989 -1.57215595 -1.66559196 -0.665700018 -0.962652981 -1.02974796 -0.801957011 -1.11451304 -1.18817103 -0.665700018 -0.962652981 -1.02974796 -1.51308703 0.0244350005 0 1.361377 -0.839634001 -0.373376995 0.958518028 -1.57215595 -0.689911008 0.355596989 -2.06161189 -0.90141201 -0.665700018 -1.26525795 -0.557295024 -0.801957011 -1.46367598 -0.643028975 -0.665700018 -1.26525795 -0.557295024 1.361377 -0.910826027 0 0.958518028 -1.70370305 0 0.355596989 -2.23348594 0 -0.665700018 -1.37151802 0 -0.801957011 -1.586285 9.99999975e-06 -0.665700018 -1.37151802 0 1.361377 -0.839634001 0.373376995 0.958518028 -1.57215595 0.689911008 0.355596989 -2.06161189 0.90141201 -0.665700018 -1.26525795 0.557295024 -0.665700018 -1.37151802 0 -0.801957011 -1.586285 9.99999975e-06 -0.801957011 -1.46367598 0.643049002 -0.665700018 -1.26525795 0.557295024 1.361377 -0.636895001 0.689911008 0.958518028 -1.19754303 1.27478898 0.355596989 -1.57215595 1.66559196 -0.665700018 -0.962652981 1.02974796 -0.801957011 -1.11451304 1.18819106 -0.665700018 -0.962652981 1.02974796 1.361377 -0.33347401 0.90141201 0.958518028 -0.636895001 1.66559196 0.355596989 -0.839634001 2.17620111 -0.665700018 -0.509773016 1.34543002 -0.801957011 -0.591955006 1.55244398 -0.665700018 -0.509773016 1.34543002 1.361377 0.0244350005 0.975681007 0.958518028 0.0244350005 1.80282402 0.355596989 0.0244350005 2.35550308 -0.665700018 0.0244350005 1.45628297 -0.801957011 0.0244449992 1.68035197 -0.665700018 0.0244350005 1.45628297 1.361377 0.382344991 0.90141201 0.958518028 0.685765028 1.66559196 0.355596989 0.888504028 2.17620111 -0.665700018 0.558643997 1.34543002 -0.801957011 0.0244449992 1.68035197 -0.801957011 0.640845001 1.55244398 -0.665700018 0.558643997 1.34543002 1.361377 0.685765028 0.689911008 0.958518028 1.24641395 1.27478898 0.355596989 1.62102699 1.66559196 -0.665700018 1.01152396 1.02974796 -0.801957011 1.16340399 1.18819106 -0.665700018 1.01152396 1.02974796 1.361377 0.888504028 0.373376995 0.958518028 1.62102699 0.689911008 0.355596989 2.11048293 0.90141201 -0.665700018 1.31412899 0.557295024 -0.801957011 1.51256597 0.643049002 -0.665700018 1.31412899 0.557295024 -0.665700018 1.42038906 0 -0.801957011 1.63517594 9.99999975e-06 </float_array>
                    <technique_common>
                        <accessor count="199" offset="0" source="#spe03_kart_root.polymsh_detached2_1-positions-array" stride="3">
                            <param name="X" type="float"/>
                            <param name="Y" type="float"/>
                            <param name="Z" type="float"/>
                        </accessor>
                    </technique_common>
                </source>
                <source id="spe03_kart_root.polymsh_detached2_1-normals" name="spe03_kart_root.polymsh_detached2_1-normals">
                    <float_array id="spe03_kart_root.polymsh_detached2_1-normals-array" count="597"> -0.686788976 0.675382972 0.268660992 -0.684876025 0.728658974 9.99999997e-07 -0.943934023 0.330134004 9.99999997e-07 -0.944486976 0.305328995 0.121324003 -0.691492021 0.521018028 0.500379026 -0.945833981 0.234281003 0.224746004 -0.696304977 0.284242004 0.659063995 -0.94719398 0.127113 0.294389993 -0.698336005 9.99999997e-07 0.715770006 -0.947763026 9.99999997e-07 0.318973988 -0.696321011 -0.284235001 0.659051001 -0.947763026 9.99999997e-07 0.318973988 -0.947201014 -0.127103999 0.294373006 -0.691520989 -0.520996988 0.500361025 -0.945846021 -0.234254003 0.224721998 -0.686827004 -0.675348997 0.268647999 -0.944503009 -0.305285007 0.121307001 -0.684917986 -0.728619993 9.99999997e-07 -0.943952024 -0.330083013 9.99999997e-07 -0.686842978 -0.675336003 -0.268640995 -0.684917986 -0.728619993 9.99999997e-07 -0.944509983 -0.305267006 -0.121298999 -0.691550016 -0.520977974 -0.500340998 -0.945858002 -0.234229997 -0.224696994 -0.696358025 -0.284220994 -0.65901798 -0.947215974 -0.127085999 -0.294330001 -0.698376 9.99999997e-07 -0.715731025 -0.947780013 9.99999997e-07 -0.318924993 -0.696341991 0.28422901 -0.659030974 -0.947780013 9.99999997e-07 -0.318924993 -0.947210014 0.127095997 -0.294346988 -0.691519976 0.520999014 -0.500358999 -0.945846021 0.234255999 -0.224721 -0.686803997 0.675369978 -0.268653989 -0.944492996 0.305312008 -0.121315002 -0.684876025 0.728658974 9.99999997e-07 -0.121151999 0.992633998 0 -0.121693 0.922170997 -0.367139012 -0.686803997 0.675369978 -0.268653989 -0.684876025 0.728658974 9.99999997e-07 -0.123028003 0.715470016 -0.687726021 -0.691519976 0.520999014 -0.500358999 -0.124407999 0.392645001 -0.911237001 -0.696341991 0.28422901 -0.659030974 -0.124992996 0 -0.992157996 -0.698376 9.99999997e-07 -0.715731025 -0.124407999 -0.392645001 -0.911237001 -0.696358025 -0.284220994 -0.65901798 -0.123028003 -0.715470016 -0.687726021 -0.121693 -0.922170997 -0.367139012 -0.686842978 -0.675336003 -0.268640995 -0.121151999 -0.992633998 0 -0.684917986 -0.728619993 9.99999997e-07 -0.121151999 -0.992633998 0 -0.121693 -0.922170997 0.367139012 -0.686827004 -0.675348997 0.268647999 -0.684917986 -0.728619993 9.99999997e-07 -0.123028003 -0.715470016 0.687726021 -0.691520989 -0.520996988 0.500361025 -0.124407999 -0.392645001 0.911237001 -0.696321011 -0.284235001 0.659051001 -0.124992996 0 0.992157996 -0.698336005 9.99999997e-07 0.715770006 -0.124407999 0.392645001 0.911237001 -0.696304977 0.284242004 0.659063995 -0.123028003 0.715470016 0.687726021 -0.691492021 0.521018028 0.500379026 -0.121693 0.922170997 0.367139012 -0.686788976 0.675382972 0.268660992 -0.121151999 0.992633998 0 -0.684876025 0.728658974 9.99999997e-07 0.952883005 0.281910002 -0.111991003 0.952381015 0.304910988 0 1 0 0 0.79203099 0.567287028 -0.225549996 0.790377021 0.612621009 0 0.471870989 0.819166005 -0.326043993 0.469886988 0.882727027 0 -0.845858991 -0.495696008 0.196998999 -0.844417989 -0.53568399 9.99999997e-07 -0.974641025 -0.223774001 0 -0.974870026 -0.207017004 0.082291998 -0.770969987 0.591812015 -0.235294998 -0.738173008 0.674611986 0 -0.592490971 0.80557698 0 -0.594797015 0.746927977 -0.297179013 -0.744611979 -0.48149699 -0.462292999 -0.770969987 -0.591812015 -0.235294998 -0.92386502 -0.276075989 -0.265056998 -0.738173008 -0.674611986 0 -0.770969987 -0.591812015 0.235294998 -0.921131015 -0.389252007 0 0.954099 0.216150999 -0.207303002 0.796070993 0.436609 -0.419099003 0.476763994 0.633817017 -0.609073997 -0.849371016 -0.380849004 0.365408987 -0.975428998 -0.158956006 0.152547002 -0.744611979 0.48149699 -0.462292999 -0.600463986 0.576692998 -0.553956985 -0.92386502 0.276075989 -0.265056998 -0.744611979 -0.48149699 0.462292999 -0.77956003 -0.248153001 0.575070977 -0.92386502 -0.276075989 0.265056998 0.955321014 0.117191002 -0.271342993 0.800176978 0.237625003 -0.550683022 0.481806993 0.346841991 -0.804711998 -0.852922022 -0.206910998 0.479281992 -0.975995004 -0.0863049999 0.199959993 -0.77956003 0.248153001 -0.575070977 -0.606280029 0.314884007 -0.730255008 -0.751227021 0 0.660044014 -0.77956003 0.248153001 0.575070977 -0.926624 0 0.375990003 -0.744611979 0.48149699 0.462292999 -0.770969987 0.591812015 0.235294998 -0.92386502 0.276075989 0.265056998 0.955829978 0 -0.293918997 0.801896989 0 -0.597461998 0.483942002 0 -0.875100017 -0.854403019 9.99999997e-07 0.519611001 -0.976231992 0 0.216729 -0.751227021 0 -0.660044014 -0.608734012 0 -0.793374002 -0.926624 0 -0.375990003 -0.921131015 0.389252007 0 0.955321014 -0.117191002 -0.271342993 0.800176978 -0.237625003 -0.550683022 0.481806993 -0.346841991 -0.804711998 -0.852913976 0.206918001 0.479294002 -0.976231992 0 0.216729 -0.975993991 0.0863080025 0.199965999 -0.77956003 -0.248153001 -0.575070977 -0.606280029 -0.314884007 -0.730255008 0.954099 -0.216150999 -0.207303002 0.796070993 -0.436609 -0.419099003 0.476763994 -0.633817017 -0.609073997 -0.849354982 0.380867004 0.365426004 -0.975426018 0.158965006 0.152556002 -0.600463986 -0.576692998 -0.553956985 -1 0 0 0.952883005 -0.281910002 -0.111991003 0.79203099 -0.567287028 -0.225549996 0.471870989 -0.819166005 -0.326043993 -0.84583801 0.495725989 0.197009996 -0.974866986 0.207031995 0.0822980031 -0.594797015 -0.746927977 -0.297179013 0.952381015 -0.304910988 0 0.790377021 -0.612621009 0 0.469886988 -0.882727027 0 -0.844395995 0.535719991 9.99999997e-07 -0.974636972 0.223791003 0 -0.592490971 -0.80557698 0 0.952883005 -0.281910002 0.111991003 0.79203099 -0.567287028 0.225549996 0.471870989 -0.819166005 0.326043993 -0.845847011 0.495714009 -0.197004005 -0.844395995 0.535719991 9.99999997e-07 -0.974636972 0.223791003 0 -0.974868 0.207026005 -0.0822950006 -0.594797015 -0.746927977 0.297179013 0.954099 -0.216150999 0.207303002 0.796070993 -0.436609 0.419099003 0.476763994 -0.633817017 0.609073997 -0.849370003 0.380849987 -0.365408003 -0.975428998 0.158957005 -0.152547002 -0.600463986 -0.576692998 0.553956985 0.955321014 -0.117191002 0.271342993 0.800176978 -0.237625003 0.550683022 0.481806993 -0.346841991 0.804711998 -0.85293299 0.206906006 -0.479265004 -0.975997984 0.0863019973 -0.199952006 -0.606280029 -0.314884007 0.730255008 0.955829978 0 0.293918997 0.801896989 0 0.597461998 0.483942002 0 0.875100017 -0.854424 9.99999997e-07 -0.519577026 -0.976234972 0 -0.216711998 -0.608734012 0 0.793374002 0.955321014 0.117191002 0.271342993 0.800176978 0.237625003 0.550683022 0.481806993 0.346841991 0.804711998 -0.85294199 -0.206899002 -0.479252994 -0.976234972 0 -0.216711998 -0.975998998 -0.0862990022 -0.199946001 -0.606280029 0.314884007 0.730255008 0.954099 0.216150999 0.207303002 0.796070993 0.436609 0.419099003 0.476763994 0.633817017 0.609073997 -0.849385977 -0.380831987 -0.365391999 -0.975431979 -0.158947006 -0.152539 -0.600463986 0.576692998 0.553956985 0.952883005 0.281910002 0.111991003 0.79203099 0.567287028 0.225549996 0.471870989 0.819166005 0.326043993 -0.845866978 -0.495683998 -0.196992993 -0.974871993 -0.207010999 -0.0822890028 -0.594797015 0.746927977 0.297179013 -0.844417989 -0.53568399 9.99999997e-07 -0.974641025 -0.223774001 0 </float_array>
                    <technique_common>
                        <accessor count="199" offset="0" source="#spe03_kart_root.polymsh_detached2_1-normals-array" stride="3">
                            <param name="X" type="float"/>
                            <param name="Y" type="float"/>
                            <param name="Z" type="float"/>
                        </accessor>
                    </technique_common>
                </source>
                <source id="spe03_kart_root.polymsh_detached2_1-tex0" name="spe03_kart_root.polymsh_detached2_1-tex0">
                    <float_array id="spe03_kart_root.polymsh_detached2_1-tex0-array" count="398"> 0.854649007 0.939157009 0.842891991 0.995779991 0.821928024 0.99575299 0.835269988 0.931451023 0.888082027 0.891153991 0.873269022 0.876940012 0.938179016 0.859080017 0.930132985 0.840519011 0.997202992 0.847819984 0.997207999 0.827727973 0.938179016 0.859080017 0.997207999 0.827724993 0.930132985 0.840515018 0.888082027 0.891153991 0.873269022 0.876936972 0.854649007 0.939157009 0.835269988 0.931447983 0.842891991 0.995779991 0.821928024 0.99575001 0.854653001 0.939157009 0.842894971 0.995779991 0.835269988 0.931447983 0.888085008 0.891153991 0.873269022 0.876936972 0.938181996 0.859080017 0.930132985 0.840515018 0.997205973 0.847819984 0.997207999 0.827724993 0.938181996 0.859080017 0.997207999 0.827727973 0.930132985 0.840519011 0.888085008 0.891153991 0.873269022 0.876940012 0.854653001 0.939157009 0.835269988 0.931451023 0.842894971 0.995779991 0.997255981 0.862007976 0.943817019 0.872189999 0.938178003 0.859080017 0.997201979 0.847820997 0.89854902 0.901189029 0.888085008 0.891155005 0.868296981 0.944588006 0.854649007 0.939157009 0.857658982 0.995781004 0.842894971 0.995779991 0.868296981 0.944588006 0.854649007 0.939155996 0.89854902 0.901189029 0.943817019 0.872189999 0.938178003 0.859080017 0.997255981 0.862007976 0.997201979 0.847819984 0.997259974 0.862007976 0.94382 0.872189999 0.938181996 0.859080017 0.997205973 0.847819984 0.898553014 0.901189029 0.888089001 0.891153991 0.868300974 0.944588006 0.854653001 0.939155996 0.857662976 0.995781004 0.842899024 0.995779991 0.868300974 0.944588006 0.854653001 0.939157009 0.898553014 0.901189029 0.888089001 0.891155005 0.94382 0.872189999 0.938181996 0.859080017 0.997259974 0.862007976 0.997205973 0.847820997 0.981613994 0.959594011 0.997276008 0.956607997 0.997276008 0.995839 0.967673004 0.927340984 0.997268021 0.921697974 0.955718994 0.899699986 0.997241974 0.891782999 0.800743997 0.917746007 0.784511983 0.995773017 0.797972023 0.995791018 0.813140988 0.922692001 0.750485003 0.844431996 0.776166022 0.849388003 0.776166022 0.869346976 0.742613018 0.862872005 0.728713989 0.738249004 0.750485003 0.724135995 0.750485003 0.759370029 0.776166022 0.719179988 0.801846981 0.724135995 0.776166022 0.749050021 0.968335986 0.968097985 0.942584991 0.943409979 0.920517027 0.922246993 0.846841991 0.851597011 0.856337011 0.860719979 0.728713989 0.830318987 0.714168012 0.844431996 0.750485003 0.809198022 0.823616982 0.738249004 0.838163972 0.759370029 0.801846027 0.759370029 0.959465027 0.98082602 0.925819993 0.967459977 0.896996021 0.95599103 0.915823996 0.807398021 0.920982003 0.81931299 0.714166999 0.809198022 0.695160985 0.816835999 0.843272984 0.784283996 0.838163972 0.809198022 0.812484026 0.784283996 0.823616982 0.830318987 0.801846981 0.844431996 0.801846027 0.809198022 0.956349015 0.995839 0.919933975 0.995827973 0.88873601 0.995793998 0.997228026 0.791876972 0.99723798 0.804733992 0.709059 0.784283996 0.688486993 0.784283996 0.739848018 0.784283996 0.776166022 0.81951803 0.959465027 0.98082602 0.925819993 0.967459977 0.896996021 0.95599103 0.915823996 0.807398021 0.99723798 0.804732978 0.920982003 0.819311976 0.714166999 0.759370029 0.695160985 0.751733005 0.968335986 0.968098998 0.942584991 0.943409979 0.920517027 0.922246993 0.846841991 0.851597011 0.856337011 0.860719025 0.714168012 0.724135995 0.776166022 0.784283996 0.981613994 0.959594011 0.967673004 0.927340984 0.955718994 0.899699986 0.800743997 0.917746007 0.813140988 0.922690988 0.742613018 0.705697 0.997276008 0.956607997 0.997268021 0.921697974 0.997241974 0.891782999 0.784511983 0.995773971 0.797972023 0.995790005 0.776166022 0.699222028 0.981613994 0.959594011 0.967673004 0.927340984 0.955718994 0.899699986 0.800740004 0.917746007 0.78450799 0.995773971 0.797968984 0.995790005 0.813138008 0.922690988 0.80971998 0.705697 0.968335986 0.968098998 0.942584991 0.943409979 0.920517027 0.922246993 0.846839011 0.851597011 0.856334984 0.860719025 0.838164985 0.724135995 0.959464014 0.98082602 0.925819993 0.967459977 0.896996021 0.95599103 0.915820003 0.807398021 0.920979023 0.819311976 0.857170999 0.751733005 0.956349015 0.995839 0.919933975 0.995827973 0.88873601 0.995793998 0.997223973 0.791876972 0.997235 0.804732978 0.863844991 0.784283996 0.959464014 0.98082602 0.925819993 0.967459977 0.896996021 0.95599103 0.915820003 0.807398021 0.997235 0.804733992 0.920979023 0.81931299 0.857170999 0.816835999 0.968335986 0.968097985 0.942584991 0.943409979 0.920517027 0.922246993 0.846839011 0.851597011 0.856334984 0.860719979 0.838164985 0.844431996 0.981613994 0.959594011 0.967673004 0.927340984 0.955718994 0.899699986 0.800740004 0.917746007 0.813138008 0.922692001 0.80971998 0.862872005 0.78450799 0.995773017 0.797968984 0.995791018 </float_array>
                    <technique_common>
                        <accessor count="199" offset="0" source="#spe03_kart_root.polymsh_detached2_1-tex0-array" stride="2">
                            <param name="S" type="float"/>
                            <param name="T" type="float"/>
                        </accessor>
                    </technique_common>
                </source>
                <source id="spe03_kart_root.polymsh_detached2_1-tex1" name="spe03_kart_root.polymsh_detached2_1-tex1">
                    <float_array id="spe03_kart_root.polymsh_detached2_1-tex1-array" count="398"> 0.854649007 0.939157009 0.842891991 0.995779991 0.821928024 0.99575299 0.835269988 0.931451023 0.888082027 0.891153991 0.873269022 0.876940012 0.938179016 0.859080017 0.930132985 0.840519011 0.997202992 0.847819984 0.997207999 0.827727973 0.938179016 0.859080017 0.997207999 0.827724993 0.930132985 0.840515018 0.888082027 0.891153991 0.873269022 0.876936972 0.854649007 0.939157009 0.835269988 0.931447983 0.842891991 0.995779991 0.821928024 0.99575001 0.854653001 0.939157009 0.842894971 0.995779991 0.835269988 0.931447983 0.888085008 0.891153991 0.873269022 0.876936972 0.938181996 0.859080017 0.930132985 0.840515018 0.997205973 0.847819984 0.997207999 0.827724993 0.938181996 0.859080017 0.997207999 0.827727973 0.930132985 0.840519011 0.888085008 0.891153991 0.873269022 0.876940012 0.854653001 0.939157009 0.835269988 0.931451023 0.842894971 0.995779991 0.997255981 0.862007976 0.943817019 0.872189999 0.938178003 0.859080017 0.997201979 0.847820997 0.89854902 0.901189029 0.888085008 0.891155005 0.868296981 0.944588006 0.854649007 0.939157009 0.857658982 0.995781004 0.842894971 0.995779991 0.868296981 0.944588006 0.854649007 0.939155996 0.89854902 0.901189029 0.943817019 0.872189999 0.938178003 0.859080017 0.997255981 0.862007976 0.997201979 0.847819984 0.997259974 0.862007976 0.94382 0.872189999 0.938181996 0.859080017 0.997205973 0.847819984 0.898553014 0.901189029 0.888089001 0.891153991 0.868300974 0.944588006 0.854653001 0.939155996 0.857662976 0.995781004 0.842899024 0.995779991 0.868300974 0.944588006 0.854653001 0.939157009 0.898553014 0.901189029 0.888089001 0.891155005 0.94382 0.872189999 0.938181996 0.859080017 0.997259974 0.862007976 0.997205973 0.847820997 0.981613994 0.959594011 0.997276008 0.956607997 0.997276008 0.995839 0.967673004 0.927340984 0.997268021 0.921697974 0.955718994 0.899699986 0.997241974 0.891782999 0.800743997 0.917746007 0.784511983 0.995773017 0.797972023 0.995791018 0.813140988 0.922692001 0.750485003 0.844431996 0.776166022 0.849388003 0.776166022 0.869346976 0.742613018 0.862872005 0.728713989 0.738249004 0.750485003 0.724135995 0.750485003 0.759370029 0.776166022 0.719179988 0.801846981 0.724135995 0.776166022 0.749050021 0.968335986 0.968097985 0.942584991 0.943409979 0.920517027 0.922246993 0.846841991 0.851597011 0.856337011 0.860719979 0.728713989 0.830318987 0.714168012 0.844431996 0.750485003 0.809198022 0.823616982 0.738249004 0.838163972 0.759370029 0.801846027 0.759370029 0.959465027 0.98082602 0.925819993 0.967459977 0.896996021 0.95599103 0.915823996 0.807398021 0.920982003 0.81931299 0.714166999 0.809198022 0.695160985 0.816835999 0.843272984 0.784283996 0.838163972 0.809198022 0.812484026 0.784283996 0.823616982 0.830318987 0.801846981 0.844431996 0.801846027 0.809198022 0.956349015 0.995839 0.919933975 0.995827973 0.88873601 0.995793998 0.997228026 0.791876972 0.99723798 0.804733992 0.709059 0.784283996 0.688486993 0.784283996 0.739848018 0.784283996 0.776166022 0.81951803 0.959465027 0.98082602 0.925819993 0.967459977 0.896996021 0.95599103 0.915823996 0.807398021 0.99723798 0.804732978 0.920982003 0.819311976 0.714166999 0.759370029 0.695160985 0.751733005 0.968335986 0.968098998 0.942584991 0.943409979 0.920517027 0.922246993 0.846841991 0.851597011 0.856337011 0.860719025 0.714168012 0.724135995 0.776166022 0.784283996 0.981613994 0.959594011 0.967673004 0.927340984 0.955718994 0.899699986 0.800743997 0.917746007 0.813140988 0.922690988 0.742613018 0.705697 0.997276008 0.956607997 0.997268021 0.921697974 0.997241974 0.891782999 0.784511983 0.995773971 0.797972023 0.995790005 0.776166022 0.699222028 0.981613994 0.959594011 0.967673004 0.927340984 0.955718994 0.899699986 0.800740004 0.917746007 0.78450799 0.995773971 0.797968984 0.995790005 0.813138008 0.922690988 0.80971998 0.705697 0.968335986 0.968098998 0.942584991 0.943409979 0.920517027 0.922246993 0.846839011 0.851597011 0.856334984 0.860719025 0.838164985 0.724135995 0.959464014 0.98082602 0.925819993 0.967459977 0.896996021 0.95599103 0.915820003 0.807398021 0.920979023 0.819311976 0.857170999 0.751733005 0.956349015 0.995839 0.919933975 0.995827973 0.88873601 0.995793998 0.997223973 0.791876972 0.997235 0.804732978 0.863844991 0.784283996 0.959464014 0.98082602 0.925819993 0.967459977 0.896996021 0.95599103 0.915820003 0.807398021 0.997235 0.804733992 0.920979023 0.81931299 0.857170999 0.816835999 0.968335986 0.968097985 0.942584991 0.943409979 0.920517027 0.922246993 0.846839011 0.851597011 0.856334984 0.860719979 0.838164985 0.844431996 0.981613994 0.959594011 0.967673004 0.927340984 0.955718994 0.899699986 0.800740004 0.917746007 0.813138008 0.922692001 0.80971998 0.862872005 0.78450799 0.995773017 0.797968984 0.995791018 </float_array>
                    <technique_common>
                        <accessor count="199" offset="0" source="#spe03_kart_root.polymsh_detached2_1-tex1-array" stride="2">
                            <param name="S" type="float"/>
                            <param name="T" type="float"/>
                        </accessor>
                    </technique_common>
                </source>
                <source id="spe03_kart_root.polymsh_detached2_1-tex2" name="spe03_kart_root.polymsh_detached2_1-tex2">
                    <float_array id="spe03_kart_root.polymsh_detached2_1-tex2-array" count="398"> 0.854649007 0.939157009 0.842891991 0.995779991 0.821928024 0.99575299 0.835269988 0.931451023 0.888082027 0.891153991 0.873269022 0.876940012 0.938179016 0.859080017 0.930132985 0.840519011 0.997202992 0.847819984 0.997207999 0.827727973 0.938179016 0.859080017 0.997207999 0.827724993 0.930132985 0.840515018 0.888082027 0.891153991 0.873269022 0.876936972 0.854649007 0.939157009 0.835269988 0.931447983 0.842891991 0.995779991 0.821928024 0.99575001 0.854653001 0.939157009 0.842894971 0.995779991 0.835269988 0.931447983 0.888085008 0.891153991 0.873269022 0.876936972 0.938181996 0.859080017 0.930132985 0.840515018 0.997205973 0.847819984 0.997207999 0.827724993 0.938181996 0.859080017 0.997207999 0.827727973 0.930132985 0.840519011 0.888085008 0.891153991 0.873269022 0.876940012 0.854653001 0.939157009 0.835269988 0.931451023 0.842894971 0.995779991 0.997255981 0.862007976 0.943817019 0.872189999 0.938178003 0.859080017 0.997201979 0.847820997 0.89854902 0.901189029 0.888085008 0.891155005 0.868296981 0.944588006 0.854649007 0.939157009 0.857658982 0.995781004 0.842894971 0.995779991 0.868296981 0.944588006 0.854649007 0.939155996 0.89854902 0.901189029 0.943817019 0.872189999 0.938178003 0.859080017 0.997255981 0.862007976 0.997201979 0.847819984 0.997259974 0.862007976 0.94382 0.872189999 0.938181996 0.859080017 0.997205973 0.847819984 0.898553014 0.901189029 0.888089001 0.891153991 0.868300974 0.944588006 0.854653001 0.939155996 0.857662976 0.995781004 0.842899024 0.995779991 0.868300974 0.944588006 0.854653001 0.939157009 0.898553014 0.901189029 0.888089001 0.891155005 0.94382 0.872189999 0.938181996 0.859080017 0.997259974 0.862007976 0.997205973 0.847820997 0.981613994 0.959594011 0.997276008 0.956607997 0.997276008 0.995839 0.967673004 0.927340984 0.997268021 0.921697974 0.955718994 0.899699986 0.997241974 0.891782999 0.800743997 0.917746007 0.784511983 0.995773017 0.797972023 0.995791018 0.813140988 0.922692001 0.750485003 0.844431996 0.776166022 0.849388003 0.776166022 0.869346976 0.742613018 0.862872005 0.728713989 0.738249004 0.750485003 0.724135995 0.750485003 0.759370029 0.776166022 0.719179988 0.801846981 0.724135995 0.776166022 0.749050021 0.968335986 0.968097985 0.942584991 0.943409979 0.920517027 0.922246993 0.846841991 0.851597011 0.856337011 0.860719979 0.728713989 0.830318987 0.714168012 0.844431996 0.750485003 0.809198022 0.823616982 0.738249004 0.838163972 0.759370029 0.801846027 0.759370029 0.959465027 0.98082602 0.925819993 0.967459977 0.896996021 0.95599103 0.915823996 0.807398021 0.920982003 0.81931299 0.714166999 0.809198022 0.695160985 0.816835999 0.843272984 0.784283996 0.838163972 0.809198022 0.812484026 0.784283996 0.823616982 0.830318987 0.801846981 0.844431996 0.801846027 0.809198022 0.956349015 0.995839 0.919933975 0.995827973 0.88873601 0.995793998 0.997228026 0.791876972 0.99723798 0.804733992 0.709059 0.784283996 0.688486993 0.784283996 0.739848018 0.784283996 0.776166022 0.81951803 0.959465027 0.98082602 0.925819993 0.967459977 0.896996021 0.95599103 0.915823996 0.807398021 0.99723798 0.804732978 0.920982003 0.819311976 0.714166999 0.759370029 0.695160985 0.751733005 0.968335986 0.968098998 0.942584991 0.943409979 0.920517027 0.922246993 0.846841991 0.851597011 0.856337011 0.860719025 0.714168012 0.724135995 0.776166022 0.784283996 0.981613994 0.959594011 0.967673004 0.927340984 0.955718994 0.899699986 0.800743997 0.917746007 0.813140988 0.922690988 0.742613018 0.705697 0.997276008 0.956607997 0.997268021 0.921697974 0.997241974 0.891782999 0.784511983 0.995773971 0.797972023 0.995790005 0.776166022 0.699222028 0.981613994 0.959594011 0.967673004 0.927340984 0.955718994 0.899699986 0.800740004 0.917746007 0.78450799 0.995773971 0.797968984 0.995790005 0.813138008 0.922690988 0.80971998 0.705697 0.968335986 0.968098998 0.942584991 0.943409979 0.920517027 0.922246993 0.846839011 0.851597011 0.856334984 0.860719025 0.838164985 0.724135995 0.959464014 0.98082602 0.925819993 0.967459977 0.896996021 0.95599103 0.915820003 0.807398021 0.920979023 0.819311976 0.857170999 0.751733005 0.956349015 0.995839 0.919933975 0.995827973 0.88873601 0.995793998 0.997223973 0.791876972 0.997235 0.804732978 0.863844991 0.784283996 0.959464014 0.98082602 0.925819993 0.967459977 0.896996021 0.95599103 0.915820003 0.807398021 0.997235 0.804733992 0.920979023 0.81931299 0.857170999 0.816835999 0.968335986 0.968097985 0.942584991 0.943409979 0.920517027 0.922246993 0.846839011 0.851597011 0.856334984 0.860719979 0.838164985 0.844431996 0.981613994 0.959594011 0.967673004 0.927340984 0.955718994 0.899699986 0.800740004 0.917746007 0.813138008 0.922692001 0.80971998 0.862872005 0.78450799 0.995773017 0.797968984 0.995791018 </float_array>
                    <technique_common>
                        <accessor count="199" offset="0" source="#spe03_kart_root.polymsh_detached2_1-tex2-array" stride="2">
                            <param name="S" type="float"/>
                            <param name="T" type="float"/>
                        </accessor>
                    </technique_common>
                </source>
                <source id="spe03_kart_root.polymsh_detached2_1-color0" name="spe03_kart_root.polymsh_detached2_1-color0">
                    <float_array id="spe03_kart_root.polymsh_detached2_1-color0-array" count="597"> 1 1 1 1 1 1 1 1 1 1 1 1 1 1 1 1 1 1 1 1 1 1 1 1 1 1 1 1 1 1 1 1 1 1 1 1 1 1 1 1 1 1 1 1 1 1 1 1 1 1 1 1 1 1 1 1 1 1 1 1 1 1 1 1 1 1 1 1 1 1 1 1 1 1 1 1 1 1 1 1 1 1 1 1 1 1 1 1 1 1 1 1 1 1 1 1 1 1 1 1 1 1 1 1 1 1 1 1 1 1 1 1 1 1 1 1 1 1 1 1 1 1 1 1 1 1 1 1 1 1 1 1 1 1 1 1 1 1 1 1 1 1 1 1 1 1 1 1 1 1 1 1 1 1 1 1 1 1 1 1 1 1 1 1 1 1 1 1 1 1 1 1 1 1 1 1 1 1 1 1 1 1 1 1 1 1 1 1 1 1 1 1 1 1 1 1 1 1 1 1 1 1 1 1 1 1 1 1 1 1 1 1 1 1 1 1 1 1 1 1 1 1 1 1 1 1 1 1 1 1 1 1 1 1 1 1 1 1 1 1 1 1 1 1 1 1 1 1 1 1 1 1 1 1 1 1 1 1 1 1 1 1 1 1 1 1 1 1 1 1 1 1 1 1 1 1 1 1 1 1 1 1 1 1 1 1 1 1 1 1 1 1 1 1 1 1 1 1 1 1 1 1 1 1 1 1 1 1 1 1 1 1 1 1 1 1 1 1 1 1 1 1 1 1 1 1 1 1 1 1 1 1 1 1 1 1 1 1 1 1 1 1 1 1 1 1 1 1 1 1 1 1 1 1 1 1 1 1 1 1 1 1 1 1 1 1 1 1 1 1 1 1 1 1 1 1 1 1 1 1 1 1 1 1 1 1 1 1 1 1 1 1 1 1 1 1 1 1 1 1 1 1 1 1 1 1 1 1 1 1 1 1 1 1 1 1 1 1 1 1 1 1 1 1 1 1 1 1 1 1 1 1 1 1 1 1 1 1 1 1 1 1 1 1 1 1 1 1 1 1 1 1 1 1 1 1 1 1 1 1 1 1 1 1 1 1 1 1 1 1 1 1 1 1 1 1 1 1 1 1 1 1 1 1 1 1 1 1 1 1 1 1 1 1 1 1 1 1 1 1 1 1 1 1 1 1 1 1 1 1 1 1 1 1 1 1 1 1 1 1 1 1 1 1 1 1 1 1 1 1 1 1 1 1 1 1 1 1 1 1 1 1 1 1 1 1 1 1 1 1 1 1 1 1 1 1 1 1 1 1 1 1 1 1 1 1 1 1 1 1 1 1 1 1 1 1 1 1 1 1 1 1 1 1 1 1 1 1 1 1 1 1 1 1 1 1 1 </float_array>
                    <technique_common>
                        <accessor count="199" offset="0" source="#spe03_kart_root.polymsh_detached2_1-color0-array" stride="3">
                            <param name="R" type="float"/>
                            <param name="G" type="float"/>
                            <param name="B" type="float"/>
                        </accessor>
                    </technique_common>
                </source>
                <vertices id="spe03_kart_root.polymsh_detached2_1-vertices">
                    <input semantic="POSITION" source="#spe03_kart_root.polymsh_detached2_1-positions"/>
                </vertices>
                <triangles count="304" material="defaultMaterial">
                    <input offset="0" semantic="VERTEX" source="#spe03_kart_root.polymsh_detached2_1-vertices"/>
                    <input offset="0" semantic="NORMAL" source="#spe03_kart_root.polymsh_detached2_1-normals"/>
                    <input offset="1" semantic="TEXCOORD" source="#spe03_kart_root.polymsh_detached2_1-tex0" set="0"/>
                    <input offset="1" semantic="TEXCOORD" source="#spe03_kart_root.polymsh_detached2_1-tex1" set="1"/>
                    <input offset="1" semantic="TEXCOORD" source="#spe03_kart_root.polymsh_detached2_1-tex2" set="2"/>
                    <input offset="0" semantic="COLOR" source="#spe03_kart_root.polymsh_detached2_1-color0" set="0"/>
                    <p>0 0 1 1 2 2 0 0 2 2 3 3 4 4 0 0 3 3 4 4 3 3 5 5 6 6 4 4 5 5 6 6 5 5 7 7 8 8 6 6 7 7 8 8 7 7 9 9 10 10 8 8 9 11 10 10 9 11 12 12 13 13 10 10 12 12 13 13 12 12 14 14 15 15 13 13 14 14 15 15 14 14 16 16 17 17 15 15 16 16 17 17 16 16 18 18 19 19 17 20 18 18 19 19 18 18 21 21 22 22 19 19 21 21 22 22 21 21 23 23 24 24 22 22 23 23 24 24 23 23 25 25 26 26 24 24 25 25 26 26 25 25 27 27 28 28 26 26 27 29 28 28 27 29 30 30 31 31 28 28 30 30 31 31 30 30 32 32 33 33 31 31 32 32 33 33 32 32 34 34 1 35 33 33 34 34 1 35 34 34 2 2 36 36 37 37 33 38 36 36 33 38 1 39 37 37 40 40 31 41 37 37 31 41 33 38 40 40 42 42 28 43 40 40 28 43 31 41 42 42 44 44 26 45 42 42 26 45 28 43 44 44 46 46 24 47 44 44 24 47 26 45 46 46 48 48 22 22 46 46 22 22 24 47 48 48 49 49 19 50 48 48 19 50 22 22 49 49 51 51 17 52 49 49 17 52 19 50 51 53 54 54 15 55 51 53 15 55 17 56 54 54 57 57 13 58 54 54 13 58 15 55 57 57 59 59 10 60 57 57 10 60 13 58 59 59 61 61 8 62 59 59 8 62 10 60 61 61 63 63 6 64 61 61 6 64 8 62 63 63 65 65 4 66 63 63 4 66 6 64 65 65 67 67 68 68 65 65 68 68 4 66 67 67 36 69 1 70 67 67 1 70 68 68 71 71 72 72 73 73 74 74 75 75 72 72 74 74 72 72 71 71 76 76 77 77 75 75 76 76 75 75 74 74 37 37 36 36 77 77 37 37 77 77 76 76 78 78 79 79 80 80 78 78 80 80 81 81 82 82 83 83 84 84 82 82 84 84 85 85 86 86 87 87 88 88 89 89 90 90 91 91 92 92 71 71 73 73 93 93 74 74 71 71 93 93 71 71 92 92 94 94 76 76 74 74 94 94 74 74 93 93 40 40 37 37 76 76 40 40 76 76 94 94 95 95 78 78 81 81 95 95 81 81 96 96 97 97 82 82 85 85 97 97 85 85 98 98 99 99 82 82 97 97 100 100 101 101 102 102 103 103 92 92 73 73 104 104 93 93 92 92 104 104 92 92 103 103 105 105 94 94 93 93 105 105 93 93 104 104 42 42 40 40 94 94 42 42 94 94 105 105 106 106 95 95 96 96 106 106 96 96 107 107 108 108 97 97 98 98 108 108 98 98 109 109 110 110 111 111 112 112 113 113 114 114 115 115 116 116 103 103 73 73 117 117 104 104 103 103 117 117 103 103 116 116 118 118 105 105 104 104 118 118 104 104 117 117 44 44 42 42 105 105 44 44 105 105 118 118 119 119 106 106 107 107 119 119 107 107 120 120 121 121 108 108 109 109 121 121 109 109 122 122 123 123 108 108 121 121 83 83 82 82 124 124 125 125 116 116 73 73 126 126 117 117 116 116 126 126 116 116 125 125 127 127 118 118 117 117 127 127 117 117 126 126 46 46 44 44 118 118 46 46 118 118 127 127 128 128 119 119 120 129 128 128 120 129 130 130 131 131 121 121 122 122 131 131 122 122 132 132 97 97 108 108 99 99 121 121 131 131 123 123 133 133 125 125 73 73 134 134 126 126 125 125 134 134 125 125 133 133 135 135 127 127 126 126 135 135 126 126 134 134 48 48 46 46 127 127 48 48 127 127 135 135 136 136 128 128 130 130 136 136 130 130 137 137 86 86 131 131 132 132 86 86 132 132 138 138 88 88 131 131 86 86 124 124 139 139 115 115 140 140 133 133 73 73 141 141 134 134 133 133 141 141 133 133 140 140 142 142 135 135 134 134 142 142 134 134 141 141 49 49 48 48 135 135 49 49 135 135 142 142 143 143 136 136 137 137 143 143 137 137 144 144 87 87 86 86 138 138 87 87 138 138 145 145 115 115 114 114 124 124 139 139 112 112 115 115 146 146 140 140 73 73 147 147 141 141 140 140 147 147 140 140 146 146 148 148 142 142 141 141 148 148 141 141 147 147 51 51 49 49 142 142 51 51 142 142 148 148 149 149 143 143 144 144 149 149 144 144 150 150 89 89 87 87 145 145 89 89 145 145 151 151 91 91 87 87 89 89 112 112 111 111 115 115 152 152 146 146 73 73 153 153 147 147 146 146 153 153 146 146 152 152 154 154 148 148 147 147 154 154 147 147 153 153 54 54 51 53 148 148 54 54 148 148 154 154 155 155 149 156 150 157 155 155 150 157 158 158 90 90 89 89 151 151 90 90 151 151 159 159 139 139 102 102 112 112 102 102 101 101 112 112 160 160 152 152 73 73 161 161 153 153 152 152 161 161 152 152 160 160 162 162 154 154 153 153 162 162 153 153 161 161 57 57 54 54 154 154 57 57 154 154 162 162 163 163 155 155 158 158 163 163 158 158 164 164 100 100 90 90 159 159 100 100 159 159 165 165 102 102 90 90 100 100 139 139 91 91 102 102 166 166 160 160 73 73 167 167 161 161 160 160 167 167 160 160 166 166 168 168 162 162 161 161 168 168 161 161 167 167 59 59 57 57 162 162 59 59 162 162 168 168 169 169 163 163 164 164 169 169 164 164 170 170 101 101 100 100 165 165 101 101 165 165 171 171 91 91 90 90 102 102 139 139 88 88 91 91 172 172 166 166 73 73 173 173 167 167 166 166 173 173 166 166 172 172 174 174 168 168 167 167 174 174 167 167 173 173 61 61 59 59 168 168 61 61 168 168 174 174 175 175 169 169 170 170 175 175 170 170 176 176 110 110 101 101 171 171 110 110 171 171 177 177 112 112 101 101 110 110 88 88 87 87 91 91 178 178 172 172 73 73 179 179 173 173 172 172 179 179 172 172 178 178 180 180 174 174 173 173 180 180 173 173 179 179 63 63 61 61 174 174 63 63 174 174 180 180 181 181 175 175 176 182 181 181 176 182 183 183 111 111 110 110 177 177 111 111 177 177 184 184 139 139 123 123 88 88 123 123 131 131 88 88 185 185 178 178 73 73 186 186 179 179 178 178 186 186 178 178 185 185 187 187 180 180 179 179 187 187 179 179 186 186 65 65 63 63 180 180 65 65 180 180 187 187 188 188 181 181 183 183 188 188 183 183 189 189 113 113 111 111 184 184 113 113 184 184 190 190 115 115 111 111 113 113 139 139 99 99 123 123 191 191 185 185 73 73 192 192 186 186 185 185 192 192 185 185 191 191 193 193 187 187 186 186 193 193 186 186 192 192 67 67 65 65 187 187 67 67 187 187 193 193 194 194 188 188 189 189 194 194 189 189 195 195 114 114 113 113 190 190 114 114 190 190 196 196 99 99 108 108 123 123 124 124 99 99 139 139 72 72 191 191 73 73 75 75 192 192 191 191 75 75 191 191 72 72 77 77 193 193 192 192 77 77 192 192 75 75 36 69 67 67 193 193 36 69 193 193 77 77 79 197 194 194 195 195 79 197 195 195 80 198 83 83 114 114 196 196 83 83 196 196 84 84 124 124 114 114 83 83 124 124 82 82 99 99 2 2 34 34 81 81 2 2 81 81 80 80 34 34 32 32 96 96 34 34 96 96 81 81 32 32 30 30 107 107 32 32 107 107 96 96 30 30 27 29 120 120 30 30 120 120 107 107 27 27 25 25 130 130 27 27 130 130 120 129 25 25 23 23 137 137 25 25 137 137 130 130 23 23 21 21 144 144 23 23 144 144 137 137 21 21 18 18 150 150 21 21 150 150 144 144 18 18 16 16 158 158 18 18 158 158 150 157 16 16 14 14 164 164 16 16 164 164 158 158 14 14 12 12 170 170 14 14 170 170 164 164 12 12 9 11 176 176 12 12 176 176 170 170 9 9 7 7 183 183 9 9 183 183 176 182 7 7 5 5 189 189 7 7 189 189 183 183 5 5 3 3 195 195 5 5 195 195 189 189 3 3 2 2 80 198 3 3 80 198 195 195</p>
                </triangles>
            </mesh>
        </geometry>
        <geometry id="spe03_kart_root.polymsh_detached24_1" name="spe03_kart_root.polymsh_detached24">
            <mesh>
                <source id="spe03_kart_root.polymsh_detached24_1-positions" name="spe03_kart_root.polymsh_detached24_1-positions">
                    <float_array id="spe03_kart_root.polymsh_detached24_1-positions-array" count="597"> 0.744485974 1.97893596 1.13462698 0.801957011 1.50769496 0.930989027 0.801957011 1.63030398 0.287950009 0.744485974 2.14037204 0.28796199 0.744485974 1.51920795 1.85239398 0.801957011 1.15853202 1.47613204 0.744485974 0.831175029 2.33199096 0.801957011 0.635972977 1.84038401 0.744485974 0.0195850004 2.50040293 0.801957011 0.0195739996 1.968292 0.744485974 -0.792005002 2.33199096 0.801957011 -0.596826017 1.84038401 0.801957011 0.0195739996 1.968292 0.744485974 0.0195850004 2.50040293 0.744485974 -1.48003697 1.85239398 0.801957011 -1.119385 1.47613204 0.744485974 -1.93976605 1.13462698 0.801957011 -1.46854699 0.930989027 0.744485974 -2.10120106 0.28796199 0.801957011 -1.59115696 0.287950009 0.744485974 -1.93976605 -0.558701992 0.801957011 -1.46854699 -0.355089009 0.801957011 -1.59115696 0.287950009 0.744485974 -1.48003697 -1.27646995 0.801957011 -1.119385 -0.900231004 0.744485974 -0.792005002 -1.75606704 0.801957011 -0.596826017 -1.26448298 0.744485974 0.0195850004 -1.92447901 0.801957011 0.0195739996 -1.39239204 0.744485974 0.831175029 -1.75606704 0.801957011 0.635972977 -1.26448298 0.801957011 0.0195739996 -1.39239204 0.744485974 0.0195850004 -1.92447901 0.744485974 1.51920795 -1.27646995 0.801957011 1.15853202 -0.900231004 0.744485974 1.97893596 -0.558701992 0.801957011 1.50769496 -0.355089009 0.801957011 1.63030398 0.287950009 1.40859699 0.428429008 -0.138595 1.11103404 1.006652 -0.138595 1.40859699 0.597787023 0.287939996 1.11103404 1.08798099 0.287939996 1.11103404 1.006652 0.714475989 0.665700018 1.41551697 0.287939996 0.665700018 1.30925703 0.845236003 0.665700018 1.41551697 0.287939996 0.665700018 1.30925703 0.845236003 0.355596989 2.46352005 0.287939996 -0.355596989 2.27748489 0.287939996 -0.355596989 2.10561109 1.18935204 0.355596989 2.27748489 1.26362097 -0.958518028 1.747702 0.287939996 -0.958518028 1.61615503 0.977850974 -1.361377 0.954824984 0.287939996 -1.361377 0.883633018 0.661316991 -1.50284195 0.0195640009 0.287939996 1.51308703 0.0195640009 0.287939996 1.40859699 0.0195640009 -0.315272003 1.11103404 0.428429008 -0.741807997 0.665700018 1.006652 1.31768799 1.11103404 0.775048018 1.07607496 0.665700018 1.006652 1.31768799 -0.355596989 1.61615503 1.95353198 0.355596989 1.747702 2.09076405 -0.958518028 1.24154198 1.562729 -1.361377 0.680894017 0.977850974 1.11103404 0.428429008 1.31768799 1.40859699 0.428429008 0.714475989 0.665700018 0.553771973 1.63337004 0.665700018 0.553771973 1.63337004 -0.355596989 0.883633018 2.46414089 0.355596989 0.954824984 2.64344311 -0.958518028 0.680894017 1.95353198 -1.361377 0.377472997 1.18935204 1.40859699 -0.389301986 -0.138595 1.11103404 -0.389301986 -0.741807997 0.665700018 0.0195640009 1.744223 1.11103404 0.0195640009 1.40253103 0.665700018 0.0195640009 1.744223 -0.355596989 0.0195640009 2.64344311 0.355596989 0.0195640009 2.83751798 -0.958518028 0.0195640009 2.09076405 -1.361377 0.0195640009 1.26362097 1.40859699 -0.558659017 0.287939996 1.11103404 -0.967525005 -0.138595 1.11103404 -0.389301986 1.31768799 1.40859699 0.0195640009 0.891152024 0.665700018 -0.51464498 1.63337004 0.665700018 -0.51464498 1.63337004 -0.355596989 -0.844505012 2.46414089 0.355596989 -0.915697992 2.64344311 -0.958518028 -0.641766012 1.95353198 -1.361377 -0.338344991 1.18935204 1.40859699 -0.389301986 0.714475989 1.11103404 -0.967525005 0.714475989 0.665700018 -0.967525005 1.31768799 1.11103404 -0.735921025 1.07607496 0.665700018 -0.967525005 1.31768799 -0.355596989 -1.57702804 1.95353198 0.355596989 -1.70857501 2.09076405 -0.958518028 -1.20241499 1.562729 -1.361377 -0.641766012 0.977850974 0.665700018 -1.27012897 0.845236003 0.665700018 -1.27012897 0.845236003 -0.355596989 -2.06648397 1.18935204 0.355596989 -2.23835802 1.26362097 -0.958518028 -1.57702804 0.977850974 -1.361377 -0.844505012 0.661316991 0.665700018 -1.37638998 0.287939996 1.11103404 -1.04885304 0.287939996 0.665700018 -1.37638998 0.287939996 -0.355596989 -2.23835802 0.287939996 0.355596989 -2.42439294 0.287939996 -0.958518028 -1.70857501 0.287939996 -1.361377 -0.915697992 0.287939996 0.665700018 -1.27012897 -0.269354999 0.665700018 -1.37638998 0.287939996 0.665700018 -1.27012897 -0.269354999 0.355596989 -2.42439294 0.287939996 -0.355596989 -2.06648397 -0.613471985 0.355596989 -2.23835802 -0.687740982 -0.958518028 -1.57702804 -0.401971012 -1.361377 -0.844505012 -0.0854369998 0.665700018 -0.967525005 -0.741807997 1.11103404 -0.735921025 -0.500195026 0.665700018 -0.967525005 -0.741807997 -0.355596989 -1.57702804 -1.37765205 0.355596989 -1.70857501 -1.514884 -0.958518028 -1.20241499 -0.98684901 -1.361377 -0.641766012 -0.401971012 0.665700018 -0.51464498 -1.05748999 0.665700018 -0.51464498 -1.05748999 -0.355596989 -0.844505012 -1.88826096 0.355596989 -0.915697992 -2.06756306 -0.958518028 -0.641766012 -1.37765205 -1.361377 -0.338344991 -0.613471985 1.11103404 0.0195640009 -0.826650977 1.11103404 0.775048018 -0.500195026 0.665700018 0.0195640009 -1.16834295 0.665700018 0.0195640009 -1.16834295 -0.355596989 0.0195640009 -2.06756306 0.355596989 0.0195640009 -2.26163697 -0.958518028 0.0195640009 -1.514884 -1.361377 0.0195640009 -0.687740982 0.665700018 0.553771973 -1.05748999 0.665700018 0.553771973 -1.05748999 -0.355596989 0.883633018 -1.88826096 0.355596989 0.954824984 -2.06756306 -0.958518028 0.680894017 -1.37765205 -1.361377 0.377472997 -0.613471985 0.665700018 1.006652 -0.741807997 0.665700018 1.006652 -0.741807997 -0.355596989 1.61615503 -1.37765205 0.355596989 1.747702 -1.514884 -0.958518028 1.24154198 -0.98684901 -1.361377 0.680894017 -0.401971012 0.665700018 1.30925703 -0.269354999 0.665700018 1.30925703 -0.269354999 -0.355596989 2.10561109 -0.613471985 0.355596989 2.27748489 -0.687740982 -0.958518028 1.61615503 -0.401971012 -1.361377 0.883633018 -0.0854369998 0.665700018 1.41551697 0.287939996 0.355596989 2.46352005 0.287939996 0.637443006 2.13604093 1.20250106 0.637443006 2.31042194 0.287939996 0.637443006 1.63944495 1.97782803 0.637443006 0.896237016 2.49588609 0.637443006 0.0195640009 2.67780304 0.637443006 -0.857110023 2.49588609 0.637443006 -1.60031796 1.97782803 0.637443006 -2.0969131 1.20250106 0.637443006 -2.27129507 0.287939996 0.637443006 -2.0969131 -0.626621008 0.637443006 -2.27129507 0.287939996 0.637443006 -1.60031796 -1.40194798 0.637443006 -0.857110023 -1.92000496 0.637443006 0.0195640009 -2.10192299 0.637443006 0.896237016 -1.92000496 0.637443006 1.63944495 -1.40194798 0.637443006 2.13604093 -0.626621008 0.637443006 2.31042194 0.287939996 0.637443006 2.31042194 0.287939996 0.637443006 2.13604093 -0.626621008 0.637443006 1.63944495 -1.40194798 0.637443006 0.896237016 -1.92000496 0.637443006 0.0195640009 -2.10192299 0.637443006 -0.857110023 -1.92000496 0.637443006 -2.0969131 -0.626621008 0.637443006 -2.27129507 0.287939996 0.637443006 -2.27129507 0.287939996 0.637443006 -2.0969131 1.20250106 0.637443006 -1.60031796 1.97782803 0.637443006 -0.857110023 2.49588609 0.637443006 0.0195640009 2.67780304 0.637443006 0.896237016 2.49588609 0.637443006 1.63944495 1.97782803 0.637443006 2.13604093 1.20250106 0.637443006 2.31042194 0.287939996 </float_array>
                    <technique_common>
                        <accessor count="199" offset="0" source="#spe03_kart_root.polymsh_detached24_1-positions-array" stride="3">
                            <param name="X" type="float"/>
                            <param name="Y" type="float"/>
                            <param name="Z" type="float"/>
                        </accessor>
                    </technique_common>
                </source>
                <source id="spe03_kart_root.polymsh_detached24_1-normals" name="spe03_kart_root.polymsh_detached24_1-normals">
                    <float_array id="spe03_kart_root.polymsh_detached24_1-normals-array" count="597"> 0.944486976 0.305328995 0.121324003 0.974871993 -0.207010999 -0.0822890028 0.974641025 -0.223774001 0 0.943934023 0.330134004 9.99999997e-07 0.945833981 0.234281003 0.224746004 0.975431979 -0.158947006 -0.152539 0.94719398 0.127113 0.294389993 0.975998998 -0.0862990022 -0.199946001 0.947763026 9.99999997e-07 0.318973988 0.976235986 0 -0.216711998 0.947201014 -0.127103999 0.294373006 0.975997984 0.0863019973 -0.199952006 0.976235986 0 -0.216711998 0.947763026 9.99999997e-07 0.318973988 0.945846021 -0.234254003 0.224721998 0.975428998 0.158957005 -0.152547002 0.944503009 -0.305285007 0.121307001 0.974868 0.207026005 -0.0822950006 0.943952024 -0.330083013 9.99999997e-07 0.974636972 0.223791003 0 0.944509983 -0.305267006 -0.121298999 0.974866986 0.207031995 0.0822980031 0.974636972 0.223791003 0 0.945858002 -0.234229997 -0.224696994 0.975426018 0.158965006 0.152556002 0.947215974 -0.127085999 -0.294330001 0.975993991 0.0863080025 0.199965999 0.947780013 9.99999997e-07 -0.318924993 0.976231992 0 0.216729 0.947210014 0.127095997 -0.294346988 0.975995004 -0.0863049999 0.199959993 0.976231992 0 0.216729 0.947780013 9.99999997e-07 -0.318924993 0.945846021 0.234255999 -0.224721 0.975428998 -0.158956006 0.152547002 0.944492996 0.305312008 -0.121315002 0.974870026 -0.207017004 0.082291998 0.974641025 -0.223774001 0 0.92386502 0.276075989 -0.265056998 0.770969987 0.591812015 -0.235294998 0.921131015 0.389252007 0 0.738173008 0.674611986 0 0.770969987 0.591812015 0.235294998 0.592490971 0.80557698 0 0.594797015 0.746927977 0.297179013 0.844417989 -0.53568399 9.99999997e-07 0.845866978 -0.495683998 -0.196992993 0.121151999 0.992633998 0 -0.469886988 0.882727027 0 -0.471870989 0.819166005 0.326043993 0.121693 0.922170997 0.367139012 -0.790377021 0.612621009 0 -0.79203099 0.567287028 0.225549996 -0.952381015 0.304910988 0 -0.952883005 0.281910002 0.111991003 -1 0 0 1 0 0 0.926624 0 -0.375990003 0.77956003 0.248153001 -0.575070977 0.600463986 0.576692998 0.553956985 0.744611979 0.48149699 0.462292999 0.849385977 -0.380831987 -0.365391999 -0.476763994 0.633817017 0.609073997 0.123028003 0.715470016 0.687726021 -0.796070993 0.436609 0.419099003 -0.954099 0.216150999 0.207303002 0.77956003 0.248153001 0.575070977 0.92386502 0.276075989 0.265056998 0.606280029 0.314884007 0.730255008 0.85294199 -0.206899002 -0.479252994 -0.481806993 0.346841991 0.804711998 0.124407999 0.392645001 0.911237001 -0.800176978 0.237625003 0.550683022 -0.955321014 0.117191002 0.271342993 0.92386502 -0.276075989 -0.265056998 0.77956003 -0.248153001 -0.575070977 0.608734012 0 0.793374002 0.751227021 0 0.660044014 0.854424 9.99999997e-07 -0.519577026 -0.483942002 0 0.875100017 0.124992996 0 0.992157996 -0.801896989 0 0.597461998 -0.955829978 0 0.293918997 0.921131015 -0.389252007 0 0.770969987 -0.591812015 -0.235294998 0.77956003 -0.248153001 0.575070977 0.926624 0 0.375990003 0.606280029 -0.314884007 0.730255008 0.85293299 0.206906006 -0.479265004 -0.481806993 -0.346841991 0.804711998 0.124407999 -0.392645001 0.911237001 -0.800176978 -0.237625003 0.550683022 -0.955321014 -0.117191002 0.271342993 0.92386502 -0.276075989 0.265056998 0.770969987 -0.591812015 0.235294998 0.600463986 -0.576692998 0.553956985 0.744611979 -0.48149699 0.462292999 0.849370003 0.380849987 -0.365408003 -0.476763994 -0.633817017 0.609073997 0.123028003 -0.715470016 0.687726021 -0.796070993 -0.436609 0.419099003 -0.954099 -0.216150999 0.207303002 0.594797015 -0.746927977 0.297179013 0.845847011 0.495714009 -0.197004005 -0.471870989 -0.819166005 0.326043993 0.121693 -0.922170997 0.367139012 -0.79203099 -0.567287028 0.225549996 -0.952883005 -0.281910002 0.111991003 0.592490971 -0.80557698 0 0.738173008 -0.674611986 0 0.844395995 0.535719991 9.99999997e-07 -0.469886988 -0.882727027 0 0.121151999 -0.992633998 0 -0.790377021 -0.612621009 0 -0.952381015 -0.304910988 0 0.594797015 -0.746927977 -0.297179013 0.844395995 0.535719991 9.99999997e-07 0.84583801 0.495725989 0.197009996 0.121151999 -0.992633998 0 -0.471870989 -0.819166005 -0.326043993 0.121693 -0.922170997 -0.367139012 -0.79203099 -0.567287028 -0.225549996 -0.952883005 -0.281910002 -0.111991003 0.600463986 -0.576692998 -0.553956985 0.744611979 -0.48149699 -0.462292999 0.849354982 0.380867004 0.365426004 -0.476763994 -0.633817017 -0.609073997 0.123028003 -0.715470016 -0.687726021 -0.796070993 -0.436609 -0.419099003 -0.954099 -0.216150999 -0.207303002 0.606280029 -0.314884007 -0.730255008 0.852913976 0.206918001 0.479294002 -0.481806993 -0.346841991 -0.804711998 0.124407999 -0.392645001 -0.911237001 -0.800176978 -0.237625003 -0.550683022 -0.955321014 -0.117191002 -0.271342993 0.751227021 0 -0.660044014 0.744611979 0.48149699 -0.462292999 0.608734012 0 -0.793374002 0.854403019 9.99999997e-07 0.519611001 -0.483942002 0 -0.875100017 0.124992996 0 -0.992157996 -0.801896989 0 -0.597461998 -0.955829978 0 -0.293918997 0.606280029 0.314884007 -0.730255008 0.852922022 -0.206910998 0.479281992 -0.481806993 0.346841991 -0.804711998 0.124407999 0.392645001 -0.911237001 -0.800176978 0.237625003 -0.550683022 -0.955321014 0.117191002 -0.271342993 0.600463986 0.576692998 -0.553956985 0.849371016 -0.380849004 0.365408987 -0.476763994 0.633817017 -0.609073997 0.123028003 0.715470016 -0.687726021 -0.796070993 0.436609 -0.419099003 -0.954099 0.216150999 -0.207303002 0.594797015 0.746927977 -0.297179013 0.845858991 -0.495696008 0.196998999 -0.471870989 0.819166005 -0.326043993 0.121693 0.922170997 -0.367139012 -0.79203099 0.567287028 -0.225549996 -0.952883005 0.281910002 -0.111991003 0.844417989 -0.53568399 9.99999997e-07 0.121151999 0.992633998 0 0.686788976 0.675382972 0.268660992 0.684876025 0.728658974 9.99999997e-07 0.691492021 0.521018028 0.500379026 0.696304977 0.284242004 0.659063995 0.698336005 9.99999997e-07 0.715770006 0.696321011 -0.284235001 0.659051001 0.691520989 -0.520996988 0.500361025 0.686827004 -0.675348997 0.268647999 0.684917986 -0.728619993 9.99999997e-07 0.686842978 -0.675336003 -0.268640995 0.684917986 -0.728619993 9.99999997e-07 0.691550016 -0.520977974 -0.500340998 0.696358025 -0.284220994 -0.65901798 0.698376 9.99999997e-07 -0.715731025 0.696341991 0.28422901 -0.659030974 0.691519976 0.520999014 -0.500358999 0.686803997 0.675369978 -0.268653989 0.684876025 0.728658974 9.99999997e-07 0.684876025 0.728658974 9.99999997e-07 0.686803997 0.675369978 -0.268653989 0.691519976 0.520999014 -0.500358999 0.696341991 0.28422901 -0.659030974 0.698376 9.99999997e-07 -0.715731025 0.696358025 -0.284220994 -0.65901798 0.686842978 -0.675336003 -0.268640995 0.684917986 -0.728619993 9.99999997e-07 0.684917986 -0.728619993 9.99999997e-07 0.686827004 -0.675348997 0.268647999 0.691520989 -0.520996988 0.500361025 0.696321011 -0.284235001 0.659051001 0.698336005 9.99999997e-07 0.715770006 0.696304977 0.284242004 0.659063995 0.691492021 0.521018028 0.500379026 0.686788976 0.675382972 0.268660992 0.684876025 0.728658974 9.99999997e-07 </float_array>
                    <technique_common>
                        <accessor count="199" offset="0" source="#spe03_kart_root.polymsh_detached24_1-normals-array" stride="3">
                            <param name="X" type="float"/>
                            <param name="Y" type="float"/>
                            <param name="Z" type="float"/>
                        </accessor>
                    </technique_common>
                </source>
                <source id="spe03_kart_root.polymsh_detached24_1-tex0" name="spe03_kart_root.polymsh_detached24_1-tex0">
                    <float_array id="spe03_kart_root.polymsh_detached24_1-tex0-array" count="398"> 0.835269988 0.931451023 0.813138008 0.922692001 0.797968984 0.995791018 0.821928024 0.99575299 0.873269022 0.876940012 0.856334984 0.860719979 0.930132985 0.840519011 0.920979023 0.81931299 0.997207999 0.827727973 0.997235 0.804733992 0.930132985 0.840515018 0.920979023 0.819311976 0.997235 0.804732978 0.997207999 0.827724993 0.873269022 0.876936972 0.856334984 0.860719025 0.835269988 0.931447983 0.813138008 0.922690988 0.821928024 0.99575001 0.797968984 0.995790005 0.835269988 0.931447983 0.813140988 0.922690988 0.797972023 0.995790005 0.873269022 0.876936972 0.856337011 0.860719025 0.930132985 0.840515018 0.920982003 0.819311976 0.997207999 0.827724993 0.99723798 0.804732978 0.930132985 0.840519011 0.920982003 0.81931299 0.99723798 0.804733992 0.997207999 0.827727973 0.873269022 0.876940012 0.856337011 0.860719979 0.835269988 0.931451023 0.813140988 0.922692001 0.797972023 0.995791018 0.750485003 0.809198022 0.750485003 0.844431996 0.776166022 0.81951803 0.776166022 0.849388003 0.801846981 0.844431996 0.776166022 0.869346976 0.80971998 0.862872005 0.78450799 0.995773017 0.800740004 0.917746007 0.997259974 0.862007976 0.997241974 0.891782999 0.955718994 0.899699986 0.94382 0.872189999 0.997268021 0.921697974 0.967673004 0.927340984 0.997276008 0.956607997 0.981613994 0.959594011 0.997276008 0.995839 0.776166022 0.784283996 0.739848018 0.784283996 0.714166999 0.809198022 0.838164985 0.844431996 0.823616982 0.830318987 0.846839011 0.851597011 0.920517027 0.922246993 0.898553014 0.901189029 0.942584991 0.943409979 0.968335986 0.968097985 0.838163972 0.809198022 0.801846027 0.809198022 0.857170999 0.816835999 0.915820003 0.807398021 0.896996021 0.95599103 0.868300974 0.944588006 0.925819993 0.967459977 0.959464014 0.98082602 0.750485003 0.759370029 0.714166999 0.759370029 0.863844991 0.784283996 0.843272984 0.784283996 0.997223973 0.791876972 0.88873601 0.995793998 0.857662976 0.995781004 0.919933975 0.995827973 0.956349015 0.995839 0.776166022 0.749050021 0.750485003 0.724135995 0.838163972 0.759370029 0.812484026 0.784283996 0.857170999 0.751733005 0.915820003 0.807398021 0.896996021 0.95599103 0.868300974 0.944588006 0.925819993 0.967459977 0.959464014 0.98082602 0.801846027 0.759370029 0.801846981 0.724135995 0.838164985 0.724135995 0.823616982 0.738249004 0.846839011 0.851597011 0.920517027 0.922246993 0.898553014 0.901189029 0.942584991 0.943409979 0.968335986 0.968098998 0.80971998 0.705697 0.800740004 0.917746007 0.955718994 0.899699986 0.94382 0.872189999 0.967673004 0.927340984 0.981613994 0.959594011 0.776166022 0.699222028 0.776166022 0.719179988 0.78450799 0.995773971 0.997241974 0.891782999 0.997259974 0.862007976 0.997268021 0.921697974 0.997276008 0.956607997 0.742613018 0.705697 0.784511983 0.995773971 0.800743997 0.917746007 0.997255981 0.862007976 0.955718994 0.899699986 0.943817019 0.872189999 0.967673004 0.927340984 0.981613994 0.959594011 0.714168012 0.724135995 0.728713989 0.738249004 0.846841991 0.851597011 0.920517027 0.922246993 0.89854902 0.901189029 0.942584991 0.943409979 0.968335986 0.968098998 0.695160985 0.751733005 0.915823996 0.807398021 0.896996021 0.95599103 0.868296981 0.944588006 0.925819993 0.967459977 0.959465027 0.98082602 0.709059 0.784283996 0.728713989 0.830318987 0.688486993 0.784283996 0.997228026 0.791876972 0.88873601 0.995793998 0.857658982 0.995781004 0.919933975 0.995827973 0.956349015 0.995839 0.695160985 0.816835999 0.915823996 0.807398021 0.896996021 0.95599103 0.868296981 0.944588006 0.925819993 0.967459977 0.959465027 0.98082602 0.714168012 0.844431996 0.846841991 0.851597011 0.920517027 0.922246993 0.89854902 0.901189029 0.942584991 0.943409979 0.968335986 0.968097985 0.742613018 0.862872005 0.800743997 0.917746007 0.955718994 0.899699986 0.943817019 0.872189999 0.967673004 0.927340984 0.981613994 0.959594011 0.784511983 0.995773017 0.997255981 0.862007976 0.938181996 0.859080017 0.997205973 0.847820997 0.888089001 0.891155005 0.854653001 0.939157009 0.842899024 0.995779991 0.854653001 0.939155996 0.888089001 0.891153991 0.938181996 0.859080017 0.997205973 0.847819984 0.938178003 0.859080017 0.997201979 0.847819984 0.888085008 0.891153991 0.854649007 0.939155996 0.842894971 0.995779991 0.854649007 0.939157009 0.888085008 0.891155005 0.938178003 0.859080017 0.997201979 0.847820997 0.842894971 0.995779991 0.854653001 0.939157009 0.888085008 0.891153991 0.938181996 0.859080017 0.997205973 0.847819984 0.938181996 0.859080017 0.854653001 0.939157009 0.842894971 0.995779991 0.842891991 0.995779991 0.854649007 0.939157009 0.888082027 0.891153991 0.938179016 0.859080017 0.997202992 0.847819984 0.938179016 0.859080017 0.888082027 0.891153991 0.854649007 0.939157009 0.842891991 0.995779991 </float_array>
                    <technique_common>
                        <accessor count="199" offset="0" source="#spe03_kart_root.polymsh_detached24_1-tex0-array" stride="2">
                            <param name="S" type="float"/>
                            <param name="T" type="float"/>
                        </accessor>
                    </technique_common>
                </source>
                <source id="spe03_kart_root.polymsh_detached24_1-tex1" name="spe03_kart_root.polymsh_detached24_1-tex1">
                    <float_array id="spe03_kart_root.polymsh_detached24_1-tex1-array" count="398"> 0.835269988 0.931451023 0.813138008 0.922692001 0.797968984 0.995791018 0.821928024 0.99575299 0.873269022 0.876940012 0.856334984 0.860719979 0.930132985 0.840519011 0.920979023 0.81931299 0.997207999 0.827727973 0.997235 0.804733992 0.930132985 0.840515018 0.920979023 0.819311976 0.997235 0.804732978 0.997207999 0.827724993 0.873269022 0.876936972 0.856334984 0.860719025 0.835269988 0.931447983 0.813138008 0.922690988 0.821928024 0.99575001 0.797968984 0.995790005 0.835269988 0.931447983 0.813140988 0.922690988 0.797972023 0.995790005 0.873269022 0.876936972 0.856337011 0.860719025 0.930132985 0.840515018 0.920982003 0.819311976 0.997207999 0.827724993 0.99723798 0.804732978 0.930132985 0.840519011 0.920982003 0.81931299 0.99723798 0.804733992 0.997207999 0.827727973 0.873269022 0.876940012 0.856337011 0.860719979 0.835269988 0.931451023 0.813140988 0.922692001 0.797972023 0.995791018 0.750485003 0.809198022 0.750485003 0.844431996 0.776166022 0.81951803 0.776166022 0.849388003 0.801846981 0.844431996 0.776166022 0.869346976 0.80971998 0.862872005 0.78450799 0.995773017 0.800740004 0.917746007 0.997259974 0.862007976 0.997241974 0.891782999 0.955718994 0.899699986 0.94382 0.872189999 0.997268021 0.921697974 0.967673004 0.927340984 0.997276008 0.956607997 0.981613994 0.959594011 0.997276008 0.995839 0.776166022 0.784283996 0.739848018 0.784283996 0.714166999 0.809198022 0.838164985 0.844431996 0.823616982 0.830318987 0.846839011 0.851597011 0.920517027 0.922246993 0.898553014 0.901189029 0.942584991 0.943409979 0.968335986 0.968097985 0.838163972 0.809198022 0.801846027 0.809198022 0.857170999 0.816835999 0.915820003 0.807398021 0.896996021 0.95599103 0.868300974 0.944588006 0.925819993 0.967459977 0.959464014 0.98082602 0.750485003 0.759370029 0.714166999 0.759370029 0.863844991 0.784283996 0.843272984 0.784283996 0.997223973 0.791876972 0.88873601 0.995793998 0.857662976 0.995781004 0.919933975 0.995827973 0.956349015 0.995839 0.776166022 0.749050021 0.750485003 0.724135995 0.838163972 0.759370029 0.812484026 0.784283996 0.857170999 0.751733005 0.915820003 0.807398021 0.896996021 0.95599103 0.868300974 0.944588006 0.925819993 0.967459977 0.959464014 0.98082602 0.801846027 0.759370029 0.801846981 0.724135995 0.838164985 0.724135995 0.823616982 0.738249004 0.846839011 0.851597011 0.920517027 0.922246993 0.898553014 0.901189029 0.942584991 0.943409979 0.968335986 0.968098998 0.80971998 0.705697 0.800740004 0.917746007 0.955718994 0.899699986 0.94382 0.872189999 0.967673004 0.927340984 0.981613994 0.959594011 0.776166022 0.699222028 0.776166022 0.719179988 0.78450799 0.995773971 0.997241974 0.891782999 0.997259974 0.862007976 0.997268021 0.921697974 0.997276008 0.956607997 0.742613018 0.705697 0.784511983 0.995773971 0.800743997 0.917746007 0.997255981 0.862007976 0.955718994 0.899699986 0.943817019 0.872189999 0.967673004 0.927340984 0.981613994 0.959594011 0.714168012 0.724135995 0.728713989 0.738249004 0.846841991 0.851597011 0.920517027 0.922246993 0.89854902 0.901189029 0.942584991 0.943409979 0.968335986 0.968098998 0.695160985 0.751733005 0.915823996 0.807398021 0.896996021 0.95599103 0.868296981 0.944588006 0.925819993 0.967459977 0.959465027 0.98082602 0.709059 0.784283996 0.728713989 0.830318987 0.688486993 0.784283996 0.997228026 0.791876972 0.88873601 0.995793998 0.857658982 0.995781004 0.919933975 0.995827973 0.956349015 0.995839 0.695160985 0.816835999 0.915823996 0.807398021 0.896996021 0.95599103 0.868296981 0.944588006 0.925819993 0.967459977 0.959465027 0.98082602 0.714168012 0.844431996 0.846841991 0.851597011 0.920517027 0.922246993 0.89854902 0.901189029 0.942584991 0.943409979 0.968335986 0.968097985 0.742613018 0.862872005 0.800743997 0.917746007 0.955718994 0.899699986 0.943817019 0.872189999 0.967673004 0.927340984 0.981613994 0.959594011 0.784511983 0.995773017 0.997255981 0.862007976 0.938181996 0.859080017 0.997205973 0.847820997 0.888089001 0.891155005 0.854653001 0.939157009 0.842899024 0.995779991 0.854653001 0.939155996 0.888089001 0.891153991 0.938181996 0.859080017 0.997205973 0.847819984 0.938178003 0.859080017 0.997201979 0.847819984 0.888085008 0.891153991 0.854649007 0.939155996 0.842894971 0.995779991 0.854649007 0.939157009 0.888085008 0.891155005 0.938178003 0.859080017 0.997201979 0.847820997 0.842894971 0.995779991 0.854653001 0.939157009 0.888085008 0.891153991 0.938181996 0.859080017 0.997205973 0.847819984 0.938181996 0.859080017 0.854653001 0.939157009 0.842894971 0.995779991 0.842891991 0.995779991 0.854649007 0.939157009 0.888082027 0.891153991 0.938179016 0.859080017 0.997202992 0.847819984 0.938179016 0.859080017 0.888082027 0.891153991 0.854649007 0.939157009 0.842891991 0.995779991 </float_array>
                    <technique_common>
                        <accessor count="199" offset="0" source="#spe03_kart_root.polymsh_detached24_1-tex1-array" stride="2">
                            <param name="S" type="float"/>
                            <param name="T" type="float"/>
                        </accessor>
                    </technique_common>
                </source>
                <source id="spe03_kart_root.polymsh_detached24_1-tex2" name="spe03_kart_root.polymsh_detached24_1-tex2">
                    <float_array id="spe03_kart_root.polymsh_detached24_1-tex2-array" count="398"> 0.835269988 0.931451023 0.813138008 0.922692001 0.797968984 0.995791018 0.821928024 0.99575299 0.873269022 0.876940012 0.856334984 0.860719979 0.930132985 0.840519011 0.920979023 0.81931299 0.997207999 0.827727973 0.997235 0.804733992 0.930132985 0.840515018 0.920979023 0.819311976 0.997235 0.804732978 0.997207999 0.827724993 0.873269022 0.876936972 0.856334984 0.860719025 0.835269988 0.931447983 0.813138008 0.922690988 0.821928024 0.99575001 0.797968984 0.995790005 0.835269988 0.931447983 0.813140988 0.922690988 0.797972023 0.995790005 0.873269022 0.876936972 0.856337011 0.860719025 0.930132985 0.840515018 0.920982003 0.819311976 0.997207999 0.827724993 0.99723798 0.804732978 0.930132985 0.840519011 0.920982003 0.81931299 0.99723798 0.804733992 0.997207999 0.827727973 0.873269022 0.876940012 0.856337011 0.860719979 0.835269988 0.931451023 0.813140988 0.922692001 0.797972023 0.995791018 0.750485003 0.809198022 0.750485003 0.844431996 0.776166022 0.81951803 0.776166022 0.849388003 0.801846981 0.844431996 0.776166022 0.869346976 0.80971998 0.862872005 0.78450799 0.995773017 0.800740004 0.917746007 0.997259974 0.862007976 0.997241974 0.891782999 0.955718994 0.899699986 0.94382 0.872189999 0.997268021 0.921697974 0.967673004 0.927340984 0.997276008 0.956607997 0.981613994 0.959594011 0.997276008 0.995839 0.776166022 0.784283996 0.739848018 0.784283996 0.714166999 0.809198022 0.838164985 0.844431996 0.823616982 0.830318987 0.846839011 0.851597011 0.920517027 0.922246993 0.898553014 0.901189029 0.942584991 0.943409979 0.968335986 0.968097985 0.838163972 0.809198022 0.801846027 0.809198022 0.857170999 0.816835999 0.915820003 0.807398021 0.896996021 0.95599103 0.868300974 0.944588006 0.925819993 0.967459977 0.959464014 0.98082602 0.750485003 0.759370029 0.714166999 0.759370029 0.863844991 0.784283996 0.843272984 0.784283996 0.997223973 0.791876972 0.88873601 0.995793998 0.857662976 0.995781004 0.919933975 0.995827973 0.956349015 0.995839 0.776166022 0.749050021 0.750485003 0.724135995 0.838163972 0.759370029 0.812484026 0.784283996 0.857170999 0.751733005 0.915820003 0.807398021 0.896996021 0.95599103 0.868300974 0.944588006 0.925819993 0.967459977 0.959464014 0.98082602 0.801846027 0.759370029 0.801846981 0.724135995 0.838164985 0.724135995 0.823616982 0.738249004 0.846839011 0.851597011 0.920517027 0.922246993 0.898553014 0.901189029 0.942584991 0.943409979 0.968335986 0.968098998 0.80971998 0.705697 0.800740004 0.917746007 0.955718994 0.899699986 0.94382 0.872189999 0.967673004 0.927340984 0.981613994 0.959594011 0.776166022 0.699222028 0.776166022 0.719179988 0.78450799 0.995773971 0.997241974 0.891782999 0.997259974 0.862007976 0.997268021 0.921697974 0.997276008 0.956607997 0.742613018 0.705697 0.784511983 0.995773971 0.800743997 0.917746007 0.997255981 0.862007976 0.955718994 0.899699986 0.943817019 0.872189999 0.967673004 0.927340984 0.981613994 0.959594011 0.714168012 0.724135995 0.728713989 0.738249004 0.846841991 0.851597011 0.920517027 0.922246993 0.89854902 0.901189029 0.942584991 0.943409979 0.968335986 0.968098998 0.695160985 0.751733005 0.915823996 0.807398021 0.896996021 0.95599103 0.868296981 0.944588006 0.925819993 0.967459977 0.959465027 0.98082602 0.709059 0.784283996 0.728713989 0.830318987 0.688486993 0.784283996 0.997228026 0.791876972 0.88873601 0.995793998 0.857658982 0.995781004 0.919933975 0.995827973 0.956349015 0.995839 0.695160985 0.816835999 0.915823996 0.807398021 0.896996021 0.95599103 0.868296981 0.944588006 0.925819993 0.967459977 0.959465027 0.98082602 0.714168012 0.844431996 0.846841991 0.851597011 0.920517027 0.922246993 0.89854902 0.901189029 0.942584991 0.943409979 0.968335986 0.968097985 0.742613018 0.862872005 0.800743997 0.917746007 0.955718994 0.899699986 0.943817019 0.872189999 0.967673004 0.927340984 0.981613994 0.959594011 0.784511983 0.995773017 0.997255981 0.862007976 0.938181996 0.859080017 0.997205973 0.847820997 0.888089001 0.891155005 0.854653001 0.939157009 0.842899024 0.995779991 0.854653001 0.939155996 0.888089001 0.891153991 0.938181996 0.859080017 0.997205973 0.847819984 0.938178003 0.859080017 0.997201979 0.847819984 0.888085008 0.891153991 0.854649007 0.939155996 0.842894971 0.995779991 0.854649007 0.939157009 0.888085008 0.891155005 0.938178003 0.859080017 0.997201979 0.847820997 0.842894971 0.995779991 0.854653001 0.939157009 0.888085008 0.891153991 0.938181996 0.859080017 0.997205973 0.847819984 0.938181996 0.859080017 0.854653001 0.939157009 0.842894971 0.995779991 0.842891991 0.995779991 0.854649007 0.939157009 0.888082027 0.891153991 0.938179016 0.859080017 0.997202992 0.847819984 0.938179016 0.859080017 0.888082027 0.891153991 0.854649007 0.939157009 0.842891991 0.995779991 </float_array>
                    <technique_common>
                        <accessor count="199" offset="0" source="#spe03_kart_root.polymsh_detached24_1-tex2-array" stride="2">
                            <param name="S" type="float"/>
                            <param name="T" type="float"/>
                        </accessor>
                    </technique_common>
                </source>
                <source id="spe03_kart_root.polymsh_detached24_1-color0" name="spe03_kart_root.polymsh_detached24_1-color0">
                    <float_array id="spe03_kart_root.polymsh_detached24_1-color0-array" count="597"> 1 1 1 1 1 1 1 1 1 1 1 1 1 1 1 1 1 1 1 1 1 1 1 1 1 1 1 1 1 1 1 1 1 1 1 1 1 1 1 1 1 1 1 1 1 1 1 1 1 1 1 1 1 1 1 1 1 1 1 1 1 1 1 1 1 1 1 1 1 1 1 1 1 1 1 1 1 1 1 1 1 1 1 1 1 1 1 1 1 1 1 1 1 1 1 1 1 1 1 1 1 1 1 1 1 1 1 1 1 1 1 1 1 1 1 1 1 1 1 1 1 1 1 1 1 1 1 1 1 1 1 1 1 1 1 1 1 1 1 1 1 1 1 1 1 1 1 1 1 1 1 1 1 1 1 1 1 1 1 1 1 1 1 1 1 1 1 1 1 1 1 1 1 1 1 1 1 1 1 1 1 1 1 1 1 1 1 1 1 1 1 1 1 1 1 1 1 1 1 1 1 1 1 1 1 1 1 1 1 1 1 1 1 1 1 1 1 1 1 1 1 1 1 1 1 1 1 1 1 1 1 1 1 1 1 1 1 1 1 1 1 1 1 1 1 1 1 1 1 1 1 1 1 1 1 1 1 1 1 1 1 1 1 1 1 1 1 1 1 1 1 1 1 1 1 1 1 1 1 1 1 1 1 1 1 1 1 1 1 1 1 1 1 1 1 1 1 1 1 1 1 1 1 1 1 1 1 1 1 1 1 1 1 1 1 1 1 1 1 1 1 1 1 1 1 1 1 1 1 1 1 1 1 1 1 1 1 1 1 1 1 1 1 1 1 1 1 1 1 1 1 1 1 1 1 1 1 1 1 1 1 1 1 1 1 1 1 1 1 1 1 1 1 1 1 1 1 1 1 1 1 1 1 1 1 1 1 1 1 1 1 1 1 1 1 1 1 1 1 1 1 1 1 1 1 1 1 1 1 1 1 1 1 1 1 1 1 1 1 1 1 1 1 1 1 1 1 1 1 1 1 1 1 1 1 1 1 1 1 1 1 1 1 1 1 1 1 1 1 1 1 1 1 1 1 1 1 1 1 1 1 1 1 1 1 1 1 1 1 1 1 1 1 1 1 1 1 1 1 1 1 1 1 1 1 1 1 1 1 1 1 1 1 1 1 1 1 1 1 1 1 1 1 1 1 1 1 1 1 1 1 1 1 1 1 1 1 1 1 1 1 1 1 1 1 1 1 1 1 1 1 1 1 1 1 1 1 1 1 1 1 1 1 1 1 1 1 1 1 1 1 1 1 1 1 1 1 1 1 1 1 1 1 1 1 1 1 1 1 1 1 1 1 1 1 1 1 1 1 1 1 1 1 1 1 1 1 1 1 1 1 1 1 1 1 1 1 </float_array>
                    <technique_common>
                        <accessor count="199" offset="0" source="#spe03_kart_root.polymsh_detached24_1-color0-array" stride="3">
                            <param name="R" type="float"/>
                            <param name="G" type="float"/>
                            <param name="B" type="float"/>
                        </accessor>
                    </technique_common>
                </source>
                <vertices id="spe03_kart_root.polymsh_detached24_1-vertices">
                    <input semantic="POSITION" source="#spe03_kart_root.polymsh_detached24_1-positions"/>
                </vertices>
                <triangles count="304" material="defaultMaterial">
                    <input offset="0" semantic="VERTEX" source="#spe03_kart_root.polymsh_detached24_1-vertices"/>
                    <input offset="0" semantic="NORMAL" source="#spe03_kart_root.polymsh_detached24_1-normals"/>
                    <input offset="1" semantic="TEXCOORD" source="#spe03_kart_root.polymsh_detached24_1-tex0" set="0"/>
                    <input offset="1" semantic="TEXCOORD" source="#spe03_kart_root.polymsh_detached24_1-tex1" set="1"/>
                    <input offset="1" semantic="TEXCOORD" source="#spe03_kart_root.polymsh_detached24_1-tex2" set="2"/>
                    <input offset="0" semantic="COLOR" source="#spe03_kart_root.polymsh_detached24_1-color0" set="0"/>
                    <p>0 0 1 1 2 2 0 0 2 2 3 3 4 4 5 5 1 1 4 4 1 1 0 0 6 6 7 7 5 5 6 6 5 5 4 4 8 8 9 9 7 7 8 8 7 7 6 6 10 10 11 11 9 12 10 10 9 12 8 13 14 14 15 15 11 11 14 14 11 11 10 10 16 16 17 17 15 15 16 16 15 15 14 14 18 18 19 19 17 17 18 18 17 17 16 16 20 20 21 21 19 22 20 20 19 22 18 18 23 23 24 24 21 21 23 23 21 21 20 20 25 25 26 26 24 24 25 25 24 24 23 23 27 27 28 28 26 26 27 27 26 26 25 25 29 29 30 30 28 31 29 29 28 31 27 32 33 33 34 34 30 30 33 33 30 30 29 29 35 35 36 36 34 34 35 35 34 34 33 33 3 3 2 37 36 36 3 3 36 36 35 35 38 38 39 39 40 40 41 41 42 42 40 40 41 41 43 43 44 44 41 41 44 44 42 42 45 45 2 2 1 1 45 45 1 1 46 46 47 47 48 48 49 49 47 47 49 49 50 50 48 48 51 51 52 52 48 48 52 52 49 49 51 51 53 53 54 54 51 51 54 54 52 52 55 55 54 54 53 53 56 56 38 38 40 40 57 57 58 58 38 38 42 42 44 44 59 59 42 42 59 59 60 60 46 46 1 1 5 5 46 46 5 5 61 61 50 50 49 49 62 62 50 50 62 62 63 63 49 49 52 52 64 64 49 49 64 64 62 62 52 52 54 54 65 65 52 52 65 65 64 64 55 55 65 65 54 54 57 57 38 38 56 56 60 60 66 66 67 67 60 60 59 59 68 68 60 60 68 68 66 66 61 61 5 5 7 7 61 61 7 7 69 69 63 63 62 62 70 70 63 63 70 70 71 71 62 62 64 64 72 72 62 62 72 72 70 70 64 64 65 65 73 73 64 64 73 73 72 72 55 55 73 73 65 65 74 74 75 75 57 57 74 74 57 57 56 56 66 66 68 68 76 76 66 66 76 76 77 77 69 69 7 7 9 9 69 69 9 9 78 78 71 71 70 70 79 79 71 71 79 79 80 80 70 70 72 72 81 81 70 70 81 81 79 79 72 72 73 73 82 82 72 72 82 82 81 81 55 55 82 82 73 73 83 83 84 84 74 74 77 77 85 85 86 86 77 77 76 76 87 87 77 77 87 87 85 85 78 78 9 12 11 11 78 78 11 11 88 88 80 80 79 79 89 89 80 80 89 89 90 90 79 79 81 81 91 91 79 79 91 91 89 89 81 81 82 82 92 92 81 81 92 92 91 91 55 55 92 92 82 82 83 83 74 74 56 56 93 93 94 94 83 83 85 85 87 87 95 95 85 85 95 95 96 96 88 88 11 11 15 15 88 88 15 15 97 97 90 90 89 89 98 98 90 90 98 98 99 99 89 89 91 91 100 100 89 89 100 100 98 98 91 91 92 92 101 101 91 91 101 101 100 100 55 55 101 101 92 92 93 93 83 83 56 56 96 96 94 94 93 93 96 96 95 95 102 102 96 96 102 102 94 94 97 97 15 15 17 17 97 97 17 17 103 103 99 99 98 98 104 104 99 99 104 104 105 105 98 98 100 100 106 106 98 98 106 106 104 104 100 100 101 101 107 107 100 100 107 107 106 106 55 55 107 107 101 101 86 86 85 85 93 93 86 86 93 93 56 56 94 94 102 102 108 108 94 94 108 108 109 109 103 103 17 17 19 19 103 103 19 19 110 110 105 105 104 104 111 111 105 105 111 111 112 112 104 104 106 106 113 113 104 104 113 113 111 111 106 106 107 107 114 114 106 106 114 114 113 113 55 55 114 114 107 107 67 67 66 66 86 86 109 109 84 84 83 83 109 109 108 108 115 115 109 109 115 115 84 84 110 116 19 22 21 21 110 116 21 21 117 117 112 118 111 111 119 119 112 118 119 119 120 120 111 111 113 113 121 121 111 111 121 121 119 119 113 113 114 114 122 122 113 113 122 122 121 121 55 55 122 122 114 114 67 67 86 86 56 56 40 40 42 42 67 67 84 84 115 115 123 123 84 84 123 123 124 124 117 117 21 21 24 24 117 117 24 24 125 125 120 120 119 119 126 126 120 120 126 126 127 127 119 119 121 121 128 128 119 119 128 128 126 126 121 121 122 122 129 129 121 121 129 129 128 128 55 55 129 129 122 122 67 67 56 56 40 40 124 124 75 75 74 74 124 124 123 123 130 130 124 124 130 130 75 75 125 125 24 24 26 26 125 125 26 26 131 131 127 127 126 126 132 132 127 127 132 132 133 133 126 126 128 128 134 134 126 126 134 134 132 132 128 128 129 129 135 135 128 128 135 135 134 134 55 55 135 135 129 129 57 57 75 75 136 136 38 38 58 58 137 137 75 75 130 130 138 138 75 75 138 138 136 136 131 131 26 26 28 28 131 131 28 28 139 139 133 133 132 132 140 140 133 133 140 140 141 141 132 132 134 134 142 142 132 132 142 142 140 140 134 134 135 135 143 143 134 134 143 143 142 142 55 55 143 143 135 135 40 40 39 39 41 41 136 136 58 58 57 57 136 136 138 138 144 144 136 136 144 144 58 58 139 139 28 31 30 30 139 139 30 30 145 145 141 141 140 140 146 146 141 141 146 146 147 147 140 140 142 142 148 148 140 140 148 148 146 146 142 142 143 143 149 149 142 142 149 149 148 148 55 55 149 149 143 143 67 67 42 42 60 60 86 86 66 66 77 77 58 58 144 144 150 150 58 58 150 150 137 137 145 145 30 30 34 34 145 145 34 34 151 151 147 147 146 146 152 152 147 147 152 152 153 153 146 146 148 148 154 154 146 146 154 154 152 152 148 148 149 149 155 155 148 148 155 155 154 154 55 55 155 155 149 149 93 93 85 85 96 96 137 137 39 39 38 38 137 137 150 150 156 156 137 137 156 156 39 39 151 151 34 34 36 36 151 151 36 36 157 157 153 153 152 152 158 158 153 153 158 158 159 159 152 152 154 154 160 160 152 152 160 160 158 158 154 154 155 155 161 161 154 154 161 161 160 160 55 55 161 161 155 155 83 83 94 94 109 109 74 74 84 84 124 124 39 39 156 156 43 43 39 39 43 43 41 41 157 157 36 36 2 37 157 157 2 37 45 162 159 159 158 158 48 48 159 159 48 48 47 163 158 158 160 160 51 51 158 158 51 51 48 48 160 160 161 161 53 53 160 160 53 53 51 51 55 55 53 53 161 161 50 50 164 164 165 165 50 50 165 165 47 47 63 63 166 166 164 164 63 63 164 164 50 50 71 71 167 167 166 166 71 71 166 166 63 63 80 80 168 168 167 167 80 80 167 167 71 71 90 90 169 169 168 168 90 90 168 168 80 80 99 99 170 170 169 169 99 99 169 169 90 90 105 105 171 171 170 170 105 105 170 170 99 99 112 112 172 172 171 171 112 112 171 171 105 105 120 120 173 173 172 174 120 120 172 174 112 118 127 127 175 175 173 173 127 127 173 173 120 120 133 133 176 176 175 175 133 133 175 175 127 127 141 141 177 177 176 176 141 141 176 176 133 133 147 147 178 178 177 177 147 147 177 177 141 141 153 153 179 179 178 178 153 153 178 178 147 147 159 159 180 180 179 179 159 159 179 179 153 153 47 163 165 181 180 180 47 163 180 180 159 159 165 182 3 3 35 35 165 182 35 35 180 183 180 183 35 35 33 33 180 183 33 33 179 184 179 184 33 33 29 29 179 184 29 29 178 185 178 185 29 29 27 32 178 185 27 32 177 186 177 186 27 27 25 25 177 186 25 25 176 187 176 187 25 25 23 23 176 187 23 23 175 175 175 175 23 23 20 20 175 175 20 20 173 188 173 188 20 20 18 18 173 188 18 18 172 189 172 190 18 18 16 16 172 190 16 16 171 191 171 191 16 16 14 14 171 191 14 14 170 192 170 192 14 14 10 10 170 192 10 10 169 193 169 193 10 10 8 13 169 193 8 13 168 194 168 194 8 8 6 6 168 194 6 6 167 195 167 195 6 6 4 4 167 195 4 4 166 196 166 196 4 4 0 0 166 196 0 0 164 197 164 197 0 0 3 3 164 197 3 3 165 198</p>
                </triangles>
            </mesh>
        </geometry>
        <geometry id="spe03_kart_root.polymsh_detached25_1" name="spe03_kart_root.polymsh_detached25">
            <mesh>
                <source id="spe03_kart_root.polymsh_detached25_1-positions" name="spe03_kart_root.polymsh_detached25_1-positions">
                    <float_array id="spe03_kart_root.polymsh_detached25_1-positions-array" count="597"> 0.744485974 1.98380804 0.846687019 0.801957011 1.51256597 0.643049002 0.801957011 1.63517594 9.99999975e-06 0.744485974 2.14524293 2.20000002e-05 0.744485974 1.52407897 1.56445396 0.801957011 1.16340399 1.18819106 0.744485974 0.836046994 2.04405093 0.801957011 0.640845001 1.55244398 0.744485974 0.0244570002 2.2124629 0.801957011 0.0244449992 1.68035197 0.744485974 -0.787132978 2.04405093 0.801957011 -0.591955006 1.55244398 0.801957011 0.0244449992 1.68035197 0.744485974 0.0244570002 2.2124629 0.744485974 -1.47516501 1.56445396 0.801957011 -1.11451304 1.18819106 0.744485974 -1.93489397 0.846687019 0.801957011 -1.46367598 0.643049002 0.744485974 -2.09632897 2.20000002e-05 0.801957011 -1.586285 9.99999975e-06 0.744485974 -1.93489397 -0.846642017 0.801957011 -1.46367598 -0.643028975 0.801957011 -1.586285 9.99999975e-06 0.744485974 -1.47516501 -1.56440997 0.801957011 -1.11451304 -1.18817103 0.744485974 -0.787132978 -2.04400706 0.801957011 -0.591955006 -1.552423 0.744485974 0.0244570002 -2.21241903 0.801957011 0.0244449992 -1.68033195 0.744485974 0.836046994 -2.04400706 0.801957011 0.640845001 -1.552423 0.801957011 0.0244449992 -1.68033195 0.744485974 0.0244570002 -2.21241903 0.744485974 1.52407897 -1.56440997 0.801957011 1.16340399 -1.18817103 0.744485974 1.98380804 -0.846642017 0.801957011 1.51256597 -0.643028975 0.801957011 1.63517594 9.99999975e-06 1.40859699 0.433301002 -0.42653501 1.11103404 1.01152396 -0.42653501 1.40859699 0.602657974 0 1.11103404 1.092852 0 1.11103404 1.01152396 0.42653501 0.665700018 1.42038906 0 0.665700018 1.31412899 0.557295024 0.665700018 1.42038906 0 0.665700018 1.31412899 0.557295024 0.355596989 2.4683919 0 -0.355596989 2.28235698 0 -0.355596989 2.11048293 0.90141201 0.355596989 2.28235698 0.975681007 -0.958518028 1.75257397 0 -0.958518028 1.62102699 0.689911008 -1.361377 0.959697008 0 -1.361377 0.888504028 0.373376995 -1.50284195 0.0244350005 0 1.51308703 0.0244350005 0 1.40859699 0.0244350005 -0.603211999 1.11103404 0.433301002 -1.02974796 0.665700018 1.01152396 1.02974796 1.11103404 0.779919982 0.788134992 0.665700018 1.01152396 1.02974796 -0.355596989 1.62102699 1.66559196 0.355596989 1.75257397 1.80282402 -0.958518028 1.24641395 1.27478898 -1.361377 0.685765028 0.689911008 1.11103404 0.433301002 1.02974796 1.40859699 0.433301002 0.42653501 0.665700018 0.558643997 1.34543002 0.665700018 0.558643997 1.34543002 -0.355596989 0.888504028 2.17620111 0.355596989 0.959697008 2.35550308 -0.958518028 0.685765028 1.66559196 -1.361377 0.382344991 0.90141201 1.40859699 -0.384429991 -0.42653501 1.11103404 -0.384429991 -1.02974796 0.665700018 0.0244350005 1.45628297 1.11103404 0.0244350005 1.114591 0.665700018 0.0244350005 1.45628297 -0.355596989 0.0244350005 2.35550308 0.355596989 0.0244350005 2.54957795 -0.958518028 0.0244350005 1.80282402 -1.361377 0.0244350005 0.975681007 1.40859699 -0.553788006 0 1.11103404 -0.962652981 -0.42653501 1.11103404 -0.384429991 1.02974796 1.40859699 0.0244350005 0.603211999 0.665700018 -0.509773016 1.34543002 0.665700018 -0.509773016 1.34543002 -0.355596989 -0.839634001 2.17620111 0.355596989 -0.910826027 2.35550308 -0.958518028 -0.636895001 1.66559196 -1.361377 -0.33347401 0.90141201 1.40859699 -0.384429991 0.42653501 1.11103404 -0.962652981 0.42653501 0.665700018 -0.962652981 1.02974796 1.11103404 -0.731049001 0.788134992 0.665700018 -0.962652981 1.02974796 -0.355596989 -1.57215595 1.66559196 0.355596989 -1.70370305 1.80282402 -0.958518028 -1.19754303 1.27478898 -1.361377 -0.636895001 0.689911008 0.665700018 -1.26525795 0.557295024 0.665700018 -1.26525795 0.557295024 -0.355596989 -2.06161189 0.90141201 0.355596989 -2.23348594 0.975681007 -0.958518028 -1.57215595 0.689911008 -1.361377 -0.839634001 0.373376995 0.665700018 -1.37151802 0 1.11103404 -1.04398096 0 0.665700018 -1.37151802 0 -0.355596989 -2.23348594 0 0.355596989 -2.41952109 0 -0.958518028 -1.70370305 0 -1.361377 -0.910826027 0 0.665700018 -1.26525795 -0.557295024 0.665700018 -1.37151802 0 0.665700018 -1.26525795 -0.557295024 0.355596989 -2.41952109 0 -0.355596989 -2.06161189 -0.90141201 0.355596989 -2.23348594 -0.975681007 -0.958518028 -1.57215595 -0.689911008 -1.361377 -0.839634001 -0.373376995 0.665700018 -0.962652981 -1.02974796 1.11103404 -0.731049001 -0.788134992 0.665700018 -0.962652981 -1.02974796 -0.355596989 -1.57215595 -1.66559196 0.355596989 -1.70370305 -1.80282402 -0.958518028 -1.19754303 -1.27478898 -1.361377 -0.636895001 -0.689911008 0.665700018 -0.509773016 -1.34543002 0.665700018 -0.509773016 -1.34543002 -0.355596989 -0.839634001 -2.17620111 0.355596989 -0.910826027 -2.35550308 -0.958518028 -0.636895001 -1.66559196 -1.361377 -0.33347401 -0.90141201 1.11103404 0.0244350005 -1.114591 1.11103404 0.779919982 -0.788134992 0.665700018 0.0244350005 -1.45628297 0.665700018 0.0244350005 -1.45628297 -0.355596989 0.0244350005 -2.35550308 0.355596989 0.0244350005 -2.54957795 -0.958518028 0.0244350005 -1.80282402 -1.361377 0.0244350005 -0.975681007 0.665700018 0.558643997 -1.34543002 0.665700018 0.558643997 -1.34543002 -0.355596989 0.888504028 -2.17620111 0.355596989 0.959697008 -2.35550308 -0.958518028 0.685765028 -1.66559196 -1.361377 0.382344991 -0.90141201 0.665700018 1.01152396 -1.02974796 0.665700018 1.01152396 -1.02974796 -0.355596989 1.62102699 -1.66559196 0.355596989 1.75257397 -1.80282402 -0.958518028 1.24641395 -1.27478898 -1.361377 0.685765028 -0.689911008 0.665700018 1.31412899 -0.557295024 0.665700018 1.31412899 -0.557295024 -0.355596989 2.11048293 -0.90141201 0.355596989 2.28235698 -0.975681007 -0.958518028 1.62102699 -0.689911008 -1.361377 0.888504028 -0.373376995 0.665700018 1.42038906 0 0.355596989 2.4683919 0 0.637443006 2.14091206 0.914560974 0.637443006 2.31529403 0 0.637443006 1.64431703 1.689888 0.637443006 0.90110898 2.20794511 0.637443006 0.0244350005 2.38986301 0.637443006 -0.852237999 2.20794511 0.637443006 -1.59544599 1.689888 0.637443006 -2.09204197 0.914560974 0.637443006 -2.26642299 0 0.637443006 -2.09204197 -0.914560974 0.637443006 -2.26642299 0 0.637443006 -1.59544599 -1.689888 0.637443006 -0.852237999 -2.20794511 0.637443006 0.0244350005 -2.38986301 0.637443006 0.90110898 -2.20794511 0.637443006 1.64431703 -1.689888 0.637443006 2.14091206 -0.914560974 0.637443006 2.31529403 0 0.637443006 2.31529403 0 0.637443006 2.14091206 -0.914560974 0.637443006 1.64431703 -1.689888 0.637443006 0.90110898 -2.20794511 0.637443006 0.0244350005 -2.38986301 0.637443006 -0.852237999 -2.20794511 0.637443006 -2.09204197 -0.914560974 0.637443006 -2.26642299 0 0.637443006 -2.26642299 0 0.637443006 -2.09204197 0.914560974 0.637443006 -1.59544599 1.689888 0.637443006 -0.852237999 2.20794511 0.637443006 0.0244350005 2.38986301 0.637443006 0.90110898 2.20794511 0.637443006 1.64431703 1.689888 0.637443006 2.14091206 0.914560974 0.637443006 2.31529403 0 </float_array>
                    <technique_common>
                        <accessor count="199" offset="0" source="#spe03_kart_root.polymsh_detached25_1-positions-array" stride="3">
                            <param name="X" type="float"/>
                            <param name="Y" type="float"/>
                            <param name="Z" type="float"/>
                        </accessor>
                    </technique_common>
                </source>
                <source id="spe03_kart_root.polymsh_detached25_1-normals" name="spe03_kart_root.polymsh_detached25_1-normals">
                    <float_array id="spe03_kart_root.polymsh_detached25_1-normals-array" count="597"> 0.944486976 0.305328995 0.121324003 0.974871993 -0.207010999 -0.0822890028 0.974641025 -0.223774001 0 0.943934023 0.330134004 9.99999997e-07 0.945833981 0.234281003 0.224746004 0.975431979 -0.158947006 -0.152539 0.94719398 0.127113 0.294389993 0.975998998 -0.0862990022 -0.199946001 0.947763026 9.99999997e-07 0.318973988 0.976235986 0 -0.216711998 0.947201014 -0.127103999 0.294373006 0.975997984 0.0863019973 -0.199952006 0.976235986 0 -0.216711998 0.947763026 9.99999997e-07 0.318973988 0.945846021 -0.234254003 0.224721998 0.975428998 0.158957005 -0.152547002 0.944503009 -0.305285007 0.121307001 0.974868 0.207026005 -0.0822950006 0.943952024 -0.330083013 9.99999997e-07 0.974636972 0.223791003 0 0.944509983 -0.305267006 -0.121298999 0.974866986 0.207031995 0.0822980031 0.974636972 0.223791003 0 0.945858002 -0.234229997 -0.224696994 0.975426018 0.158965006 0.152556002 0.947215974 -0.127085999 -0.294330001 0.975993991 0.0863080025 0.199965999 0.947780013 9.99999997e-07 -0.318924993 0.976231992 0 0.216729 0.947210014 0.127095997 -0.294346988 0.975995004 -0.0863049999 0.199959993 0.976231992 0 0.216729 0.947780013 9.99999997e-07 -0.318924993 0.945846021 0.234255999 -0.224721 0.975428998 -0.158956006 0.152547002 0.944492996 0.305312008 -0.121315002 0.974870026 -0.207017004 0.082291998 0.974641025 -0.223774001 0 0.92386502 0.276075989 -0.265056998 0.770969987 0.591812015 -0.235294998 0.921131015 0.389252007 0 0.738173008 0.674611986 0 0.770969987 0.591812015 0.235294998 0.592490971 0.80557698 0 0.594797015 0.746927977 0.297179013 0.844417989 -0.53568399 9.99999997e-07 0.845866978 -0.495683998 -0.196992993 0.121151999 0.992633998 0 -0.469886988 0.882727027 0 -0.471870989 0.819166005 0.326043993 0.121693 0.922170997 0.367139012 -0.790377021 0.612621009 0 -0.79203099 0.567287028 0.225549996 -0.952381015 0.304910988 0 -0.952883005 0.281910002 0.111991003 -1 0 0 1 0 0 0.926624 0 -0.375990003 0.77956003 0.248153001 -0.575070977 0.600463986 0.576692998 0.553956985 0.744611979 0.48149699 0.462292999 0.849385977 -0.380831987 -0.365391999 -0.476763994 0.633817017 0.609073997 0.123028003 0.715470016 0.687726021 -0.796070993 0.436609 0.419099003 -0.954099 0.216150999 0.207303002 0.77956003 0.248153001 0.575070977 0.92386502 0.276075989 0.265056998 0.606280029 0.314884007 0.730255008 0.85294199 -0.206899002 -0.479252994 -0.481806993 0.346841991 0.804711998 0.124407999 0.392645001 0.911237001 -0.800176978 0.237625003 0.550683022 -0.955321014 0.117191002 0.271342993 0.92386502 -0.276075989 -0.265056998 0.77956003 -0.248153001 -0.575070977 0.608734012 0 0.793374002 0.751227021 0 0.660044014 0.854424 9.99999997e-07 -0.519577026 -0.483942002 0 0.875100017 0.124992996 0 0.992157996 -0.801896989 0 0.597461998 -0.955829978 0 0.293918997 0.921131015 -0.389252007 0 0.770969987 -0.591812015 -0.235294998 0.77956003 -0.248153001 0.575070977 0.926624 0 0.375990003 0.606280029 -0.314884007 0.730255008 0.85293299 0.206906006 -0.479265004 -0.481806993 -0.346841991 0.804711998 0.124407999 -0.392645001 0.911237001 -0.800176978 -0.237625003 0.550683022 -0.955321014 -0.117191002 0.271342993 0.92386502 -0.276075989 0.265056998 0.770969987 -0.591812015 0.235294998 0.600463986 -0.576692998 0.553956985 0.744611979 -0.48149699 0.462292999 0.849370003 0.380849987 -0.365408003 -0.476763994 -0.633817017 0.609073997 0.123028003 -0.715470016 0.687726021 -0.796070993 -0.436609 0.419099003 -0.954099 -0.216150999 0.207303002 0.594797015 -0.746927977 0.297179013 0.845847011 0.495714009 -0.197004005 -0.471870989 -0.819166005 0.326043993 0.121693 -0.922170997 0.367139012 -0.79203099 -0.567287028 0.225549996 -0.952883005 -0.281910002 0.111991003 0.592490971 -0.80557698 0 0.738173008 -0.674611986 0 0.844395995 0.535719991 9.99999997e-07 -0.469886988 -0.882727027 0 0.121151999 -0.992633998 0 -0.790377021 -0.612621009 0 -0.952381015 -0.304910988 0 0.594797015 -0.746927977 -0.297179013 0.844395995 0.535719991 9.99999997e-07 0.84583801 0.495725989 0.197009996 0.121151999 -0.992633998 0 -0.471870989 -0.819166005 -0.326043993 0.121693 -0.922170997 -0.367139012 -0.79203099 -0.567287028 -0.225549996 -0.952883005 -0.281910002 -0.111991003 0.600463986 -0.576692998 -0.553956985 0.744611979 -0.48149699 -0.462292999 0.849354982 0.380867004 0.365426004 -0.476763994 -0.633817017 -0.609073997 0.123028003 -0.715470016 -0.687726021 -0.796070993 -0.436609 -0.419099003 -0.954099 -0.216150999 -0.207303002 0.606280029 -0.314884007 -0.730255008 0.852913976 0.206918001 0.479294002 -0.481806993 -0.346841991 -0.804711998 0.124407999 -0.392645001 -0.911237001 -0.800176978 -0.237625003 -0.550683022 -0.955321014 -0.117191002 -0.271342993 0.751227021 0 -0.660044014 0.744611979 0.48149699 -0.462292999 0.608734012 0 -0.793374002 0.854403019 9.99999997e-07 0.519611001 -0.483942002 0 -0.875100017 0.124992996 0 -0.992157996 -0.801896989 0 -0.597461998 -0.955829978 0 -0.293918997 0.606280029 0.314884007 -0.730255008 0.852922022 -0.206910998 0.479281992 -0.481806993 0.346841991 -0.804711998 0.124407999 0.392645001 -0.911237001 -0.800176978 0.237625003 -0.550683022 -0.955321014 0.117191002 -0.271342993 0.600463986 0.576692998 -0.553956985 0.849371016 -0.380849004 0.365408987 -0.476763994 0.633817017 -0.609073997 0.123028003 0.715470016 -0.687726021 -0.796070993 0.436609 -0.419099003 -0.954099 0.216150999 -0.207303002 0.594797015 0.746927977 -0.297179013 0.845858991 -0.495696008 0.196998999 -0.471870989 0.819166005 -0.326043993 0.121693 0.922170997 -0.367139012 -0.79203099 0.567287028 -0.225549996 -0.952883005 0.281910002 -0.111991003 0.844417989 -0.53568399 9.99999997e-07 0.121151999 0.992633998 0 0.686788976 0.675382972 0.268660992 0.684876025 0.728658974 9.99999997e-07 0.691492021 0.521018028 0.500379026 0.696304977 0.284242004 0.659063995 0.698336005 9.99999997e-07 0.715770006 0.696321011 -0.284235001 0.659051001 0.691520989 -0.520996988 0.500361025 0.686827004 -0.675348997 0.268647999 0.684917986 -0.728619993 9.99999997e-07 0.686842978 -0.675336003 -0.268640995 0.684917986 -0.728619993 9.99999997e-07 0.691550016 -0.520977974 -0.500340998 0.696358025 -0.284220994 -0.65901798 0.698376 9.99999997e-07 -0.715731025 0.696341991 0.28422901 -0.659030974 0.691519976 0.520999014 -0.500358999 0.686803997 0.675369978 -0.268653989 0.684876025 0.728658974 9.99999997e-07 0.684876025 0.728658974 9.99999997e-07 0.686803997 0.675369978 -0.268653989 0.691519976 0.520999014 -0.500358999 0.696341991 0.28422901 -0.659030974 0.698376 9.99999997e-07 -0.715731025 0.696358025 -0.284220994 -0.65901798 0.686842978 -0.675336003 -0.268640995 0.684917986 -0.728619993 9.99999997e-07 0.684917986 -0.728619993 9.99999997e-07 0.686827004 -0.675348997 0.268647999 0.691520989 -0.520996988 0.500361025 0.696321011 -0.284235001 0.659051001 0.698336005 9.99999997e-07 0.715770006 0.696304977 0.284242004 0.659063995 0.691492021 0.521018028 0.500379026 0.686788976 0.675382972 0.268660992 0.684876025 0.728658974 9.99999997e-07 </float_array>
                    <technique_common>
                        <accessor count="199" offset="0" source="#spe03_kart_root.polymsh_detached25_1-normals-array" stride="3">
                            <param name="X" type="float"/>
                            <param name="Y" type="float"/>
                            <param name="Z" type="float"/>
                        </accessor>
                    </technique_common>
                </source>
                <source id="spe03_kart_root.polymsh_detached25_1-tex0" name="spe03_kart_root.polymsh_detached25_1-tex0">
                    <float_array id="spe03_kart_root.polymsh_detached25_1-tex0-array" count="398"> 0.835269988 0.931451023 0.813138008 0.922692001 0.797968984 0.995791018 0.821928024 0.99575299 0.873269022 0.876940012 0.856334984 0.860719979 0.930132985 0.840519011 0.920979023 0.81931299 0.997207999 0.827727973 0.997235 0.804733992 0.930132985 0.840515018 0.920979023 0.819311976 0.997235 0.804732978 0.997207999 0.827724993 0.873269022 0.876936972 0.856334984 0.860719025 0.835269988 0.931447983 0.813138008 0.922690988 0.821928024 0.99575001 0.797968984 0.995790005 0.835269988 0.931447983 0.813140988 0.922690988 0.797972023 0.995790005 0.873269022 0.876936972 0.856337011 0.860719025 0.930132985 0.840515018 0.920982003 0.819311976 0.997207999 0.827724993 0.99723798 0.804732978 0.930132985 0.840519011 0.920982003 0.81931299 0.99723798 0.804733992 0.997207999 0.827727973 0.873269022 0.876940012 0.856337011 0.860719979 0.835269988 0.931451023 0.813140988 0.922692001 0.797972023 0.995791018 0.750485003 0.809198022 0.750485003 0.844431996 0.776166022 0.81951803 0.776166022 0.849388003 0.801846981 0.844431996 0.776166022 0.869346976 0.80971998 0.862872005 0.78450799 0.995773017 0.800740004 0.917746007 0.997259974 0.862007976 0.997241974 0.891782999 0.955718994 0.899699986 0.94382 0.872189999 0.997268021 0.921697974 0.967673004 0.927340984 0.997276008 0.956607997 0.981613994 0.959594011 0.997276008 0.995839 0.776166022 0.784283996 0.739848018 0.784283996 0.714166999 0.809198022 0.838164985 0.844431996 0.823616982 0.830318987 0.846839011 0.851597011 0.920517027 0.922246993 0.898553014 0.901189029 0.942584991 0.943409979 0.968335986 0.968097985 0.838163972 0.809198022 0.801846027 0.809198022 0.857170999 0.816835999 0.915820003 0.807398021 0.896996021 0.95599103 0.868300974 0.944588006 0.925819993 0.967459977 0.959464014 0.98082602 0.750485003 0.759370029 0.714166999 0.759370029 0.863844991 0.784283996 0.843272984 0.784283996 0.997223973 0.791876972 0.88873601 0.995793998 0.857662976 0.995781004 0.919933975 0.995827973 0.956349015 0.995839 0.776166022 0.749050021 0.750485003 0.724135995 0.838163972 0.759370029 0.812484026 0.784283996 0.857170999 0.751733005 0.915820003 0.807398021 0.896996021 0.95599103 0.868300974 0.944588006 0.925819993 0.967459977 0.959464014 0.98082602 0.801846027 0.759370029 0.801846981 0.724135995 0.838164985 0.724135995 0.823616982 0.738249004 0.846839011 0.851597011 0.920517027 0.922246993 0.898553014 0.901189029 0.942584991 0.943409979 0.968335986 0.968098998 0.80971998 0.705697 0.800740004 0.917746007 0.955718994 0.899699986 0.94382 0.872189999 0.967673004 0.927340984 0.981613994 0.959594011 0.776166022 0.699222028 0.776166022 0.719179988 0.78450799 0.995773971 0.997241974 0.891782999 0.997259974 0.862007976 0.997268021 0.921697974 0.997276008 0.956607997 0.742613018 0.705697 0.784511983 0.995773971 0.800743997 0.917746007 0.997255981 0.862007976 0.955718994 0.899699986 0.943817019 0.872189999 0.967673004 0.927340984 0.981613994 0.959594011 0.714168012 0.724135995 0.728713989 0.738249004 0.846841991 0.851597011 0.920517027 0.922246993 0.89854902 0.901189029 0.942584991 0.943409979 0.968335986 0.968098998 0.695160985 0.751733005 0.915823996 0.807398021 0.896996021 0.95599103 0.868296981 0.944588006 0.925819993 0.967459977 0.959465027 0.98082602 0.709059 0.784283996 0.728713989 0.830318987 0.688486993 0.784283996 0.997228026 0.791876972 0.88873601 0.995793998 0.857658982 0.995781004 0.919933975 0.995827973 0.956349015 0.995839 0.695160985 0.816835999 0.915823996 0.807398021 0.896996021 0.95599103 0.868296981 0.944588006 0.925819993 0.967459977 0.959465027 0.98082602 0.714168012 0.844431996 0.846841991 0.851597011 0.920517027 0.922246993 0.89854902 0.901189029 0.942584991 0.943409979 0.968335986 0.968097985 0.742613018 0.862872005 0.800743997 0.917746007 0.955718994 0.899699986 0.943817019 0.872189999 0.967673004 0.927340984 0.981613994 0.959594011 0.784511983 0.995773017 0.997255981 0.862007976 0.938181996 0.859080017 0.997205973 0.847820997 0.888089001 0.891155005 0.854653001 0.939157009 0.842899024 0.995779991 0.854653001 0.939155996 0.888089001 0.891153991 0.938181996 0.859080017 0.997205973 0.847819984 0.938178003 0.859080017 0.997201979 0.847819984 0.888085008 0.891153991 0.854649007 0.939155996 0.842894971 0.995779991 0.854649007 0.939157009 0.888085008 0.891155005 0.938178003 0.859080017 0.997201979 0.847820997 0.842894971 0.995779991 0.854653001 0.939157009 0.888085008 0.891153991 0.938181996 0.859080017 0.997205973 0.847819984 0.938181996 0.859080017 0.854653001 0.939157009 0.842894971 0.995779991 0.842891991 0.995779991 0.854649007 0.939157009 0.888082027 0.891153991 0.938179016 0.859080017 0.997202992 0.847819984 0.938179016 0.859080017 0.888082027 0.891153991 0.854649007 0.939157009 0.842891991 0.995779991 </float_array>
                    <technique_common>
                        <accessor count="199" offset="0" source="#spe03_kart_root.polymsh_detached25_1-tex0-array" stride="2">
                            <param name="S" type="float"/>
                            <param name="T" type="float"/>
                        </accessor>
                    </technique_common>
                </source>
                <source id="spe03_kart_root.polymsh_detached25_1-tex1" name="spe03_kart_root.polymsh_detached25_1-tex1">
                    <float_array id="spe03_kart_root.polymsh_detached25_1-tex1-array" count="398"> 0.835269988 0.931451023 0.813138008 0.922692001 0.797968984 0.995791018 0.821928024 0.99575299 0.873269022 0.876940012 0.856334984 0.860719979 0.930132985 0.840519011 0.920979023 0.81931299 0.997207999 0.827727973 0.997235 0.804733992 0.930132985 0.840515018 0.920979023 0.819311976 0.997235 0.804732978 0.997207999 0.827724993 0.873269022 0.876936972 0.856334984 0.860719025 0.835269988 0.931447983 0.813138008 0.922690988 0.821928024 0.99575001 0.797968984 0.995790005 0.835269988 0.931447983 0.813140988 0.922690988 0.797972023 0.995790005 0.873269022 0.876936972 0.856337011 0.860719025 0.930132985 0.840515018 0.920982003 0.819311976 0.997207999 0.827724993 0.99723798 0.804732978 0.930132985 0.840519011 0.920982003 0.81931299 0.99723798 0.804733992 0.997207999 0.827727973 0.873269022 0.876940012 0.856337011 0.860719979 0.835269988 0.931451023 0.813140988 0.922692001 0.797972023 0.995791018 0.750485003 0.809198022 0.750485003 0.844431996 0.776166022 0.81951803 0.776166022 0.849388003 0.801846981 0.844431996 0.776166022 0.869346976 0.80971998 0.862872005 0.78450799 0.995773017 0.800740004 0.917746007 0.997259974 0.862007976 0.997241974 0.891782999 0.955718994 0.899699986 0.94382 0.872189999 0.997268021 0.921697974 0.967673004 0.927340984 0.997276008 0.956607997 0.981613994 0.959594011 0.997276008 0.995839 0.776166022 0.784283996 0.739848018 0.784283996 0.714166999 0.809198022 0.838164985 0.844431996 0.823616982 0.830318987 0.846839011 0.851597011 0.920517027 0.922246993 0.898553014 0.901189029 0.942584991 0.943409979 0.968335986 0.968097985 0.838163972 0.809198022 0.801846027 0.809198022 0.857170999 0.816835999 0.915820003 0.807398021 0.896996021 0.95599103 0.868300974 0.944588006 0.925819993 0.967459977 0.959464014 0.98082602 0.750485003 0.759370029 0.714166999 0.759370029 0.863844991 0.784283996 0.843272984 0.784283996 0.997223973 0.791876972 0.88873601 0.995793998 0.857662976 0.995781004 0.919933975 0.995827973 0.956349015 0.995839 0.776166022 0.749050021 0.750485003 0.724135995 0.838163972 0.759370029 0.812484026 0.784283996 0.857170999 0.751733005 0.915820003 0.807398021 0.896996021 0.95599103 0.868300974 0.944588006 0.925819993 0.967459977 0.959464014 0.98082602 0.801846027 0.759370029 0.801846981 0.724135995 0.838164985 0.724135995 0.823616982 0.738249004 0.846839011 0.851597011 0.920517027 0.922246993 0.898553014 0.901189029 0.942584991 0.943409979 0.968335986 0.968098998 0.80971998 0.705697 0.800740004 0.917746007 0.955718994 0.899699986 0.94382 0.872189999 0.967673004 0.927340984 0.981613994 0.959594011 0.776166022 0.699222028 0.776166022 0.719179988 0.78450799 0.995773971 0.997241974 0.891782999 0.997259974 0.862007976 0.997268021 0.921697974 0.997276008 0.956607997 0.742613018 0.705697 0.784511983 0.995773971 0.800743997 0.917746007 0.997255981 0.862007976 0.955718994 0.899699986 0.943817019 0.872189999 0.967673004 0.927340984 0.981613994 0.959594011 0.714168012 0.724135995 0.728713989 0.738249004 0.846841991 0.851597011 0.920517027 0.922246993 0.89854902 0.901189029 0.942584991 0.943409979 0.968335986 0.968098998 0.695160985 0.751733005 0.915823996 0.807398021 0.896996021 0.95599103 0.868296981 0.944588006 0.925819993 0.967459977 0.959465027 0.98082602 0.709059 0.784283996 0.728713989 0.830318987 0.688486993 0.784283996 0.997228026 0.791876972 0.88873601 0.995793998 0.857658982 0.995781004 0.919933975 0.995827973 0.956349015 0.995839 0.695160985 0.816835999 0.915823996 0.807398021 0.896996021 0.95599103 0.868296981 0.944588006 0.925819993 0.967459977 0.959465027 0.98082602 0.714168012 0.844431996 0.846841991 0.851597011 0.920517027 0.922246993 0.89854902 0.901189029 0.942584991 0.943409979 0.968335986 0.968097985 0.742613018 0.862872005 0.800743997 0.917746007 0.955718994 0.899699986 0.943817019 0.872189999 0.967673004 0.927340984 0.981613994 0.959594011 0.784511983 0.995773017 0.997255981 0.862007976 0.938181996 0.859080017 0.997205973 0.847820997 0.888089001 0.891155005 0.854653001 0.939157009 0.842899024 0.995779991 0.854653001 0.939155996 0.888089001 0.891153991 0.938181996 0.859080017 0.997205973 0.847819984 0.938178003 0.859080017 0.997201979 0.847819984 0.888085008 0.891153991 0.854649007 0.939155996 0.842894971 0.995779991 0.854649007 0.939157009 0.888085008 0.891155005 0.938178003 0.859080017 0.997201979 0.847820997 0.842894971 0.995779991 0.854653001 0.939157009 0.888085008 0.891153991 0.938181996 0.859080017 0.997205973 0.847819984 0.938181996 0.859080017 0.854653001 0.939157009 0.842894971 0.995779991 0.842891991 0.995779991 0.854649007 0.939157009 0.888082027 0.891153991 0.938179016 0.859080017 0.997202992 0.847819984 0.938179016 0.859080017 0.888082027 0.891153991 0.854649007 0.939157009 0.842891991 0.995779991 </float_array>
                    <technique_common>
                        <accessor count="199" offset="0" source="#spe03_kart_root.polymsh_detached25_1-tex1-array" stride="2">
                            <param name="S" type="float"/>
                            <param name="T" type="float"/>
                        </accessor>
                    </technique_common>
                </source>
                <source id="spe03_kart_root.polymsh_detached25_1-tex2" name="spe03_kart_root.polymsh_detached25_1-tex2">
                    <float_array id="spe03_kart_root.polymsh_detached25_1-tex2-array" count="398"> 0.835269988 0.931451023 0.813138008 0.922692001 0.797968984 0.995791018 0.821928024 0.99575299 0.873269022 0.876940012 0.856334984 0.860719979 0.930132985 0.840519011 0.920979023 0.81931299 0.997207999 0.827727973 0.997235 0.804733992 0.930132985 0.840515018 0.920979023 0.819311976 0.997235 0.804732978 0.997207999 0.827724993 0.873269022 0.876936972 0.856334984 0.860719025 0.835269988 0.931447983 0.813138008 0.922690988 0.821928024 0.99575001 0.797968984 0.995790005 0.835269988 0.931447983 0.813140988 0.922690988 0.797972023 0.995790005 0.873269022 0.876936972 0.856337011 0.860719025 0.930132985 0.840515018 0.920982003 0.819311976 0.997207999 0.827724993 0.99723798 0.804732978 0.930132985 0.840519011 0.920982003 0.81931299 0.99723798 0.804733992 0.997207999 0.827727973 0.873269022 0.876940012 0.856337011 0.860719979 0.835269988 0.931451023 0.813140988 0.922692001 0.797972023 0.995791018 0.750485003 0.809198022 0.750485003 0.844431996 0.776166022 0.81951803 0.776166022 0.849388003 0.801846981 0.844431996 0.776166022 0.869346976 0.80971998 0.862872005 0.78450799 0.995773017 0.800740004 0.917746007 0.997259974 0.862007976 0.997241974 0.891782999 0.955718994 0.899699986 0.94382 0.872189999 0.997268021 0.921697974 0.967673004 0.927340984 0.997276008 0.956607997 0.981613994 0.959594011 0.997276008 0.995839 0.776166022 0.784283996 0.739848018 0.784283996 0.714166999 0.809198022 0.838164985 0.844431996 0.823616982 0.830318987 0.846839011 0.851597011 0.920517027 0.922246993 0.898553014 0.901189029 0.942584991 0.943409979 0.968335986 0.968097985 0.838163972 0.809198022 0.801846027 0.809198022 0.857170999 0.816835999 0.915820003 0.807398021 0.896996021 0.95599103 0.868300974 0.944588006 0.925819993 0.967459977 0.959464014 0.98082602 0.750485003 0.759370029 0.714166999 0.759370029 0.863844991 0.784283996 0.843272984 0.784283996 0.997223973 0.791876972 0.88873601 0.995793998 0.857662976 0.995781004 0.919933975 0.995827973 0.956349015 0.995839 0.776166022 0.749050021 0.750485003 0.724135995 0.838163972 0.759370029 0.812484026 0.784283996 0.857170999 0.751733005 0.915820003 0.807398021 0.896996021 0.95599103 0.868300974 0.944588006 0.925819993 0.967459977 0.959464014 0.98082602 0.801846027 0.759370029 0.801846981 0.724135995 0.838164985 0.724135995 0.823616982 0.738249004 0.846839011 0.851597011 0.920517027 0.922246993 0.898553014 0.901189029 0.942584991 0.943409979 0.968335986 0.968098998 0.80971998 0.705697 0.800740004 0.917746007 0.955718994 0.899699986 0.94382 0.872189999 0.967673004 0.927340984 0.981613994 0.959594011 0.776166022 0.699222028 0.776166022 0.719179988 0.78450799 0.995773971 0.997241974 0.891782999 0.997259974 0.862007976 0.997268021 0.921697974 0.997276008 0.956607997 0.742613018 0.705697 0.784511983 0.995773971 0.800743997 0.917746007 0.997255981 0.862007976 0.955718994 0.899699986 0.943817019 0.872189999 0.967673004 0.927340984 0.981613994 0.959594011 0.714168012 0.724135995 0.728713989 0.738249004 0.846841991 0.851597011 0.920517027 0.922246993 0.89854902 0.901189029 0.942584991 0.943409979 0.968335986 0.968098998 0.695160985 0.751733005 0.915823996 0.807398021 0.896996021 0.95599103 0.868296981 0.944588006 0.925819993 0.967459977 0.959465027 0.98082602 0.709059 0.784283996 0.728713989 0.830318987 0.688486993 0.784283996 0.997228026 0.791876972 0.88873601 0.995793998 0.857658982 0.995781004 0.919933975 0.995827973 0.956349015 0.995839 0.695160985 0.816835999 0.915823996 0.807398021 0.896996021 0.95599103 0.868296981 0.944588006 0.925819993 0.967459977 0.959465027 0.98082602 0.714168012 0.844431996 0.846841991 0.851597011 0.920517027 0.922246993 0.89854902 0.901189029 0.942584991 0.943409979 0.968335986 0.968097985 0.742613018 0.862872005 0.800743997 0.917746007 0.955718994 0.899699986 0.943817019 0.872189999 0.967673004 0.927340984 0.981613994 0.959594011 0.784511983 0.995773017 0.997255981 0.862007976 0.938181996 0.859080017 0.997205973 0.847820997 0.888089001 0.891155005 0.854653001 0.939157009 0.842899024 0.995779991 0.854653001 0.939155996 0.888089001 0.891153991 0.938181996 0.859080017 0.997205973 0.847819984 0.938178003 0.859080017 0.997201979 0.847819984 0.888085008 0.891153991 0.854649007 0.939155996 0.842894971 0.995779991 0.854649007 0.939157009 0.888085008 0.891155005 0.938178003 0.859080017 0.997201979 0.847820997 0.842894971 0.995779991 0.854653001 0.939157009 0.888085008 0.891153991 0.938181996 0.859080017 0.997205973 0.847819984 0.938181996 0.859080017 0.854653001 0.939157009 0.842894971 0.995779991 0.842891991 0.995779991 0.854649007 0.939157009 0.888082027 0.891153991 0.938179016 0.859080017 0.997202992 0.847819984 0.938179016 0.859080017 0.888082027 0.891153991 0.854649007 0.939157009 0.842891991 0.995779991 </float_array>
                    <technique_common>
                        <accessor count="199" offset="0" source="#spe03_kart_root.polymsh_detached25_1-tex2-array" stride="2">
                            <param name="S" type="float"/>
                            <param name="T" type="float"/>
                        </accessor>
                    </technique_common>
                </source>
                <source id="spe03_kart_root.polymsh_detached25_1-color0" name="spe03_kart_root.polymsh_detached25_1-color0">
                    <float_array id="spe03_kart_root.polymsh_detached25_1-color0-array" count="597"> 1 1 1 1 1 1 1 1 1 1 1 1 1 1 1 1 1 1 1 1 1 1 1 1 1 1 1 1 1 1 1 1 1 1 1 1 1 1 1 1 1 1 1 1 1 1 1 1 1 1 1 1 1 1 1 1 1 1 1 1 1 1 1 1 1 1 1 1 1 1 1 1 1 1 1 1 1 1 1 1 1 1 1 1 1 1 1 1 1 1 1 1 1 1 1 1 1 1 1 1 1 1 1 1 1 1 1 1 1 1 1 1 1 1 1 1 1 1 1 1 1 1 1 1 1 1 1 1 1 1 1 1 1 1 1 1 1 1 1 1 1 1 1 1 1 1 1 1 1 1 1 1 1 1 1 1 1 1 1 1 1 1 1 1 1 1 1 1 1 1 1 1 1 1 1 1 1 1 1 1 1 1 1 1 1 1 1 1 1 1 1 1 1 1 1 1 1 1 1 1 1 1 1 1 1 1 1 1 1 1 1 1 1 1 1 1 1 1 1 1 1 1 1 1 1 1 1 1 1 1 1 1 1 1 1 1 1 1 1 1 1 1 1 1 1 1 1 1 1 1 1 1 1 1 1 1 1 1 1 1 1 1 1 1 1 1 1 1 1 1 1 1 1 1 1 1 1 1 1 1 1 1 1 1 1 1 1 1 1 1 1 1 1 1 1 1 1 1 1 1 1 1 1 1 1 1 1 1 1 1 1 1 1 1 1 1 1 1 1 1 1 1 1 1 1 1 1 1 1 1 1 1 1 1 1 1 1 1 1 1 1 1 1 1 1 1 1 1 1 1 1 1 1 1 1 1 1 1 1 1 1 1 1 1 1 1 1 1 1 1 1 1 1 1 1 1 1 1 1 1 1 1 1 1 1 1 1 1 1 1 1 1 1 1 1 1 1 1 1 1 1 1 1 1 1 1 1 1 1 1 1 1 1 1 1 1 1 1 1 1 1 1 1 1 1 1 1 1 1 1 1 1 1 1 1 1 1 1 1 1 1 1 1 1 1 1 1 1 1 1 1 1 1 1 1 1 1 1 1 1 1 1 1 1 1 1 1 1 1 1 1 1 1 1 1 1 1 1 1 1 1 1 1 1 1 1 1 1 1 1 1 1 1 1 1 1 1 1 1 1 1 1 1 1 1 1 1 1 1 1 1 1 1 1 1 1 1 1 1 1 1 1 1 1 1 1 1 1 1 1 1 1 1 1 1 1 1 1 1 1 1 1 1 1 1 1 1 1 1 1 1 1 1 1 1 1 1 1 1 1 1 1 1 1 1 1 1 1 1 1 1 1 1 1 1 1 1 1 1 1 1 1 1 1 1 1 1 1 1 1 1 1 1 1 1 1 1 </float_array>
                    <technique_common>
                        <accessor count="199" offset="0" source="#spe03_kart_root.polymsh_detached25_1-color0-array" stride="3">
                            <param name="R" type="float"/>
                            <param name="G" type="float"/>
                            <param name="B" type="float"/>
                        </accessor>
                    </technique_common>
                </source>
                <vertices id="spe03_kart_root.polymsh_detached25_1-vertices">
                    <input semantic="POSITION" source="#spe03_kart_root.polymsh_detached25_1-positions"/>
                </vertices>
                <triangles count="304" material="defaultMaterial">
                    <input offset="0" semantic="VERTEX" source="#spe03_kart_root.polymsh_detached25_1-vertices"/>
                    <input offset="0" semantic="NORMAL" source="#spe03_kart_root.polymsh_detached25_1-normals"/>
                    <input offset="1" semantic="TEXCOORD" source="#spe03_kart_root.polymsh_detached25_1-tex0" set="0"/>
                    <input offset="1" semantic="TEXCOORD" source="#spe03_kart_root.polymsh_detached25_1-tex1" set="1"/>
                    <input offset="1" semantic="TEXCOORD" source="#spe03_kart_root.polymsh_detached25_1-tex2" set="2"/>
                    <input offset="0" semantic="COLOR" source="#spe03_kart_root.polymsh_detached25_1-color0" set="0"/>
                    <p>0 0 1 1 2 2 0 0 2 2 3 3 4 4 5 5 1 1 4 4 1 1 0 0 6 6 7 7 5 5 6 6 5 5 4 4 8 8 9 9 7 7 8 8 7 7 6 6 10 10 11 11 9 12 10 10 9 12 8 13 14 14 15 15 11 11 14 14 11 11 10 10 16 16 17 17 15 15 16 16 15 15 14 14 18 18 19 19 17 17 18 18 17 17 16 16 20 20 21 21 19 22 20 20 19 22 18 18 23 23 24 24 21 21 23 23 21 21 20 20 25 25 26 26 24 24 25 25 24 24 23 23 27 27 28 28 26 26 27 27 26 26 25 25 29 29 30 30 28 31 29 29 28 31 27 32 33 33 34 34 30 30 33 33 30 30 29 29 35 35 36 36 34 34 35 35 34 34 33 33 3 3 2 37 36 36 3 3 36 36 35 35 38 38 39 39 40 40 41 41 42 42 40 40 41 41 43 43 44 44 41 41 44 44 42 42 45 45 2 2 1 1 45 45 1 1 46 46 47 47 48 48 49 49 47 47 49 49 50 50 48 48 51 51 52 52 48 48 52 52 49 49 51 51 53 53 54 54 51 51 54 54 52 52 55 55 54 54 53 53 56 56 38 38 40 40 57 57 58 58 38 38 42 42 44 44 59 59 42 42 59 59 60 60 46 46 1 1 5 5 46 46 5 5 61 61 50 50 49 49 62 62 50 50 62 62 63 63 49 49 52 52 64 64 49 49 64 64 62 62 52 52 54 54 65 65 52 52 65 65 64 64 55 55 65 65 54 54 57 57 38 38 56 56 60 60 66 66 67 67 60 60 59 59 68 68 60 60 68 68 66 66 61 61 5 5 7 7 61 61 7 7 69 69 63 63 62 62 70 70 63 63 70 70 71 71 62 62 64 64 72 72 62 62 72 72 70 70 64 64 65 65 73 73 64 64 73 73 72 72 55 55 73 73 65 65 74 74 75 75 57 57 74 74 57 57 56 56 66 66 68 68 76 76 66 66 76 76 77 77 69 69 7 7 9 9 69 69 9 9 78 78 71 71 70 70 79 79 71 71 79 79 80 80 70 70 72 72 81 81 70 70 81 81 79 79 72 72 73 73 82 82 72 72 82 82 81 81 55 55 82 82 73 73 83 83 84 84 74 74 77 77 85 85 86 86 77 77 76 76 87 87 77 77 87 87 85 85 78 78 9 12 11 11 78 78 11 11 88 88 80 80 79 79 89 89 80 80 89 89 90 90 79 79 81 81 91 91 79 79 91 91 89 89 81 81 82 82 92 92 81 81 92 92 91 91 55 55 92 92 82 82 83 83 74 74 56 56 93 93 94 94 83 83 85 85 87 87 95 95 85 85 95 95 96 96 88 88 11 11 15 15 88 88 15 15 97 97 90 90 89 89 98 98 90 90 98 98 99 99 89 89 91 91 100 100 89 89 100 100 98 98 91 91 92 92 101 101 91 91 101 101 100 100 55 55 101 101 92 92 93 93 83 83 56 56 96 96 94 94 93 93 96 96 95 95 102 102 96 96 102 102 94 94 97 97 15 15 17 17 97 97 17 17 103 103 99 99 98 98 104 104 99 99 104 104 105 105 98 98 100 100 106 106 98 98 106 106 104 104 100 100 101 101 107 107 100 100 107 107 106 106 55 55 107 107 101 101 86 86 85 85 93 93 86 86 93 93 56 56 94 94 102 102 108 108 94 94 108 108 109 109 103 103 17 17 19 19 103 103 19 19 110 110 105 105 104 104 111 111 105 105 111 111 112 112 104 104 106 106 113 113 104 104 113 113 111 111 106 106 107 107 114 114 106 106 114 114 113 113 55 55 114 114 107 107 67 67 66 66 86 86 109 109 84 84 83 83 109 109 108 108 115 115 109 109 115 115 84 84 110 116 19 22 21 21 110 116 21 21 117 117 112 118 111 111 119 119 112 118 119 119 120 120 111 111 113 113 121 121 111 111 121 121 119 119 113 113 114 114 122 122 113 113 122 122 121 121 55 55 122 122 114 114 67 67 86 86 56 56 40 40 42 42 67 67 84 84 115 115 123 123 84 84 123 123 124 124 117 117 21 21 24 24 117 117 24 24 125 125 120 120 119 119 126 126 120 120 126 126 127 127 119 119 121 121 128 128 119 119 128 128 126 126 121 121 122 122 129 129 121 121 129 129 128 128 55 55 129 129 122 122 67 67 56 56 40 40 124 124 75 75 74 74 124 124 123 123 130 130 124 124 130 130 75 75 125 125 24 24 26 26 125 125 26 26 131 131 127 127 126 126 132 132 127 127 132 132 133 133 126 126 128 128 134 134 126 126 134 134 132 132 128 128 129 129 135 135 128 128 135 135 134 134 55 55 135 135 129 129 57 57 75 75 136 136 38 38 58 58 137 137 75 75 130 130 138 138 75 75 138 138 136 136 131 131 26 26 28 28 131 131 28 28 139 139 133 133 132 132 140 140 133 133 140 140 141 141 132 132 134 134 142 142 132 132 142 142 140 140 134 134 135 135 143 143 134 134 143 143 142 142 55 55 143 143 135 135 40 40 39 39 41 41 136 136 58 58 57 57 136 136 138 138 144 144 136 136 144 144 58 58 139 139 28 31 30 30 139 139 30 30 145 145 141 141 140 140 146 146 141 141 146 146 147 147 140 140 142 142 148 148 140 140 148 148 146 146 142 142 143 143 149 149 142 142 149 149 148 148 55 55 149 149 143 143 67 67 42 42 60 60 86 86 66 66 77 77 58 58 144 144 150 150 58 58 150 150 137 137 145 145 30 30 34 34 145 145 34 34 151 151 147 147 146 146 152 152 147 147 152 152 153 153 146 146 148 148 154 154 146 146 154 154 152 152 148 148 149 149 155 155 148 148 155 155 154 154 55 55 155 155 149 149 93 93 85 85 96 96 137 137 39 39 38 38 137 137 150 150 156 156 137 137 156 156 39 39 151 151 34 34 36 36 151 151 36 36 157 157 153 153 152 152 158 158 153 153 158 158 159 159 152 152 154 154 160 160 152 152 160 160 158 158 154 154 155 155 161 161 154 154 161 161 160 160 55 55 161 161 155 155 83 83 94 94 109 109 74 74 84 84 124 124 39 39 156 156 43 43 39 39 43 43 41 41 157 157 36 36 2 37 157 157 2 37 45 162 159 159 158 158 48 48 159 159 48 48 47 163 158 158 160 160 51 51 158 158 51 51 48 48 160 160 161 161 53 53 160 160 53 53 51 51 55 55 53 53 161 161 50 50 164 164 165 165 50 50 165 165 47 47 63 63 166 166 164 164 63 63 164 164 50 50 71 71 167 167 166 166 71 71 166 166 63 63 80 80 168 168 167 167 80 80 167 167 71 71 90 90 169 169 168 168 90 90 168 168 80 80 99 99 170 170 169 169 99 99 169 169 90 90 105 105 171 171 170 170 105 105 170 170 99 99 112 112 172 172 171 171 112 112 171 171 105 105 120 120 173 173 172 174 120 120 172 174 112 118 127 127 175 175 173 173 127 127 173 173 120 120 133 133 176 176 175 175 133 133 175 175 127 127 141 141 177 177 176 176 141 141 176 176 133 133 147 147 178 178 177 177 147 147 177 177 141 141 153 153 179 179 178 178 153 153 178 178 147 147 159 159 180 180 179 179 159 159 179 179 153 153 47 163 165 181 180 180 47 163 180 180 159 159 165 182 3 3 35 35 165 182 35 35 180 183 180 183 35 35 33 33 180 183 33 33 179 184 179 184 33 33 29 29 179 184 29 29 178 185 178 185 29 29 27 32 178 185 27 32 177 186 177 186 27 27 25 25 177 186 25 25 176 187 176 187 25 25 23 23 176 187 23 23 175 175 175 175 23 23 20 20 175 175 20 20 173 188 173 188 20 20 18 18 173 188 18 18 172 189 172 190 18 18 16 16 172 190 16 16 171 191 171 191 16 16 14 14 171 191 14 14 170 192 170 192 14 14 10 10 170 192 10 10 169 193 169 193 10 10 8 13 169 193 8 13 168 194 168 194 8 8 6 6 168 194 6 6 167 195 167 195 6 6 4 4 167 195 4 4 166 196 166 196 4 4 0 0 166 196 0 0 164 197 164 197 0 0 3 3 164 197 3 3 165 198</p>
                </triangles>
            </mesh>
        </geometry>
        <geometry id="spe03_kart_root.polymsh_1" name="spe03_kart_root.polymsh">
            <mesh>
                <source id="spe03_kart_root.polymsh_1-positions" name="spe03_kart_root.polymsh_1-positions">
                    <float_array id="spe03_kart_root.polymsh_1-positions-array" count="2769"> -4.56140995 2.47088599 5.4494462 -4.45395422 4.0355792 5.38034105 -4.59580088 4.0355792 4.8325572 -4.6933322 2.47105098 4.80279398 -4.54242897 2.10326695 5.38554478 -4.68427706 2.10326695 4.83776093 -4.61754704 1.95341694 5.09545708 -4.43895102 4.24644899 5.05393887 -4.45395422 4.0355792 5.38034105 -4.17381907 4.1931572 5.29341221 -4.50586796 4.1854291 5.07431889 -4.29920578 4.02594805 5.43089008 -4.50586796 4.1854291 5.07431889 -4.59580088 4.0355792 4.8325572 -4.56140995 2.47088599 5.4494462 -4.3853178 2.02247691 5.39269876 -4.54242897 2.10326695 5.38554478 -4.47230101 1.86863005 5.04339504 -4.61754704 1.95341694 5.09545708 -4.5821619 2.00548506 4.76697683 -4.68427706 2.10326695 4.83776093 -4.6933322 2.47105098 4.80279398 -4.66862202 2.47105098 4.75561523 -4.21375895 2.470891 5.48333979 -4.19243622 2.00559497 5.37162018 -4.30985785 1.87131596 5.03910112 -4.30775785 4.26013088 5.05102587 -4.49280977 4.01869917 4.77302122 -4.1070261 4.02594805 5.42333889 -4.38220978 2.470891 5.48367214 -4.32450914 4.28950787 -3.40751004 -4.21367502 4.23388481 -3.59270597 -4.480968 4.27753019 -3.40818191 -4.64051199 2.03667688 -3.0604949 -4.72177601 2.09357405 -3.18159604 -4.509799 1.89971101 -3.38722897 -4.35017204 4.05703211 -3.77150989 -4.60767508 2.50196695 -3.79328108 -4.4959712 4.06665993 -3.73458409 -4.57992792 2.09357405 -3.72937989 -4.42281723 2.05355811 -3.73653412 -4.55006695 4.04696178 -3.10738802 -4.63781786 4.06665993 -3.1868 -4.72273779 2.50223994 -3.11164093 -4.24868202 2.03669 -3.65743208 -4.24601221 2.50197196 -3.82717395 -4.65504599 1.94372404 -3.43929195 -4.33413792 1.90210295 -3.38803911 -4.55405283 4.21650982 -3.42856193 -4.15738916 4.05578899 -3.71051788 -4.41970778 2.50197196 -3.82750607 -4.72177601 2.09357405 -3.18159604 -4.57992792 2.09357405 -3.72937989 -4.65504599 1.94372404 -3.43929195 -4.72273779 2.50223994 -3.11164093 -4.60767508 2.50196695 -3.79328108 -4.63781786 4.06665993 -3.1868 -4.4959712 4.06665993 -3.73458409 -4.55405283 4.21650982 -3.42856193 4.56140995 2.47088599 5.4494462 4.6933322 2.47105098 4.80279398 4.59580088 4.0355792 4.8325572 4.45395422 4.0355792 5.38034105 4.54242897 2.10326695 5.38554478 4.68427706 2.10326695 4.83776093 4.61754704 1.95341694 5.09545708 4.17381907 4.1931572 5.29341221 4.45395422 4.0355792 5.38034105 4.43895102 4.24644899 5.05393887 4.50586796 4.1854291 5.07431889 4.29920578 4.02594805 5.43089008 4.59580088 4.0355792 4.8325572 4.50586796 4.1854291 5.07431889 4.56140995 2.47088599 5.4494462 4.47230101 1.86863005 5.04339504 4.54242897 2.10326695 5.38554478 4.3853178 2.02247691 5.39269876 4.5821619 2.00548506 4.76697683 4.61754704 1.95341694 5.09545708 4.66862202 2.47105098 4.75561523 4.6933322 2.47105098 4.80279398 4.68427706 2.10326695 4.83776093 4.19243622 2.00559497 5.37162018 4.21375895 2.470891 5.48333979 4.30985785 1.87131596 5.03910112 4.49280977 4.01869917 4.77302122 4.30775785 4.26013088 5.05102587 4.1070261 4.02594805 5.42333889 4.38220978 2.470891 5.48367214 4.480968 4.27753019 -3.40818191 4.21367502 4.23388481 -3.59270597 4.32450914 4.28950787 -3.40751004 4.509799 1.89971101 -3.38722897 4.72177601 2.09357405 -3.18159604 4.64051199 2.03667688 -3.0604949 4.4959712 4.06665993 -3.73458409 4.60767508 2.50196695 -3.79328108 4.35017204 4.05703211 -3.77150989 4.42281723 2.05355811 -3.73653412 4.57992792 2.09357405 -3.72937989 4.63781786 4.06665993 -3.1868 4.55006695 4.04696178 -3.10738802 4.72273779 2.50223994 -3.11164093 4.24601221 2.50197196 -3.82717395 4.24868202 2.03669 -3.65743208 4.65504599 1.94372404 -3.43929195 4.33413792 1.90210295 -3.38803911 4.55405283 4.21650982 -3.42856193 4.15738916 4.05578899 -3.71051788 4.41970778 2.50197196 -3.82750607 4.65504599 1.94372404 -3.43929195 4.57992792 2.09357405 -3.72937989 4.72177601 2.09357405 -3.18159604 4.72273779 2.50223994 -3.11164093 4.60767508 2.50196695 -3.79328108 4.63781786 4.06665993 -3.1868 4.4959712 4.06665993 -3.73458409 4.55405283 4.21650982 -3.42856193 5.05712509 9.47337627 -7.58437395 4.94621277 9.87965584 -7.73902178 5.5451498 10.2579536 -6.23960018 4.94621277 9.87965584 -7.73902178 5.05712509 9.47337627 -7.58437395 4.81449795 9.40150356 -7.45153093 4.67428684 9.9152317 -7.64687204 4.67428684 9.9152317 -7.64687204 4.81449795 9.40150356 -7.45153093 4.69848919 9.63930511 -6.6966629 4.57697296 10.0845346 -6.86595821 4.54511595 9.87555027 -5.94747686 4.4266758 10.3095093 -6.11248589 4.38105679 10.1348724 -5.20779324 4.25954103 10.580102 -5.37708807 4.17963409 10.3926392 -4.47379017 4.03942299 10.9063673 -4.66912985 4.03942299 10.9063673 -4.66912985 4.17963409 10.3926392 -4.47379017 4.36231279 10.547946 -4.34771776 4.25071907 10.9568214 -4.50319004 4.25071907 10.9568214 -4.50319004 4.36231279 10.547946 -4.34771776 5.42244482 10.4495182 -5.66406679 5.38627481 9.18393707 -7.43229389 5.38627481 9.18393707 -7.43229389 5.23059988 9.0353651 -7.25983095 5.23059988 9.0353651 -7.25983095 5.05911016 9.3219862 -6.53052378 4.89660788 9.5662632 -5.78554201 4.74167824 9.81755447 -5.04165316 4.59573603 10.0265007 -4.28209019 4.59573603 10.0265007 -4.28209019 4.69348907 10.2565355 -4.19514418 4.69348907 10.2565355 -4.19514418 5.84546995 9.08889389 -7.32353306 5.84546995 9.08889389 -7.32353306 5.81109905 8.91492271 -7.123137 5.81109905 8.91492271 -7.123137 5.56220722 9.21760273 -6.41205502 5.42427778 9.4823761 -5.66184711 5.24477386 9.71317101 -4.92318487 5.17623377 9.90605831 -4.1453948 5.17623377 9.90605831 -4.1453948 5.15550709 10.160676 -4.08634901 5.15550709 10.160676 -4.08634901 6.31166792 9.21371174 -7.28723192 6.31166792 9.21371174 -7.28723192 6.4004488 9.07244873 -7.07807493 5.81109905 8.91492271 -7.123137 6.4004488 9.07244873 -7.07807493 6.07297611 9.35412502 -6.37300301 5.56220722 9.21760273 -6.41205502 5.88480997 9.59758854 -5.63200903 5.42427778 9.4823761 -5.66184711 5.75554323 9.8496933 -4.88413191 5.24477386 9.71317101 -4.92318487 5.70127201 10.0376072 -4.04589891 5.17623377 9.90605831 -4.1453948 5.70127201 10.0376072 -4.04589891 5.62457085 10.2860508 -4.05048513 5.62457085 10.2860508 -4.05048513 6.65995121 9.52494717 -7.33311892 6.65995121 9.52494717 -7.33311892 6.84073496 9.46573353 -7.13672113 6.84073496 9.46573353 -7.13672113 6.45455599 9.69497204 -6.42382908 6.25673199 9.92980766 -5.68154907 6.13712406 10.1905394 -4.93495798 6.14493799 10.4094734 -4.11629295 6.14493799 10.4094734 -4.11629295 5.97499514 10.5990677 -4.09716082 5.97499514 10.5990677 -4.09716082 6.79699802 9.93920422 -7.44889784 6.79699802 9.93920422 -7.44889784 7.0139842 9.98939991 -7.28336 7.0139842 9.98939991 -7.28336 6.6047039 10.1488132 -6.55091619 6.40307903 10.3721609 -5.80541801 6.28727198 10.6443806 -5.06204605 6.37911987 10.9805365 -4.30561876 6.37911987 10.9805365 -4.30561876 6.11288309 11.015852 -4.213871 6.11288309 11.015852 -4.213871 6.68608618 10.3454828 -7.6035471 6.68608618 10.3454828 -7.6035471 6.8737731 10.5031271 -7.47870111 6.8737731 10.5031271 -7.47870111 6.48318815 10.5940428 -6.72021103 6.28463888 10.8061209 -5.97042799 6.16575623 11.0896101 -5.23133993 6.23890781 11.4942627 -4.50095892 6.23890781 11.4942627 -4.50095892 6.00128889 11.4247284 -4.36934185 6.00128889 11.4247284 -4.36934185 6.35693598 10.634922 -7.75562716 6.35693598 10.634922 -7.75562716 6.45767021 10.8692656 -7.6704011 6.45767021 10.8692656 -7.6704011 6.12256718 10.9113617 -6.88635015 5.933146 11.1154079 -6.13236189 5.80513477 11.406929 -5.39748001 5.82280588 11.8604012 -4.69265985 5.82280588 11.8604012 -4.69265985 5.67011404 11.7161379 -4.52191591 5.67011404 11.7161379 -4.52191591 5.89773989 10.7299662 -7.86438799 5.89773989 10.7299662 -7.86438799 5.87717199 10.9897079 -7.807096 5.87717199 10.9897079 -7.807096 5.61947107 11.0157442 -7.00481796 5.44278383 11.2171478 -6.24783087 5.30203819 11.5113115 -5.51594782 5.24230814 11.9808435 -4.82935381 5.24230814 11.9808435 -4.82935381 5.20809507 11.8119974 -4.63071203 5.20809507 11.8119974 -4.63071203 5.43154287 10.6051483 -7.90068913 5.43154287 10.6051483 -7.90068913 5.28782177 10.8321819 -7.85215712 5.28782177 10.8321819 -7.85215712 5.10870218 10.8792219 -7.04387093 4.94494486 11.0840816 -6.28589487 4.77613688 11.4052391 -5.54215384 4.65295696 11.8233175 -4.87441492 4.65295696 11.8233175 -4.87441492 4.73903084 11.6866226 -4.66657591 4.73903084 11.6866226 -4.66657591 5.08326006 10.2939129 -7.85480213 5.08326006 10.2939129 -7.85480213 4.84753513 10.4388962 -7.79350996 4.84753513 10.4388962 -7.79350996 4.72712088 10.5383759 -6.99304485 4.57302284 10.7518625 -6.23635578 4.40968895 11.0339432 -5.50417423 4.2126708 11.4300318 -4.81577015 4.2126708 11.4300318 -4.81577015 4.38860703 11.3736067 -4.6198988 4.38860703 11.3736067 -4.6198988 4.75826883 8.68244934 -5.96064615 4.36406803 8.81427574 -5.66855383 4.53874397 8.97389507 -5.57667208 4.37235689 9.01813221 -5.4355998 4.61800814 9.17733669 -4.98347521 4.96793985 8.86662769 -6.03853798 5.40487194 8.67377567 -6.17235994 4.77156305 9.19370556 -5.64332199 5.02171087 9.37820435 -6.35907221 5.56220722 9.21760273 -6.41205502 5.04489183 9.62883091 -5.41826582 4.89660788 9.5662632 -5.78554201 4.94796324 9.42254829 -5.21476698 5.98655319 9.05710983 -5.48423386 6.02041578 9.86257553 -5.36599588 5.72944403 9.30128479 -5.04929209 6.25673199 9.92980766 -5.68154907 6.05520105 9.37712288 -6.30300713 6.25686502 9.72964382 -6.03014612 5.8270669 8.77004147 -5.92604494 4.91329288 9.06683254 -4.67620993 4.97867584 9.12086391 -4.76872778 5.29076815 9.47476387 -4.93122196 4.51481724 8.41258621 -5.88073683 5.29109383 9.65361595 -5.11379099 4.91329288 9.06683254 -4.67620993 5.20210505 8.69291496 -4.63306618 5.40471077 8.83691502 -4.79910707 4.97867584 9.12086391 -4.76872778 5.15005302 8.39886189 -6.04076099 4.80708122 8.10581684 -5.79721785 5.29076815 9.47476387 -4.93122196 5.79865599 9.76660728 -5.12880802 5.29109383 9.65361595 -5.11379099 5.54305887 8.33024216 -5.66927624 5.20330286 8.04220295 -5.34470701 5.29111481 8.27145767 -4.96373987 5.63137579 8.50783062 -5.18425989 -5.5451498 10.2579536 -6.23960018 -4.94621277 9.87965584 -7.73902178 -5.05712509 9.47337627 -7.58437395 -4.94621277 9.87965584 -7.73902178 -4.67428684 9.9152317 -7.64687204 -4.81449795 9.40150356 -7.45153093 -5.05712509 9.47337627 -7.58437395 -4.67428684 9.9152317 -7.64687204 -4.57697296 10.0845346 -6.86595821 -4.69848919 9.63930511 -6.6966629 -4.81449795 9.40150356 -7.45153093 -4.4266758 10.3095093 -6.11248589 -4.54511595 9.87555027 -5.94747686 -4.25954103 10.580102 -5.37708807 -4.38105679 10.1348724 -5.20779324 -4.03942299 10.9063673 -4.66912985 -4.17963409 10.3926392 -4.47379017 -4.03942299 10.9063673 -4.66912985 -4.25071907 10.9568214 -4.50319004 -4.36231279 10.547946 -4.34771776 -4.17963409 10.3926392 -4.47379017 -5.42244482 10.4495182 -5.66406679 -4.36231279 10.547946 -4.34771776 -4.25071907 10.9568214 -4.50319004 -5.38627481 9.18393707 -7.43229389 -5.23059988 9.0353651 -7.25983095 -5.38627481 9.18393707 -7.43229389 -5.05911016 9.3219862 -6.53052378 -5.23059988 9.0353651 -7.25983095 -4.89660788 9.5662632 -5.78554201 -4.74167824 9.81755447 -5.04165316 -4.59573603 10.0265007 -4.28209019 -4.69348907 10.2565355 -4.19514418 -4.59573603 10.0265007 -4.28209019 -4.69348907 10.2565355 -4.19514418 -5.84546995 9.08889389 -7.32353306 -5.81109905 8.91492271 -7.123137 -5.84546995 9.08889389 -7.32353306 -5.56220722 9.21760273 -6.41205502 -5.81109905 8.91492271 -7.123137 -5.42427778 9.4823761 -5.66184711 -5.24477386 9.71317101 -4.92318487 -5.17623377 9.90605831 -4.1453948 -5.15550709 10.160676 -4.08634901 -5.17623377 9.90605831 -4.1453948 -5.15550709 10.160676 -4.08634901 -6.31166792 9.21371174 -7.28723192 -6.4004488 9.07244873 -7.07807493 -6.31166792 9.21371174 -7.28723192 -5.81109905 8.91492271 -7.123137 -5.56220722 9.21760273 -6.41205502 -6.07297611 9.35412502 -6.37300301 -6.4004488 9.07244873 -7.07807493 -5.42427778 9.4823761 -5.66184711 -5.88480997 9.59758854 -5.63200903 -5.24477386 9.71317101 -4.92318487 -5.75554323 9.8496933 -4.88413191 -5.17623377 9.90605831 -4.1453948 -5.70127201 10.0376072 -4.04589891 -5.62457085 10.2860508 -4.05048513 -5.70127201 10.0376072 -4.04589891 -5.62457085 10.2860508 -4.05048513 -6.65995121 9.52494717 -7.33311892 -6.84073496 9.46573353 -7.13672113 -6.65995121 9.52494717 -7.33311892 -6.45455599 9.69497204 -6.42382908 -6.84073496 9.46573353 -7.13672113 -6.25673199 9.92980766 -5.68154907 -6.13712406 10.1905394 -4.93495798 -6.14493799 10.4094734 -4.11629295 -5.97499514 10.5990677 -4.09716082 -6.14493799 10.4094734 -4.11629295 -5.97499514 10.5990677 -4.09716082 -6.79699802 9.93920422 -7.44889784 -7.0139842 9.98939991 -7.28336 -6.79699802 9.93920422 -7.44889784 -6.6047039 10.1488132 -6.55091619 -7.0139842 9.98939991 -7.28336 -6.40307903 10.3721609 -5.80541801 -6.28727198 10.6443806 -5.06204605 -6.37911987 10.9805365 -4.30561876 -6.11288309 11.015852 -4.213871 -6.37911987 10.9805365 -4.30561876 -6.11288309 11.015852 -4.213871 -6.68608618 10.3454828 -7.6035471 -6.8737731 10.5031271 -7.47870111 -6.68608618 10.3454828 -7.6035471 -6.48318815 10.5940428 -6.72021103 -6.8737731 10.5031271 -7.47870111 -6.28463888 10.8061209 -5.97042799 -6.16575623 11.0896101 -5.23133993 -6.23890781 11.4942627 -4.50095892 -6.00128889 11.4247284 -4.36934185 -6.23890781 11.4942627 -4.50095892 -6.00128889 11.4247284 -4.36934185 -6.35693598 10.634922 -7.75562716 -6.45767021 10.8692656 -7.6704011 -6.35693598 10.634922 -7.75562716 -6.12256718 10.9113617 -6.88635015 -6.45767021 10.8692656 -7.6704011 -5.933146 11.1154079 -6.13236189 -5.80513477 11.406929 -5.39748001 -5.82280588 11.8604012 -4.69265985 -5.67011404 11.7161379 -4.52191591 -5.82280588 11.8604012 -4.69265985 -5.67011404 11.7161379 -4.52191591 -5.89773989 10.7299662 -7.86438799 -5.87717199 10.9897079 -7.807096 -5.89773989 10.7299662 -7.86438799 -5.61947107 11.0157442 -7.00481796 -5.87717199 10.9897079 -7.807096 -5.44278383 11.2171478 -6.24783087 -5.30203819 11.5113115 -5.51594782 -5.24230814 11.9808435 -4.82935381 -5.20809507 11.8119974 -4.63071203 -5.24230814 11.9808435 -4.82935381 -5.20809507 11.8119974 -4.63071203 -5.43154287 10.6051483 -7.90068913 -5.28782177 10.8321819 -7.85215712 -5.43154287 10.6051483 -7.90068913 -5.10870218 10.8792219 -7.04387093 -5.28782177 10.8321819 -7.85215712 -4.94494486 11.0840816 -6.28589487 -4.77613688 11.4052391 -5.54215384 -4.65295696 11.8233175 -4.87441492 -4.73903084 11.6866226 -4.66657591 -4.65295696 11.8233175 -4.87441492 -4.73903084 11.6866226 -4.66657591 -5.08326006 10.2939129 -7.85480213 -4.84753513 10.4388962 -7.79350996 -5.08326006 10.2939129 -7.85480213 -4.72712088 10.5383759 -6.99304485 -4.84753513 10.4388962 -7.79350996 -4.57302284 10.7518625 -6.23635578 -4.40968895 11.0339432 -5.50417423 -4.2126708 11.4300318 -4.81577015 -4.38860703 11.3736067 -4.6198988 -4.2126708 11.4300318 -4.81577015 -4.38860703 11.3736067 -4.6198988 -4.53874397 8.97389507 -5.57667208 -4.36406803 8.81427574 -5.66855383 -4.75826883 8.68244934 -5.96064615 -4.61800814 9.17733669 -4.98347521 -4.37235689 9.01813221 -5.4355998 -5.40487194 8.67377567 -6.17235994 -4.96793985 8.86662769 -6.03853798 -4.77156305 9.19370556 -5.64332199 -5.56220722 9.21760273 -6.41205502 -5.02171087 9.37820435 -6.35907221 -4.94796324 9.42254829 -5.21476698 -4.89660788 9.5662632 -5.78554201 -5.04489183 9.62883091 -5.41826582 -5.72944403 9.30128479 -5.04929209 -6.02041578 9.86257553 -5.36599588 -5.98655319 9.05710983 -5.48423386 -6.25673199 9.92980766 -5.68154907 -5.8270669 8.77004147 -5.92604494 -6.25686502 9.72964382 -6.03014612 -6.05520105 9.37712288 -6.30300713 -4.97867584 9.12086391 -4.76872778 -4.91329288 9.06683254 -4.67620993 -5.29076815 9.47476387 -4.93122196 -4.51481724 8.41258621 -5.88073683 -5.29109383 9.65361595 -5.11379099 -4.91329288 9.06683254 -4.67620993 -4.97867584 9.12086391 -4.76872778 -5.40471077 8.83691502 -4.79910707 -5.20210505 8.69291496 -4.63306618 -5.15005302 8.39886189 -6.04076099 -4.80708122 8.10581684 -5.79721785 -5.29076815 9.47476387 -4.93122196 -5.29109383 9.65361595 -5.11379099 -5.79865599 9.76660728 -5.12880802 -5.54305887 8.33024216 -5.66927624 -5.20330286 8.04220295 -5.34470701 -5.63137579 8.50783062 -5.18425989 -5.29111481 8.27145767 -4.96373987 -1.02647495 0.956529021 -4.32003212 1.01067603 0.956529021 -4.32003212 1.98044002 0.956529021 -3.9358511 -1.99623895 0.956529021 -3.9358511 3.71174598 0.956529021 0.931002975 -3.72754407 0.956529021 0.931002975 -3.3874929 0.956529021 -2.11633611 3.37171292 0.956529021 -2.11633611 3.98848796 9.96374893 6.07438707 4.72960901 9.90595245 4.66205311 3.66763496 10.3045883 5.50522423 2.96380091 10.0490503 6.98693609 1.44396806 10.1578112 7.60307789 3.44757104 9.17086983 7.92470407 -2.76002312 0.956529021 -3.12687707 2.74424291 0.956529021 -3.12687707 2.74446392 0.956529021 4.7631712 -2.76026297 0.956529021 4.7631712 -3.38773298 0.956529021 3.7380259 3.37193394 0.956529021 3.7380259 1.98044002 0.956529021 5.59758902 -1.99623895 0.956529021 5.59758902 5.23048019 9.94438744 2.90311599 6.22462702 9.17733669 3.22732902 4.67934179 9.17733669 6.7969079 5.63407278 9.17733669 5.24147606 0 5.84398222 -3.22188997 0 5.84398222 -1.21424699 3.74772596 5.84398222 -2.84565806 0 5.84398222 2.42565894 4.64890003 5.84398222 6.04773521 5.05836105 5.84398222 2.42565894 3.25697494 5.84398222 7.78240204 1.66892505 5.84398222 8.63451958 0 8.04220295 -8.18585205 2.41829109 8.04220295 -7.81883287 2.44471192 6.79682922 -8.08398247 0 6.79682922 -8.4782362 3.70551991 8.04225254 8.64751816 1.81696105 8.0421524 9.59760189 1.88416696 6.79682922 9.89034557 3.72339511 6.79574299 8.95874023 5.59486914 5.04158497 5.28372002 4.53631401 5.04158497 6.77008677 3.67557502 4.57963514 6.08041477 4.48417282 4.57963514 4.71469021 6.24338198 5.75813818 5.66530085 5.13804293 5.75813818 7.28859711 0 10.0619764 -6.0719142 1.64314604 10.0619764 -5.73609304 2.14416409 9.17733669 -7.00166178 0 9.17733669 -7.336833 6.6746192 5.04158497 0.923599005 6.40726185 5.04158497 3.13670397 4.83291912 4.57963514 2.89559293 4.94091415 4.57963514 0.918223977 2.641289 10.5184202 6.10195494 0 10.6451721 -4.14441919 3.28397202 5.04158497 7.98145199 3.61116099 5.75813818 8.6904974 6.20037317 8.04220295 5.63017988 5.08847094 8.04220295 7.30619287 5.25456905 6.79682922 7.48523092 6.35122299 6.79704094 5.76269293 5.41421318 9.97830963 0.925082028 6.45963812 9.17733669 0.927290976 6.0978651 9.17733669 -1.697191 4.97357082 10.1297493 -1.40932596 7.03466606 5.75813818 3.3535831 3.8714819 10.3832769 -3.10045695 4.32086802 10.094142 -3.34667301 7.09405804 6.79682922 3.46919799 6.88615704 8.04220295 3.42175007 7.34337091 5.75813818 0.925733984 7.45373821 6.79682922 0.926944017 7.19469976 8.04220295 0.926431 6.36127377 5.04158497 -1.29478502 7.03199482 5.75813818 -1.47327602 7.07464981 6.79682922 -1.60751402 6.85168791 8.04220295 -1.71738899 6.35466814 5.75813818 -3.61791396 6.36790323 6.79682922 -3.82904601 6.14257002 8.04220295 -3.92026591 5.4435482 9.17733669 -3.785604 0 8.04220295 9.90896225 0 6.79682922 10.2141447 1.88072395 5.75813818 9.48471642 0 5.75813818 9.8446703 0 5.04158497 9.00915909 1.71640003 5.04158497 8.68553734 1.30485201 10.7035589 6.49482298 0 9.17733669 9.15006447 1.66272902 9.1838026 8.83394337 0 10.1939039 7.82420301 2.68476605 4.57963514 7.13606119 0 4.57963514 7.84318876 1.37377596 4.57963514 7.67283821 0 10.6256762 6.28162289 1.23568594 10.561058 6.13724709 0 5.84398222 8.92654419 0 5.84398222 -3.22188997 3.74772596 5.84398222 -2.84565806 2.04467702 10.4089737 -3.54527211 4.65801382 9.95645046 -1.32615495 3.6592319 10.1946421 -2.81098795 -0.00789900031 0.956529021 6.1050601 -1.02647495 0.956529021 5.97686005 1.01067603 0.956529021 5.97686005 4.95720816 5.84398222 -1.21424699 5.11298704 9.82587624 0.925100982 4.90975523 9.79188156 2.79814911 -0.00789900031 0.956529021 -4.44332218 4.51020288 10.0724812 4.50527 0 5.75813818 -8.14119911 2.32114911 5.75813818 -7.7860918 1.83955896 5.04158497 -6.92682123 0 5.04158497 -7.1687789 0 10.4975376 -3.7576201 2.14197302 10.568367 -3.87616992 5.05836105 5.84398222 2.42565894 4.95720816 5.84398222 -1.21424699 4.2631402 9.95007515 4.32683611 3.25697494 5.84398222 7.78240204 3.46206498 10.1570654 5.2592268 0 10.7877979 6.62927103 1.66892505 5.84398222 8.63451958 2.51899695 10.3519421 5.79973221 4.64890003 5.84398222 6.04773521 3.81153202 10.0226154 -4.15132523 5.79941797 5.04158497 -3.12422299 4.83260298 4.57963514 -1.11755204 4.48393679 4.57963514 -3.11212611 4.20388222 5.75813818 -6.73717308 4.28327179 6.79682922 -6.94987679 5.39425802 6.79682922 -5.44749212 5.28053284 5.75813818 -5.36506987 1.37377596 4.57963514 -6.00749683 3.64226389 5.04158497 -6.09779787 2.68476605 4.57963514 -5.49232721 0 4.57963514 -6.17815495 4.20388222 5.75813818 -6.73717308 4.11338997 8.04220295 -6.76330614 4.28327179 6.79682922 -6.94987679 5.20330286 8.04220295 -5.34470701 4.63442183 5.04158497 -4.92617607 2.91178894 10.0108023 -5.10254812 3.67557502 4.57963514 -4.40794897 3.66107106 9.17733669 -6.14630079 4.61800814 9.17733669 -4.98347521 0 5.84398222 8.92654419 0 5.84398222 8.92654419 4.39587593 1.53717005 4.56539202 3.57763004 1.53664398 5.85000515 2.74446392 0.956529021 4.7631712 3.37193394 0.956529021 3.7380259 2.76145196 2.47365904 7.19165277 1.40935504 2.47350407 7.70637608 1.38421404 2.00507092 7.66034985 2.71244907 2.00507092 7.15045691 4.70081902 2.47427011 4.77068806 3.826401 2.47396398 6.10332394 3.75878406 2.00507092 6.07038498 4.61795092 2.00507092 4.73459196 5.17410278 2.47457194 0.931002975 5.08311319 2.00507092 0.94709301 4.70081902 2.47427011 -3.13594508 4.61795092 2.00507092 -3.08439898 4.83921719 1.537678 0.931002975 3.71174598 0.956529021 0.931002975 4.83260298 4.57963514 -1.11755204 -0.00789900031 1.53557003 7.54651022 1.31694198 1.53584397 7.37856293 -0.00789900031 2.00507092 7.83546877 2.58122206 1.53611696 6.88985395 4.39587593 1.53717005 -2.94370008 3.57763004 1.53664398 -4.21370983 3.75878406 2.00507092 -4.40454912 2.58122206 1.53611696 -5.22811604 1.31694198 1.53584397 -5.72173595 1.38421404 2.00507092 -5.97366714 2.71244907 2.00507092 -5.45960522 4.83291912 4.57963514 2.89559293 1.98044002 0.956529021 5.59758902 4.48417282 4.57963514 4.71469021 3.67557502 4.57963514 6.08041477 2.76145196 2.47365904 -5.5299139 1.40935504 2.47350407 -6.04954815 1.37377596 4.57963514 -6.00749683 -0.00789900031 2.47334909 7.88403606 2.68476605 4.57963514 7.13606119 1.37377596 4.57963514 7.67283821 -0.00789900031 0.956529021 6.1050601 1.01067603 0.956529021 5.97686005 3.826401 2.47396398 -4.46703005 3.37171292 0.956529021 -2.11633611 2.74424291 0.956529021 -3.12687707 -0.00789900031 2.47334909 -6.22230005 1.98044002 0.956529021 -3.9358511 1.01067603 0.956529021 -4.32003212 -0.00789900031 1.53557003 -5.88477278 -0.00789900031 2.01955009 -6.15454483 -0.00789900031 0.956529021 -4.44332218 0 4.57963514 7.84318876 -3.66763496 10.3045883 5.50522423 -4.72960901 9.90595245 4.66205311 -3.98848796 9.96374893 6.07438707 -3.44757104 9.17086983 7.92470407 -1.44396806 10.1578112 7.60307789 -2.96380091 10.0490503 6.98693609 -6.22462702 9.17733669 3.22732902 -5.23048019 9.94438744 2.90311599 -4.67934179 9.17733669 6.7969079 -5.63407278 9.17733669 5.24147606 -3.74772596 5.84398222 -2.84565806 -5.05836105 5.84398222 2.42565894 -4.64890003 5.84398222 6.04773521 -1.66892505 5.84398222 8.63451958 -3.25697494 5.84398222 7.78240204 -2.44471192 6.79682922 -8.08398247 -2.41829109 8.04220295 -7.81883287 -3.70551991 8.04225254 8.64751816 -3.72339511 6.79574299 8.95874023 -1.88416696 6.79682922 9.89034557 -1.81696105 8.0421524 9.59760189 -5.59486914 5.04158497 5.28372002 -4.48417282 4.57963514 4.71469021 -3.67557502 4.57963514 6.08041477 -4.53631401 5.04158497 6.77008677 -5.13804293 5.75813818 7.28859711 -6.24338198 5.75813818 5.66530085 -2.14416409 9.17733669 -7.00166178 -1.64314604 10.0619764 -5.73609304 -6.6746192 5.04158497 0.923599005 -4.94091415 4.57963514 0.918223977 -4.83291912 4.57963514 2.89559293 -6.40726185 5.04158497 3.13670397 -2.641289 10.5184202 6.10195494 -3.28397202 5.04158497 7.98145199 -3.61116099 5.75813818 8.6904974 -6.20037317 8.04220295 5.63017988 -6.35122299 6.79704094 5.76269293 -5.25456905 6.79682922 7.48523092 -5.08847094 8.04220295 7.30619287 -5.41421318 9.97830963 0.925082028 -4.97357082 10.1297493 -1.40932596 -6.0978651 9.17733669 -1.697191 -6.45963812 9.17733669 0.927290976 -7.03466606 5.75813818 3.3535831 -4.32086802 10.094142 -3.34667301 -3.8714819 10.3832769 -3.10045695 -6.88615704 8.04220295 3.42175007 -7.09405804 6.79682922 3.46919799 -7.34337091 5.75813818 0.925733984 -7.45373821 6.79682922 0.926944017 -7.19469976 8.04220295 0.926431 -7.03199482 5.75813818 -1.47327602 -6.36127377 5.04158497 -1.29478502 -6.85168791 8.04220295 -1.71738899 -7.07464981 6.79682922 -1.60751402 -6.35466814 5.75813818 -3.61791396 -6.36790323 6.79682922 -3.82904601 -6.14257002 8.04220295 -3.92026591 -5.4435482 9.17733669 -3.785604 -1.88072395 5.75813818 9.48471642 -1.71640003 5.04158497 8.68553734 -1.30485201 10.7035589 6.49482298 -1.66272902 9.1838026 8.83394337 -2.68476605 4.57963514 7.13606119 -1.37377596 4.57963514 7.67283821 -1.23568594 10.561058 6.13724709 -2.04467702 10.4089737 -3.54527211 -3.74772596 5.84398222 -2.84565806 -4.65801382 9.95645046 -1.32615495 -3.6592319 10.1946421 -2.81098795 -1.40001202 2.00507092 -5.97366714 -1.42515302 2.47350407 -6.04954815 -4.95720816 5.84398222 -1.21424699 -4.90975523 9.79188156 2.79814911 -5.11298704 9.82587624 0.925100982 -2.59701991 1.53611696 6.88985395 -1.99623895 0.956529021 5.59758902 -1.02647495 0.956529021 5.97686005 -1.33274102 1.53584397 7.37856293 -4.51020288 10.0724812 4.50527 -1.83955896 5.04158497 -6.92682123 -2.32114911 5.75813818 -7.7860918 -2.14197302 10.568367 -3.87616992 -4.95720816 5.84398222 -1.21424699 -5.05836105 5.84398222 2.42565894 -3.46206498 10.1570654 5.2592268 -3.25697494 5.84398222 7.78240204 -4.2631402 9.95007515 4.32683611 -2.51899695 10.3519421 5.79973221 -1.66892505 5.84398222 8.63451958 -4.64890003 5.84398222 6.04773521 -3.81153202 10.0226154 -4.15132523 -5.79941797 5.04158497 -3.12422299 -4.48393679 4.57963514 -3.11212611 -4.83260298 4.57963514 -1.11755204 -4.20388222 5.75813818 -6.73717308 -5.28053284 5.75813818 -5.36506987 -5.39425802 6.79682922 -5.44749212 -4.28327179 6.79682922 -6.94987679 -1.37377596 4.57963514 -6.00749683 -2.68476605 4.57963514 -5.49232721 -3.64226389 5.04158497 -6.09779787 -4.20388222 5.75813818 -6.73717308 -4.28327179 6.79682922 -6.94987679 -4.11338997 8.04220295 -6.76330614 -5.20330286 8.04220295 -5.34470701 -4.63442183 5.04158497 -4.92617607 -2.91178894 10.0108023 -5.10254812 -3.67557502 4.57963514 -4.40794897 -3.66107106 9.17733669 -6.14630079 -4.61800814 9.17733669 -4.98347521 -4.41167498 1.53717005 4.56539202 -3.38773298 0.956529021 3.7380259 -2.76026297 0.956529021 4.7631712 -3.5934279 1.53664398 5.85000515 -2.77725101 2.47365904 7.19165277 -2.72824788 2.00507092 7.15045691 -1.40001202 2.00507092 7.66034985 -1.42515302 2.47350407 7.70637608 -4.71661806 2.47427011 4.77068806 -4.63374996 2.00507092 4.73459196 -3.7745831 2.00507092 6.07038498 -3.84220004 2.47396398 6.10332394 -5.18990183 2.47457194 0.931002975 -5.09891176 2.00507092 0.94709301 -4.71661806 2.47427011 -3.13594508 -4.63374996 2.00507092 -3.08439898 -4.8550148 1.537678 0.931002975 -3.72754407 0.956529021 0.931002975 -4.83260298 4.57963514 -1.11755204 -4.41167498 1.53717005 -2.94370008 -3.7745831 2.00507092 -4.40454912 -3.5934279 1.53664398 -4.21370983 -2.59701991 1.53611696 -5.22811604 -2.72824788 2.00507092 -5.45960522 -1.33274102 1.53584397 -5.72173595 -4.83291912 4.57963514 2.89559293 -3.67557502 4.57963514 6.08041477 -4.48417282 4.57963514 4.71469021 -2.77725101 2.47365904 -5.5299139 -1.37377596 4.57963514 -6.00749683 -1.37377596 4.57963514 7.67283821 -2.68476605 4.57963514 7.13606119 -3.84220004 2.47396398 -4.46703005 -2.76002312 0.956529021 -3.12687707 -3.3874929 0.956529021 -2.11633611 -1.02647495 0.956529021 -4.32003212 -1.99623895 0.956529021 -3.9358511 3.16134 7.28646088 5.77867603 3.79810095 6.80911779 5.54722023 3.63476396 7.34042883 6.15680218 -1.21364903 5.94541693 8.69342422 -1.21364903 9.30301285 6.95642996 -1.21364903 8.04873943 5.15301514 -1.21364903 5.94541693 4.65860415 -0.989740014 5.94541693 4.39810705 -0.989740014 8.2106638 4.94938707 0.98922497 8.2106638 4.94938707 0.98922497 5.94541693 4.39810705 1.21313298 8.04873943 5.15301514 1.21313298 9.30301285 6.95642996 1.21313298 5.94541693 8.69342422 1.21313298 5.94541693 4.65860415 -0.989740014 9.56758595 6.94040918 0.98922497 9.56758595 6.94040918 0.98922497 8.2106638 4.94938707 0.98922497 9.56758595 6.94040918 0.98922497 5.94541693 4.39810705 -2.86478806 5.94541693 5.83499098 -2.90307689 6.48847389 5.6477809 -2.17406392 6.55310917 5.72554779 -2.13375497 5.94541693 5.92029619 -2.28291607 6.70915079 6.41405201 -2.23773193 5.94541693 6.62699413 -2.96876502 5.94541693 6.54168987 -3.01192904 6.64451599 6.33628416 -3.16134 7.28646088 5.77867603 -2.44682693 7.4613862 5.80232477 -3.0174799 6.86415815 5.2208252 -2.30296707 7.03908205 5.24447393 -3.30011702 7.16397095 4.64609098 -2.88004804 7.8414979 4.95962715 -2.67302394 7.16397095 4.47806215 -2.14247608 7.44738102 4.68440819 -2.01926088 7.84818077 5.14425421 -2.37555599 8.13158989 5.58822823 -2.14981604 8.01554298 5.98785305 -1.66771495 7.63206291 5.38711309 -1.83443701 7.08974218 4.76489782 -2.55231905 6.70626307 4.48569202 -3.40083599 6.70626307 4.71305084 -3.00264907 8.13158989 5.75625801 -2.99833298 8.01554298 6.21521282 -3.63476396 7.34042883 6.15680218 -3.16134 7.28646088 5.77867603 -2.931458 7.71612215 6.43033791 -3.53319812 7.84818077 5.54991198 -3.7162149 7.63206291 5.93600702 -3.65641308 7.44738102 5.090065 -3.88293791 7.08974218 5.31379223 -3.32578802 6.43342495 4.95867682 -3.79810095 6.80911779 5.54722023 -3.0174799 6.86415815 5.2208252 -2.10016894 7.71612215 6.20759487 -1.62785602 7.34042883 5.61905193 -2.30296707 7.03908205 5.24447393 -1.79119301 6.80911779 5.00946999 -2.49449992 6.43342495 4.73593378 -2.44682693 7.4613862 5.80232477 3.0174799 6.86415815 5.2208252 2.49449992 6.43342495 4.73593378 3.32578802 6.43342495 4.95867682 2.30296707 7.03908205 5.24447393 1.62785602 7.34042883 5.61905193 2.44682693 7.4613862 5.80232477 2.10016894 7.71612215 6.20759487 2.931458 7.71612215 6.43033791 2.55231905 6.70626307 4.48569202 3.40083599 6.70626307 4.71305084 1.79119301 6.80911779 5.00946999 1.83443701 7.08974218 4.76489782 1.66771495 7.63206291 5.38711309 2.14981604 8.01554298 5.98785305 3.30011702 7.16397095 4.64609098 2.88004804 7.8414979 4.95962715 3.65641308 7.44738102 5.090065 2.99833298 8.01554298 6.21521282 3.53319812 7.84818077 5.54991198 3.7162149 7.63206291 5.93600702 3.88293791 7.08974218 5.31379223 3.00264907 8.13158989 5.75625801 2.37555599 8.13158989 5.58822823 2.01926088 7.84818077 5.14425421 2.86478806 5.94541693 5.83499098 2.13375497 5.94541693 5.92029619 2.17406392 6.55310917 5.72554779 2.90307689 6.48847389 5.6477809 2.14247608 7.44738102 4.68440819 2.23773193 5.94541693 6.62699413 2.28291607 6.70915079 6.41405201 2.96876502 5.94541693 6.54168987 3.01192904 6.64451599 6.33628416 2.67302394 7.16397095 4.47806215 2.30296707 7.03908205 5.24447393 3.0174799 6.86415815 5.2208252 2.44682693 7.4613862 5.80232477 3.16134 7.28646088 5.77867603 </float_array>
                    <technique_common>
                        <accessor count="923" offset="0" source="#spe03_kart_root.polymsh_1-positions-array" stride="3">
                            <param name="X" type="float"/>
                            <param name="Y" type="float"/>
                            <param name="Z" type="float"/>
                        </accessor>
                    </technique_common>
                </source>
                <source id="spe03_kart_root.polymsh_1-normals" name="spe03_kart_root.polymsh_1-normals">
                    <float_array id="spe03_kart_root.polymsh_1-normals-array" count="2769"> -0.538040996 -0.0475299992 0.841578007 -0.631178021 0.495168 0.597011983 -0.85738802 0.441863 -0.263897985 -0.956898987 -0.00948099978 -0.290266991 -0.680664003 -0.443221986 0.583311021 -0.966989994 -0.229956999 -0.109771997 -0.741872013 -0.661473989 0.109899998 -0.374574989 0.926910996 -0.0230030008 -0.631178021 0.495168 0.597011983 -0.139115006 0.79411298 0.591633976 -0.790926993 0.58247298 0.187508002 -0.106968999 0.265890002 0.958050013 -0.790926993 0.58247298 0.187508002 -0.85738802 0.441863 -0.263897985 -0.538040996 -0.0475299992 0.841578007 -0.127644002 -0.461201012 0.878066003 -0.680664003 -0.443221986 0.583311021 -0.234817997 -0.950887978 0.201673999 -0.741872013 -0.661473989 0.109899998 -0.570336998 -0.703469992 -0.424082994 -0.966989994 -0.229956999 -0.109771997 -0.956898987 -0.00948099978 -0.290266991 -0.683899999 -0.0268549994 -0.729080975 0.0325439982 -0.0902839974 0.995383978 0.0280709993 -0.764047027 0.644550025 0.0153900003 -0.998970985 -0.0426630005 -0.105963998 0.979340971 -0.172231004 -0.345735997 0.596660972 -0.72419697 0.0368390009 0.345602006 0.937658012 -0.0929529965 -0.0798939988 0.992460012 -0.0760840029 0.985136986 0.153999999 -0.0310219992 0.810967028 -0.584267974 -0.325419992 0.941215992 -0.0906340033 -0.585704982 -0.709473014 0.391914994 -0.904169023 -0.408975005 0.123361997 -0.199862003 -0.969215989 -0.143791005 -0.0344889984 0.382295996 -0.923395991 -0.521513999 -0.0454379991 -0.852032006 -0.672078013 0.447052985 -0.590300024 -0.613488019 -0.500781 -0.610615015 -0.00910700019 -0.498154998 -0.867039979 -0.380151987 0.612136006 0.693378985 -0.865781009 0.431160986 0.254013002 -0.970264018 0.00207399996 0.242039993 0.166507006 -0.771229029 -0.614395022 0.172626004 -0.110481001 -0.978771985 -0.64022398 -0.753279984 -0.150606006 0.0134749999 -0.999485016 -0.0291099995 -0.784565985 0.592925012 -0.181372002 0.28620401 0.334701002 -0.897809982 -0.0887129977 -0.079411 -0.99288702 -0.904169023 -0.408975005 0.123361997 -0.613488019 -0.500781 -0.610615015 -0.64022398 -0.753279984 -0.150606006 -0.970264018 0.00207399996 0.242039993 -0.521513999 -0.0454379991 -0.852032006 -0.865781009 0.431160986 0.254013002 -0.672078013 0.447052985 -0.590300024 -0.784565985 0.592925012 -0.181372002 0.538040996 -0.0475299992 0.841578007 0.956898987 -0.00948099978 -0.290266991 0.85738802 0.441863 -0.263897985 0.631178021 0.495168 0.597011983 0.680664003 -0.443221986 0.583311021 0.966989994 -0.229956999 -0.109771997 0.741872013 -0.661473989 0.109899998 0.139115006 0.79411298 0.591633976 0.631178021 0.495168 0.597011983 0.374574989 0.926910996 -0.0230030008 0.790926993 0.58247298 0.187508002 0.106968999 0.265890002 0.958050013 0.85738802 0.441863 -0.263897985 0.790926993 0.58247298 0.187508002 0.538040996 -0.0475299992 0.841578007 0.234817997 -0.950887978 0.201673999 0.680664003 -0.443221986 0.583311021 0.127644002 -0.461201012 0.878066003 0.570336998 -0.703469992 -0.424082994 0.741872013 -0.661473989 0.109899998 0.683899999 -0.0268549994 -0.729080975 0.956898987 -0.00948099978 -0.290266991 0.966989994 -0.229956999 -0.109771997 -0.0280709993 -0.764047027 0.644550025 -0.0325439982 -0.0902839974 0.995383978 -0.0153900003 -0.998970985 -0.0426630005 0.345735997 0.596660972 -0.72419697 0.105963998 0.979340971 -0.172231004 -0.0368390009 0.345602006 0.937658012 0.0929529965 -0.0798939988 0.992460012 0.325419992 0.941215992 -0.0906340033 0.0310219992 0.810967028 -0.584267974 0.0760840029 0.985136986 0.153999999 0.199862003 -0.969215989 -0.143791005 0.904169023 -0.408975005 0.123361997 0.585704982 -0.709473014 0.391914994 0.672078013 0.447052985 -0.590300024 0.521513999 -0.0454379991 -0.852032006 0.0344889984 0.382295996 -0.923395991 0.00910700019 -0.498154998 -0.867039979 0.613488019 -0.500781 -0.610615015 0.865781009 0.431160986 0.254013002 0.380151987 0.612136006 0.693378985 0.970264018 0.00207399996 0.242039993 -0.172626004 -0.110481001 -0.978771985 -0.166507006 -0.771229029 -0.614395022 0.64022398 -0.753279984 -0.150606006 -0.0134749999 -0.999485016 -0.0291099995 0.784565985 0.592925012 -0.181372002 -0.28620401 0.334701002 -0.897809982 0.0887129977 -0.079411 -0.99288702 0.64022398 -0.753279984 -0.150606006 0.613488019 -0.500781 -0.610615015 0.904169023 -0.408975005 0.123361997 0.970264018 0.00207399996 0.242039993 0.521513999 -0.0454379991 -0.852032006 0.865781009 0.431160986 0.254013002 0.672078013 0.447052985 -0.590300024 0.784565985 0.592925012 -0.181372002 0.823108971 0.306937993 -0.477786988 0.931276023 -0.137933001 -0.337193996 0.181830004 -0.287272006 -0.940432012 -0.340546995 -0.284613997 -0.896116018 -0.281008989 -0.529555023 -0.800378025 -0.281008989 -0.529555023 -0.800378025 -0.340546995 -0.284613997 -0.896116018 -0.992534995 -0.00974600017 -0.121572003 -0.853784978 -0.519611001 0.0324789993 -0.850449026 -0.525885999 0.0134380003 -0.98783201 -0.0204360001 -0.154177994 -0.84711498 -0.531395972 -0.00373300002 -0.97972703 -0.0348000005 -0.197289005 -0.843451023 -0.536803007 -0.0208000001 -0.969626009 -0.049589999 -0.239511997 -0.839091003 -0.542537987 -0.0397330001 -0.960731983 -0.0606219992 -0.270774007 -0.634037018 0.260080993 0.728254974 -0.569544971 0.00269400002 0.821955979 -0.569544971 0.00269400002 0.821955979 -0.634037018 0.260080993 0.728254974 0.731597006 0.194749996 0.653329015 0.639231026 0.609248996 0.469255 -0.160044 0.337026 0.927792013 0.503926992 0.607409 -0.614094973 -0.110335 -0.701461017 -0.704115987 -0.110335 -0.701461017 -0.704115987 -0.489450008 -0.844636977 0.216856003 -0.481893003 -0.852648973 0.201913998 -0.473910004 -0.860821009 0.185461 -0.475414008 -0.864073992 0.165401995 -0.476981014 -0.866577983 0.146739006 -0.386489004 -0.177818999 0.904990017 -0.386489004 -0.177818999 0.904990017 0.343809992 0.893772006 0.288037986 0.0923879966 0.689655006 -0.718219995 0.124044001 -0.759763002 -0.63825798 0.124044001 -0.759763002 -0.63825798 -0.0314389989 -0.923574984 0.382126004 -0.0217499994 -0.935675979 0.352189004 -0.0106769996 -0.94946003 0.313706011 -0.0131679997 -0.963025987 0.269086003 -0.0170389991 -0.972487986 0.232329994 -0.186434999 -0.183410004 0.965196013 -0.186434999 -0.183410004 0.965196013 -0.0575169995 0.983702004 0.170360997 -0.305599004 0.553179026 -0.774985015 0.364042014 -0.692955971 -0.622322023 0.364042014 -0.692955971 -0.622322023 -0.0314389989 -0.923574984 0.382126004 0.415964007 -0.761327982 0.497346014 0.429405987 -0.788635015 0.440073013 -0.0217499994 -0.935675979 0.352189004 0.443634003 -0.81773603 0.366737992 -0.0106769996 -0.94946003 0.313706011 0.448707998 -0.845476985 0.289532006 -0.0131679997 -0.963025987 0.269086003 0.449286014 -0.864511013 0.225308001 -0.0170389991 -0.972487986 0.232329994 0.00805800036 -0.0470569991 0.998860002 0.00805800036 -0.0470569991 0.998860002 -0.466969997 0.871996999 0.146834999 -0.600134015 0.230136007 -0.766077995 0.54886198 -0.513405979 -0.659669995 0.54886198 -0.513405979 -0.659669995 0.754737973 -0.383587986 0.532194018 0.787540019 -0.422235996 0.44888401 0.819573998 -0.468061 0.330480993 0.828844011 -0.515920997 0.216433004 0.825492978 -0.548759997 0.131999001 0.222048 0.100932002 0.969798028 0.222048 0.100932002 0.969798028 -0.787631989 0.574404001 0.222926006 -0.706615984 -0.199456006 -0.67890501 0.623134017 -0.262528002 -0.736738026 0.623134017 -0.262528002 -0.736738026 0.877488017 0.122987002 0.463560998 0.929618001 0.0877740011 0.357919008 0.979744971 0.0346189998 0.197235003 0.998860002 -0.0297979992 0.0372820012 0.994262993 -0.0773779973 -0.0738440007 0.336991996 0.293260008 0.89467001 0.336991996 0.293260008 0.89467001 -0.914112985 0.154256999 0.374969006 -0.591251016 -0.604903996 -0.533397973 0.560550988 -0.0111600002 -0.828045011 0.560550988 -0.0111600002 -0.828045011 0.739454985 0.598049998 0.309098005 0.793133974 0.578956008 0.189071 0.847173989 0.531304002 0.00361300004 0.867911994 0.460776001 -0.185512006 0.861752987 0.402242005 -0.309163988 0.286184013 0.531315029 0.797372997 0.286184013 0.531315029 0.797372997 -0.79587698 -0.256026 0.54866302 -0.30309999 -0.874072015 -0.379642993 0.382400006 0.166381001 -0.908894002 0.382400006 0.166381001 -0.908894002 0.404404998 0.906108022 0.124194004 0.441204011 0.897400975 0.00319000008 0.483460993 0.856230974 -0.182026997 0.506608009 0.78215301 -0.362747014 0.510991991 0.717004001 -0.474123001 0.114546999 0.705965996 0.698921025 0.114546999 0.705965996 0.698921025 -0.490859985 -0.528554022 0.692595005 0.0734639987 -0.961862028 -0.263485998 0.143653005 0.224055007 -0.963931024 0.143653005 0.224055007 -0.963931024 -0.0270850006 0.998786986 -0.0411139987 -0.00890500005 0.988812983 -0.148894995 0.0254820008 0.948808014 -0.314823002 0.0548969992 0.883121014 -0.465923011 0.0677929968 0.829984009 -0.553651989 -0.122759998 0.76651001 0.630391002 -0.122759998 0.76651001 0.630391002 -0.103260003 -0.611325979 0.784613013 0.46350199 -0.86047101 -0.211553007 -0.0934889987 0.151043996 -0.984095991 -0.0934889987 0.151043996 -0.984095991 -0.472806007 0.86738199 -0.155256003 -0.464798003 0.852335989 -0.239761993 -0.444770008 0.813790023 -0.374065012 -0.420951009 0.764361024 -0.488418996 -0.404985994 0.730847001 -0.549408019 -0.367606997 0.699797988 0.612492979 -0.367606997 0.699797988 0.612492979 0.282759994 -0.502551019 0.816999972 0.785739005 -0.57118398 -0.237409994 -0.270898014 -0.034302 -0.961996973 -0.270898014 -0.034302 -0.961996973 -0.838639021 0.510617971 -0.189613998 -0.833176017 0.494976997 -0.246607006 -0.822193027 0.461715996 -0.332893014 -0.806300998 0.427736014 -0.408560008 -0.791869998 0.409018993 -0.453480989 -0.557416022 0.516991973 0.64962101 -0.557416022 0.516991973 0.64962101 0.591336012 -0.216269001 0.776884019 -0.410804987 0.152539 -0.898872018 -0.389878988 0.56457299 -0.727496982 -0.449883014 0.702702999 -0.551191986 -0.181430995 0.856805027 -0.482668012 -0.333974987 0.931553006 0.143766001 -0.577338994 -0.0167660005 -0.816331983 -0.0260279998 -0.381871015 -0.923848987 -0.892139018 0.357201993 -0.276576012 -0.808883011 -0.160043001 -0.565769017 -0.068072997 -0.471103996 -0.879446983 -0.692771971 0.623290002 0.36273399 -0.913605988 0.404489994 0.041375 -0.70541501 0.65395999 0.273362011 0.900424004 -0.287405998 0.326548994 0.790253997 -0.0756900012 0.608087003 0.60017997 0.0642469972 0.797281027 0.906015992 -0.195636004 0.375315011 0.721520007 -0.515246987 -0.462525994 0.929956973 -0.367471993 -0.0120120002 0.769935012 -0.55438298 -0.316006005 0.158672005 0.734067976 0.660278022 0.0573710017 0.658563018 0.750335991 -0.145526007 0.564509988 0.81249702 -0.402262986 -0.0260930005 -0.915152013 -0.239283994 0.56072098 0.792675972 0.158672005 0.734067976 0.660278022 0.608753979 0.0758360028 0.789726019 0.590977013 0.0498780012 0.805145025 0.0573710017 0.658563018 0.750335991 0.0704620034 -0.555141985 -0.828765988 0.0513609983 -0.627213001 -0.777153015 -0.145526007 0.564509988 0.81249702 0.471673995 0.196412995 0.859619021 -0.239283994 0.56072098 0.792675972 0.634980023 -0.740635991 -0.219678998 0.549944997 -0.823180974 -0.141188994 0.721799016 -0.536836028 0.436821014 0.796005011 -0.463692993 0.38905701 -0.181830004 -0.287272006 -0.940432012 -0.931276023 -0.137933001 -0.337193996 -0.823108971 0.306937993 -0.477786988 0.340546995 -0.284613997 -0.896116018 0.340546995 -0.284613997 -0.896116018 0.281008989 -0.529555023 -0.800378025 0.281008989 -0.529555023 -0.800378025 0.992534995 -0.00974600017 -0.121572003 0.98783201 -0.0204360001 -0.154177994 0.850449026 -0.525885999 0.0134380003 0.853784978 -0.519611001 0.0324789993 0.97972703 -0.0348000005 -0.197289005 0.84711498 -0.531395972 -0.00373300002 0.969626009 -0.049589999 -0.239511997 0.843451023 -0.536803007 -0.0208000001 0.960731983 -0.0606219992 -0.270774007 0.839091003 -0.542537987 -0.0397330001 0.634037018 0.260080993 0.728254974 0.634037018 0.260080993 0.728254974 0.569544971 0.00269400002 0.821955979 0.569544971 0.00269400002 0.821955979 0.160044 0.337026 0.927792013 -0.639231026 0.609248996 0.469255 -0.731597006 0.194749996 0.653329015 -0.503926992 0.607409 -0.614094973 0.110335 -0.701461017 -0.704115987 0.110335 -0.701461017 -0.704115987 0.481893003 -0.852648973 0.201913998 0.489450008 -0.844636977 0.216856003 0.473910004 -0.860821009 0.185461 0.475414008 -0.864073992 0.165401995 0.476981014 -0.866577983 0.146739006 0.386489004 -0.177818999 0.904990017 0.386489004 -0.177818999 0.904990017 -0.343809992 0.893772006 0.288037986 -0.0923879966 0.689655006 -0.718219995 -0.124044001 -0.759763002 -0.63825798 -0.124044001 -0.759763002 -0.63825798 0.0217499994 -0.935675979 0.352189004 0.0314389989 -0.923574984 0.382126004 0.0106769996 -0.94946003 0.313706011 0.0131679997 -0.963025987 0.269086003 0.0170389991 -0.972487986 0.232329994 0.186434999 -0.183410004 0.965196013 0.186434999 -0.183410004 0.965196013 0.0575169995 0.983702004 0.170360997 0.305599004 0.553179026 -0.774985015 -0.364042014 -0.692955971 -0.622322023 -0.364042014 -0.692955971 -0.622322023 0.0314389989 -0.923574984 0.382126004 0.0217499994 -0.935675979 0.352189004 -0.429405987 -0.788635015 0.440073013 -0.415964007 -0.761327982 0.497346014 0.0106769996 -0.94946003 0.313706011 -0.443634003 -0.81773603 0.366737992 0.0131679997 -0.963025987 0.269086003 -0.448707998 -0.845476985 0.289532006 0.0170389991 -0.972487986 0.232329994 -0.449286014 -0.864511013 0.225308001 -0.00805800036 -0.0470569991 0.998860002 -0.00805800036 -0.0470569991 0.998860002 0.466969997 0.871996999 0.146834999 0.600134015 0.230136007 -0.766077995 -0.54886198 -0.513405979 -0.659669995 -0.54886198 -0.513405979 -0.659669995 -0.787540019 -0.422235996 0.44888401 -0.754737973 -0.383587986 0.532194018 -0.819573998 -0.468061 0.330480993 -0.828844011 -0.515920997 0.216433004 -0.825492978 -0.548759997 0.131999001 -0.222048 0.100932002 0.969798028 -0.222048 0.100932002 0.969798028 0.787631989 0.574404001 0.222926006 0.706615984 -0.199456006 -0.67890501 -0.623134017 -0.262528002 -0.736738026 -0.623134017 -0.262528002 -0.736738026 -0.929618001 0.0877740011 0.357919008 -0.877488017 0.122987002 0.463560998 -0.979744971 0.0346189998 0.197235003 -0.998860002 -0.0297979992 0.0372820012 -0.994262993 -0.0773779973 -0.0738440007 -0.336991996 0.293260008 0.89467001 -0.336991996 0.293260008 0.89467001 0.914112985 0.154256999 0.374969006 0.591251016 -0.604903996 -0.533397973 -0.560550988 -0.0111600002 -0.828045011 -0.560550988 -0.0111600002 -0.828045011 -0.793133974 0.578956008 0.189071 -0.739454985 0.598049998 0.309098005 -0.847173989 0.531304002 0.00361300004 -0.867911994 0.460776001 -0.185512006 -0.861752987 0.402242005 -0.309163988 -0.286184013 0.531315029 0.797372997 -0.286184013 0.531315029 0.797372997 0.79587698 -0.256026 0.54866302 0.30309999 -0.874072015 -0.379642993 -0.382400006 0.166381001 -0.908894002 -0.382400006 0.166381001 -0.908894002 -0.441204011 0.897400975 0.00319000008 -0.404404998 0.906108022 0.124194004 -0.483460993 0.856230974 -0.182026997 -0.506608009 0.78215301 -0.362747014 -0.510991991 0.717004001 -0.474123001 -0.114546999 0.705965996 0.698921025 -0.114546999 0.705965996 0.698921025 0.490859985 -0.528554022 0.692595005 -0.0734639987 -0.961862028 -0.263485998 -0.143653005 0.224055007 -0.963931024 -0.143653005 0.224055007 -0.963931024 0.00890500005 0.988812983 -0.148894995 0.0270850006 0.998786986 -0.0411139987 -0.0254820008 0.948808014 -0.314823002 -0.0548969992 0.883121014 -0.465923011 -0.0677929968 0.829984009 -0.553651989 0.122759998 0.76651001 0.630391002 0.122759998 0.76651001 0.630391002 0.103260003 -0.611325979 0.784613013 -0.46350199 -0.86047101 -0.211553007 0.0934889987 0.151043996 -0.984095991 0.0934889987 0.151043996 -0.984095991 0.464798003 0.852335989 -0.239761993 0.472806007 0.86738199 -0.155256003 0.444770008 0.813790023 -0.374065012 0.420951009 0.764361024 -0.488418996 0.404985994 0.730847001 -0.549408019 0.367606997 0.699797988 0.612492979 0.367606997 0.699797988 0.612492979 -0.282759994 -0.502551019 0.816999972 -0.785739005 -0.57118398 -0.237409994 0.270898014 -0.034302 -0.961996973 0.270898014 -0.034302 -0.961996973 0.833176017 0.494976997 -0.246607006 0.838639021 0.510617971 -0.189613998 0.822193027 0.461715996 -0.332893014 0.806300998 0.427736014 -0.408560008 0.791869998 0.409018993 -0.453480989 0.557416022 0.516991973 0.64962101 0.557416022 0.516991973 0.64962101 -0.591336012 -0.216269001 0.776884019 0.449883014 0.702702999 -0.551191986 0.389878988 0.56457299 -0.727496982 0.410804987 0.152539 -0.898872018 0.333974987 0.931553006 0.143766001 0.181430995 0.856805027 -0.482668012 0.0260279998 -0.381871015 -0.923848987 0.577338994 -0.0167660005 -0.816331983 0.892139018 0.357201993 -0.276576012 0.068072997 -0.471103996 -0.879446983 0.808883011 -0.160043001 -0.565769017 0.70541501 0.65395999 0.273362011 0.913605988 0.404489994 0.041375 0.692771971 0.623290002 0.36273399 -0.60017997 0.0642469972 0.797281027 -0.790253997 -0.0756900012 0.608087003 -0.900424004 -0.287405998 0.326548994 -0.906015992 -0.195636004 0.375315011 -0.769935012 -0.55438298 -0.316006005 -0.929956973 -0.367471993 -0.0120120002 -0.721520007 -0.515246987 -0.462525994 -0.0573710017 0.658563018 0.750335991 -0.158672005 0.734067976 0.660278022 0.145526007 0.564509988 0.81249702 0.402262986 -0.0260930005 -0.915152013 0.239283994 0.56072098 0.792675972 -0.158672005 0.734067976 0.660278022 -0.0573710017 0.658563018 0.750335991 -0.590977013 0.0498780012 0.805145025 -0.608753979 0.0758360028 0.789726019 -0.0704620034 -0.555141985 -0.828765988 -0.0513609983 -0.627213001 -0.777153015 0.145526007 0.564509988 0.81249702 0.239283994 0.56072098 0.792675972 -0.471673995 0.196412995 0.859619021 -0.634980023 -0.740635991 -0.219678998 -0.549944997 -0.823180974 -0.141188994 -0.796005011 -0.463692993 0.38905701 -0.721799016 -0.536836028 0.436821014 -0.0468729995 -0.981697977 -0.184586003 0.0468729995 -0.981697977 -0.184586003 0.108182997 -0.981160998 -0.160063997 -0.108182997 -0.981160998 -0.160062999 0.236031994 -0.971745014 0.000956000003 -0.236030996 -0.971745014 0.000956000003 -0.206532001 -0.975970984 -0.0694660023 0.206533998 -0.97596997 -0.0694670007 0.473996997 0.824078977 0.310194999 0.522428989 0.829568028 0.197192997 0.239415005 0.970807016 -0.0146110002 0.356994987 0.821344018 0.444914013 0.205344006 0.82980603 0.518899024 0.403268009 0.685105979 0.606634021 -0.161139995 -0.978829026 -0.126208007 0.161140993 -0.978828013 -0.126210004 0.162780002 -0.978712022 0.125003994 -0.162780002 -0.978712022 0.125003994 -0.206645995 -0.975910008 0.0699750036 0.206645995 -0.975910008 0.0699750036 0.109043002 -0.981168985 0.159427002 -0.109043002 -0.981168985 0.159427002 0.210613996 0.976934016 0.0352410004 0.691711009 0.705726027 0.153251007 0.559013009 0.679135025 0.47568801 0.647584021 0.702131987 0.296047986 0 1 0 0 1 0 0 1 0 0 1 0 0 1 0 0 1 0 0 1 0 0 1 0 0 0.42039299 -0.907342017 0.313749999 0.411390007 -0.855755985 0.342730999 -0.0368940011 -0.938709021 0 -0.0417230017 -0.999128997 0.535130024 0.380158007 0.754397988 0.289023995 0.402830005 0.868443012 0.311791986 -0.0489879996 0.948886991 0.573611021 -0.0309120007 0.818544984 0.471801996 -0.849528015 0.236019999 0.411958009 -0.841933012 0.348480999 0.666653991 -0.528608024 0.525496006 0.777366996 -0.540904999 0.321126997 0.798195004 -0.454026014 0.395909995 0.664177001 -0.490689009 0.563996971 0 0.903164983 -0.429293007 0.139010996 0.912046015 -0.385809004 0.232550994 0.725876987 -0.647319019 0 0.725062013 -0.688683987 0.518087029 -0.85532397 -0.00251600007 0.510798991 -0.851952016 0.115162998 0.899082005 -0.420675009 0.121175997 0.828487992 -0.560006976 -0.000503999996 0.148498997 0.987857997 -0.0456480011 0 0.998072982 -0.0620509982 0.303357989 -0.840312004 0.449277014 0.479588002 -0.525776029 0.702534974 0.851144016 0.342732012 0.397603005 0.722046018 0.350802988 0.596311986 0.76878798 -0.00927800033 0.63943702 0.901890993 0.0141909998 0.431730002 0.100270003 0.994499028 0.0302900001 0.737873018 0.674905002 -0.00682799984 0.722827017 0.671525002 -0.163018003 0.206854001 0.978287995 0.0128220003 0.884995997 -0.417093009 0.206919 0.146758005 0.989170015 -0.00206300011 0.484885007 0.83405298 -0.263137996 0.974420011 0.0369970016 0.221668005 0.914923012 0.352142006 0.197262004 0.912998021 -0.407950997 -0.00322999991 0.99872601 0.0503790006 -0.00304299989 0.929198027 0.369538009 -0.00564200012 0.513904989 -0.851198971 -0.106591001 0.89072901 -0.408131987 -0.200074002 0.974174023 0.0430909991 -0.221647993 0.909816027 0.360251009 -0.206042007 0.820483983 -0.432393014 -0.373957008 0.908333004 0.0221870001 -0.417658001 0.849029005 0.342148989 -0.402595997 0.66477102 0.670210004 -0.329995006 0 0.406967014 0.913443029 0 -0.0585809983 0.998283029 0.255795002 -0.556087971 0.790781021 0 -0.572651029 0.819800019 0 -0.852074027 0.523422003 0.158113003 -0.844798028 0.511192024 0.0979069993 0.995191991 0.00267699989 0 0.687241018 0.726428986 0.236027002 0.680626988 0.693569005 0 0.850417972 0.526107013 0.471165001 -0.537608981 0.699271023 9.99999997e-07 -0.54953301 0.835471988 0.216132998 -0.542465985 0.81179899 0 0.326748997 -0.945110977 -0.144124001 0.333824992 -0.931551993 0 -0.481873989 -0.876240015 0 0.114701003 0.993399978 -0.473785013 0.0237029996 0.88032198 -0.167016 0.469711006 0.866877973 -0.778083026 0.497862011 0.383040011 -0.504176021 0.515596986 0.692795992 0 -0.967566013 0.252618015 -0.0469169989 -0.981682003 0.184658006 0.0469169989 -0.981682003 0.184658006 0 1 0 -0.912485003 0.405562013 0.0537570007 -0.903017998 0.37697801 -0.206024006 0 -0.967537999 -0.252723992 0.136093006 0.988792002 -0.0613950007 0 -0.577894986 -0.816111028 0.267531991 -0.566365004 -0.779524028 0.149185002 -0.855053008 -0.496616989 0 -0.856584013 -0.516008019 0 0.599211991 0.800590992 0.117953002 0.991280973 -0.0587319992 -0.997871995 -0.0099600004 -0.0644349977 -0.961259007 -0.0254200008 0.274473011 -0.780452013 0.258376986 -0.569329977 -0.619596004 -0.370469004 -0.691992998 -0.539204001 0.375104994 -0.754025996 0 0.999763012 0.0217659995 -0.29192701 -0.469092011 -0.833504975 -0.330944985 0.00421300018 -0.943641007 -0.908674002 -0.199851006 -0.366566002 0.363911003 0.870842993 -0.330457002 0.488027006 -0.844313979 -0.221275002 0.900579989 -0.420109987 -0.111638002 0.781637013 -0.53797102 -0.315643996 0.556716979 -0.522175014 -0.646064997 0.669641972 -0.00945900008 -0.742623985 0.824787974 0.0107159996 -0.565339983 0.725735009 -0.467260987 -0.504952013 0.212285995 -0.528392971 -0.822031021 0.31973201 -0.853383005 -0.411713988 0.474920005 -0.53598702 -0.69797498 9.99999997e-07 -0.528816998 -0.848735988 0.556716979 -0.522175014 -0.646064997 0.617061973 0.383616 -0.687075973 0.669641972 -0.00945900008 -0.742623985 0.765120029 0.347813994 -0.541863978 0.435467988 -0.842346013 -0.317523003 0.289615005 0.887651026 -0.358047992 0.671886027 -0.525421023 -0.522018015 0.45699501 0.710188985 -0.535525024 0.586058021 0.67731601 -0.444723994 0 -0.481873989 -0.876240015 0 1 0 0.640433013 -0.734501004 0.224395007 0.521529019 -0.749436975 0.407862991 0.162780002 -0.978712022 0.125003994 0.206645995 -0.975910008 0.0699750036 0.552758992 -0.0452059992 0.832113981 0.244755998 -0.0428289995 0.968638003 0.229969993 -0.325917006 0.917001009 0.519001007 -0.337556988 0.78529799 0.951137006 -0.0246280003 0.307785004 0.784438014 -0.0453579985 0.618546009 0.736167014 -0.340710998 0.584785998 0.883758008 -0.342655003 0.318684012 0.999949992 -0.0096230004 0.00255899993 0.944971025 -0.327136993 0.0033499999 0.951991022 -0.0310689993 -0.304545999 0.884078026 -0.342898995 -0.31753099 0.70628798 -0.707920015 0.00260100001 0.236031994 -0.971745014 0.000956000003 0.900579989 -0.420109987 -0.111638002 0 -0.765299022 0.643675029 0.157608002 -0.765110016 0.624312997 0 -0.322764009 0.946479976 0.359017015 -0.764674008 0.535144985 0.64556098 -0.729570985 -0.225780994 0.525656998 -0.740418017 -0.418886006 0.730702996 -0.343447 -0.590014994 0.364197999 -0.752074003 -0.549313009 0.161725998 -0.750781 -0.640447021 0.230152994 -0.331312001 -0.915019989 0.514213026 -0.342999011 -0.786090016 0.899082005 -0.420675009 0.121175997 0.109043002 -0.981168985 0.159427002 0.777366996 -0.540904999 0.321126997 0.666653991 -0.528608024 0.525496006 0.549206972 -0.0705849975 -0.832700014 0.243212998 -0.0706140026 -0.967399001 0.212285995 -0.528392971 -0.822031021 9.99999997e-07 -0.0425040014 0.999095976 0.471165001 -0.537608981 0.699271023 0.216132998 -0.542465985 0.81179899 0 -0.967566013 0.252618015 0.0469169989 -0.981682003 0.184658006 0.77977699 -0.0615959987 -0.623019993 0.206533998 -0.97596997 -0.0694670007 0.161140993 -0.978828013 -0.126210004 9.99999997e-07 -0.0679979995 -0.997685015 0.108182997 -0.981160998 -0.160063997 0.0468729995 -0.981697977 -0.184586003 0 -0.750496984 -0.660874009 0 -0.326698005 -0.945128977 0 -0.967537999 -0.252723992 9.99999997e-07 -0.54953301 0.835471988 -0.239415005 0.970807016 -0.0146110002 -0.522428989 0.829568028 0.197192997 -0.473996997 0.824078977 0.310194999 -0.403268009 0.685105979 0.606634021 -0.205344006 0.82980603 0.518899024 -0.356994987 0.821344018 0.444914013 -0.691711009 0.705726027 0.153251007 -0.210613996 0.976934016 0.0352410004 -0.559013009 0.679135025 0.47568801 -0.647584021 0.702131987 0.296047986 0 1 0 0 1 0 0 1 0 0 1 0 0 1 0 -0.342730999 -0.0368940011 -0.938709021 -0.313749999 0.411390007 -0.855755985 -0.535130024 0.380158007 0.754397988 -0.573611021 -0.0309120007 0.818544984 -0.311791986 -0.0489879996 0.948886991 -0.289023995 0.402830005 0.868443012 -0.471801996 -0.849528015 0.236019999 -0.779064 -0.538022995 0.321853012 -0.667863011 -0.526116014 0.526462018 -0.411958009 -0.841933012 0.348480999 -0.664177001 -0.490689009 0.563996971 -0.798195004 -0.454026014 0.395909995 -0.232550994 0.725876987 -0.647319019 -0.139010996 0.912046015 -0.385809004 -0.518087029 -0.85532397 -0.00251600007 -0.830555022 -0.556936026 -0.000506000011 -0.901108027 -0.416236997 0.121455997 -0.510798991 -0.851952016 0.115162998 -0.148498997 0.987857997 -0.0456480011 -0.303357989 -0.840312004 0.449277014 -0.479588002 -0.525776029 0.702534974 -0.851144016 0.342732012 0.397603005 -0.901890993 0.0141909998 0.431730002 -0.76878798 -0.00927800033 0.63943702 -0.722046018 0.350802988 0.596311986 -0.100270003 0.994499028 0.0302900001 -0.206854001 0.978287995 0.0128220003 -0.722827017 0.671525002 -0.163018003 -0.737873018 0.674905002 -0.00682799984 -0.884995997 -0.417093009 0.206919 -0.484885007 0.83405298 -0.263137996 -0.146758005 0.989170015 -0.00206300011 -0.914923012 0.352142006 0.197262004 -0.974420011 0.0369970016 0.221668005 -0.912998021 -0.407950997 -0.00322999991 -0.99872601 0.0503790006 -0.00304299989 -0.929198027 0.369538009 -0.00564200012 -0.89072901 -0.408131987 -0.200074002 -0.513904989 -0.851198971 -0.106591001 -0.909816027 0.360251009 -0.206042007 -0.974174023 0.0430909991 -0.221647993 -0.820483983 -0.432393014 -0.373957008 -0.908333004 0.0221870001 -0.417658001 -0.849029005 0.342148989 -0.402595997 -0.66477102 0.670210004 -0.329995006 -0.255795002 -0.556087971 0.790781021 -0.158113003 -0.844798028 0.511192024 -0.0979069993 0.995191991 0.00267699989 -0.236027002 0.680626988 0.693569005 -0.471769005 -0.535878003 0.700191975 -0.216259003 -0.541692019 0.812282026 0.144124001 0.333824992 -0.931551993 0.167016 0.469711006 0.866877973 0.473785013 0.0237029996 0.88032198 0.778083026 0.497862011 0.383040011 0.504176021 0.515596986 0.692795992 -0.230152994 -0.331312001 -0.915019989 -0.243227005 -0.0697019994 -0.967462003 0 1 0 0.903017998 0.37697801 -0.206024006 0.912485003 0.405562013 0.0537570007 -0.359017015 -0.764674008 0.535144985 -0.109043002 -0.981168985 0.159427002 -0.0469169989 -0.981682003 0.184658006 -0.157608002 -0.765110016 0.624312997 -0.136093006 0.988792002 -0.0613950007 -0.149185002 -0.855053008 -0.496616989 -0.267531991 -0.566365004 -0.779524028 -0.117953002 0.991280973 -0.0587319992 0.961259007 -0.0254200008 0.274473011 0.997871995 -0.0099600004 -0.0644349977 0.539204001 0.375104994 -0.754025996 0.619596004 -0.370469004 -0.691992998 0.780452013 0.258376986 -0.569329977 0.330944985 0.00421300018 -0.943641007 0.29192701 -0.469092011 -0.833504975 0.908674002 -0.199851006 -0.366566002 -0.363911003 0.870842993 -0.330457002 -0.488027006 -0.844313979 -0.221275002 -0.78333199 -0.535082996 -0.316350013 -0.902607024 -0.415668011 -0.111896001 -0.556716979 -0.522175014 -0.646064997 -0.725735009 -0.467260987 -0.504952013 -0.824787974 0.0107159996 -0.565339983 -0.669641972 -0.00945900008 -0.742623985 -0.212404996 -0.527620018 -0.82249701 -0.475522995 -0.534259975 -0.698886991 -0.31973201 -0.853383005 -0.411713988 -0.556716979 -0.522175014 -0.646064997 -0.669641972 -0.00945900008 -0.742623985 -0.617061973 0.383616 -0.687075973 -0.765120029 0.347813994 -0.541863978 -0.435467988 -0.842346013 -0.317523003 -0.289615005 0.887651026 -0.358047992 -0.673090994 -0.522933006 -0.522961974 -0.45699501 0.710188985 -0.535525024 -0.586058021 0.67731601 -0.444723994 -0.640433013 -0.734501004 0.224395007 -0.206645995 -0.975910008 0.0699750036 -0.162780002 -0.978712022 0.125003994 -0.521529019 -0.749436975 0.407862991 -0.5528 -0.0431229994 0.832198024 -0.519001007 -0.337556988 0.78529799 -0.229969993 -0.325917006 0.917001009 -0.244763002 -0.0419030003 0.968676984 -0.951227009 -0.0203189999 0.307821989 -0.883758008 -0.342655003 0.318684012 -0.736167014 -0.340710998 0.584785998 -0.784534991 -0.042417001 0.618632019 -0.999985993 -0.0046339999 0.00255999994 -0.944971025 -0.327136993 0.0033499999 -0.952107012 -0.0267549995 -0.304592013 -0.884078026 -0.342898995 -0.31753099 -0.70628798 -0.707920015 0.00260100001 -0.236030996 -0.971745014 0.000956000003 -0.902607024 -0.415668011 -0.111896001 -0.645559013 -0.729573011 -0.225779995 -0.730702996 -0.343447 -0.590014994 -0.525655985 -0.740418971 -0.418884993 -0.364199013 -0.752074003 -0.549311996 -0.514213026 -0.342999011 -0.786090016 -0.161725998 -0.750781 -0.640447021 -0.901108027 -0.416236997 0.121455997 -0.667863011 -0.526116014 0.526462018 -0.779064 -0.538022995 0.321853012 -0.549274981 -0.0685150027 -0.832827985 -0.212404996 -0.527620018 -0.82249701 -0.216259003 -0.541692019 0.812282026 -0.471769005 -0.535878003 0.700191975 -0.779910028 -0.0586690009 -0.623135984 -0.161139995 -0.978829026 -0.126208007 -0.206532001 -0.975970984 -0.0694660023 -0.0468729995 -0.981697977 -0.184586003 -0.108182997 -0.981160998 -0.160062999 -0.00622599991 -0.706220984 0.707964003 0.226572007 -0.802347004 0.552182019 0.33108899 -0.480143011 0.812307 -1 0 0 -0.929580986 0.303662986 -0.208969995 -0.938921988 0.195536003 -0.283178985 -0.932075024 0.0843319967 -0.352313995 -0.402916014 0.215065002 -0.889609993 -0.423307002 0.515375972 -0.745117009 0.423307002 0.515375972 -0.745117009 0.402916014 0.215065002 -0.889609993 0.938921988 0.195536003 -0.283178985 0.929580986 0.303662986 -0.208969995 1 0 0 0.932075024 0.0843319967 -0.352313995 -0.396661013 0.757601023 -0.518362999 0.396661013 0.757601023 -0.518362999 0.423307002 0.515375972 -0.745117009 0.396661013 0.757601023 -0.518362999 0.402916014 0.215065002 -0.889609993 -0.598275006 -0.285948008 -0.74853301 -0.581286013 -0.494293988 -0.646359026 0.817221999 -0.225381002 -0.530426025 0.798933983 -0.146751001 -0.583239973 0.58535099 0.444106996 0.678331017 0.599780023 0.255490988 0.758279979 -0.797819018 0.114409 0.591942012 -0.808677971 0.172804996 0.562296987 0.00622599991 -0.706220984 0.707964003 0.282240003 -0.62016201 0.731941998 0.0470400006 -0.870096028 0.490631998 0.316204011 -0.795710027 0.516586006 -0.44400999 0.292926997 -0.846787989 -0.166691005 0.764989018 -0.622098029 -0.0388699993 0.292926997 -0.955344021 0.310898989 0.495056987 -0.811331987 0.397666991 0.777298987 -0.487511009 0.169009 0.969125986 -0.179528996 0.468858004 0.798820972 0.376906008 0.868951023 0.474685013 -0.139992997 0.720725 -0.00747200008 -0.693180978 0.118088 -0.342180014 -0.932184994 -0.568359017 -0.342180014 -0.748251021 -0.236130998 0.969125986 -0.070972003 -0.217590004 0.798820019 0.560838997 -0.33108899 -0.480143011 0.812307 0.00622599991 -0.706220984 0.707964003 0.0831120014 -0.46807301 0.879773021 -0.588145018 0.777298987 -0.223363996 -0.822529972 0.474685013 0.313237995 -0.674912989 0.495056987 -0.547185004 -0.970757008 -0.00747200008 -0.239950001 -0.178932995 -0.969529986 0.167315006 -0.226570994 -0.802347004 0.552182019 0.0470400006 -0.870096028 0.490631998 0.450951993 -0.278840005 0.847873986 0.533125997 -0.604514003 0.591894984 0.316204011 -0.795710027 0.516586006 0.603610992 -0.770537019 0.20476 0.223342001 -0.938328028 0.263929993 0.282240003 -0.62016201 0.731941998 -0.0470400006 -0.870096028 0.490631998 -0.223342001 -0.938328028 0.263929993 0.178932995 -0.969529986 0.167315006 -0.316204011 -0.795710027 0.516584992 -0.533125997 -0.604514003 0.591894984 -0.282240003 -0.62016201 0.731941998 -0.450951993 -0.278838992 0.847873986 -0.0831120014 -0.46807301 0.879773021 -0.118088 -0.342180014 -0.932184994 0.568359017 -0.342180014 -0.748251021 -0.603610992 -0.770537019 0.20476 -0.720725 -0.00747200008 -0.693180978 -0.868951023 0.474685013 -0.139992997 -0.468858004 0.798820972 0.376906008 0.44400999 0.292926997 -0.846786976 0.166691005 0.764989018 -0.622098029 0.674912989 0.495056987 -0.547185004 0.217590004 0.798820019 0.560838997 0.588145018 0.777298987 -0.223363996 0.822529972 0.474685013 0.313237995 0.970757008 -0.00747200008 -0.239950001 0.236130998 0.969125986 -0.070972003 -0.169009 0.969125986 -0.179528996 -0.397666991 0.777298987 -0.487511009 0.598275006 -0.285948008 -0.74853301 -0.798933983 -0.146751001 -0.583239973 -0.817221999 -0.225381002 -0.530426025 0.581286013 -0.494293988 -0.646359026 -0.310898989 0.495056987 -0.811331987 -0.599780023 0.255490988 0.758279979 -0.58535099 0.444106996 0.678331017 0.797819018 0.114409 0.591942012 0.808677971 0.172804996 0.562296987 0.0388699993 0.292926997 -0.955344021 -0.316204011 -0.795710027 0.516584992 -0.0470400006 -0.870096028 0.490631998 -0.282240003 -0.62016201 0.731941998 -0.00622599991 -0.706220984 0.707964003 </float_array>
                    <technique_common>
                        <accessor count="923" offset="0" source="#spe03_kart_root.polymsh_1-normals-array" stride="3">
                            <param name="X" type="float"/>
                            <param name="Y" type="float"/>
                            <param name="Z" type="float"/>
                        </accessor>
                    </technique_common>
                </source>
                <source id="spe03_kart_root.polymsh_1-tex0" name="spe03_kart_root.polymsh_1-tex0">
                    <float_array id="spe03_kart_root.polymsh_1-tex0-array" count="1846"> 0.649475992 0.760618985 0.611943007 0.76444602 0.613489985 0.799180984 0.649475992 0.802164972 0.671494007 0.76444602 0.671494007 0.797245979 0.680465996 0.782293022 0.716181993 0.982005 0.740544021 0.971180975 0.72993499 0.989493012 0.602971017 0.782293022 0.738644004 0.982005 0.716181993 0.971180975 0.740544021 0.971181989 0.750930011 0.971180975 0.765453994 0.982005 0.759754002 0.971180975 0.782896996 0.982005 0.77206701 0.971180975 0.765453994 0.982005 0.759754002 0.971181989 0.750930011 0.971181989 0.751295984 0.982005 0.752726972 0.989493012 0.766214013 0.989493012 0.782896996 0.989493012 0.716181993 0.989493012 0.738644004 0.982005 0.740544021 0.989493012 0.752049029 0.982005 0.716181993 0.989493012 0.72993499 0.989493012 0.716181993 0.982005 0.765453994 0.982005 0.759754002 0.971181989 0.782896996 0.982005 0.738644004 0.982005 0.750930011 0.971180975 0.740544021 0.971180975 0.759754002 0.971180975 0.765453994 0.982005 0.738644004 0.982005 0.740544021 0.971181989 0.751295984 0.982005 0.766214013 0.989493012 0.752726972 0.989493012 0.77206701 0.971180975 0.782896996 0.989493012 0.716181993 0.971180975 0.740544021 0.989493012 0.752049029 0.982005 0.671494007 0.797245979 0.671494007 0.76444602 0.680465996 0.782293022 0.649475992 0.802164972 0.649475992 0.760618985 0.613489985 0.799180984 0.611943007 0.76444602 0.602971017 0.782293022 0.649475992 0.760618985 0.649475992 0.802164972 0.613489985 0.799180984 0.611943007 0.76444602 0.671494007 0.76444602 0.671494007 0.797245979 0.680465996 0.782293022 0.72993499 0.989493012 0.740544021 0.971180975 0.716181993 0.982005 0.602971017 0.782293022 0.738644004 0.982005 0.740544021 0.971181989 0.716181993 0.971180975 0.750930011 0.971180975 0.782896996 0.982005 0.759754002 0.971180975 0.765453994 0.982005 0.765453994 0.982005 0.77206701 0.971180975 0.751295984 0.982005 0.750930011 0.971181989 0.759754002 0.971181989 0.766214013 0.989493012 0.752726972 0.989493012 0.782896996 0.989493012 0.738644004 0.982005 0.716181993 0.989493012 0.740544021 0.989493012 0.752049029 0.982005 0.716181993 0.982005 0.72993499 0.989493012 0.716181993 0.989493012 0.782896996 0.982005 0.759754002 0.971181989 0.765453994 0.982005 0.740544021 0.971180975 0.750930011 0.971180975 0.738644004 0.982005 0.765453994 0.982005 0.759754002 0.971180975 0.740544021 0.971181989 0.738644004 0.982005 0.751295984 0.982005 0.752726972 0.989493012 0.766214013 0.989493012 0.77206701 0.971180975 0.782896996 0.989493012 0.716181993 0.971180975 0.740544021 0.989493012 0.752049029 0.982005 0.680465996 0.782293022 0.671494007 0.76444602 0.671494007 0.797245979 0.649475992 0.802164972 0.649475992 0.760618985 0.613489985 0.799180984 0.611943007 0.76444602 0.602971017 0.782293022 0.977526009 0.706620991 0.984521985 0.730022013 0.933493972 0.730022013 0.984521985 0.730022013 0.977526009 0.706620991 0.988789976 0.699132025 0.998327971 0.730022013 0.626699984 0.80716902 0.644924998 0.80716902 0.644924998 0.84275198 0.626699984 0.84275198 0.644924998 0.878198028 0.626699984 0.878198028 0.644924998 0.913612008 0.626699984 0.913612008 0.644924998 0.948741019 0.626699984 0.948741019 0.866715014 0.730022013 0.875532985 0.699132025 0.887075007 0.706620991 0.880078971 0.730022013 0.880078971 0.730022013 0.887075007 0.706620991 0.933493972 0.730022013 0.958410978 0.687816978 0.958410978 0.687816978 0.964685977 0.675670028 0.664412022 0.80716902 0.664412022 0.84275198 0.664412022 0.878198028 0.664412022 0.913612008 0.664412022 0.948741019 0.899619997 0.675670028 0.906189024 0.687816978 0.906189024 0.687816978 0.933493972 0.680934012 0.933493972 0.680934012 0.933493972 0.667680979 0.686336994 0.80716902 0.686336994 0.84275198 0.686336994 0.878198028 0.686336994 0.913612008 0.686336994 0.948741019 0.933493972 0.667680979 0.933493972 0.680934012 0.933493972 0.680934012 0.906189024 0.687816978 0.906189024 0.687816978 0.899619997 0.675670028 0.43019399 0.80716902 0.453009009 0.80716902 0.453009009 0.84275198 0.43019399 0.84275198 0.453009009 0.878198028 0.43019399 0.878198028 0.453009009 0.913612008 0.43019399 0.913612008 0.453009009 0.948741019 0.43019399 0.948741019 0.964685977 0.675670028 0.958410978 0.687816978 0.958410978 0.687816978 0.887075007 0.706620991 0.887075007 0.706620991 0.875532985 0.699132025 0.476197004 0.80716902 0.476197004 0.84275198 0.476197004 0.878198028 0.476197004 0.913612008 0.476197004 0.948741019 0.988789976 0.699132025 0.977526009 0.706620991 0.977526009 0.706620991 0.880078971 0.730022013 0.880078971 0.730022013 0.866719007 0.730022013 0.498692989 0.80716902 0.498692989 0.84275198 0.498692989 0.878198028 0.498692989 0.913612008 0.498692989 0.948741019 0.998332024 0.730022013 0.984521985 0.730022013 0.984521985 0.730022013 0.887075007 0.757996976 0.887075007 0.757996976 0.875532985 0.764807999 0.520237029 0.80716902 0.520237029 0.84275198 0.520237029 0.878198028 0.520237029 0.913612008 0.520237029 0.948741019 0.988789976 0.764807999 0.977526009 0.757996976 0.977526009 0.757996976 0.906189024 0.77680099 0.906189024 0.77680099 0.899619997 0.788507998 0.542815983 0.80716902 0.542815983 0.84275198 0.542815983 0.878198028 0.542815983 0.913612008 0.542815983 0.948741019 0.964685977 0.788507998 0.958410978 0.77680099 0.958410978 0.77680099 0.933493972 0.783684015 0.933493972 0.783684015 0.933493972 0.79718399 0.566085994 0.80716902 0.566085994 0.84275198 0.566085994 0.878198028 0.566085994 0.913612008 0.566085994 0.948741019 0.933493972 0.79718399 0.933493972 0.783684015 0.933493972 0.783684015 0.958410978 0.77680099 0.958410978 0.77680099 0.964685977 0.788507998 0.588204026 0.80716902 0.588204026 0.84275198 0.588204026 0.878198028 0.588204026 0.913612008 0.588204026 0.948741019 0.899619997 0.788507998 0.906189024 0.77680099 0.906189024 0.77680099 0.977526009 0.757996976 0.977526009 0.757996976 0.988789976 0.764807999 0.60827899 0.80716902 0.60827899 0.84275198 0.60827899 0.878198028 0.60827899 0.913612008 0.60827899 0.948741019 0.875532985 0.764807999 0.887075007 0.757996976 0.887075007 0.757996976 0.599711001 0.716305017 0.62323302 0.702080011 0.626349986 0.710121989 0.638790011 0.702080011 0.666167021 0.702080011 0.600704014 0.731487989 0.575702012 0.740929008 0.633696973 0.728622973 0.617532015 0.756801009 0.588653028 0.763898015 0.660528004 0.751534998 0.638116002 0.751534998 0.666944981 0.733012021 0.523124993 0.757716 0.495647997 0.785077989 0.496024013 0.749186993 0.51018697 0.801253974 0.565137982 0.788708985 0.534129977 0.801913977 0.55122 0.752059996 0.685774982 0.702080011 0.685774982 0.709482014 0.685774982 0.739341021 0.599933028 0.702080011 0.685774982 0.751534998 0.473378003 0.702080011 0.495420009 0.702080011 0.498778999 0.715245008 0.473378003 0.709482014 0.576973975 0.720511019 0.576548994 0.702080011 0.473378003 0.739341021 0.48199901 0.769164026 0.473378003 0.751534998 0.548402011 0.722208977 0.545530975 0.702080011 0.524728 0.702080011 0.526162982 0.720861018 0.933493972 0.730022013 0.984521985 0.730022013 0.977526009 0.706620991 0.984521985 0.730022013 0.998327971 0.730022013 0.988789976 0.699132025 0.977526009 0.706620991 0.626699984 0.80716902 0.626699984 0.84275198 0.644924998 0.84275198 0.644924998 0.80716902 0.626699984 0.878198028 0.644924998 0.878198028 0.626699984 0.913612008 0.644924998 0.913612008 0.626699984 0.948741019 0.644924998 0.948741019 0.866715014 0.730022013 0.880078971 0.730022013 0.887075007 0.706620991 0.875532985 0.699132025 0.933493972 0.730022013 0.887075007 0.706620991 0.880078971 0.730022013 0.958410978 0.687816978 0.964685977 0.675670028 0.958410978 0.687816978 0.664412022 0.84275198 0.664412022 0.80716902 0.664412022 0.878198028 0.664412022 0.913612008 0.664412022 0.948741019 0.906189024 0.687816978 0.899619997 0.675670028 0.906189024 0.687816978 0.933493972 0.680934012 0.933493972 0.667680979 0.933493972 0.680934012 0.686336994 0.84275198 0.686336994 0.80716902 0.686336994 0.878198028 0.686336994 0.913612008 0.686336994 0.948741019 0.933493972 0.680934012 0.933493972 0.667680979 0.933493972 0.680934012 0.906189024 0.687816978 0.899619997 0.675670028 0.906189024 0.687816978 0.43019399 0.80716902 0.43019399 0.84275198 0.453009009 0.84275198 0.453009009 0.80716902 0.43019399 0.878198028 0.453009009 0.878198028 0.43019399 0.913612008 0.453009009 0.913612008 0.43019399 0.948741019 0.453009009 0.948741019 0.958410978 0.687816978 0.964685977 0.675670028 0.958410978 0.687816978 0.887075007 0.706620991 0.875532985 0.699132025 0.887075007 0.706620991 0.476197004 0.84275198 0.476197004 0.80716902 0.476197004 0.878198028 0.476197004 0.913612008 0.476197004 0.948741019 0.977526009 0.706620991 0.988789976 0.699132025 0.977526009 0.706620991 0.880078971 0.730022013 0.866719007 0.730022013 0.880078971 0.730022013 0.498692989 0.84275198 0.498692989 0.80716902 0.498692989 0.878198028 0.498692989 0.913612008 0.498692989 0.948741019 0.984521985 0.730022013 0.998332024 0.730022013 0.984521985 0.730022013 0.887075007 0.757996976 0.875532985 0.764807999 0.887075007 0.757996976 0.520237029 0.84275198 0.520237029 0.80716902 0.520237029 0.878198028 0.520237029 0.913612008 0.520237029 0.948741019 0.977526009 0.757996976 0.988789976 0.764807999 0.977526009 0.757996976 0.906189024 0.77680099 0.899619997 0.788507998 0.906189024 0.77680099 0.542815983 0.84275198 0.542815983 0.80716902 0.542815983 0.878198028 0.542815983 0.913612008 0.542815983 0.948741019 0.958410978 0.77680099 0.964685977 0.788507998 0.958410978 0.77680099 0.933493972 0.783684015 0.933493972 0.79718399 0.933493972 0.783684015 0.566085994 0.84275198 0.566085994 0.80716902 0.566085994 0.878198028 0.566085994 0.913612008 0.566085994 0.948741019 0.933493972 0.783684015 0.933493972 0.79718399 0.933493972 0.783684015 0.958410978 0.77680099 0.964685977 0.788507998 0.958410978 0.77680099 0.588204026 0.84275198 0.588204026 0.80716902 0.588204026 0.878198028 0.588204026 0.913612008 0.588204026 0.948741019 0.906189024 0.77680099 0.899619997 0.788507998 0.906189024 0.77680099 0.977526009 0.757996976 0.988789976 0.764807999 0.977526009 0.757996976 0.60827899 0.84275198 0.60827899 0.80716902 0.60827899 0.878198028 0.60827899 0.913612008 0.60827899 0.948741019 0.887075007 0.757996976 0.875532985 0.764807999 0.887075007 0.757996976 0.626349986 0.710121989 0.62323302 0.702080011 0.599711001 0.716305017 0.666167021 0.702080011 0.638790011 0.702080011 0.575702012 0.740929008 0.600704014 0.731487989 0.633696973 0.728622973 0.588653028 0.763898015 0.617532015 0.756801009 0.666944981 0.733012021 0.638116002 0.751534998 0.660528004 0.751534998 0.496024013 0.749186993 0.495647997 0.785077989 0.523124993 0.757716 0.51018697 0.801253974 0.55122 0.752059996 0.534129977 0.801913977 0.565137982 0.788708985 0.685774982 0.709482014 0.685774982 0.702080011 0.685774982 0.739341021 0.599933028 0.702080011 0.685774982 0.751534998 0.473378003 0.702080011 0.473378003 0.709482014 0.498778999 0.715245008 0.495420009 0.702080011 0.576973975 0.720511019 0.576548994 0.702080011 0.473378003 0.739341021 0.473378003 0.751534998 0.48199901 0.769164026 0.548402011 0.722208977 0.545530975 0.702080011 0.526162982 0.720861018 0.524728 0.702080011 0.228444993 0.859425008 0.228444993 0.79460299 0.216298997 0.76374501 0.216298997 0.890282989 0.0698959976 0.708653986 0.0698959976 0.945372999 0.158401996 0.934551001 0.158401996 0.719471991 0.690656006 0.455920011 0.624143004 0.453810006 0.686227977 0.469924986 0.746402025 0.459468007 0.818055987 0.46419099 0.745459974 0.412438005 0.190557003 0.914584994 0.190557003 0.739437997 0.190557003 0.739437997 0.190557003 0.914584994 0.158401996 0.934551001 0.158401996 0.719471991 0.216298997 0.76374501 0.216298997 0.890282989 0.539865017 0.455650985 0.524685025 0.412438005 0.686365008 0.412959009 0.619660974 0.411954999 0.998373985 0.303166002 0.998373985 0.253978997 0.906553984 0.293949008 0.998373985 0.164799005 0.884473979 0.0760570019 0.874441981 0.164799005 0.918577015 0.0335570015 0.95748502 0.0126799997 0.00704099983 0.368342996 0.0819419995 0.368342996 0.0805839971 0.319965988 0.00704099983 0.319965988 0.748201013 0.368342996 0.814218998 0.368342996 0.814036012 0.319965988 0.751847029 0.319923997 0.621820986 0.230731994 0.690056026 0.230731994 0.701399028 0.187314004 0.633098006 0.187314004 0.618237972 0.277864009 0.684651017 0.277864009 0.00704099983 0.460218996 0.0613490008 0.460218996 0.0752369985 0.412438005 0.00704099983 0.412438005 0.436668009 0.230731994 0.531381011 0.230731994 0.547084987 0.187314004 0.437173992 0.187314004 0.74802202 0.479591012 0.00704099983 0.515590012 0.751515985 0.230731994 0.751520991 0.277864009 0.618179977 0.368342996 0.686321974 0.368342996 0.685692012 0.319965988 0.618633986 0.319974989 0.437278003 0.456968993 0.436901987 0.412438005 0.339367986 0.412438005 0.319045991 0.462852001 0.531195998 0.277864009 0.217423007 0.492132992 0.221331 0.461468011 0.533408999 0.319965988 0.530242026 0.368342996 0.436538011 0.277864009 0.436551005 0.319965988 0.436610013 0.368342996 0.347090006 0.230731994 0.348836005 0.277864009 0.343598992 0.319965988 0.339008987 0.368342996 0.267926991 0.277864009 0.25799799 0.319965988 0.254841 0.368342996 0.242373005 0.412438005 0.868065 0.368342996 0.868065 0.319965988 0.811547995 0.277864009 0.868065 0.277864009 0.868065 0.230731994 0.811206996 0.230731994 0.815478027 0.489504009 0.868065 0.412438005 0.81566298 0.412438005 0.868065 0.465344012 0.75919199 0.187314004 0.868065 0.187314004 0.815876007 0.187314004 0.868065 0.511058986 0.814795017 0.50634402 0.868065 0.694655001 0.00704099983 0.694655001 0.222094998 0.694655001 0.105988003 0.535040021 0.316058993 0.475558996 0.220092997 0.507732987 0.232446998 0.827014029 0.228444993 0.859425008 0.228444993 0.79460299 0.876920998 0.253978997 0.437451005 0.467537999 0.540831983 0.467550993 0.232446998 0.827014029 0.624722004 0.460233003 0.00704099983 0.277864009 0.0793310031 0.277864009 0.0709749982 0.230731994 0.00704099983 0.230731994 0.00704099983 0.537567019 0.102435999 0.512606978 0.519909024 0.694655001 0.327798992 0.694655001 0.625536025 0.475342989 0.749390006 0.694655001 0.686653972 0.488321006 0.868065 0.494136006 0.812438011 0.694655001 0.746677995 0.498724014 0.669049978 0.694655001 0.172326997 0.471904993 0.271183997 0.230731994 0.329957992 0.187314004 0.237235993 0.187314004 0.143472001 0.277864009 0.142437994 0.319965988 0.199175999 0.319965988 0.198063999 0.277864009 0.0614450015 0.187314004 0.139948994 0.230731994 0.117228001 0.187314004 0.00704099983 0.187314004 0.146344006 0.277864009 0.143421993 0.368342996 0.14531 0.319965988 0.196505994 0.368342996 0.190281004 0.230731994 0.113990001 0.458231002 0.172030002 0.187314004 0.133265004 0.412438005 0.188483 0.412438005 0.870829999 0.694655001 0.998373985 0.00415100018 0.237235993 0.065200001 0.172030002 0.0651770011 0.172030002 0.0068049999 0.237235993 0.0068049999 0.117228001 0.105763003 0.0614450015 0.105756 0.0614450015 0.0854670033 0.117228001 0.0854670033 0.237235993 0.105788998 0.172030002 0.105775997 0.172030002 0.0854670033 0.237235993 0.0854670033 0.437173992 0.105802 0.437173992 0.0854670033 0.237235993 0.105788998 0.237235993 0.0854670033 0.437173992 0.0652220026 0.437173992 0.0068049999 0.329957992 0.187314004 0.00704099983 0.0651310012 0.0614450015 0.0651419982 0.00704099983 0.0860939994 0.117228001 0.0651540011 0.237235993 0.065200001 0.172030002 0.0651770011 0.172030002 0.0854670033 0.117228001 0.0651540011 0.0614450015 0.0651419982 0.0614450015 0.0854670033 0.117228001 0.0854670033 0.329957992 0.187314004 0.117228001 0.0068049999 0.237235993 0.187314004 0.172030002 0.187314004 0.117228001 0.105763003 0.0614450015 0.105756 0.0614450015 0.187314004 0.00704099983 0.105749004 0.117228001 0.187314004 0.0614450015 0.187314004 0.00704099983 0.0068049999 0.0614450015 0.0068049999 0.172030002 0.105775997 0.237235993 0.0068049999 0.172030002 0.0068049999 0.00704099983 0.105749004 0.117228001 0.0068049999 0.0614450015 0.0068049999 0.00704099983 0.0651310012 0.00704099983 0.0860939994 0.00704099983 0.0068049999 0.00704099983 0.187314004 0.686227977 0.469924986 0.624143004 0.453810006 0.690656006 0.455920011 0.745459974 0.412438005 0.818055987 0.46419099 0.746402025 0.459468007 0.524685025 0.412438005 0.539865017 0.455650985 0.686365008 0.412959009 0.619660974 0.411954999 0.906553984 0.293949008 0.874441981 0.164799005 0.884473979 0.0760570019 0.95748502 0.0126799997 0.918577015 0.0335570015 0.0805839971 0.319965988 0.0819419995 0.368342996 0.748201013 0.368342996 0.751847029 0.319923997 0.814036012 0.319965988 0.814218998 0.368342996 0.621820986 0.230731994 0.633098006 0.187314004 0.701399028 0.187314004 0.690056026 0.230731994 0.684651017 0.277864009 0.618237972 0.277864009 0.0752369985 0.412438005 0.0613490008 0.460218996 0.436668009 0.230731994 0.437173992 0.187314004 0.547084987 0.187314004 0.531381011 0.230731994 0.74802202 0.479591012 0.751515985 0.230731994 0.751520991 0.277864009 0.618179977 0.368342996 0.618633986 0.319974989 0.685692012 0.319965988 0.686321974 0.368342996 0.437278003 0.456968993 0.319045991 0.462852001 0.339367986 0.412438005 0.436901987 0.412438005 0.531195998 0.277864009 0.221331 0.461468011 0.217423007 0.492132992 0.530242026 0.368342996 0.533408999 0.319965988 0.436538011 0.277864009 0.436551005 0.319965988 0.436610013 0.368342996 0.348836005 0.277864009 0.347090006 0.230731994 0.339008987 0.368342996 0.343598992 0.319965988 0.267926991 0.277864009 0.25799799 0.319965988 0.254841 0.368342996 0.242373005 0.412438005 0.811547995 0.277864009 0.811206996 0.230731994 0.815478027 0.489504009 0.81566298 0.412438005 0.75919199 0.187314004 0.815876007 0.187314004 0.814795017 0.50634402 0.105988003 0.535040021 0.222094998 0.694655001 0.316058993 0.475558996 0.220092997 0.507732987 0.0614450015 0.0854670033 0.0614450015 0.105756 0.876920998 0.253978997 0.540831983 0.467550993 0.437451005 0.467537999 0.117228001 0.0651540011 0.117228001 0.0068049999 0.0614450015 0.0068049999 0.0614450015 0.0651419982 0.624722004 0.460233003 0.0709749982 0.230731994 0.0793310031 0.277864009 0.102435999 0.512606978 0.327798992 0.694655001 0.519909024 0.694655001 0.686653972 0.488321006 0.749390006 0.694655001 0.625536025 0.475342989 0.746677995 0.498724014 0.812438011 0.694655001 0.669049978 0.694655001 0.172326997 0.471904993 0.271183997 0.230731994 0.237235993 0.187314004 0.329957992 0.187314004 0.143472001 0.277864009 0.198063999 0.277864009 0.199175999 0.319965988 0.142437994 0.319965988 0.0614450015 0.187314004 0.117228001 0.187314004 0.139948994 0.230731994 0.146344006 0.277864009 0.14531 0.319965988 0.143421993 0.368342996 0.196505994 0.368342996 0.190281004 0.230731994 0.113990001 0.458231002 0.172030002 0.187314004 0.133265004 0.412438005 0.188483 0.412438005 0.237235993 0.065200001 0.237235993 0.0068049999 0.172030002 0.0068049999 0.172030002 0.0651770011 0.117228001 0.105763003 0.117228001 0.0854670033 0.0614450015 0.0854670033 0.0614450015 0.105756 0.237235993 0.105788998 0.237235993 0.0854670033 0.172030002 0.0854670033 0.172030002 0.105775997 0.437173992 0.105802 0.437173992 0.0854670033 0.237235993 0.105788998 0.237235993 0.0854670033 0.437173992 0.0652220026 0.437173992 0.0068049999 0.329957992 0.187314004 0.237235993 0.065200001 0.172030002 0.0854670033 0.172030002 0.0651770011 0.117228001 0.0651540011 0.117228001 0.0854670033 0.0614450015 0.0651419982 0.329957992 0.187314004 0.172030002 0.187314004 0.237235993 0.187314004 0.117228001 0.105763003 0.0614450015 0.187314004 0.0614450015 0.187314004 0.117228001 0.187314004 0.172030002 0.105775997 0.172030002 0.0068049999 0.237235993 0.0068049999 0.0614450015 0.0068049999 0.117228001 0.0068049999 0.937357008 0.565849006 0.953833997 0.576970994 0.915253997 0.589051008 0.877644002 0.376785994 0.930059016 0.437624007 0.930059016 0.376751989 0.930059016 0.317270011 0.936761022 0.312685013 0.936761022 0.376785994 0.995997012 0.376785994 0.995997012 0.312685013 0.930059016 0.376751989 0.930059016 0.437624007 0.877644002 0.376785994 0.930059016 0.317270011 0.936761022 0.44214201 0.995997012 0.44214201 0.936761022 0.376785994 0.936761022 0.44214201 0.936761022 0.312685013 0.937357008 0.54132098 0.937357008 0.553133011 0.97151202 0.553133011 0.97151202 0.54132098 0.937357008 0.553133011 0.937357008 0.54132098 0.97151202 0.54132098 0.97151202 0.553133011 0.97151202 0.565849006 0.937357008 0.565849006 0.937357008 0.565849006 0.97151202 0.565849006 0.981963992 0.633808017 0.953833997 0.660393 0.953833997 0.625024021 0.926379025 0.633808017 0.953833997 0.625024021 0.981963992 0.633808017 0.996079028 0.610383987 0.953833997 0.598828971 0.911625981 0.610383987 0.953833997 0.598828971 0.996079028 0.610383987 0.953833997 0.625024021 0.953833997 0.598828971 0.915253997 0.589051008 0.937357008 0.565849006 0.953833997 0.576970994 0.926379025 0.633808017 0.911625981 0.610383987 0.953833997 0.625024021 0.953833997 0.598828971 0.992407978 0.589051008 0.953833997 0.576970994 0.97151202 0.565849006 0.992407978 0.589051008 0.953833997 0.576970994 0.937357008 0.565849006 0.915253997 0.589051008 0.953833997 0.576970994 0.97151202 0.565849006 0.97151202 0.565849006 0.953833997 0.576970994 0.992407978 0.589051008 0.937357008 0.565849006 0.953833997 0.576970994 0.97151202 0.565849006 0.992407978 0.589051008 0.953833997 0.576970994 0.953833997 0.598828971 0.996079028 0.610383987 0.915253997 0.589051008 0.911625981 0.610383987 0.953833997 0.598828971 0.996079028 0.610383987 0.981963992 0.633808017 0.953833997 0.660393 0.953833997 0.625024021 0.953833997 0.598828971 0.926379025 0.633808017 0.911625981 0.610383987 0.953833997 0.598828971 0.953833997 0.625024021 0.981963992 0.633808017 0.953833997 0.625024021 0.937357008 0.54132098 0.97151202 0.54132098 0.97151202 0.553133011 0.937357008 0.553133011 0.926379025 0.633808017 0.937357008 0.54132098 0.937357008 0.553133011 0.97151202 0.54132098 0.97151202 0.553133011 0.953833997 0.625024021 0.97151202 0.565849006 0.937357008 0.565849006 0.937357008 0.565849006 0.97151202 0.565849006 </float_array>
                    <technique_common>
                        <accessor count="923" offset="0" source="#spe03_kart_root.polymsh_1-tex0-array" stride="2">
                            <param name="S" type="float"/>
                            <param name="T" type="float"/>
                        </accessor>
                    </technique_common>
                </source>
                <source id="spe03_kart_root.polymsh_1-tex1" name="spe03_kart_root.polymsh_1-tex1">
                    <float_array id="spe03_kart_root.polymsh_1-tex1-array" count="1846"> 0.649475992 0.760618985 0.611943007 0.76444602 0.613489985 0.799180984 0.649475992 0.802164972 0.671494007 0.76444602 0.671494007 0.797245979 0.680465996 0.782293022 0.716181993 0.982005 0.740544021 0.971180975 0.72993499 0.989493012 0.602971017 0.782293022 0.738644004 0.982005 0.716181993 0.971180975 0.740544021 0.971181989 0.750930011 0.971180975 0.765453994 0.982005 0.759754002 0.971180975 0.782896996 0.982005 0.77206701 0.971180975 0.765453994 0.982005 0.759754002 0.971181989 0.750930011 0.971181989 0.751295984 0.982005 0.752726972 0.989493012 0.766214013 0.989493012 0.782896996 0.989493012 0.716181993 0.989493012 0.738644004 0.982005 0.740544021 0.989493012 0.752049029 0.982005 0.716181993 0.989493012 0.72993499 0.989493012 0.716181993 0.982005 0.765453994 0.982005 0.759754002 0.971181989 0.782896996 0.982005 0.738644004 0.982005 0.750930011 0.971180975 0.740544021 0.971180975 0.759754002 0.971180975 0.765453994 0.982005 0.738644004 0.982005 0.740544021 0.971181989 0.751295984 0.982005 0.766214013 0.989493012 0.752726972 0.989493012 0.77206701 0.971180975 0.782896996 0.989493012 0.716181993 0.971180975 0.740544021 0.989493012 0.752049029 0.982005 0.671494007 0.797245979 0.671494007 0.76444602 0.680465996 0.782293022 0.649475992 0.802164972 0.649475992 0.760618985 0.613489985 0.799180984 0.611943007 0.76444602 0.602971017 0.782293022 0.649475992 0.760618985 0.649475992 0.802164972 0.613489985 0.799180984 0.611943007 0.76444602 0.671494007 0.76444602 0.671494007 0.797245979 0.680465996 0.782293022 0.72993499 0.989493012 0.740544021 0.971180975 0.716181993 0.982005 0.602971017 0.782293022 0.738644004 0.982005 0.740544021 0.971181989 0.716181993 0.971180975 0.750930011 0.971180975 0.782896996 0.982005 0.759754002 0.971180975 0.765453994 0.982005 0.765453994 0.982005 0.77206701 0.971180975 0.751295984 0.982005 0.750930011 0.971181989 0.759754002 0.971181989 0.766214013 0.989493012 0.752726972 0.989493012 0.782896996 0.989493012 0.738644004 0.982005 0.716181993 0.989493012 0.740544021 0.989493012 0.752049029 0.982005 0.716181993 0.982005 0.72993499 0.989493012 0.716181993 0.989493012 0.782896996 0.982005 0.759754002 0.971181989 0.765453994 0.982005 0.740544021 0.971180975 0.750930011 0.971180975 0.738644004 0.982005 0.765453994 0.982005 0.759754002 0.971180975 0.740544021 0.971181989 0.738644004 0.982005 0.751295984 0.982005 0.752726972 0.989493012 0.766214013 0.989493012 0.77206701 0.971180975 0.782896996 0.989493012 0.716181993 0.971180975 0.740544021 0.989493012 0.752049029 0.982005 0.680465996 0.782293022 0.671494007 0.76444602 0.671494007 0.797245979 0.649475992 0.802164972 0.649475992 0.760618985 0.613489985 0.799180984 0.611943007 0.76444602 0.602971017 0.782293022 0.977526009 0.706620991 0.984521985 0.730022013 0.933493972 0.730022013 0.984521985 0.730022013 0.977526009 0.706620991 0.988789976 0.699132025 0.998327971 0.730022013 0.626699984 0.80716902 0.644924998 0.80716902 0.644924998 0.84275198 0.626699984 0.84275198 0.644924998 0.878198028 0.626699984 0.878198028 0.644924998 0.913612008 0.626699984 0.913612008 0.644924998 0.948741019 0.626699984 0.948741019 0.866715014 0.730022013 0.875532985 0.699132025 0.887075007 0.706620991 0.880078971 0.730022013 0.880078971 0.730022013 0.887075007 0.706620991 0.933493972 0.730022013 0.958410978 0.687816978 0.958410978 0.687816978 0.964685977 0.675670028 0.664412022 0.80716902 0.664412022 0.84275198 0.664412022 0.878198028 0.664412022 0.913612008 0.664412022 0.948741019 0.899619997 0.675670028 0.906189024 0.687816978 0.906189024 0.687816978 0.933493972 0.680934012 0.933493972 0.680934012 0.933493972 0.667680979 0.686336994 0.80716902 0.686336994 0.84275198 0.686336994 0.878198028 0.686336994 0.913612008 0.686336994 0.948741019 0.933493972 0.667680979 0.933493972 0.680934012 0.933493972 0.680934012 0.906189024 0.687816978 0.906189024 0.687816978 0.899619997 0.675670028 0.43019399 0.80716902 0.453009009 0.80716902 0.453009009 0.84275198 0.43019399 0.84275198 0.453009009 0.878198028 0.43019399 0.878198028 0.453009009 0.913612008 0.43019399 0.913612008 0.453009009 0.948741019 0.43019399 0.948741019 0.964685977 0.675670028 0.958410978 0.687816978 0.958410978 0.687816978 0.887075007 0.706620991 0.887075007 0.706620991 0.875532985 0.699132025 0.476197004 0.80716902 0.476197004 0.84275198 0.476197004 0.878198028 0.476197004 0.913612008 0.476197004 0.948741019 0.988789976 0.699132025 0.977526009 0.706620991 0.977526009 0.706620991 0.880078971 0.730022013 0.880078971 0.730022013 0.866719007 0.730022013 0.498692989 0.80716902 0.498692989 0.84275198 0.498692989 0.878198028 0.498692989 0.913612008 0.498692989 0.948741019 0.998332024 0.730022013 0.984521985 0.730022013 0.984521985 0.730022013 0.887075007 0.757996976 0.887075007 0.757996976 0.875532985 0.764807999 0.520237029 0.80716902 0.520237029 0.84275198 0.520237029 0.878198028 0.520237029 0.913612008 0.520237029 0.948741019 0.988789976 0.764807999 0.977526009 0.757996976 0.977526009 0.757996976 0.906189024 0.77680099 0.906189024 0.77680099 0.899619997 0.788507998 0.542815983 0.80716902 0.542815983 0.84275198 0.542815983 0.878198028 0.542815983 0.913612008 0.542815983 0.948741019 0.964685977 0.788507998 0.958410978 0.77680099 0.958410978 0.77680099 0.933493972 0.783684015 0.933493972 0.783684015 0.933493972 0.79718399 0.566085994 0.80716902 0.566085994 0.84275198 0.566085994 0.878198028 0.566085994 0.913612008 0.566085994 0.948741019 0.933493972 0.79718399 0.933493972 0.783684015 0.933493972 0.783684015 0.958410978 0.77680099 0.958410978 0.77680099 0.964685977 0.788507998 0.588204026 0.80716902 0.588204026 0.84275198 0.588204026 0.878198028 0.588204026 0.913612008 0.588204026 0.948741019 0.899619997 0.788507998 0.906189024 0.77680099 0.906189024 0.77680099 0.977526009 0.757996976 0.977526009 0.757996976 0.988789976 0.764807999 0.60827899 0.80716902 0.60827899 0.84275198 0.60827899 0.878198028 0.60827899 0.913612008 0.60827899 0.948741019 0.875532985 0.764807999 0.887075007 0.757996976 0.887075007 0.757996976 0.599711001 0.716305017 0.62323302 0.702080011 0.626349986 0.710121989 0.638790011 0.702080011 0.666167021 0.702080011 0.600704014 0.731487989 0.575702012 0.740929008 0.633696973 0.728622973 0.617532015 0.756801009 0.588653028 0.763898015 0.660528004 0.751534998 0.638116002 0.751534998 0.666944981 0.733012021 0.523124993 0.757716 0.495647997 0.785077989 0.496024013 0.749186993 0.51018697 0.801253974 0.565137982 0.788708985 0.534129977 0.801913977 0.55122 0.752059996 0.685774982 0.702080011 0.685774982 0.709482014 0.685774982 0.739341021 0.599933028 0.702080011 0.685774982 0.751534998 0.473378003 0.702080011 0.495420009 0.702080011 0.498778999 0.715245008 0.473378003 0.709482014 0.576973975 0.720511019 0.576548994 0.702080011 0.473378003 0.739341021 0.48199901 0.769164026 0.473378003 0.751534998 0.548402011 0.722208977 0.545530975 0.702080011 0.524728 0.702080011 0.526162982 0.720861018 0.933493972 0.730022013 0.984521985 0.730022013 0.977526009 0.706620991 0.984521985 0.730022013 0.998327971 0.730022013 0.988789976 0.699132025 0.977526009 0.706620991 0.626699984 0.80716902 0.626699984 0.84275198 0.644924998 0.84275198 0.644924998 0.80716902 0.626699984 0.878198028 0.644924998 0.878198028 0.626699984 0.913612008 0.644924998 0.913612008 0.626699984 0.948741019 0.644924998 0.948741019 0.866715014 0.730022013 0.880078971 0.730022013 0.887075007 0.706620991 0.875532985 0.699132025 0.933493972 0.730022013 0.887075007 0.706620991 0.880078971 0.730022013 0.958410978 0.687816978 0.964685977 0.675670028 0.958410978 0.687816978 0.664412022 0.84275198 0.664412022 0.80716902 0.664412022 0.878198028 0.664412022 0.913612008 0.664412022 0.948741019 0.906189024 0.687816978 0.899619997 0.675670028 0.906189024 0.687816978 0.933493972 0.680934012 0.933493972 0.667680979 0.933493972 0.680934012 0.686336994 0.84275198 0.686336994 0.80716902 0.686336994 0.878198028 0.686336994 0.913612008 0.686336994 0.948741019 0.933493972 0.680934012 0.933493972 0.667680979 0.933493972 0.680934012 0.906189024 0.687816978 0.899619997 0.675670028 0.906189024 0.687816978 0.43019399 0.80716902 0.43019399 0.84275198 0.453009009 0.84275198 0.453009009 0.80716902 0.43019399 0.878198028 0.453009009 0.878198028 0.43019399 0.913612008 0.453009009 0.913612008 0.43019399 0.948741019 0.453009009 0.948741019 0.958410978 0.687816978 0.964685977 0.675670028 0.958410978 0.687816978 0.887075007 0.706620991 0.875532985 0.699132025 0.887075007 0.706620991 0.476197004 0.84275198 0.476197004 0.80716902 0.476197004 0.878198028 0.476197004 0.913612008 0.476197004 0.948741019 0.977526009 0.706620991 0.988789976 0.699132025 0.977526009 0.706620991 0.880078971 0.730022013 0.866719007 0.730022013 0.880078971 0.730022013 0.498692989 0.84275198 0.498692989 0.80716902 0.498692989 0.878198028 0.498692989 0.913612008 0.498692989 0.948741019 0.984521985 0.730022013 0.998332024 0.730022013 0.984521985 0.730022013 0.887075007 0.757996976 0.875532985 0.764807999 0.887075007 0.757996976 0.520237029 0.84275198 0.520237029 0.80716902 0.520237029 0.878198028 0.520237029 0.913612008 0.520237029 0.948741019 0.977526009 0.757996976 0.988789976 0.764807999 0.977526009 0.757996976 0.906189024 0.77680099 0.899619997 0.788507998 0.906189024 0.77680099 0.542815983 0.84275198 0.542815983 0.80716902 0.542815983 0.878198028 0.542815983 0.913612008 0.542815983 0.948741019 0.958410978 0.77680099 0.964685977 0.788507998 0.958410978 0.77680099 0.933493972 0.783684015 0.933493972 0.79718399 0.933493972 0.783684015 0.566085994 0.84275198 0.566085994 0.80716902 0.566085994 0.878198028 0.566085994 0.913612008 0.566085994 0.948741019 0.933493972 0.783684015 0.933493972 0.79718399 0.933493972 0.783684015 0.958410978 0.77680099 0.964685977 0.788507998 0.958410978 0.77680099 0.588204026 0.84275198 0.588204026 0.80716902 0.588204026 0.878198028 0.588204026 0.913612008 0.588204026 0.948741019 0.906189024 0.77680099 0.899619997 0.788507998 0.906189024 0.77680099 0.977526009 0.757996976 0.988789976 0.764807999 0.977526009 0.757996976 0.60827899 0.84275198 0.60827899 0.80716902 0.60827899 0.878198028 0.60827899 0.913612008 0.60827899 0.948741019 0.887075007 0.757996976 0.875532985 0.764807999 0.887075007 0.757996976 0.626349986 0.710121989 0.62323302 0.702080011 0.599711001 0.716305017 0.666167021 0.702080011 0.638790011 0.702080011 0.575702012 0.740929008 0.600704014 0.731487989 0.633696973 0.728622973 0.588653028 0.763898015 0.617532015 0.756801009 0.666944981 0.733012021 0.638116002 0.751534998 0.660528004 0.751534998 0.496024013 0.749186993 0.495647997 0.785077989 0.523124993 0.757716 0.51018697 0.801253974 0.55122 0.752059996 0.534129977 0.801913977 0.565137982 0.788708985 0.685774982 0.709482014 0.685774982 0.702080011 0.685774982 0.739341021 0.599933028 0.702080011 0.685774982 0.751534998 0.473378003 0.702080011 0.473378003 0.709482014 0.498778999 0.715245008 0.495420009 0.702080011 0.576973975 0.720511019 0.576548994 0.702080011 0.473378003 0.739341021 0.473378003 0.751534998 0.48199901 0.769164026 0.548402011 0.722208977 0.545530975 0.702080011 0.526162982 0.720861018 0.524728 0.702080011 0.228444993 0.859425008 0.228444993 0.79460299 0.216298997 0.76374501 0.216298997 0.890282989 0.0698959976 0.708653986 0.0698959976 0.945372999 0.158401996 0.934551001 0.158401996 0.719471991 0.690656006 0.455920011 0.624143004 0.453810006 0.686227977 0.469924986 0.746402025 0.459468007 0.818055987 0.46419099 0.745459974 0.412438005 0.190557003 0.914584994 0.190557003 0.739437997 0.190557003 0.739437997 0.190557003 0.914584994 0.158401996 0.934551001 0.158401996 0.719471991 0.216298997 0.76374501 0.216298997 0.890282989 0.539865017 0.455650985 0.524685025 0.412438005 0.686365008 0.412959009 0.619660974 0.411954999 0.998373985 0.303166002 0.998373985 0.253978997 0.906553984 0.293949008 0.998373985 0.164799005 0.884473979 0.0760570019 0.874441981 0.164799005 0.918577015 0.0335570015 0.95748502 0.0126799997 0.00704099983 0.368342996 0.0819419995 0.368342996 0.0805839971 0.319965988 0.00704099983 0.319965988 0.748201013 0.368342996 0.814218998 0.368342996 0.814036012 0.319965988 0.751847029 0.319923997 0.621820986 0.230731994 0.690056026 0.230731994 0.701399028 0.187314004 0.633098006 0.187314004 0.618237972 0.277864009 0.684651017 0.277864009 0.00704099983 0.460218996 0.0613490008 0.460218996 0.0752369985 0.412438005 0.00704099983 0.412438005 0.436668009 0.230731994 0.531381011 0.230731994 0.547084987 0.187314004 0.437173992 0.187314004 0.74802202 0.479591012 0.00704099983 0.515590012 0.751515985 0.230731994 0.751520991 0.277864009 0.618179977 0.368342996 0.686321974 0.368342996 0.685692012 0.319965988 0.618633986 0.319974989 0.437278003 0.456968993 0.436901987 0.412438005 0.339367986 0.412438005 0.319045991 0.462852001 0.531195998 0.277864009 0.217423007 0.492132992 0.221331 0.461468011 0.533408999 0.319965988 0.530242026 0.368342996 0.436538011 0.277864009 0.436551005 0.319965988 0.436610013 0.368342996 0.347090006 0.230731994 0.348836005 0.277864009 0.343598992 0.319965988 0.339008987 0.368342996 0.267926991 0.277864009 0.25799799 0.319965988 0.254841 0.368342996 0.242373005 0.412438005 0.868065 0.368342996 0.868065 0.319965988 0.811547995 0.277864009 0.868065 0.277864009 0.868065 0.230731994 0.811206996 0.230731994 0.815478027 0.489504009 0.868065 0.412438005 0.81566298 0.412438005 0.868065 0.465344012 0.75919199 0.187314004 0.868065 0.187314004 0.815876007 0.187314004 0.868065 0.511058986 0.814795017 0.50634402 0.868065 0.694655001 0.00704099983 0.694655001 0.222094998 0.694655001 0.105988003 0.535040021 0.316058993 0.475558996 0.220092997 0.507732987 0.232446998 0.827014029 0.228444993 0.859425008 0.228444993 0.79460299 0.876920998 0.253978997 0.437451005 0.467537999 0.540831983 0.467550993 0.232446998 0.827014029 0.624722004 0.460233003 0.00704099983 0.277864009 0.0793310031 0.277864009 0.0709749982 0.230731994 0.00704099983 0.230731994 0.00704099983 0.537567019 0.102435999 0.512606978 0.519909024 0.694655001 0.327798992 0.694655001 0.625536025 0.475342989 0.749390006 0.694655001 0.686653972 0.488321006 0.868065 0.494136006 0.812438011 0.694655001 0.746677995 0.498724014 0.669049978 0.694655001 0.172326997 0.471904993 0.271183997 0.230731994 0.329957992 0.187314004 0.237235993 0.187314004 0.143472001 0.277864009 0.142437994 0.319965988 0.199175999 0.319965988 0.198063999 0.277864009 0.0614450015 0.187314004 0.139948994 0.230731994 0.117228001 0.187314004 0.00704099983 0.187314004 0.146344006 0.277864009 0.143421993 0.368342996 0.14531 0.319965988 0.196505994 0.368342996 0.190281004 0.230731994 0.113990001 0.458231002 0.172030002 0.187314004 0.133265004 0.412438005 0.188483 0.412438005 0.870829999 0.694655001 0.998373985 0.00415100018 0.237235993 0.065200001 0.172030002 0.0651770011 0.172030002 0.0068049999 0.237235993 0.0068049999 0.117228001 0.105763003 0.0614450015 0.105756 0.0614450015 0.0854670033 0.117228001 0.0854670033 0.237235993 0.105788998 0.172030002 0.105775997 0.172030002 0.0854670033 0.237235993 0.0854670033 0.437173992 0.105802 0.437173992 0.0854670033 0.237235993 0.105788998 0.237235993 0.0854670033 0.437173992 0.0652220026 0.437173992 0.0068049999 0.329957992 0.187314004 0.00704099983 0.0651310012 0.0614450015 0.0651419982 0.00704099983 0.0860939994 0.117228001 0.0651540011 0.237235993 0.065200001 0.172030002 0.0651770011 0.172030002 0.0854670033 0.117228001 0.0651540011 0.0614450015 0.0651419982 0.0614450015 0.0854670033 0.117228001 0.0854670033 0.329957992 0.187314004 0.117228001 0.0068049999 0.237235993 0.187314004 0.172030002 0.187314004 0.117228001 0.105763003 0.0614450015 0.105756 0.0614450015 0.187314004 0.00704099983 0.105749004 0.117228001 0.187314004 0.0614450015 0.187314004 0.00704099983 0.0068049999 0.0614450015 0.0068049999 0.172030002 0.105775997 0.237235993 0.0068049999 0.172030002 0.0068049999 0.00704099983 0.105749004 0.117228001 0.0068049999 0.0614450015 0.0068049999 0.00704099983 0.0651310012 0.00704099983 0.0860939994 0.00704099983 0.0068049999 0.00704099983 0.187314004 0.686227977 0.469924986 0.624143004 0.453810006 0.690656006 0.455920011 0.745459974 0.412438005 0.818055987 0.46419099 0.746402025 0.459468007 0.524685025 0.412438005 0.539865017 0.455650985 0.686365008 0.412959009 0.619660974 0.411954999 0.906553984 0.293949008 0.874441981 0.164799005 0.884473979 0.0760570019 0.95748502 0.0126799997 0.918577015 0.0335570015 0.0805839971 0.319965988 0.0819419995 0.368342996 0.748201013 0.368342996 0.751847029 0.319923997 0.814036012 0.319965988 0.814218998 0.368342996 0.621820986 0.230731994 0.633098006 0.187314004 0.701399028 0.187314004 0.690056026 0.230731994 0.684651017 0.277864009 0.618237972 0.277864009 0.0752369985 0.412438005 0.0613490008 0.460218996 0.436668009 0.230731994 0.437173992 0.187314004 0.547084987 0.187314004 0.531381011 0.230731994 0.74802202 0.479591012 0.751515985 0.230731994 0.751520991 0.277864009 0.618179977 0.368342996 0.618633986 0.319974989 0.685692012 0.319965988 0.686321974 0.368342996 0.437278003 0.456968993 0.319045991 0.462852001 0.339367986 0.412438005 0.436901987 0.412438005 0.531195998 0.277864009 0.221331 0.461468011 0.217423007 0.492132992 0.530242026 0.368342996 0.533408999 0.319965988 0.436538011 0.277864009 0.436551005 0.319965988 0.436610013 0.368342996 0.348836005 0.277864009 0.347090006 0.230731994 0.339008987 0.368342996 0.343598992 0.319965988 0.267926991 0.277864009 0.25799799 0.319965988 0.254841 0.368342996 0.242373005 0.412438005 0.811547995 0.277864009 0.811206996 0.230731994 0.815478027 0.489504009 0.81566298 0.412438005 0.75919199 0.187314004 0.815876007 0.187314004 0.814795017 0.50634402 0.105988003 0.535040021 0.222094998 0.694655001 0.316058993 0.475558996 0.220092997 0.507732987 0.0614450015 0.0854670033 0.0614450015 0.105756 0.876920998 0.253978997 0.540831983 0.467550993 0.437451005 0.467537999 0.117228001 0.0651540011 0.117228001 0.0068049999 0.0614450015 0.0068049999 0.0614450015 0.0651419982 0.624722004 0.460233003 0.0709749982 0.230731994 0.0793310031 0.277864009 0.102435999 0.512606978 0.327798992 0.694655001 0.519909024 0.694655001 0.686653972 0.488321006 0.749390006 0.694655001 0.625536025 0.475342989 0.746677995 0.498724014 0.812438011 0.694655001 0.669049978 0.694655001 0.172326997 0.471904993 0.271183997 0.230731994 0.237235993 0.187314004 0.329957992 0.187314004 0.143472001 0.277864009 0.198063999 0.277864009 0.199175999 0.319965988 0.142437994 0.319965988 0.0614450015 0.187314004 0.117228001 0.187314004 0.139948994 0.230731994 0.146344006 0.277864009 0.14531 0.319965988 0.143421993 0.368342996 0.196505994 0.368342996 0.190281004 0.230731994 0.113990001 0.458231002 0.172030002 0.187314004 0.133265004 0.412438005 0.188483 0.412438005 0.237235993 0.065200001 0.237235993 0.0068049999 0.172030002 0.0068049999 0.172030002 0.0651770011 0.117228001 0.105763003 0.117228001 0.0854670033 0.0614450015 0.0854670033 0.0614450015 0.105756 0.237235993 0.105788998 0.237235993 0.0854670033 0.172030002 0.0854670033 0.172030002 0.105775997 0.437173992 0.105802 0.437173992 0.0854670033 0.237235993 0.105788998 0.237235993 0.0854670033 0.437173992 0.0652220026 0.437173992 0.0068049999 0.329957992 0.187314004 0.237235993 0.065200001 0.172030002 0.0854670033 0.172030002 0.0651770011 0.117228001 0.0651540011 0.117228001 0.0854670033 0.0614450015 0.0651419982 0.329957992 0.187314004 0.172030002 0.187314004 0.237235993 0.187314004 0.117228001 0.105763003 0.0614450015 0.187314004 0.0614450015 0.187314004 0.117228001 0.187314004 0.172030002 0.105775997 0.172030002 0.0068049999 0.237235993 0.0068049999 0.0614450015 0.0068049999 0.117228001 0.0068049999 0.937357008 0.565849006 0.953833997 0.576970994 0.915253997 0.589051008 0.877644002 0.376785994 0.930059016 0.437624007 0.930059016 0.376751989 0.930059016 0.317270011 0.936761022 0.312685013 0.936761022 0.376785994 0.995997012 0.376785994 0.995997012 0.312685013 0.930059016 0.376751989 0.930059016 0.437624007 0.877644002 0.376785994 0.930059016 0.317270011 0.936761022 0.44214201 0.995997012 0.44214201 0.936761022 0.376785994 0.936761022 0.44214201 0.936761022 0.312685013 0.937357008 0.54132098 0.937357008 0.553133011 0.97151202 0.553133011 0.97151202 0.54132098 0.937357008 0.553133011 0.937357008 0.54132098 0.97151202 0.54132098 0.97151202 0.553133011 0.97151202 0.565849006 0.937357008 0.565849006 0.937357008 0.565849006 0.97151202 0.565849006 0.981963992 0.633808017 0.953833997 0.660393 0.953833997 0.625024021 0.926379025 0.633808017 0.953833997 0.625024021 0.981963992 0.633808017 0.996079028 0.610383987 0.953833997 0.598828971 0.911625981 0.610383987 0.953833997 0.598828971 0.996079028 0.610383987 0.953833997 0.625024021 0.953833997 0.598828971 0.915253997 0.589051008 0.937357008 0.565849006 0.953833997 0.576970994 0.926379025 0.633808017 0.911625981 0.610383987 0.953833997 0.625024021 0.953833997 0.598828971 0.992407978 0.589051008 0.953833997 0.576970994 0.97151202 0.565849006 0.992407978 0.589051008 0.953833997 0.576970994 0.937357008 0.565849006 0.915253997 0.589051008 0.953833997 0.576970994 0.97151202 0.565849006 0.97151202 0.565849006 0.953833997 0.576970994 0.992407978 0.589051008 0.937357008 0.565849006 0.953833997 0.576970994 0.97151202 0.565849006 0.992407978 0.589051008 0.953833997 0.576970994 0.953833997 0.598828971 0.996079028 0.610383987 0.915253997 0.589051008 0.911625981 0.610383987 0.953833997 0.598828971 0.996079028 0.610383987 0.981963992 0.633808017 0.953833997 0.660393 0.953833997 0.625024021 0.953833997 0.598828971 0.926379025 0.633808017 0.911625981 0.610383987 0.953833997 0.598828971 0.953833997 0.625024021 0.981963992 0.633808017 0.953833997 0.625024021 0.937357008 0.54132098 0.97151202 0.54132098 0.97151202 0.553133011 0.937357008 0.553133011 0.926379025 0.633808017 0.937357008 0.54132098 0.937357008 0.553133011 0.97151202 0.54132098 0.97151202 0.553133011 0.953833997 0.625024021 0.97151202 0.565849006 0.937357008 0.565849006 0.937357008 0.565849006 0.97151202 0.565849006 </float_array>
                    <technique_common>
                        <accessor count="923" offset="0" source="#spe03_kart_root.polymsh_1-tex1-array" stride="2">
                            <param name="S" type="float"/>
                            <param name="T" type="float"/>
                        </accessor>
                    </technique_common>
                </source>
                <source id="spe03_kart_root.polymsh_1-tex2" name="spe03_kart_root.polymsh_1-tex2">
                    <float_array id="spe03_kart_root.polymsh_1-tex2-array" count="1846"> 0.649475992 0.760618985 0.611943007 0.76444602 0.613489985 0.799180984 0.649475992 0.802164972 0.671494007 0.76444602 0.671494007 0.797245979 0.680465996 0.782293022 0.716181993 0.982005 0.740544021 0.971180975 0.72993499 0.989493012 0.602971017 0.782293022 0.738644004 0.982005 0.716181993 0.971180975 0.740544021 0.971181989 0.750930011 0.971180975 0.765453994 0.982005 0.759754002 0.971180975 0.782896996 0.982005 0.77206701 0.971180975 0.765453994 0.982005 0.759754002 0.971181989 0.750930011 0.971181989 0.751295984 0.982005 0.752726972 0.989493012 0.766214013 0.989493012 0.782896996 0.989493012 0.716181993 0.989493012 0.738644004 0.982005 0.740544021 0.989493012 0.752049029 0.982005 0.716181993 0.989493012 0.72993499 0.989493012 0.716181993 0.982005 0.765453994 0.982005 0.759754002 0.971181989 0.782896996 0.982005 0.738644004 0.982005 0.750930011 0.971180975 0.740544021 0.971180975 0.759754002 0.971180975 0.765453994 0.982005 0.738644004 0.982005 0.740544021 0.971181989 0.751295984 0.982005 0.766214013 0.989493012 0.752726972 0.989493012 0.77206701 0.971180975 0.782896996 0.989493012 0.716181993 0.971180975 0.740544021 0.989493012 0.752049029 0.982005 0.671494007 0.797245979 0.671494007 0.76444602 0.680465996 0.782293022 0.649475992 0.802164972 0.649475992 0.760618985 0.613489985 0.799180984 0.611943007 0.76444602 0.602971017 0.782293022 0.649475992 0.760618985 0.649475992 0.802164972 0.613489985 0.799180984 0.611943007 0.76444602 0.671494007 0.76444602 0.671494007 0.797245979 0.680465996 0.782293022 0.72993499 0.989493012 0.740544021 0.971180975 0.716181993 0.982005 0.602971017 0.782293022 0.738644004 0.982005 0.740544021 0.971181989 0.716181993 0.971180975 0.750930011 0.971180975 0.782896996 0.982005 0.759754002 0.971180975 0.765453994 0.982005 0.765453994 0.982005 0.77206701 0.971180975 0.751295984 0.982005 0.750930011 0.971181989 0.759754002 0.971181989 0.766214013 0.989493012 0.752726972 0.989493012 0.782896996 0.989493012 0.738644004 0.982005 0.716181993 0.989493012 0.740544021 0.989493012 0.752049029 0.982005 0.716181993 0.982005 0.72993499 0.989493012 0.716181993 0.989493012 0.782896996 0.982005 0.759754002 0.971181989 0.765453994 0.982005 0.740544021 0.971180975 0.750930011 0.971180975 0.738644004 0.982005 0.765453994 0.982005 0.759754002 0.971180975 0.740544021 0.971181989 0.738644004 0.982005 0.751295984 0.982005 0.752726972 0.989493012 0.766214013 0.989493012 0.77206701 0.971180975 0.782896996 0.989493012 0.716181993 0.971180975 0.740544021 0.989493012 0.752049029 0.982005 0.680465996 0.782293022 0.671494007 0.76444602 0.671494007 0.797245979 0.649475992 0.802164972 0.649475992 0.760618985 0.613489985 0.799180984 0.611943007 0.76444602 0.602971017 0.782293022 0.977526009 0.706620991 0.984521985 0.730022013 0.933493972 0.730022013 0.984521985 0.730022013 0.977526009 0.706620991 0.988789976 0.699132025 0.998327971 0.730022013 0.626699984 0.80716902 0.644924998 0.80716902 0.644924998 0.84275198 0.626699984 0.84275198 0.644924998 0.878198028 0.626699984 0.878198028 0.644924998 0.913612008 0.626699984 0.913612008 0.644924998 0.948741019 0.626699984 0.948741019 0.866715014 0.730022013 0.875532985 0.699132025 0.887075007 0.706620991 0.880078971 0.730022013 0.880078971 0.730022013 0.887075007 0.706620991 0.933493972 0.730022013 0.958410978 0.687816978 0.958410978 0.687816978 0.964685977 0.675670028 0.664412022 0.80716902 0.664412022 0.84275198 0.664412022 0.878198028 0.664412022 0.913612008 0.664412022 0.948741019 0.899619997 0.675670028 0.906189024 0.687816978 0.906189024 0.687816978 0.933493972 0.680934012 0.933493972 0.680934012 0.933493972 0.667680979 0.686336994 0.80716902 0.686336994 0.84275198 0.686336994 0.878198028 0.686336994 0.913612008 0.686336994 0.948741019 0.933493972 0.667680979 0.933493972 0.680934012 0.933493972 0.680934012 0.906189024 0.687816978 0.906189024 0.687816978 0.899619997 0.675670028 0.43019399 0.80716902 0.453009009 0.80716902 0.453009009 0.84275198 0.43019399 0.84275198 0.453009009 0.878198028 0.43019399 0.878198028 0.453009009 0.913612008 0.43019399 0.913612008 0.453009009 0.948741019 0.43019399 0.948741019 0.964685977 0.675670028 0.958410978 0.687816978 0.958410978 0.687816978 0.887075007 0.706620991 0.887075007 0.706620991 0.875532985 0.699132025 0.476197004 0.80716902 0.476197004 0.84275198 0.476197004 0.878198028 0.476197004 0.913612008 0.476197004 0.948741019 0.988789976 0.699132025 0.977526009 0.706620991 0.977526009 0.706620991 0.880078971 0.730022013 0.880078971 0.730022013 0.866719007 0.730022013 0.498692989 0.80716902 0.498692989 0.84275198 0.498692989 0.878198028 0.498692989 0.913612008 0.498692989 0.948741019 0.998332024 0.730022013 0.984521985 0.730022013 0.984521985 0.730022013 0.887075007 0.757996976 0.887075007 0.757996976 0.875532985 0.764807999 0.520237029 0.80716902 0.520237029 0.84275198 0.520237029 0.878198028 0.520237029 0.913612008 0.520237029 0.948741019 0.988789976 0.764807999 0.977526009 0.757996976 0.977526009 0.757996976 0.906189024 0.77680099 0.906189024 0.77680099 0.899619997 0.788507998 0.542815983 0.80716902 0.542815983 0.84275198 0.542815983 0.878198028 0.542815983 0.913612008 0.542815983 0.948741019 0.964685977 0.788507998 0.958410978 0.77680099 0.958410978 0.77680099 0.933493972 0.783684015 0.933493972 0.783684015 0.933493972 0.79718399 0.566085994 0.80716902 0.566085994 0.84275198 0.566085994 0.878198028 0.566085994 0.913612008 0.566085994 0.948741019 0.933493972 0.79718399 0.933493972 0.783684015 0.933493972 0.783684015 0.958410978 0.77680099 0.958410978 0.77680099 0.964685977 0.788507998 0.588204026 0.80716902 0.588204026 0.84275198 0.588204026 0.878198028 0.588204026 0.913612008 0.588204026 0.948741019 0.899619997 0.788507998 0.906189024 0.77680099 0.906189024 0.77680099 0.977526009 0.757996976 0.977526009 0.757996976 0.988789976 0.764807999 0.60827899 0.80716902 0.60827899 0.84275198 0.60827899 0.878198028 0.60827899 0.913612008 0.60827899 0.948741019 0.875532985 0.764807999 0.887075007 0.757996976 0.887075007 0.757996976 0.599711001 0.716305017 0.62323302 0.702080011 0.626349986 0.710121989 0.638790011 0.702080011 0.666167021 0.702080011 0.600704014 0.731487989 0.575702012 0.740929008 0.633696973 0.728622973 0.617532015 0.756801009 0.588653028 0.763898015 0.660528004 0.751534998 0.638116002 0.751534998 0.666944981 0.733012021 0.523124993 0.757716 0.495647997 0.785077989 0.496024013 0.749186993 0.51018697 0.801253974 0.565137982 0.788708985 0.534129977 0.801913977 0.55122 0.752059996 0.685774982 0.702080011 0.685774982 0.709482014 0.685774982 0.739341021 0.599933028 0.702080011 0.685774982 0.751534998 0.473378003 0.702080011 0.495420009 0.702080011 0.498778999 0.715245008 0.473378003 0.709482014 0.576973975 0.720511019 0.576548994 0.702080011 0.473378003 0.739341021 0.48199901 0.769164026 0.473378003 0.751534998 0.548402011 0.722208977 0.545530975 0.702080011 0.524728 0.702080011 0.526162982 0.720861018 0.933493972 0.730022013 0.984521985 0.730022013 0.977526009 0.706620991 0.984521985 0.730022013 0.998327971 0.730022013 0.988789976 0.699132025 0.977526009 0.706620991 0.626699984 0.80716902 0.626699984 0.84275198 0.644924998 0.84275198 0.644924998 0.80716902 0.626699984 0.878198028 0.644924998 0.878198028 0.626699984 0.913612008 0.644924998 0.913612008 0.626699984 0.948741019 0.644924998 0.948741019 0.866715014 0.730022013 0.880078971 0.730022013 0.887075007 0.706620991 0.875532985 0.699132025 0.933493972 0.730022013 0.887075007 0.706620991 0.880078971 0.730022013 0.958410978 0.687816978 0.964685977 0.675670028 0.958410978 0.687816978 0.664412022 0.84275198 0.664412022 0.80716902 0.664412022 0.878198028 0.664412022 0.913612008 0.664412022 0.948741019 0.906189024 0.687816978 0.899619997 0.675670028 0.906189024 0.687816978 0.933493972 0.680934012 0.933493972 0.667680979 0.933493972 0.680934012 0.686336994 0.84275198 0.686336994 0.80716902 0.686336994 0.878198028 0.686336994 0.913612008 0.686336994 0.948741019 0.933493972 0.680934012 0.933493972 0.667680979 0.933493972 0.680934012 0.906189024 0.687816978 0.899619997 0.675670028 0.906189024 0.687816978 0.43019399 0.80716902 0.43019399 0.84275198 0.453009009 0.84275198 0.453009009 0.80716902 0.43019399 0.878198028 0.453009009 0.878198028 0.43019399 0.913612008 0.453009009 0.913612008 0.43019399 0.948741019 0.453009009 0.948741019 0.958410978 0.687816978 0.964685977 0.675670028 0.958410978 0.687816978 0.887075007 0.706620991 0.875532985 0.699132025 0.887075007 0.706620991 0.476197004 0.84275198 0.476197004 0.80716902 0.476197004 0.878198028 0.476197004 0.913612008 0.476197004 0.948741019 0.977526009 0.706620991 0.988789976 0.699132025 0.977526009 0.706620991 0.880078971 0.730022013 0.866719007 0.730022013 0.880078971 0.730022013 0.498692989 0.84275198 0.498692989 0.80716902 0.498692989 0.878198028 0.498692989 0.913612008 0.498692989 0.948741019 0.984521985 0.730022013 0.998332024 0.730022013 0.984521985 0.730022013 0.887075007 0.757996976 0.875532985 0.764807999 0.887075007 0.757996976 0.520237029 0.84275198 0.520237029 0.80716902 0.520237029 0.878198028 0.520237029 0.913612008 0.520237029 0.948741019 0.977526009 0.757996976 0.988789976 0.764807999 0.977526009 0.757996976 0.906189024 0.77680099 0.899619997 0.788507998 0.906189024 0.77680099 0.542815983 0.84275198 0.542815983 0.80716902 0.542815983 0.878198028 0.542815983 0.913612008 0.542815983 0.948741019 0.958410978 0.77680099 0.964685977 0.788507998 0.958410978 0.77680099 0.933493972 0.783684015 0.933493972 0.79718399 0.933493972 0.783684015 0.566085994 0.84275198 0.566085994 0.80716902 0.566085994 0.878198028 0.566085994 0.913612008 0.566085994 0.948741019 0.933493972 0.783684015 0.933493972 0.79718399 0.933493972 0.783684015 0.958410978 0.77680099 0.964685977 0.788507998 0.958410978 0.77680099 0.588204026 0.84275198 0.588204026 0.80716902 0.588204026 0.878198028 0.588204026 0.913612008 0.588204026 0.948741019 0.906189024 0.77680099 0.899619997 0.788507998 0.906189024 0.77680099 0.977526009 0.757996976 0.988789976 0.764807999 0.977526009 0.757996976 0.60827899 0.84275198 0.60827899 0.80716902 0.60827899 0.878198028 0.60827899 0.913612008 0.60827899 0.948741019 0.887075007 0.757996976 0.875532985 0.764807999 0.887075007 0.757996976 0.626349986 0.710121989 0.62323302 0.702080011 0.599711001 0.716305017 0.666167021 0.702080011 0.638790011 0.702080011 0.575702012 0.740929008 0.600704014 0.731487989 0.633696973 0.728622973 0.588653028 0.763898015 0.617532015 0.756801009 0.666944981 0.733012021 0.638116002 0.751534998 0.660528004 0.751534998 0.496024013 0.749186993 0.495647997 0.785077989 0.523124993 0.757716 0.51018697 0.801253974 0.55122 0.752059996 0.534129977 0.801913977 0.565137982 0.788708985 0.685774982 0.709482014 0.685774982 0.702080011 0.685774982 0.739341021 0.599933028 0.702080011 0.685774982 0.751534998 0.473378003 0.702080011 0.473378003 0.709482014 0.498778999 0.715245008 0.495420009 0.702080011 0.576973975 0.720511019 0.576548994 0.702080011 0.473378003 0.739341021 0.473378003 0.751534998 0.48199901 0.769164026 0.548402011 0.722208977 0.545530975 0.702080011 0.526162982 0.720861018 0.524728 0.702080011 0.228444993 0.859425008 0.228444993 0.79460299 0.216298997 0.76374501 0.216298997 0.890282989 0.0698959976 0.708653986 0.0698959976 0.945372999 0.158401996 0.934551001 0.158401996 0.719471991 0.690656006 0.455920011 0.624143004 0.453810006 0.686227977 0.469924986 0.746402025 0.459468007 0.818055987 0.46419099 0.745459974 0.412438005 0.190557003 0.914584994 0.190557003 0.739437997 0.190557003 0.739437997 0.190557003 0.914584994 0.158401996 0.934551001 0.158401996 0.719471991 0.216298997 0.76374501 0.216298997 0.890282989 0.539865017 0.455650985 0.524685025 0.412438005 0.686365008 0.412959009 0.619660974 0.411954999 0.998373985 0.303166002 0.998373985 0.253978997 0.906553984 0.293949008 0.998373985 0.164799005 0.884473979 0.0760570019 0.874441981 0.164799005 0.918577015 0.0335570015 0.95748502 0.0126799997 0.00704099983 0.368342996 0.0819419995 0.368342996 0.0805839971 0.319965988 0.00704099983 0.319965988 0.748201013 0.368342996 0.814218998 0.368342996 0.814036012 0.319965988 0.751847029 0.319923997 0.621820986 0.230731994 0.690056026 0.230731994 0.701399028 0.187314004 0.633098006 0.187314004 0.618237972 0.277864009 0.684651017 0.277864009 0.00704099983 0.460218996 0.0613490008 0.460218996 0.0752369985 0.412438005 0.00704099983 0.412438005 0.436668009 0.230731994 0.531381011 0.230731994 0.547084987 0.187314004 0.437173992 0.187314004 0.74802202 0.479591012 0.00704099983 0.515590012 0.751515985 0.230731994 0.751520991 0.277864009 0.618179977 0.368342996 0.686321974 0.368342996 0.685692012 0.319965988 0.618633986 0.319974989 0.437278003 0.456968993 0.436901987 0.412438005 0.339367986 0.412438005 0.319045991 0.462852001 0.531195998 0.277864009 0.217423007 0.492132992 0.221331 0.461468011 0.533408999 0.319965988 0.530242026 0.368342996 0.436538011 0.277864009 0.436551005 0.319965988 0.436610013 0.368342996 0.347090006 0.230731994 0.348836005 0.277864009 0.343598992 0.319965988 0.339008987 0.368342996 0.267926991 0.277864009 0.25799799 0.319965988 0.254841 0.368342996 0.242373005 0.412438005 0.868065 0.368342996 0.868065 0.319965988 0.811547995 0.277864009 0.868065 0.277864009 0.868065 0.230731994 0.811206996 0.230731994 0.815478027 0.489504009 0.868065 0.412438005 0.81566298 0.412438005 0.868065 0.465344012 0.75919199 0.187314004 0.868065 0.187314004 0.815876007 0.187314004 0.868065 0.511058986 0.814795017 0.50634402 0.868065 0.694655001 0.00704099983 0.694655001 0.222094998 0.694655001 0.105988003 0.535040021 0.316058993 0.475558996 0.220092997 0.507732987 0.232446998 0.827014029 0.228444993 0.859425008 0.228444993 0.79460299 0.876920998 0.253978997 0.437451005 0.467537999 0.540831983 0.467550993 0.232446998 0.827014029 0.624722004 0.460233003 0.00704099983 0.277864009 0.0793310031 0.277864009 0.0709749982 0.230731994 0.00704099983 0.230731994 0.00704099983 0.537567019 0.102435999 0.512606978 0.519909024 0.694655001 0.327798992 0.694655001 0.625536025 0.475342989 0.749390006 0.694655001 0.686653972 0.488321006 0.868065 0.494136006 0.812438011 0.694655001 0.746677995 0.498724014 0.669049978 0.694655001 0.172326997 0.471904993 0.271183997 0.230731994 0.329957992 0.187314004 0.237235993 0.187314004 0.143472001 0.277864009 0.142437994 0.319965988 0.199175999 0.319965988 0.198063999 0.277864009 0.0614450015 0.187314004 0.139948994 0.230731994 0.117228001 0.187314004 0.00704099983 0.187314004 0.146344006 0.277864009 0.143421993 0.368342996 0.14531 0.319965988 0.196505994 0.368342996 0.190281004 0.230731994 0.113990001 0.458231002 0.172030002 0.187314004 0.133265004 0.412438005 0.188483 0.412438005 0.870829999 0.694655001 0.998373985 0.00415100018 0.237235993 0.065200001 0.172030002 0.0651770011 0.172030002 0.0068049999 0.237235993 0.0068049999 0.117228001 0.105763003 0.0614450015 0.105756 0.0614450015 0.0854670033 0.117228001 0.0854670033 0.237235993 0.105788998 0.172030002 0.105775997 0.172030002 0.0854670033 0.237235993 0.0854670033 0.437173992 0.105802 0.437173992 0.0854670033 0.237235993 0.105788998 0.237235993 0.0854670033 0.437173992 0.0652220026 0.437173992 0.0068049999 0.329957992 0.187314004 0.00704099983 0.0651310012 0.0614450015 0.0651419982 0.00704099983 0.0860939994 0.117228001 0.0651540011 0.237235993 0.065200001 0.172030002 0.0651770011 0.172030002 0.0854670033 0.117228001 0.0651540011 0.0614450015 0.0651419982 0.0614450015 0.0854670033 0.117228001 0.0854670033 0.329957992 0.187314004 0.117228001 0.0068049999 0.237235993 0.187314004 0.172030002 0.187314004 0.117228001 0.105763003 0.0614450015 0.105756 0.0614450015 0.187314004 0.00704099983 0.105749004 0.117228001 0.187314004 0.0614450015 0.187314004 0.00704099983 0.0068049999 0.0614450015 0.0068049999 0.172030002 0.105775997 0.237235993 0.0068049999 0.172030002 0.0068049999 0.00704099983 0.105749004 0.117228001 0.0068049999 0.0614450015 0.0068049999 0.00704099983 0.0651310012 0.00704099983 0.0860939994 0.00704099983 0.0068049999 0.00704099983 0.187314004 0.686227977 0.469924986 0.624143004 0.453810006 0.690656006 0.455920011 0.745459974 0.412438005 0.818055987 0.46419099 0.746402025 0.459468007 0.524685025 0.412438005 0.539865017 0.455650985 0.686365008 0.412959009 0.619660974 0.411954999 0.906553984 0.293949008 0.874441981 0.164799005 0.884473979 0.0760570019 0.95748502 0.0126799997 0.918577015 0.0335570015 0.0805839971 0.319965988 0.0819419995 0.368342996 0.748201013 0.368342996 0.751847029 0.319923997 0.814036012 0.319965988 0.814218998 0.368342996 0.621820986 0.230731994 0.633098006 0.187314004 0.701399028 0.187314004 0.690056026 0.230731994 0.684651017 0.277864009 0.618237972 0.277864009 0.0752369985 0.412438005 0.0613490008 0.460218996 0.436668009 0.230731994 0.437173992 0.187314004 0.547084987 0.187314004 0.531381011 0.230731994 0.74802202 0.479591012 0.751515985 0.230731994 0.751520991 0.277864009 0.618179977 0.368342996 0.618633986 0.319974989 0.685692012 0.319965988 0.686321974 0.368342996 0.437278003 0.456968993 0.319045991 0.462852001 0.339367986 0.412438005 0.436901987 0.412438005 0.531195998 0.277864009 0.221331 0.461468011 0.217423007 0.492132992 0.530242026 0.368342996 0.533408999 0.319965988 0.436538011 0.277864009 0.436551005 0.319965988 0.436610013 0.368342996 0.348836005 0.277864009 0.347090006 0.230731994 0.339008987 0.368342996 0.343598992 0.319965988 0.267926991 0.277864009 0.25799799 0.319965988 0.254841 0.368342996 0.242373005 0.412438005 0.811547995 0.277864009 0.811206996 0.230731994 0.815478027 0.489504009 0.81566298 0.412438005 0.75919199 0.187314004 0.815876007 0.187314004 0.814795017 0.50634402 0.105988003 0.535040021 0.222094998 0.694655001 0.316058993 0.475558996 0.220092997 0.507732987 0.0614450015 0.0854670033 0.0614450015 0.105756 0.876920998 0.253978997 0.540831983 0.467550993 0.437451005 0.467537999 0.117228001 0.0651540011 0.117228001 0.0068049999 0.0614450015 0.0068049999 0.0614450015 0.0651419982 0.624722004 0.460233003 0.0709749982 0.230731994 0.0793310031 0.277864009 0.102435999 0.512606978 0.327798992 0.694655001 0.519909024 0.694655001 0.686653972 0.488321006 0.749390006 0.694655001 0.625536025 0.475342989 0.746677995 0.498724014 0.812438011 0.694655001 0.669049978 0.694655001 0.172326997 0.471904993 0.271183997 0.230731994 0.237235993 0.187314004 0.329957992 0.187314004 0.143472001 0.277864009 0.198063999 0.277864009 0.199175999 0.319965988 0.142437994 0.319965988 0.0614450015 0.187314004 0.117228001 0.187314004 0.139948994 0.230731994 0.146344006 0.277864009 0.14531 0.319965988 0.143421993 0.368342996 0.196505994 0.368342996 0.190281004 0.230731994 0.113990001 0.458231002 0.172030002 0.187314004 0.133265004 0.412438005 0.188483 0.412438005 0.237235993 0.065200001 0.237235993 0.0068049999 0.172030002 0.0068049999 0.172030002 0.0651770011 0.117228001 0.105763003 0.117228001 0.0854670033 0.0614450015 0.0854670033 0.0614450015 0.105756 0.237235993 0.105788998 0.237235993 0.0854670033 0.172030002 0.0854670033 0.172030002 0.105775997 0.437173992 0.105802 0.437173992 0.0854670033 0.237235993 0.105788998 0.237235993 0.0854670033 0.437173992 0.0652220026 0.437173992 0.0068049999 0.329957992 0.187314004 0.237235993 0.065200001 0.172030002 0.0854670033 0.172030002 0.0651770011 0.117228001 0.0651540011 0.117228001 0.0854670033 0.0614450015 0.0651419982 0.329957992 0.187314004 0.172030002 0.187314004 0.237235993 0.187314004 0.117228001 0.105763003 0.0614450015 0.187314004 0.0614450015 0.187314004 0.117228001 0.187314004 0.172030002 0.105775997 0.172030002 0.0068049999 0.237235993 0.0068049999 0.0614450015 0.0068049999 0.117228001 0.0068049999 0.937357008 0.565849006 0.953833997 0.576970994 0.915253997 0.589051008 0.877644002 0.376785994 0.930059016 0.437624007 0.930059016 0.376751989 0.930059016 0.317270011 0.936761022 0.312685013 0.936761022 0.376785994 0.995997012 0.376785994 0.995997012 0.312685013 0.930059016 0.376751989 0.930059016 0.437624007 0.877644002 0.376785994 0.930059016 0.317270011 0.936761022 0.44214201 0.995997012 0.44214201 0.936761022 0.376785994 0.936761022 0.44214201 0.936761022 0.312685013 0.937357008 0.54132098 0.937357008 0.553133011 0.97151202 0.553133011 0.97151202 0.54132098 0.937357008 0.553133011 0.937357008 0.54132098 0.97151202 0.54132098 0.97151202 0.553133011 0.97151202 0.565849006 0.937357008 0.565849006 0.937357008 0.565849006 0.97151202 0.565849006 0.981963992 0.633808017 0.953833997 0.660393 0.953833997 0.625024021 0.926379025 0.633808017 0.953833997 0.625024021 0.981963992 0.633808017 0.996079028 0.610383987 0.953833997 0.598828971 0.911625981 0.610383987 0.953833997 0.598828971 0.996079028 0.610383987 0.953833997 0.625024021 0.953833997 0.598828971 0.915253997 0.589051008 0.937357008 0.565849006 0.953833997 0.576970994 0.926379025 0.633808017 0.911625981 0.610383987 0.953833997 0.625024021 0.953833997 0.598828971 0.992407978 0.589051008 0.953833997 0.576970994 0.97151202 0.565849006 0.992407978 0.589051008 0.953833997 0.576970994 0.937357008 0.565849006 0.915253997 0.589051008 0.953833997 0.576970994 0.97151202 0.565849006 0.97151202 0.565849006 0.953833997 0.576970994 0.992407978 0.589051008 0.937357008 0.565849006 0.953833997 0.576970994 0.97151202 0.565849006 0.992407978 0.589051008 0.953833997 0.576970994 0.953833997 0.598828971 0.996079028 0.610383987 0.915253997 0.589051008 0.911625981 0.610383987 0.953833997 0.598828971 0.996079028 0.610383987 0.981963992 0.633808017 0.953833997 0.660393 0.953833997 0.625024021 0.953833997 0.598828971 0.926379025 0.633808017 0.911625981 0.610383987 0.953833997 0.598828971 0.953833997 0.625024021 0.981963992 0.633808017 0.953833997 0.625024021 0.937357008 0.54132098 0.97151202 0.54132098 0.97151202 0.553133011 0.937357008 0.553133011 0.926379025 0.633808017 0.937357008 0.54132098 0.937357008 0.553133011 0.97151202 0.54132098 0.97151202 0.553133011 0.953833997 0.625024021 0.97151202 0.565849006 0.937357008 0.565849006 0.937357008 0.565849006 0.97151202 0.565849006 </float_array>
                    <technique_common>
                        <accessor count="923" offset="0" source="#spe03_kart_root.polymsh_1-tex2-array" stride="2">
                            <param name="S" type="float"/>
                            <param name="T" type="float"/>
                        </accessor>
                    </technique_common>
                </source>
                <source id="spe03_kart_root.polymsh_1-color0" name="spe03_kart_root.polymsh_1-color0">
                    <float_array id="spe03_kart_root.polymsh_1-color0-array" count="2769"> 1 1 1 1 1 1 1 1 1 1 1 1 1 1 1 1 1 1 1 1 1 1 1 1 1 1 1 1 1 1 1 1 1 1 1 1 1 1 1 1 1 1 1 1 1 1 1 1 1 1 1 1 1 1 1 1 1 1 1 1 1 1 1 1 1 1 1 1 1 1 1 1 1 1 1 1 1 1 1 1 1 1 1 1 1 1 1 1 1 1 1 1 1 1 1 1 1 1 1 1 1 1 1 1 1 1 1 1 1 1 1 1 1 1 1 1 1 1 1 1 1 1 1 1 1 1 1 1 1 1 1 1 1 1 1 1 1 1 1 1 1 1 1 1 1 1 1 1 1 1 1 1 1 1 1 1 1 1 1 1 1 1 1 1 1 1 1 1 1 1 1 1 1 1 1 1 1 1 1 1 1 1 1 1 1 1 1 1 1 1 1 1 1 1 1 1 1 1 1 1 1 1 1 1 1 1 1 1 1 1 1 1 1 1 1 1 1 1 1 1 1 1 1 1 1 1 1 1 1 1 1 1 1 1 1 1 1 1 1 1 1 1 1 1 1 1 1 1 1 1 1 1 1 1 1 1 1 1 1 1 1 1 1 1 1 1 1 1 1 1 1 1 1 1 1 1 1 1 1 1 1 1 1 1 1 1 1 1 1 1 1 1 1 1 1 1 1 1 1 1 1 1 1 1 1 1 1 1 1 1 1 1 1 1 1 1 1 1 1 1 1 1 1 1 1 1 1 1 1 1 1 1 1 1 1 1 1 1 1 1 1 1 1 1 1 1 1 1 1 1 1 1 1 1 1 1 1 1 1 1 1 1 1 1 1 1 1 1 1 1 1 1 1 1 1 1 1 1 1 1 1 1 1 1 1 1 1 1 1 1 1 1 1 1 1 1 1 1 1 1 1 1 1 1 1 1 1 1 1 1 1 1 1 1 1 1 1 1 1 1 1 1 1 1 1 1 1 1 1 1 1 1 1 1 1 1 1 1 1 1 1 1 1 1 1 1 1 1 1 1 1 1 1 1 1 1 1 1 1 1 1 1 1 1 1 1 1 1 1 1 1 1 1 1 1 1 1 1 1 1 1 1 1 1 1 1 1 1 1 1 1 1 1 1 1 1 1 1 1 1 1 1 1 1 1 1 1 1 1 1 1 1 1 1 1 1 1 1 1 1 1 1 1 1 1 1 1 1 1 1 1 1 1 1 1 1 1 1 1 1 1 1 1 1 1 1 1 1 1 1 1 1 1 1 1 1 1 1 1 1 1 1 1 1 1 1 1 1 1 1 1 1 1 1 1 1 1 1 1 1 1 1 1 1 1 1 1 1 1 1 1 1 1 1 1 1 1 1 1 1 1 1 1 1 1 1 1 1 1 1 1 1 1 1 1 1 1 1 1 1 1 1 1 1 1 1 1 1 1 1 1 1 1 1 1 1 1 1 1 1 1 1 1 1 1 1 1 1 1 1 1 1 1 1 1 1 1 1 1 1 1 1 1 1 1 1 1 1 1 1 1 1 1 1 1 1 1 1 1 1 1 1 1 1 1 1 1 1 1 1 1 1 1 1 1 1 1 1 1 1 1 1 1 1 1 1 1 1 1 1 1 1 1 1 1 1 1 1 1 1 1 1 1 1 1 1 1 1 1 1 1 1 1 1 1 1 1 1 1 1 1 1 1 1 1 1 1 1 1 1 1 1 1 1 1 1 1 1 1 1 1 1 1 1 1 1 1 1 1 1 1 1 1 1 1 1 1 1 1 1 1 1 1 1 1 1 1 1 1 1 1 1 1 1 1 1 1 1 1 1 1 1 1 1 1 1 1 1 1 1 1 1 1 1 1 1 1 1 1 1 1 1 1 1 1 1 1 1 1 1 1 1 1 1 1 1 1 1 1 1 1 1 1 1 1 1 1 1 1 1 1 1 1 1 1 1 1 1 1 1 1 1 1 1 1 1 1 1 1 1 1 1 1 1 1 1 1 1 1 1 1 1 1 1 1 1 1 1 1 1 1 1 1 1 1 1 1 1 1 1 1 1 1 1 1 1 1 1 1 1 1 1 1 1 1 1 1 1 1 1 1 1 1 1 1 1 1 1 1 1 1 1 1 1 1 1 1 1 1 1 1 1 1 1 1 1 1 1 1 1 1 1 1 1 1 1 1 1 1 1 1 1 1 1 1 1 1 1 1 1 1 1 1 1 1 1 1 1 1 1 1 1 1 1 1 1 1 1 1 1 1 1 1 1 1 1 1 1 1 1 1 1 1 1 1 1 1 1 1 1 1 1 1 1 1 1 1 1 1 1 1 1 1 1 1 1 1 1 1 1 1 1 1 1 1 1 1 1 1 1 1 1 1 1 1 1 1 1 1 1 1 1 1 1 1 1 1 1 1 1 1 1 1 1 1 1 1 1 1 1 1 1 1 1 1 1 1 1 1 1 1 1 1 1 1 1 1 1 1 1 1 1 1 1 1 1 1 1 1 1 1 1 1 1 1 1 1 1 1 1 1 1 1 1 1 1 1 1 1 1 1 1 1 1 1 1 1 1 1 1 1 1 1 1 1 1 1 1 1 1 1 1 1 1 1 1 1 1 1 1 1 1 1 1 1 1 1 1 1 1 1 1 1 1 1 1 1 1 1 1 1 1 1 1 1 1 1 1 1 1 1 1 1 1 1 1 1 1 1 1 1 1 1 1 1 1 1 1 1 1 1 1 1 1 1 1 1 1 1 1 1 1 1 1 1 1 1 1 1 1 1 1 1 1 1 1 1 1 1 1 1 1 1 1 1 1 1 1 1 1 1 1 1 1 1 1 1 1 1 1 1 1 1 1 1 1 1 1 1 1 1 1 1 1 1 1 1 1 1 1 1 1 1 1 1 1 1 1 1 1 1 1 1 1 1 1 1 1 1 1 1 1 1 1 1 1 1 1 1 1 1 1 1 1 1 1 1 1 1 1 1 1 1 1 1 1 1 1 1 1 1 1 1 1 1 1 1 1 1 1 1 1 1 1 1 1 1 1 1 1 1 1 1 1 1 1 1 1 1 1 1 1 1 1 1 1 1 1 1 1 1 1 1 1 1 1 1 1 1 1 1 1 1 1 1 1 1 1 1 1 1 1 1 1 1 1 1 1 1 1 1 1 1 1 1 1 1 1 1 1 1 1 1 1 1 1 1 1 1 1 1 1 1 1 1 1 1 1 1 1 1 1 1 1 1 1 1 1 1 1 1 1 1 1 1 1 1 1 1 1 1 1 1 1 1 1 1 1 1 1 1 1 1 1 1 1 1 1 1 1 1 1 1 1 1 1 1 1 1 1 1 1 1 1 1 1 1 1 1 1 1 1 1 1 1 1 1 1 1 1 1 1 1 1 1 1 1 1 1 1 1 1 1 1 1 1 1 1 1 1 1 1 1 1 1 1 1 1 1 1 1 1 1 1 1 1 1 1 1 1 1 1 1 1 1 1 1 1 1 1 1 1 1 1 1 1 1 1 1 1 1 1 1 1 1 1 1 1 1 1 1 1 1 1 1 1 1 1 1 1 1 1 1 1 1 1 1 1 1 1 1 1 1 1 1 1 1 1 1 1 1 1 1 1 1 1 1 1 1 1 1 1 1 1 1 1 1 1 1 1 1 1 1 1 1 1 1 1 1 1 1 1 1 1 1 1 1 1 1 1 1 1 1 1 1 1 1 1 1 1 1 1 1 1 1 1 1 1 1 1 1 1 1 1 1 1 1 1 1 1 1 1 1 1 1 1 1 1 1 1 1 1 1 1 1 1 1 1 1 1 1 1 1 1 1 1 1 1 1 1 1 1 1 1 1 1 1 1 1 1 1 1 1 1 1 1 1 1 1 1 1 1 1 1 1 1 1 1 1 1 1 1 1 1 1 1 1 1 1 1 1 1 1 1 1 1 1 1 1 1 1 1 1 1 1 1 1 1 1 1 1 1 1 1 1 1 1 1 1 1 1 1 1 1 1 1 1 1 1 1 1 1 1 1 1 1 1 1 1 1 1 1 1 1 1 1 1 1 1 1 1 1 1 1 1 1 1 1 1 1 1 1 1 1 1 1 1 1 1 1 1 1 1 1 1 1 1 1 1 1 1 1 1 1 1 1 1 1 1 1 1 1 1 1 1 1 1 1 1 1 1 1 1 1 1 1 1 1 1 1 1 1 1 1 1 1 1 1 1 1 1 1 1 1 1 1 1 1 1 1 1 1 1 1 1 1 1 1 1 1 1 1 1 1 1 1 1 1 1 1 1 1 1 1 1 1 1 1 1 1 1 1 1 1 1 1 1 1 1 1 1 1 1 1 1 1 1 1 1 1 1 1 1 1 1 1 1 1 1 1 1 1 1 1 1 1 1 1 1 1 1 1 1 1 1 1 1 1 1 1 1 1 1 1 1 1 1 1 1 1 1 1 1 1 1 1 1 1 1 1 1 1 1 1 1 1 1 1 1 1 1 1 1 1 1 1 1 1 1 1 1 1 1 1 1 1 1 1 1 1 1 1 1 1 1 1 1 1 1 1 1 1 1 1 1 1 1 1 1 1 1 1 1 1 1 1 1 1 1 1 1 1 1 1 1 1 1 1 1 1 1 1 1 1 1 1 1 1 1 1 1 1 1 1 1 1 1 1 1 1 1 1 1 1 1 1 1 1 1 1 1 1 1 1 1 1 1 1 1 1 1 1 1 1 1 1 1 1 1 1 1 1 1 1 1 1 1 1 1 1 1 1 1 1 1 1 1 1 1 1 1 1 1 1 1 1 1 1 1 1 1 1 1 1 1 1 1 1 1 1 1 1 1 1 1 1 1 1 1 1 1 1 1 1 1 1 1 1 1 1 1 1 1 1 1 1 1 1 1 1 1 1 1 1 1 1 1 1 1 1 1 1 1 1 1 1 1 1 1 1 1 1 1 1 1 1 1 1 1 1 1 1 1 1 1 1 1 1 1 1 1 1 1 1 1 1 1 1 1 1 1 1 1 1 1 1 1 1 1 1 1 1 1 1 1 1 1 1 1 1 1 1 1 1 1 1 1 1 1 1 1 1 1 1 1 1 1 1 1 1 1 1 1 1 1 1 1 1 1 1 1 1 1 1 1 1 1 1 1 1 1 1 1 1 1 1 1 1 1 1 1 1 1 1 1 1 1 1 1 1 1 1 1 1 1 1 1 1 1 1 1 1 1 1 1 1 1 1 1 1 1 1 1 1 1 1 1 1 1 1 1 1 1 1 1 1 1 1 1 1 1 1 1 1 1 1 1 1 1 1 1 1 1 1 1 1 1 1 1 1 1 1 1 1 1 1 1 1 1 1 1 1 1 1 1 1 1 1 1 1 1 1 1 1 1 1 1 1 1 1 1 1 1 1 1 1 1 1 1 1 1 1 1 1 1 1 1 1 1 1 1 1 1 1 1 1 1 1 1 1 1 1 1 1 1 1 1 1 1 1 1 1 1 1 1 1 1 1 1 1 1 1 1 1 1 1 1 1 1 1 1 1 1 1 1 1 1 1 1 1 1 1 1 1 1 1 1 1 1 1 1 1 1 1 1 1 1 1 1 1 1 1 1 1 1 1 1 1 1 1 1 1 1 1 1 1 1 1 1 1 1 1 1 1 1 1 1 1 1 1 1 1 1 1 1 1 1 1 1 1 1 1 1 1 1 1 1 1 1 1 1 1 1 1 1 1 1 1 1 1 1 1 1 1 1 1 1 1 1 1 1 1 1 1 1 1 1 1 1 1 1 1 1 1 1 1 1 1 1 1 1 1 1 1 1 1 1 1 1 1 1 1 1 1 1 1 1 1 1 1 1 1 1 1 1 1 1 1 1 1 1 1 1 1 1 1 1 1 1 1 1 1 1 1 1 1 1 1 1 1 1 1 1 1 1 1 1 1 1 1 1 1 1 1 1 1 1 1 1 1 1 1 1 1 1 1 1 1 1 1 1 1 1 1 1 1 1 1 1 1 1 1 1 1 1 1 1 1 1 1 1 1 1 1 1 1 1 1 1 1 1 1 1 1 1 1 1 1 1 1 1 1 1 1 1 1 1 1 1 1 1 1 1 1 1 1 1 1 1 1 1 1 1 1 1 1 1 1 1 1 1 1 1 1 1 1 1 1 1 1 1 1 1 1 1 1 1 1 1 1 1 1 1 1 1 1 1 1 1 1 1 1 1 1 1 1 1 1 1 1 1 1 1 1 1 1 1 1 1 1 1 1 1 1 1 1 1 1 1 </float_array>
                    <technique_common>
                        <accessor count="923" offset="0" source="#spe03_kart_root.polymsh_1-color0-array" stride="3">
                            <param name="R" type="float"/>
                            <param name="G" type="float"/>
                            <param name="B" type="float"/>
                        </accessor>
                    </technique_common>
                </source>
                <vertices id="spe03_kart_root.polymsh_1-vertices">
                    <input semantic="POSITION" source="#spe03_kart_root.polymsh_1-positions"/>
                </vertices>
                <triangles count="1306" material="defaultMaterial">
                    <input offset="0" semantic="VERTEX" source="#spe03_kart_root.polymsh_1-vertices"/>
                    <input offset="0" semantic="NORMAL" source="#spe03_kart_root.polymsh_1-normals"/>
                    <input offset="1" semantic="TEXCOORD" source="#spe03_kart_root.polymsh_1-tex0" set="0"/>
                    <input offset="1" semantic="TEXCOORD" source="#spe03_kart_root.polymsh_1-tex1" set="1"/>
                    <input offset="1" semantic="TEXCOORD" source="#spe03_kart_root.polymsh_1-tex2" set="2"/>
                    <input offset="0" semantic="COLOR" source="#spe03_kart_root.polymsh_1-color0" set="0"/>
                    <p>0 0 1 1 2 2 0 0 2 2 3 3 4 4 0 0 3 3 4 4 3 3 5 5 4 4 5 5 6 6 7 7 1 8 9 9 10 10 2 2 1 1 9 9 1 8 11 11 10 12 7 7 2 13 1 8 14 14 11 11 15 15 4 16 17 17 17 17 6 18 19 19 19 19 5 20 3 21 19 19 3 21 22 22 23 23 15 15 24 24 17 17 4 16 6 18 25 25 24 24 17 17 26 26 27 27 7 7 26 26 7 7 9 9 15 15 17 17 24 24 2 13 27 27 22 22 2 13 22 22 3 21 10 12 1 8 7 7 27 27 2 13 7 7 4 16 15 15 14 14 19 19 6 18 5 20 19 19 25 25 17 17 28 28 9 9 11 11 29 29 14 14 15 15 15 15 23 23 29 29 29 29 23 23 11 11 11 11 23 23 28 28 11 11 14 14 29 29 30 30 31 31 32 32 33 33 34 34 35 35 36 36 37 37 38 38 35 35 39 39 40 40 41 41 32 32 42 42 33 33 43 43 34 34 44 44 40 40 45 45 46 46 39 39 35 35 35 35 44 44 47 47 32 32 41 41 30 30 48 48 42 42 32 32 38 38 32 32 36 36 44 44 35 35 40 40 41 41 42 42 43 43 32 32 38 38 48 48 37 37 40 40 39 39 46 46 35 35 34 34 35 35 47 47 33 33 36 36 31 31 49 49 40 40 37 37 50 50 50 50 45 45 40 40 36 36 45 45 50 50 49 49 45 45 36 36 50 50 37 37 36 36 34 51 39 52 46 53 43 54 37 55 39 52 43 54 39 52 34 51 42 56 38 57 37 55 42 56 37 55 43 54 48 58 38 57 42 56 36 36 32 32 31 31 59 59 60 60 61 61 59 59 61 61 62 62 63 63 64 64 60 60 63 63 60 60 59 59 65 65 64 64 63 63 66 66 62 67 68 68 62 62 61 61 69 69 70 70 62 67 66 66 61 71 68 68 69 72 70 70 59 73 62 67 74 74 63 75 76 76 77 77 65 78 74 74 77 77 79 79 60 80 77 77 60 80 64 81 82 82 76 76 83 83 65 78 63 75 74 74 74 74 82 82 84 84 68 68 85 85 86 86 66 66 68 68 86 86 82 82 74 74 76 76 61 71 60 80 79 79 61 71 79 79 85 85 68 68 62 67 69 72 68 68 61 71 85 85 59 73 76 76 63 75 64 81 65 78 77 77 74 74 84 84 77 77 70 70 66 66 87 87 76 76 59 73 88 88 88 88 83 83 76 76 70 70 83 83 88 88 87 87 83 83 70 70 88 88 59 73 70 70 89 89 90 90 91 91 92 92 93 93 94 94 95 95 96 96 97 97 98 98 99 99 92 92 100 100 89 89 101 101 93 93 102 102 94 94 103 103 98 98 104 104 92 92 99 99 105 105 106 106 104 104 92 92 91 91 101 101 89 89 89 89 100 100 107 107 97 97 89 89 95 95 98 98 92 92 104 104 102 102 100 100 101 101 107 107 95 95 89 89 99 99 98 98 96 96 93 93 92 92 105 105 94 94 106 106 92 92 108 108 90 90 97 97 109 109 96 96 98 98 98 98 103 103 109 109 109 109 103 103 97 97 97 97 103 103 108 108 97 97 96 96 109 109 105 110 99 111 93 112 102 113 93 112 99 111 102 113 99 111 96 114 100 115 102 113 96 114 100 115 96 114 95 116 100 115 95 116 107 117 90 90 89 89 97 97 118 118 119 119 120 120 121 121 122 122 123 123 121 121 123 123 124 124 125 125 126 126 127 127 125 125 127 127 128 128 128 128 127 127 129 129 128 128 129 129 130 130 130 130 129 129 131 131 130 130 131 131 132 132 132 132 131 131 133 133 132 132 133 133 134 134 135 135 136 136 137 137 135 135 137 137 138 138 139 139 140 140 141 141 142 142 118 118 120 120 122 122 143 143 144 144 122 122 144 144 123 123 126 126 145 145 146 146 126 126 146 146 127 127 127 127 146 146 147 147 127 127 147 147 129 129 129 129 147 147 148 148 129 129 148 148 131 131 131 131 148 148 149 149 131 131 149 149 133 133 136 136 150 150 151 151 136 136 151 151 137 137 140 140 152 152 141 141 153 153 142 142 120 120 143 143 154 154 155 155 143 143 155 155 144 144 145 145 156 156 157 157 145 145 157 157 146 146 146 146 157 157 158 158 146 146 158 158 147 147 147 147 158 158 159 159 147 147 159 159 148 148 148 148 159 159 160 160 148 148 160 160 149 149 150 150 161 161 162 162 150 150 162 162 151 151 152 152 163 163 141 141 164 164 153 153 120 120 154 154 165 165 166 166 154 154 166 166 155 155 156 167 168 168 169 169 156 167 169 169 157 170 157 170 169 169 171 171 157 170 171 171 158 172 158 172 171 171 173 173 158 172 173 173 159 174 159 174 173 173 175 175 159 174 175 175 160 176 161 161 177 177 178 178 161 161 178 178 162 162 163 163 179 179 141 141 180 180 164 164 120 120 165 165 181 181 182 182 165 165 182 182 166 166 168 168 183 183 184 184 168 168 184 184 169 169 169 169 184 184 185 185 169 169 185 185 171 171 171 171 185 185 186 186 171 171 186 186 173 173 173 173 186 186 187 187 173 173 187 187 175 175 177 177 188 188 189 189 177 177 189 189 178 178 179 179 190 190 141 141 191 191 180 180 120 120 181 181 192 192 193 193 181 181 193 193 182 182 183 183 194 194 195 195 183 183 195 195 184 184 184 184 195 195 196 196 184 184 196 196 185 185 185 185 196 196 197 197 185 185 197 197 186 186 186 186 197 197 198 198 186 186 198 198 187 187 188 188 199 199 200 200 188 188 200 200 189 189 190 190 201 201 141 141 202 202 191 191 120 120 192 192 203 203 204 204 192 192 204 204 193 193 194 194 205 205 206 206 194 194 206 206 195 195 195 195 206 206 207 207 195 195 207 207 196 196 196 196 207 207 208 208 196 196 208 208 197 197 197 197 208 208 209 209 197 197 209 209 198 198 199 199 210 210 211 211 199 199 211 211 200 200 201 201 212 212 141 141 213 213 202 202 120 120 203 203 214 214 215 215 203 203 215 215 204 204 205 205 216 216 217 217 205 205 217 217 206 206 206 206 217 217 218 218 206 206 218 218 207 207 207 207 218 218 219 219 207 207 219 219 208 208 208 208 219 219 220 220 208 208 220 220 209 209 210 210 221 221 222 222 210 210 222 222 211 211 212 212 223 223 141 141 224 224 213 213 120 120 214 214 225 225 226 226 214 214 226 226 215 215 216 216 227 227 228 228 216 216 228 228 217 217 217 217 228 228 229 229 217 217 229 229 218 218 218 218 229 229 230 230 218 218 230 230 219 219 219 219 230 230 231 231 219 219 231 231 220 220 221 221 232 232 233 233 221 221 233 233 222 222 223 223 234 234 141 141 235 235 224 224 120 120 225 225 236 236 237 237 225 225 237 237 226 226 227 227 238 238 239 239 227 227 239 239 228 228 228 228 239 239 240 240 228 228 240 240 229 229 229 229 240 240 241 241 229 229 241 241 230 230 230 230 241 241 242 242 230 230 242 242 231 231 232 232 243 243 244 244 232 232 244 244 233 233 234 234 245 245 141 141 246 246 235 235 120 120 236 236 247 247 248 248 236 236 248 248 237 237 238 238 249 249 250 250 238 238 250 250 239 239 239 239 250 250 251 251 239 239 251 251 240 240 240 240 251 251 252 252 240 240 252 252 241 241 241 241 252 252 253 253 241 241 253 253 242 242 243 243 254 254 255 255 243 243 255 255 244 244 245 245 256 256 141 141 119 119 246 246 120 120 247 247 121 121 124 124 247 247 124 124 248 248 249 249 125 125 128 128 249 249 128 128 250 250 250 250 128 128 130 130 250 250 130 130 251 251 251 251 130 130 132 132 251 251 132 132 252 252 252 252 132 132 134 134 252 252 134 134 253 253 254 254 135 135 138 138 254 254 138 138 255 255 256 256 139 139 141 141 257 257 258 258 259 259 259 259 260 260 261 261 262 262 263 263 257 257 264 264 262 262 259 259 265 265 266 266 262 262 267 267 268 268 269 269 268 268 265 265 264 264 270 270 271 271 272 272 273 273 271 271 270 270 274 274 275 275 276 276 276 276 275 275 270 270 264 264 269 269 268 268 259 259 261 261 269 269 259 259 269 269 264 264 277 277 278 278 261 261 258 258 260 260 259 259 261 261 278 278 279 279 261 261 279 279 269 269 262 262 264 264 265 265 257 257 259 259 262 262 280 280 258 258 257 257 269 269 279 279 281 281 269 269 281 281 267 267 277 282 283 283 284 284 277 282 284 284 278 285 263 263 262 262 266 266 286 286 257 257 263 263 287 287 280 280 257 257 287 287 257 257 286 286 278 285 284 284 272 272 278 285 272 272 279 288 279 288 272 272 289 289 279 288 289 289 281 290 276 276 263 263 266 266 276 276 266 266 274 274 291 291 286 286 263 263 291 291 263 263 276 276 292 292 287 287 286 286 292 292 286 286 291 291 283 283 293 293 294 294 283 283 294 294 284 284 284 284 294 294 270 270 284 284 270 270 272 272 270 270 275 275 273 273 294 294 291 291 276 276 294 294 276 276 270 270 293 293 292 292 291 291 293 293 291 291 294 294 272 272 271 271 289 289 295 295 296 296 297 297 298 298 299 299 300 300 298 298 300 300 301 301 302 302 303 303 304 304 302 302 304 304 305 305 303 303 306 306 307 307 303 303 307 307 304 304 306 306 308 308 309 309 306 306 309 309 307 307 308 308 310 310 311 311 308 308 311 311 309 309 312 312 313 313 314 314 312 312 314 314 315 315 316 316 317 317 318 318 295 295 297 297 319 319 301 301 300 300 320 320 301 301 320 320 321 321 305 305 304 304 322 322 305 305 322 322 323 323 304 304 307 307 324 324 304 304 324 324 322 322 307 307 309 309 325 325 307 307 325 325 324 324 309 309 311 311 326 326 309 309 326 326 325 325 315 315 314 314 327 327 315 315 327 327 328 328 316 316 329 329 317 317 295 295 319 319 330 330 321 321 320 320 331 331 321 321 331 331 332 332 323 323 322 322 333 333 323 323 333 333 334 334 322 322 324 324 335 335 322 322 335 335 333 333 324 324 325 325 336 336 324 324 336 336 335 335 325 325 326 326 337 337 325 325 337 337 336 336 328 328 327 327 338 338 328 328 338 338 339 339 316 316 340 340 329 329 295 295 330 330 341 341 332 332 331 331 342 342 332 332 342 342 343 343 334 344 333 345 346 346 334 344 346 346 347 347 333 345 335 348 349 349 333 345 349 349 346 346 335 348 336 350 351 351 335 348 351 351 349 349 336 350 337 352 353 353 336 350 353 353 351 351 339 339 338 338 354 354 339 339 354 354 355 355 316 316 356 356 340 340 295 295 341 341 357 357 343 343 342 342 358 358 343 343 358 358 359 359 347 347 346 346 360 360 347 347 360 360 361 361 346 346 349 349 362 362 346 346 362 362 360 360 349 349 351 351 363 363 349 349 363 363 362 362 351 351 353 353 364 364 351 351 364 364 363 363 355 355 354 354 365 365 355 355 365 365 366 366 316 316 367 367 356 356 295 295 357 357 368 368 359 359 358 358 369 369 359 359 369 369 370 370 361 361 360 360 371 371 361 361 371 371 372 372 360 360 362 362 373 373 360 360 373 373 371 371 362 362 363 363 374 374 362 362 374 374 373 373 363 363 364 364 375 375 363 363 375 375 374 374 366 366 365 365 376 376 366 366 376 376 377 377 316 316 378 378 367 367 295 295 368 368 379 379 370 370 369 369 380 380 370 370 380 380 381 381 372 372 371 371 382 382 372 372 382 382 383 383 371 371 373 373 384 384 371 371 384 384 382 382 373 373 374 374 385 385 373 373 385 385 384 384 374 374 375 375 386 386 374 374 386 386 385 385 377 377 376 376 387 387 377 377 387 387 388 388 316 316 389 389 378 378 295 295 379 379 390 390 381 381 380 380 391 391 381 381 391 391 392 392 383 383 382 382 393 393 383 383 393 393 394 394 382 382 384 384 395 395 382 382 395 395 393 393 384 384 385 385 396 396 384 384 396 396 395 395 385 385 386 386 397 397 385 385 397 397 396 396 388 388 387 387 398 398 388 388 398 398 399 399 316 316 400 400 389 389 295 295 390 390 401 401 392 392 391 391 402 402 392 392 402 402 403 403 394 394 393 393 404 404 394 394 404 404 405 405 393 393 395 395 406 406 393 393 406 406 404 404 395 395 396 396 407 407 395 395 407 407 406 406 396 396 397 397 408 408 396 396 408 408 407 407 399 399 398 398 409 409 399 399 409 409 410 410 316 316 411 411 400 400 295 295 401 401 412 412 403 403 402 402 413 413 403 403 413 413 414 414 405 405 404 404 415 415 405 405 415 415 416 416 404 404 406 406 417 417 404 404 417 417 415 415 406 406 407 407 418 418 406 406 418 418 417 417 407 407 408 408 419 419 407 407 419 419 418 418 410 410 409 409 420 420 410 410 420 420 421 421 316 316 422 422 411 411 295 295 412 412 423 423 414 414 413 413 424 424 414 414 424 424 425 425 416 416 415 415 426 426 416 416 426 426 427 427 415 415 417 417 428 428 415 415 428 428 426 426 417 417 418 418 429 429 417 417 429 429 428 428 418 418 419 419 430 430 418 418 430 430 429 429 421 421 420 420 431 431 421 421 431 431 432 432 316 316 433 433 422 422 295 295 423 423 296 296 425 425 424 424 299 299 425 425 299 299 298 298 427 427 426 426 303 303 427 427 303 303 302 302 426 426 428 428 306 306 426 426 306 306 303 303 428 428 429 429 308 308 428 428 308 308 306 306 429 429 430 430 310 310 429 429 310 310 308 308 432 432 431 431 313 313 432 432 313 313 312 312 316 316 318 318 433 433 434 434 435 435 436 436 437 437 438 438 434 434 436 436 439 439 440 440 434 434 440 440 441 441 440 440 442 442 443 443 444 444 445 445 446 446 441 441 443 443 445 445 447 447 448 448 449 449 449 449 448 448 450 450 451 451 452 452 453 453 449 449 452 452 451 451 445 445 444 444 441 441 434 434 441 441 444 444 434 434 444 444 437 437 437 437 454 454 455 455 434 434 438 438 435 435 437 437 444 444 456 456 437 437 456 456 454 454 443 443 441 441 440 440 440 440 434 434 436 436 436 436 435 435 457 457 444 444 446 446 458 458 444 444 458 458 456 456 455 459 454 460 461 461 455 459 461 461 462 462 442 442 440 440 439 439 439 439 436 436 463 463 464 464 463 463 436 436 464 464 436 436 457 457 454 460 456 465 447 447 454 460 447 447 461 461 456 465 458 466 467 467 456 465 467 467 447 447 451 451 453 453 442 442 451 451 442 442 439 439 468 468 451 451 439 439 468 468 439 439 463 463 469 469 468 468 463 463 469 469 463 463 464 464 462 462 461 461 470 470 462 462 470 470 471 471 461 461 447 447 449 449 461 461 449 449 470 470 450 450 452 452 449 449 470 470 449 449 451 451 470 470 451 451 468 468 471 471 470 470 468 468 471 471 468 468 469 469 467 467 448 448 447 447 472 472 473 473 474 474 472 472 474 474 475 475 476 476 477 477 478 478 476 476 478 478 479 479 480 480 481 481 482 482 483 483 484 484 485 485 479 479 478 478 486 486 479 479 486 486 487 487 488 488 489 489 490 490 488 488 490 490 491 491 492 492 493 493 489 489 492 492 489 489 488 488 477 477 476 476 491 491 477 477 491 491 490 490 494 494 481 481 495 495 485 485 496 496 483 483 496 496 497 497 480 480 498 498 499 499 500 500 501 501 502 502 503 503 504 504 501 501 505 505 502 502 501 501 504 504 506 506 507 507 508 508 506 506 508 508 509 509 510 510 511 511 512 512 510 510 512 512 513 513 514 514 515 515 516 516 514 514 516 516 517 517 514 514 518 518 519 519 514 514 519 519 515 515 520 520 521 521 522 522 520 520 522 522 523 523 524 524 525 525 526 526 524 524 526 526 527 527 528 528 483 483 480 480 528 528 480 480 482 482 520 520 529 529 521 521 530 530 515 515 519 519 530 530 519 519 531 531 532 532 533 533 534 534 532 532 534 534 535 535 536 536 537 537 538 538 536 536 538 538 539 539 514 514 525 525 540 540 514 514 540 540 518 518 541 541 539 539 542 542 537 537 536 536 494 494 537 537 494 494 495 495 532 532 535 535 543 543 532 532 543 543 544 544 545 545 546 546 543 543 545 545 543 543 540 540 547 547 537 537 495 495 547 547 495 495 544 544 545 545 524 524 548 548 545 545 548 548 549 549 547 547 546 546 550 550 547 547 550 550 551 551 552 552 553 553 550 550 552 552 550 550 549 549 554 554 555 555 538 538 554 554 538 538 551 551 555 555 542 542 539 539 555 555 539 539 538 538 510 510 513 513 534 534 510 510 534 534 533 533 532 532 497 497 496 496 532 532 496 496 533 533 518 518 535 535 534 534 518 518 534 534 519 519 483 483 496 496 480 480 556 556 557 557 512 512 556 556 512 512 511 511 531 531 513 513 512 512 531 531 512 512 558 558 559 559 560 560 561 561 559 559 561 561 558 558 483 483 528 528 562 562 483 483 562 562 484 484 563 563 556 556 511 511 563 563 511 511 564 564 565 565 563 563 564 564 565 565 564 564 484 484 530 530 566 566 516 516 530 530 516 516 515 515 560 560 567 567 568 568 560 560 568 568 561 561 569 569 570 570 571 571 572 572 573 573 574 574 575 575 539 539 541 541 575 575 541 541 576 576 577 577 578 578 579 579 579 579 578 578 493 493 579 579 493 493 492 492 500 500 499 499 580 580 536 536 581 581 582 582 536 536 582 582 494 494 581 581 536 536 539 539 581 581 539 539 575 575 475 475 474 474 487 487 475 475 487 487 486 486 583 583 473 473 472 472 584 584 481 481 494 494 585 585 586 586 587 587 585 585 587 587 588 588 589 589 572 572 574 574 590 590 574 574 576 576 590 590 576 576 541 541 591 591 581 581 592 592 581 581 591 591 582 582 593 593 594 594 595 595 529 529 589 589 574 574 529 529 574 574 590 590 593 593 595 595 482 482 593 593 482 482 584 584 569 569 596 596 562 562 569 569 562 562 570 570 592 592 575 575 576 576 592 592 576 576 573 573 576 576 574 574 573 573 592 592 581 581 575 575 497 497 495 495 481 481 597 597 598 598 594 594 599 599 582 582 591 591 580 580 499 499 501 501 580 580 501 501 503 503 541 541 600 600 590 590 547 547 551 551 538 538 547 547 538 538 537 537 601 601 548 548 602 602 601 601 602 602 603 603 604 604 605 605 606 606 604 604 606 606 607 607 507 507 506 506 523 523 507 507 523 523 522 522 554 554 551 551 550 550 554 554 550 550 553 553 530 530 561 561 568 568 530 530 568 568 566 566 559 559 558 558 512 512 559 559 512 512 557 557 608 608 587 587 609 609 608 608 609 609 610 610 531 531 558 558 561 561 531 531 561 561 530 530 596 596 565 565 484 484 596 596 484 484 562 562 587 587 608 608 611 611 587 587 611 611 588 588 547 547 544 544 543 543 547 547 543 543 546 546 604 612 609 609 587 587 604 612 587 587 586 586 532 532 544 544 495 495 532 532 495 495 497 497 508 508 507 507 613 613 508 508 613 613 605 614 510 510 485 485 564 564 510 510 564 564 511 511 605 605 613 613 615 615 605 605 615 615 606 606 586 586 585 585 509 509 586 586 509 509 508 508 524 524 527 527 602 602 524 524 602 602 548 548 552 552 601 601 616 616 552 552 616 616 607 607 590 590 617 617 521 521 529 529 590 590 521 521 601 601 603 603 618 618 601 601 618 618 616 616 481 481 480 480 497 497 545 545 549 549 550 550 545 545 550 550 546 546 485 485 484 484 564 564 604 612 586 586 508 508 604 612 508 508 605 614 510 510 533 533 496 496 510 510 496 496 485 485 552 552 607 607 606 606 552 552 606 606 553 553 613 613 507 507 522 522 613 613 522 522 619 619 518 518 540 540 543 543 518 518 543 543 535 535 521 521 617 617 619 619 521 521 619 619 522 522 617 617 600 600 620 620 617 617 620 620 619 619 524 524 545 545 540 540 524 524 540 540 525 525 617 617 590 590 600 600 601 601 552 552 549 549 601 601 549 549 548 548 542 542 600 600 541 541 554 554 615 615 620 620 554 554 620 620 555 555 610 610 609 609 616 616 610 610 616 616 618 618 609 609 604 604 607 607 609 609 607 607 616 616 554 554 553 553 606 606 554 554 606 606 615 615 514 514 517 517 526 526 514 514 526 526 525 525 613 613 619 619 620 620 613 613 620 620 615 615 582 582 599 599 593 593 593 593 584 584 494 494 593 593 494 494 582 582 594 594 598 598 595 595 598 598 528 528 482 482 598 598 482 482 595 595 482 482 481 481 584 584 528 528 598 598 570 570 528 528 570 570 562 562 598 598 571 571 570 570 598 598 597 597 571 621 505 505 501 501 622 622 593 593 599 599 594 594 623 623 624 624 488 625 623 623 488 625 491 626 627 627 628 628 629 629 627 627 629 629 630 630 631 631 632 632 633 633 631 631 633 633 634 634 635 635 631 631 634 634 635 635 634 634 636 636 637 637 635 635 636 636 637 637 636 636 638 638 639 639 623 623 491 626 639 639 491 626 476 640 635 635 602 641 527 527 642 642 643 643 629 629 642 642 629 629 644 644 645 645 624 624 633 633 645 645 633 633 630 630 623 623 639 639 636 636 623 623 636 636 634 634 639 639 646 646 638 638 639 639 638 638 636 636 646 646 647 647 648 648 646 646 648 648 638 638 649 649 650 650 651 651 649 649 651 651 652 652 603 603 602 641 637 637 637 637 602 641 635 635 635 635 526 653 631 631 527 527 526 653 635 635 645 645 492 654 488 625 645 645 488 625 624 624 627 627 630 630 633 633 627 627 633 633 632 632 631 631 517 655 516 656 631 631 516 656 632 632 623 623 634 634 633 633 623 623 633 633 624 624 657 657 658 658 608 659 657 657 608 659 610 610 660 660 644 644 629 629 660 660 629 629 628 628 627 627 566 661 568 662 627 627 568 662 628 628 642 642 577 663 579 664 642 642 579 664 643 643 645 645 630 630 629 629 645 645 629 629 643 643 657 657 665 665 648 648 657 657 648 648 652 652 637 637 638 638 648 648 637 637 648 648 665 665 646 646 479 666 487 667 646 646 487 667 647 647 603 603 637 637 665 665 603 603 665 665 618 618 649 649 652 652 648 648 649 649 648 648 647 647 646 646 639 639 476 640 646 646 476 640 479 666 668 668 611 611 608 659 668 668 608 659 658 658 649 649 474 669 473 670 649 649 473 670 650 650 657 657 652 652 651 651 657 657 651 651 658 658 671 671 672 672 651 651 671 671 651 651 650 650 649 649 647 647 487 667 649 649 487 667 474 669 671 671 650 650 473 670 671 671 473 670 583 673 567 674 660 660 628 628 567 674 628 628 568 662 517 655 631 631 526 653 657 657 610 610 618 618 657 657 618 618 665 665 531 531 519 519 534 534 531 531 534 534 513 513 542 542 555 555 620 620 542 542 620 620 600 600 566 661 627 627 632 632 566 661 632 632 516 656 668 668 658 658 651 651 668 668 651 651 672 672 645 645 643 643 579 664 645 645 579 664 492 654 675 675 676 676 677 677 678 678 679 679 680 680 681 681 676 676 682 682 680 680 683 683 678 678 677 677 684 684 683 683 685 685 499 499 498 498 686 686 687 687 501 501 688 688 501 501 689 689 689 689 501 501 687 687 506 506 509 509 690 690 506 506 690 690 691 691 692 692 693 693 694 694 692 692 694 694 695 695 696 696 697 697 698 698 696 696 698 698 699 699 696 696 699 699 700 700 696 696 700 700 701 701 520 520 523 523 702 702 520 520 702 702 703 703 704 704 705 705 706 706 704 704 706 706 707 707 708 708 675 675 677 677 708 708 677 677 680 680 703 703 529 529 520 520 709 709 710 710 700 700 709 709 700 700 699 699 711 711 712 712 713 713 711 711 713 713 714 714 715 715 716 716 717 717 715 715 717 717 718 718 696 696 701 701 719 719 696 696 719 719 707 707 720 720 716 716 721 721 718 718 681 681 682 682 718 718 682 682 715 715 711 711 722 722 723 723 711 711 723 723 712 712 724 724 719 719 723 723 724 724 723 723 725 725 726 726 722 722 681 681 726 726 681 681 718 718 724 724 727 727 728 728 724 724 728 728 704 704 726 726 729 729 730 730 726 726 730 730 725 725 731 731 727 727 730 730 731 731 730 730 732 732 733 733 729 729 717 717 733 733 717 717 734 734 734 734 717 717 716 716 734 734 716 716 720 720 692 692 714 714 713 713 692 692 713 713 693 693 711 711 714 714 683 683 711 711 683 683 684 684 701 701 700 700 713 713 701 701 713 713 712 712 677 677 683 683 680 680 556 556 695 695 694 694 556 556 694 694 557 557 710 710 735 735 694 694 710 710 694 694 693 693 559 559 735 735 736 736 559 559 736 736 560 560 680 680 679 679 737 737 680 680 737 737 708 708 563 563 738 738 695 695 563 563 695 695 556 556 565 565 679 679 738 738 565 565 738 738 563 563 709 709 699 699 698 698 709 709 698 698 739 739 560 560 736 736 740 740 560 560 740 740 567 567 571 571 741 741 569 569 742 742 743 743 572 572 744 744 745 745 721 721 744 744 721 721 716 716 668 668 672 672 746 746 668 668 746 746 747 747 748 748 499 499 685 685 715 715 682 682 749 749 715 715 749 749 750 750 750 750 744 744 716 716 750 750 716 716 715 715 751 751 493 752 578 753 751 751 578 753 754 754 682 682 676 676 755 755 585 585 588 588 756 756 585 585 756 756 757 757 742 742 572 572 589 589 758 758 721 721 745 745 758 758 745 745 742 742 759 759 750 750 760 760 749 749 760 760 750 750 761 761 762 762 763 763 529 529 758 758 742 742 529 529 742 742 589 589 763 763 755 755 675 675 763 763 675 675 761 761 569 569 741 741 737 737 569 569 737 737 596 596 759 759 743 743 745 745 759 759 745 745 744 744 743 743 742 742 745 745 744 744 750 750 759 759 676 676 681 681 684 684 762 762 764 764 765 765 760 760 749 749 766 766 748 748 686 686 501 501 748 748 501 501 499 499 758 758 767 767 721 721 726 726 718 718 717 717 726 726 717 717 729 729 768 768 769 769 770 770 768 768 770 770 728 728 771 771 772 772 773 773 771 771 773 773 774 774 691 691 702 702 523 523 691 691 523 523 506 506 733 733 732 732 730 730 733 733 730 730 729 729 709 709 739 739 740 740 709 709 740 740 736 736 559 559 557 557 694 694 559 559 694 694 735 735 775 775 776 776 777 777 775 775 777 777 756 756 710 710 709 709 736 736 710 710 736 736 735 735 596 596 737 737 679 679 596 596 679 679 565 565 756 756 588 588 611 611 756 756 611 611 775 775 726 726 725 725 723 723 726 726 723 723 722 722 771 778 757 757 756 756 771 778 756 756 777 777 711 711 684 684 681 681 711 711 681 681 722 722 690 690 774 779 780 780 690 690 780 780 691 691 692 692 695 695 738 738 692 692 738 738 678 678 774 774 773 773 781 781 774 774 781 781 780 780 757 757 690 690 509 509 757 757 509 509 585 585 704 704 728 728 770 770 704 704 770 770 705 705 731 731 772 772 782 782 731 731 782 782 768 768 703 703 783 783 758 758 703 703 758 758 529 529 768 768 782 782 784 784 768 768 784 784 769 769 684 684 677 677 676 676 724 724 725 725 730 730 724 724 730 730 727 727 738 738 679 679 678 678 771 778 774 779 690 690 771 778 690 690 757 757 692 692 678 678 683 683 692 692 683 683 714 714 731 731 732 732 773 773 731 731 773 773 772 772 780 780 785 785 702 702 780 780 702 702 691 691 701 701 712 712 723 723 701 701 723 723 719 719 703 703 702 702 785 785 703 703 785 785 783 783 783 783 785 785 786 786 783 783 786 786 767 767 704 704 707 707 719 719 704 704 719 719 724 724 767 767 758 758 783 783 768 768 728 728 727 727 768 768 727 727 731 731 721 721 767 767 720 720 733 733 734 734 786 786 733 733 786 786 781 781 776 776 784 784 782 782 776 776 782 782 777 777 777 777 782 782 772 772 777 777 772 772 771 771 733 733 781 781 773 773 733 733 773 773 732 732 696 696 707 707 706 706 696 696 706 706 697 697 780 780 781 781 786 786 780 780 786 786 785 785 763 763 766 766 749 749 763 763 749 749 682 682 763 763 682 682 755 755 761 761 764 764 762 762 764 764 761 761 675 675 764 764 675 675 708 708 755 755 676 676 675 675 708 708 737 737 741 741 708 708 741 741 764 764 741 741 571 571 764 764 571 621 765 765 764 764 622 622 501 501 688 688 762 762 766 766 763 763 787 787 490 788 489 789 787 787 489 789 790 790 791 791 792 792 793 793 791 791 793 793 794 794 795 795 796 796 797 797 795 795 797 797 798 798 799 799 800 800 796 796 799 799 796 796 795 795 801 801 802 802 800 800 801 801 800 800 799 799 803 803 477 804 490 788 803 803 490 788 787 787 705 705 770 805 799 799 642 642 644 644 793 793 642 642 793 793 754 754 751 751 792 792 797 797 751 751 797 797 790 790 787 787 796 796 800 800 787 787 800 800 803 803 803 803 800 800 802 802 803 803 802 802 806 806 806 806 802 802 807 807 806 806 807 807 808 808 809 809 810 810 746 746 809 809 746 746 811 811 801 801 770 805 769 769 799 799 770 805 801 801 795 795 706 812 799 799 799 799 706 812 705 705 751 751 790 790 489 789 751 751 489 789 493 752 791 791 798 798 797 797 791 791 797 797 792 792 795 795 798 798 698 813 795 795 698 813 697 814 787 787 790 790 797 797 787 787 797 797 796 796 815 815 776 776 775 816 815 815 775 816 747 747 660 660 794 794 793 793 660 660 793 793 644 644 791 791 794 794 740 817 791 791 740 817 739 818 642 642 754 754 578 753 642 642 578 753 577 663 751 751 754 754 793 793 751 751 793 793 792 792 815 815 810 810 807 807 815 815 807 807 819 819 801 801 819 819 807 807 801 801 807 807 802 802 806 806 808 808 486 820 806 806 486 820 478 821 769 769 784 784 819 819 769 769 819 819 801 801 809 809 808 808 807 807 809 809 807 807 810 810 806 806 478 821 477 804 806 806 477 804 803 803 668 668 747 747 775 816 668 668 775 816 611 611 809 809 811 811 472 822 809 809 472 822 475 823 815 815 747 747 746 746 815 815 746 746 810 810 671 671 811 811 746 746 671 671 746 746 672 672 809 809 475 823 486 820 809 809 486 820 808 808 671 671 583 673 472 822 671 671 472 822 811 811 567 674 740 817 794 794 567 674 794 794 660 660 706 812 795 795 697 814 815 815 819 819 784 784 815 815 784 784 776 776 710 710 693 693 713 713 710 710 713 713 700 700 720 720 767 767 786 786 720 720 786 786 734 734 739 818 698 813 798 798 739 818 798 798 791 791 824 824 825 825 826 826 827 827 828 828 829 829 829 829 830 830 827 827 831 831 832 832 833 833 831 831 833 833 834 834 835 835 836 836 837 837 837 837 838 838 835 835 832 832 839 839 840 840 832 832 840 840 833 833 836 836 835 835 833 841 836 836 833 841 840 842 832 832 831 831 830 830 832 832 830 830 829 829 839 839 832 832 829 829 839 839 829 829 828 828 835 835 838 838 834 843 835 835 834 843 833 841 844 844 845 845 846 846 844 844 846 846 847 847 847 847 846 846 848 848 847 847 848 848 849 849 850 850 851 851 845 845 850 850 845 845 844 844 849 849 848 848 851 851 849 849 851 851 850 850 852 852 851 851 848 848 852 852 848 848 853 853 854 854 845 845 851 851 854 854 851 851 852 852 853 853 848 848 846 846 853 853 846 846 855 855 855 855 846 846 845 845 855 855 845 845 854 854 856 856 857 857 858 858 858 858 857 857 859 859 860 860 861 861 862 862 860 860 862 862 863 863 858 858 859 859 864 864 858 858 864 864 865 865 856 856 858 858 865 865 856 856 865 865 866 866 861 861 867 867 868 868 861 861 868 868 862 862 869 869 852 870 871 871 859 859 860 860 863 863 859 859 863 863 864 864 867 867 872 872 873 873 867 867 873 873 868 868 859 859 857 857 860 860 874 874 856 856 866 866 874 874 866 866 875 875 872 872 874 874 875 875 872 872 875 875 873 873 860 860 857 857 861 861 861 861 857 857 867 867 876 876 877 877 875 875 876 876 875 875 866 866 867 867 857 857 872 872 877 877 869 869 873 873 877 877 873 873 875 875 854 878 877 877 876 876 869 869 871 871 868 868 869 869 868 868 873 873 872 872 857 857 874 874 871 871 879 879 862 862 871 871 862 862 868 868 874 874 857 857 856 856 879 879 880 880 863 863 879 879 863 863 862 862 880 880 855 881 882 882 880 880 882 882 864 864 880 880 864 864 863 863 865 865 864 864 882 882 865 865 882 882 883 883 882 882 855 881 883 883 883 883 876 876 866 866 883 883 866 866 865 865 853 884 871 871 852 870 879 879 871 871 853 884 879 879 853 884 880 880 853 884 855 881 880 880 854 878 883 883 855 881 885 885 825 825 824 824 885 885 886 886 887 887 888 888 886 886 885 885 889 889 888 888 890 890 889 889 890 890 891 891 890 890 892 892 891 891 824 824 892 892 890 890 886 886 893 893 894 894 886 886 894 894 887 887 886 886 888 888 895 895 893 893 886 886 895 895 893 893 895 895 896 896 876 876 883 883 854 878 889 889 897 897 896 896 889 889 896 896 895 895 895 895 888 888 889 889 891 891 898 898 897 897 891 891 897 897 889 889 899 899 900 900 901 901 892 892 902 902 898 898 892 892 898 898 891 891 901 901 900 900 903 903 826 826 904 904 902 902 826 826 902 902 892 892 887 887 825 825 885 885 825 825 905 905 904 904 825 825 904 904 826 826 903 903 900 900 906 906 887 887 894 894 905 905 887 887 905 905 825 825 906 906 900 900 907 907 907 907 900 900 908 908 903 903 904 904 905 905 903 903 905 905 901 901 901 901 905 905 894 894 901 901 894 894 899 899 852 870 877 877 854 878 869 869 877 877 852 870 909 909 910 910 911 911 909 909 911 911 912 912 908 908 900 900 913 913 906 906 902 902 904 904 906 906 904 904 903 903 913 913 896 896 897 897 913 913 897 897 908 908 910 910 914 914 915 915 910 910 915 915 911 911 916 916 909 909 912 912 916 916 912 912 917 917 914 914 916 916 917 917 914 914 917 917 915 915 892 892 824 824 826 826 907 907 898 898 902 902 907 907 902 902 906 906 899 899 894 894 893 893 899 899 893 893 918 918 918 918 893 893 896 896 918 918 896 896 913 913 908 908 897 897 898 898 908 908 898 898 907 907 913 913 900 900 918 918 918 918 900 900 899 899 888 919 885 920 912 912 888 919 912 912 911 911 890 921 888 919 911 911 890 921 911 911 915 915 885 920 824 922 917 917 885 920 917 917 912 912 824 922 890 921 915 915 824 922 915 915 917 917</p>
                </triangles>
            </mesh>
        </geometry>
        <geometry id="spe03_kart_root.polymsh3_1" name="spe03_kart_root.polymsh3">
            <mesh>
                <source id="spe03_kart_root.polymsh3_1-positions" name="spe03_kart_root.polymsh3_1-positions">
                    <float_array id="spe03_kart_root.polymsh3_1-positions-array" count="639"> -0.765097976 7.68706322 -8.138381 0.765097976 7.68706322 -8.138381 0.765097976 9.21726036 -8.138381 -0.765097976 9.21726036 -8.138381 -0.866968989 7.5851922 -8.39596462 0.866968989 7.5851922 -8.39596462 0.765097976 7.68706322 -8.138381 -0.765097976 7.68706322 -8.138381 -0.765097976 9.21726036 -8.138381 -0.866968989 9.3191309 -8.39596462 0.866968989 9.3191309 -8.39596462 0.765097976 9.21726036 -8.138381 0.226251006 8.4601078 -7.8021369 -0.0864199996 8.35851479 -7.89804697 -0.0864199996 8.35851479 -8.138381 0.226251006 8.4601078 -8.138381 -0.279661 8.62448883 -7.66943312 -0.0864199996 8.89046192 -7.50525618 -0.0864199996 8.89046192 -8.138381 -0.279661 8.62448883 -8.138381 0.226251006 8.7888689 -7.55664301 0.226251006 8.7888689 -8.138381 -0.0864199996 8.89046192 -7.50525618 -0.0864199996 8.89046192 -8.138381 0.831014991 12.0064974 -8.48206043 1.08330405 11.431797 -8.60132408 1.23812604 11.8718967 -8.41437244 1.44782901 10.8698578 -8.58744907 1.03231096 11.185504 -8.90325356 1.47811902 11.4788961 -8.55568504 0.692474008 11.5127954 -8.83978367 0.691713989 11.9476843 -8.53486633 0.617048025 11.8772888 -8.63592529 2.38704705 11.2270765 -8.84874725 2.01080608 10.9091158 -8.94850636 2.60971498 11.0059814 -9.14870453 1.68514395 10.813324 -9.14647102 1.44782901 10.8698578 -8.58744907 1.92119396 11.2297115 -8.72631836 2.09813094 10.717432 -9.36299896 2.58997393 10.8790903 -9.24441719 2.51202011 10.8091335 -9.34327602 1.23750699 11.8769093 -8.43124485 1.08268404 11.4368095 -8.61819553 0.830395997 12.0115099 -8.49893284 1.03169203 11.1905165 -8.92012501 1.44720995 10.8748703 -8.60432053 1.47749996 11.4839087 -8.57255554 0.691854 11.517808 -8.85665512 0.691093981 11.9526968 -8.55173779 0.616428018 11.8823013 -8.6527977 2.60909605 11.010994 -9.16557598 2.01018691 10.9141283 -8.96537876 2.38642812 11.23209 -8.86561871 1.44720995 10.8748703 -8.60432053 1.68452501 10.8183355 -9.16334343 1.92057395 11.234725 -8.74318981 2.09751201 10.7224445 -9.37987041 2.58935499 10.8841028 -9.26128864 2.51140094 10.8141479 -9.36014843 1.43412197 10.471982 -8.66177654 1.337726 10.5015287 -8.72654915 1.45576704 10.9708042 -8.63026047 1.48044205 10.9651527 -8.61361599 0.962855995 10.1801262 -8.60279942 1.12879002 10.0012417 -8.47488403 1.37258005 10.4922066 -8.56095982 1.27618301 10.5217533 -8.62573147 1.06048 9.94668484 -8.7988081 0.962855995 10.1801262 -8.60279942 1.46468902 10.9687595 -8.58819199 1.439605 10.9745054 -8.60470295 1.258834 9.88071823 -8.67063522 1.43412197 10.471982 -8.66177654 1.48044205 10.9651527 -8.61361599 1.258834 9.88071823 -8.67063522 1.48044205 10.9651527 -8.61361599 1.45576704 10.9708042 -8.63026047 1.439605 10.9745054 -8.60470295 0.984797001 9.88211823 -9.17232418 1.28820503 9.72434807 -9.17219543 0.987953007 9.55461311 -9.17292976 0.737444997 9.85390472 -9.17292976 0.737322986 10.2378206 -9.1723938 0.890370011 10.4154425 -8.39738083 1.14182496 10.0160818 -8.3973484 0.984797001 9.88211823 -9.17232418 1.49240804 9.84085083 -8.39750862 1.28820503 9.72434807 -9.17219543 0.984797001 9.88211823 -9.17232418 1.14182496 10.0160818 -8.3973484 -1.69188702 8.69675732 -8.39459229 -1.49064696 8.14247799 -8.3944416 -1.49066401 9.84088039 -8.39535141 -1.69189298 9.28660583 -8.39490891 -1.11247098 10.2927275 -8.39586639 -1.11244595 7.69062424 -8.39447212 -0.602899015 7.39569521 -8.39468288 -0.602930009 10.5876455 -8.39639282 0.000864000001 10.6900663 -8.39688492 0.00089700002 7.29326296 -8.39506531 1.12124598 9.18747807 -9.17292976 1.46222198 9.24503994 -9.17218208 1.12124598 8.79677963 -9.17292976 1.46222305 8.73497105 -9.17226028 0.399937004 10.0492535 -9.17292976 0.737322986 10.2378206 -9.1723938 0.987953007 8.42964458 -9.17292976 1.28820801 8.25566292 -9.17242146 0.737444997 8.13035297 -9.17292976 0.961163998 7.86492777 -9.17264557 0 10.1170979 -9.17292976 -0.00159600005 10.4586945 -9.17273235 0.520533025 10.37012 -9.17248344 0.399937004 7.93500423 -9.17292976 0.520537972 7.6098938 -9.17290688 -0.399937004 10.0492535 -9.17292976 -0.523724973 10.370122 -9.17300892 0 7.86715984 -9.17292976 -0.00159 7.5213232 -9.17318344 -0.737444997 9.85390472 -9.17292976 -0.964349985 10.1150885 -9.17326927 -0.399937004 7.93500423 -9.17292976 -0.523719013 7.60989618 -9.17343235 -0.987953007 9.55461311 -9.17292976 -1.291394 9.72435379 -9.17349434 -0.737444997 8.13035297 -9.17292976 -0.964345992 7.86493206 -9.17361546 -1.12124598 9.18747807 -9.17292976 -1.46540999 9.24504566 -9.17365646 -0.987953007 8.42964458 -9.17292976 -1.29139102 8.25566769 -9.17371941 -1.12124598 8.79677963 -9.17292976 -1.46540904 8.73497677 -9.17373371 1.46222198 9.24503994 -9.17218208 1.69364798 9.28657246 -8.39735699 1.46222305 8.73497105 -9.17226028 1.69365394 8.69672394 -8.39704037 1.28820801 8.25566292 -9.17242146 1.49242401 8.14244938 -8.39659882 0.520533025 10.37012 -9.17248344 0.604659021 10.5876341 -8.39726639 0.961163998 7.86492777 -9.17264557 1.11423099 7.69060278 -8.39608288 -0.00159600005 10.4586945 -9.17273235 0.000864000001 10.6900663 -8.39688492 0.520537972 7.6098938 -9.17290688 0.604690015 7.39568281 -8.39555645 -0.523724973 10.370122 -9.17300892 -0.602930009 10.5876455 -8.39639282 -0.00159 7.5213232 -9.17318344 0.00089700002 7.29326296 -8.39506531 -0.964349985 10.1150885 -9.17326927 -1.11247098 10.2927275 -8.39586639 -0.523719013 7.60989618 -9.17343235 -0.00159 7.5213232 -9.17318344 0.00089700002 7.29326296 -8.39506531 -0.602899015 7.39569521 -8.39468288 -1.291394 9.72435379 -9.17349434 -1.49066401 9.84088039 -8.39535141 -0.964345992 7.86493206 -9.17361546 -1.11244595 7.69062424 -8.39447212 -1.46540999 9.24504566 -9.17365646 -1.69189298 9.28660583 -8.39490891 -1.29139102 8.25566769 -9.17371941 -1.49064696 8.14247799 -8.3944416 -1.46540904 8.73497677 -9.17373371 -1.69188702 8.69675732 -8.39459229 1.12124598 9.18747807 -9.17292976 1.12124598 8.79677963 -9.17292976 1.074 8.80501175 -9.03208447 1.074 9.17924595 -9.03208447 0.987953007 8.42964458 -9.17292976 0.946323991 8.4533453 -9.03208447 0.737444997 8.13035297 -9.17292976 0.706372023 8.16666508 -9.03208447 0.399937004 7.93500423 -9.17292976 0.383085012 7.97954798 -9.03208447 0 7.86715984 -9.17292976 0 7.91456223 -9.03208447 -0.399937004 7.93500423 -9.17292976 -0.383085012 7.97954798 -9.03208447 -0.737444997 8.13035297 -9.17292976 -0.706372023 8.16666508 -9.03208447 -0.987953007 8.42964458 -9.17292976 -0.946323991 8.4533453 -9.03208447 -1.12124598 8.79677963 -9.17292976 -1.074 8.80501175 -9.03208447 -1.12124598 9.18747807 -9.17292976 -1.074 9.17924595 -9.03208447 -0.987953007 9.55461311 -9.17292976 -0.946323991 9.5309124 -9.03208447 -0.737444997 9.85390472 -9.17292976 -0.706372023 9.81759262 -9.03208447 -0.399937004 10.0492535 -9.17292976 -0.383085012 10.0047102 -9.03208447 0 10.1170979 -9.17292976 0 10.0696955 -9.03208447 0.399937004 10.0492535 -9.17292976 0.383085012 10.0047102 -9.03208447 0.737444997 9.85390472 -9.17292976 0.706372023 9.81759262 -9.03208447 0.987953007 9.55461311 -9.17292976 0.946323991 9.5309124 -9.03208447 0.604659021 10.5876341 -8.39726639 0.604690015 7.39568281 -8.39555645 1.11423099 7.69060278 -8.39608288 1.14182496 10.0160818 -8.3973484 0.890370011 10.4154425 -8.39738083 1.49240804 9.84085083 -8.39750862 1.49242401 8.14244938 -8.39659882 1.69365394 8.69672394 -8.39704037 1.69364798 9.28657246 -8.39735699 </float_array>
                    <technique_common>
                        <accessor count="213" offset="0" source="#spe03_kart_root.polymsh3_1-positions-array" stride="3">
                            <param name="X" type="float"/>
                            <param name="Y" type="float"/>
                            <param name="Z" type="float"/>
                        </accessor>
                    </technique_common>
                </source>
                <source id="spe03_kart_root.polymsh3_1-normals" name="spe03_kart_root.polymsh3_1-normals">
                    <float_array id="spe03_kart_root.polymsh3_1-normals-array" count="639"> 0 0 1 0 0 1 0 0 1 0 0 1 -0.617138028 -0.617138028 0.488139987 0.617138028 -0.617138028 0.488139987 0.617138028 -0.617138028 0.488139987 -0.617138028 -0.617138028 0.488139987 -0.617138028 0.617138028 0.488139987 -0.617138028 0.617138028 0.488139987 0.617138028 0.617138028 0.488139987 0.617138028 0.617138028 0.488139987 0.809017003 -0.587785006 0 -0.309017003 -0.951057017 0 -0.309017003 -0.951057017 0 0.809017003 -0.587785006 0 -1 0 0 -0.309017003 0.951057017 0 -0.309017003 0.951057017 0 -1 0 0 0.809017003 0.587785006 0 0.809017003 0.587785006 0 -0.309017003 0.951057017 0 -0.309017003 0.951057017 0 -0.240470007 -0.297316015 0.924000978 -0.385264009 -0.40694499 0.82823199 -0.158496007 -0.338281006 0.927601993 -0.470362008 -0.284494013 0.835358024 -0.620873988 -0.552810013 0.555801988 -0.0872439966 -0.211880997 0.973393977 -0.511924028 -0.564926982 0.64714098 -0.377705991 -0.394607008 0.837629974 -0.518337011 -0.487948 0.702305973 0.277507991 -0.570822001 0.77275598 0.25929299 -0.758343995 0.598065019 0.338171989 -0.61025399 0.716400981 0.0959070027 -0.948697984 0.301288009 0.389340013 -0.756989002 0.524769008 0.371365011 -0.456524014 0.808501005 0.0924170017 -0.896198988 0.433921009 0.270763993 -0.748079002 0.605858028 0.182466999 -0.872786999 0.452711999 0.158496007 0.338281006 -0.927601993 0.385264009 0.40694499 -0.82823199 0.240470007 0.297316015 -0.924000978 0.620873988 0.552810013 -0.555801988 0.470362008 0.284494013 -0.835358024 0.0872439966 0.211880997 -0.973393977 0.511924028 0.564926982 -0.64714098 0.377705991 0.394607008 -0.837629974 0.518337011 0.487948 -0.702305973 -0.338171989 0.61025399 -0.716400981 -0.25929299 0.758343995 -0.598065019 -0.277507991 0.570822001 -0.77275598 -0.389340013 0.756989002 -0.524769008 -0.0959070027 0.948697984 -0.301288009 -0.371365011 0.456524014 -0.808501005 -0.0924170017 0.896198988 -0.433921009 -0.270763993 0.748079002 -0.605858028 -0.182466999 0.872786999 -0.452711999 0.964776993 -0.178757995 -0.193005994 -0.101517998 0.208818004 -0.972670972 0.00170200004 0.692323983 -0.721584976 0.869946003 0.467902005 -0.155762002 -0.356326014 0.351761997 0.86561799 0.261025995 0.0670970008 0.962997019 0.242770001 0.0409720019 0.969218016 -0.861479998 0.472826988 0.185167998 -0.0527860001 0.183577001 -0.981586993 -0.592131019 0.427662998 -0.682998002 0.302067995 0.557497025 0.773274004 -0.593998015 0.787204981 0.165754005 0.939894974 -0.290080994 -0.180141002 0.964776993 -0.178757995 -0.193005994 0.869946003 0.467902005 -0.155762002 0.939894974 -0.290080994 -0.180141002 0.869946003 0.467902005 -0.155762002 0.00170200004 0.692323983 -0.721584976 -0.593998015 0.787204981 0.165754005 0.0019700001 0.00170799997 -0.99999702 0.00172099995 0.00129499997 -0.999997973 0.00189199997 0.00148600002 -0.99999702 0.00177600002 0.00155199994 -0.99999702 0.665287018 0.691021979 -0.282633007 0.665287018 0.691021979 -0.282633007 0.803901017 0.53116399 -0.26759699 0.803901017 0.53116399 -0.26759699 0.71697998 0.637144983 -0.282817006 0.71697998 0.637144983 -0.282817006 0.440212011 0.864569008 -0.242351994 0.440212011 0.864569008 -0.242351994 0.000722999976 0.000536000007 1 0.000722999976 0.000536000007 1 0.000722999976 0.000536000007 1 0.000722999976 0.000536000007 1 0.000722999976 0.000536000007 1 0.000722999976 0.000536000007 1 0.000722999976 0.000536000007 1 0.000722999976 0.000536000007 1 0.000722999976 0.000536000007 1 0.000722999976 0.000536000007 1 0.00206499989 0.000407999993 -0.999997973 0.00206499989 0.000407999993 -0.999997973 0.00187899999 -0.000165999998 -0.999997973 0.00187899999 -0.000165999998 -0.999997973 0.000751000014 0.00109899999 -0.999998987 0.00137199997 0.00126499997 -0.999997973 0.00136400003 -0.000486000004 -0.999998987 0.00136400003 -0.000486000004 -0.999998987 0.000760999974 -0.000395999989 -1 0.000760999974 -0.000395999989 -1 0.000342000014 0.000561000023 -1 0.000342000014 0.000561000023 -1 0.000722999976 0.000951000024 -0.999998987 0.000353999989 7.30000029e-05 -1 0.000353999989 7.30000029e-05 -1 0.000409 -7.79999973e-05 -1 0.000409 -7.79999973e-05 -1 0.000341000006 0.00071599998 -1 0.000341000006 0.00071599998 -1 0.000865000009 -0.000520000001 -1 0.000865000009 -0.000520000001 -1 0.000745000027 0.00121999998 -0.999998987 0.000745000027 0.00121999998 -0.999998987 0.00150000001 -0.000564999995 -0.999998987 0.00150000001 -0.000564999995 -0.999998987 0.00138000003 0.00133999996 -0.999997973 0.00138000003 0.00133999996 -0.999997973 0.00202500005 -0.000193 -0.999997973 0.00202500005 -0.000193 -0.999997973 0.00194900006 0.00103100005 -0.999997973 0.00194900006 0.00103100005 -0.999997973 0.002201 0.000430999993 -0.99999702 0.002201 0.000430999993 -0.99999702 0.942457974 0.165730998 -0.290354997 0.942457974 0.165730998 -0.290354997 0.942662001 -0.165917993 -0.289584011 0.942662001 -0.165917993 -0.289584011 0.829723001 -0.478047013 -0.288152009 0.829723001 -0.478047013 -0.288152009 0.333999008 0.897338986 -0.288489997 0.333999008 0.897338986 -0.288489997 0.616657019 -0.733374 -0.286173999 0.616657019 -0.733374 -0.286173999 -6.60000005e-05 0.958298028 -0.285771012 -6.60000005e-05 0.958298028 -0.285771012 0.325390011 -0.90199101 -0.283784002 0.325390011 -0.90199101 -0.283784002 -0.325385004 0.901400983 -0.285658985 -0.325385004 0.901400983 -0.285658985 -7.6999997e-05 -0.959627986 -0.281271011 -7.6999997e-05 -0.959627986 -0.281271011 -0.617016971 0.733465016 -0.285163999 -0.617016971 0.733465016 -0.285163999 -0.325767994 -0.902598023 -0.281410992 -7.6999997e-05 -0.959627986 -0.281271011 -7.6999997e-05 -0.959627986 -0.281271011 -0.325767994 -0.902598023 -0.281410992 -0.83079797 0.478419989 -0.284408987 -0.83079797 0.478419989 -0.284408987 -0.61759901 -0.734314978 -0.281695992 -0.61759901 -0.734314978 -0.281695992 -0.944468975 0.166049004 -0.283560991 -0.944468975 0.166049004 -0.283560991 -0.831306994 -0.478879005 -0.282142013 -0.831306994 -0.478879005 -0.282142013 -0.944669008 -0.166253999 -0.282772988 -0.944669008 -0.166253999 -0.282772988 -0.932313025 -0.164011002 -0.322324008 -0.932313025 0.164011002 -0.322324008 -0.932313025 0.164011002 -0.322324008 -0.932313025 -0.164011002 -0.322324008 -0.820375979 0.472548008 -0.321996003 -0.820375979 0.472548008 -0.321996003 -0.609520972 0.724731028 -0.321323007 -0.609520972 0.724731028 -0.321323007 -0.321548998 0.891079009 -0.320286989 -0.321548998 0.891079009 -0.320286989 0 0.947762012 -0.318976998 0 0.947762012 -0.318976998 0.321548998 0.891079009 -0.320286989 0.321548998 0.891079009 -0.320286989 0.609520972 0.724731028 -0.321323007 0.609520972 0.724731028 -0.321323007 0.820375979 0.472548008 -0.321996003 0.820375979 0.472548008 -0.321996003 0.932313025 0.164011002 -0.322324008 0.932313025 0.164011002 -0.322324008 0.932313025 -0.164011002 -0.322324008 0.932313025 -0.164011002 -0.322324008 0.820375979 -0.472548008 -0.321996003 0.820375979 -0.472548008 -0.321996003 0.609520972 -0.724731028 -0.321323007 0.609520972 -0.724731028 -0.321323007 0.321548998 -0.891079009 -0.320286989 0.321548998 -0.891079009 -0.320286989 0 -0.947762012 -0.318976998 0 -0.947762012 -0.318976998 -0.321548998 -0.891079009 -0.320286989 -0.321548998 -0.891079009 -0.320286989 -0.609520972 -0.724731028 -0.321323007 -0.609520972 -0.724731028 -0.321323007 -0.820375979 -0.472548008 -0.321996003 -0.820375979 -0.472548008 -0.321996003 0.000722999976 0.000536000007 1 0.000722999976 0.000536000007 1 0.000722999976 0.000536000007 1 0.000722999976 0.000536000007 1 0.000722999976 0.000536000007 1 0.000722999976 0.000536000007 1 0.000722999976 0.000536000007 1 0.000722999976 0.000536000007 1 0.000722999976 0.000536000007 1 </float_array>
                    <technique_common>
                        <accessor count="213" offset="0" source="#spe03_kart_root.polymsh3_1-normals-array" stride="3">
                            <param name="X" type="float"/>
                            <param name="Y" type="float"/>
                            <param name="Z" type="float"/>
                        </accessor>
                    </technique_common>
                </source>
                <source id="spe03_kart_root.polymsh3_1-tex0" name="spe03_kart_root.polymsh3_1-tex0">
                    <float_array id="spe03_kart_root.polymsh3_1-tex0-array" count="426"> 0.796891987 0.011558 0.834514022 0.011558 0.834514022 0.049180001 0.796891987 0.049180001 0.790786982 0.00545400009 0.840618014 0.00545400009 0.834514022 0.011558 0.796891987 0.011558 0.796891987 0.049180001 0.790786982 0.0552849993 0.840618014 0.0552849993 0.834514022 0.049180001 0.210036993 0.927268982 0.227347001 0.927268982 0.227347001 0.951713979 0.210036993 0.951713979 0.246573001 0.927268982 0.264755994 0.927268982 0.264755994 0.951713979 0.246573001 0.951713979 0.193621993 0.927268982 0.193621993 0.951713979 0.176312998 0.927268982 0.176312998 0.951713979 0.851185977 0.0489879996 0.885057986 0.02881 0.875814021 0.0581020005 0.924742997 0.0166299995 0.889733016 0.00505799986 0.902422011 0.0464010015 0.861570001 0.0116940001 0.846764982 0.0405629985 0.845466971 0.0319610015 0.875814021 0.0581020005 0.885057986 0.02881 0.851185977 0.0489879996 0.889733016 0.00505799986 0.924742997 0.0166299995 0.902422011 0.0464010015 0.861570001 0.0116940001 0.846764982 0.0405629985 0.845466971 0.0319610015 0.875814021 0.0581020005 0.885057986 0.02881 0.851185977 0.0489879996 0.889733016 0.00505799986 0.924742997 0.0166299995 0.902422011 0.0464010015 0.861570001 0.0116940001 0.846764982 0.0405629985 0.845466971 0.0319610015 0.851185977 0.0489879996 0.885057986 0.02881 0.875814021 0.0581020005 0.924742997 0.0166299995 0.889733016 0.00505799986 0.902422011 0.0464010015 0.861570001 0.0116940001 0.846764982 0.0405629985 0.845466971 0.0319610015 0.86658901 0.128180996 0.850857973 0.128180996 0.850857973 0.175272003 0.86658901 0.175272003 0.835563004 0.0647260025 0.820430994 0.0647260025 0.820430994 0.128180996 0.835563004 0.128180996 0.850857973 0.0647260025 0.835563004 0.0647260025 0.820430994 0.175272003 0.835563004 0.175272003 0.804269016 0.0647260025 0.804269016 0.128180996 0.804269016 0.175272003 0.86658901 0.0647260025 0.835563004 0.175272003 0.835388005 0.183353007 0.820222974 0.183353007 0.64851898 0.146438003 0.630414009 0.137018993 0.648330986 0.126898006 0.663278997 0.144759998 0.281636 0.699904978 0.281636 0.722024024 0.267960012 0.722024024 0.267960012 0.699904978 0.254581988 0.722024024 0.254581988 0.699904978 0.267960012 0.699904978 0.267960012 0.722024024 0.653985023 0.0830340013 0.660356998 0.0654829964 0.660356998 0.119263001 0.653985023 0.101712003 0.672333002 0.133570999 0.672333002 0.0511749983 0.688467979 0.041836001 0.688467979 0.142910004 0.707587004 0.146154001 0.707587004 0.0385930017 0.640377998 0.104992002 0.620030999 0.108419001 0.640377998 0.0816830024 0.620030999 0.0779879987 0.683417022 0.156422004 0.663285017 0.167665005 0.648330986 0.0597830005 0.630415022 0.0493960008 0.663278997 0.0419330001 0.649928987 0.0260920003 0.707280993 0.160478994 0.707376003 0.180858999 0.676221013 0.175562993 0.683417022 0.0302859992 0.676221013 0.0108869998 0.731145024 0.156441003 0.738530993 0.175586998 0.707280993 0.0262480006 0.707376003 0.00561500015 0.751284003 0.144795001 0.76482302 0.160382003 0.731145024 0.030305 0.738530993 0.010911 0.766231 0.126945004 0.784337997 0.137078002 0.751284003 0.0419679992 0.76482302 0.0261369999 0.774185002 0.105044998 0.794721007 0.108487003 0.766231 0.0598290004 0.784337997 0.0494560003 0.774185002 0.0817359984 0.794721007 0.0780560002 0.240725994 0.699904978 0.240725994 0.722024024 0.226612002 0.699904978 0.226612002 0.722024024 0.213211998 0.699904978 0.213211998 0.722024024 0.295706987 0.699904978 0.295706987 0.722024024 0.199035004 0.699904978 0.199035004 0.722024024 0.309334993 0.699904978 0.309334993 0.722024024 0.184428006 0.699904978 0.184429005 0.722024024 0.322838992 0.699904978 0.322838992 0.722024024 0.169907004 0.699904978 0.169907004 0.722024024 0.336701989 0.699904978 0.336701989 0.722024024 0.420235991 0.699904978 0.434206992 0.699904978 0.434206992 0.722024024 0.420235991 0.722024024 0.351294994 0.699904978 0.351294994 0.722024024 0.406367004 0.699904978 0.406367004 0.722024024 0.364968985 0.699904978 0.364968985 0.722024024 0.392302006 0.699904978 0.392302006 0.722024024 0.378986001 0.699904978 0.378986001 0.722024024 0.640377998 0.104992002 0.640377998 0.0816830024 0.648836017 0.0835329965 0.648836017 0.103808001 0.648330986 0.0597830005 0.65575403 0.0644840002 0.663278997 0.0419330001 0.668756008 0.0489579998 0.683417022 0.0302859992 0.686272979 0.0388269983 0.707280993 0.0262480006 0.707029998 0.0353149995 0.731145024 0.030305 0.727787971 0.0388440005 0.751284003 0.0419679992 0.745305002 0.0489879996 0.766231 0.0598290004 0.75830698 0.0645250008 0.774185002 0.0817359984 0.765224993 0.0835800022 0.774185002 0.105044998 0.765224993 0.103854999 0.766231 0.126945004 0.75830698 0.122904003 0.751284003 0.144795001 0.745305002 0.138429999 0.731145024 0.156441003 0.727787971 0.148561001 0.707280993 0.160478994 0.707029998 0.152072996 0.683417022 0.156422004 0.686272979 0.148543999 0.663278997 0.144759998 0.668756008 0.138399005 0.648330986 0.126898006 0.65575403 0.122863002 0.726706982 0.142910004 0.726706982 0.041836001 0.742842019 0.0511749983 0.743716002 0.126194 0.735754013 0.137457997 0.754817009 0.119263001 0.754817009 0.0654829964 0.761189997 0.0830340013 0.761189997 0.101712003 </float_array>
                    <technique_common>
                        <accessor count="213" offset="0" source="#spe03_kart_root.polymsh3_1-tex0-array" stride="2">
                            <param name="S" type="float"/>
                            <param name="T" type="float"/>
                        </accessor>
                    </technique_common>
                </source>
                <source id="spe03_kart_root.polymsh3_1-tex1" name="spe03_kart_root.polymsh3_1-tex1">
                    <float_array id="spe03_kart_root.polymsh3_1-tex1-array" count="426"> 0.796891987 0.011558 0.834514022 0.011558 0.834514022 0.049180001 0.796891987 0.049180001 0.790786982 0.00545400009 0.840618014 0.00545400009 0.834514022 0.011558 0.796891987 0.011558 0.796891987 0.049180001 0.790786982 0.0552849993 0.840618014 0.0552849993 0.834514022 0.049180001 0.210036993 0.927268982 0.227347001 0.927268982 0.227347001 0.951713979 0.210036993 0.951713979 0.246573001 0.927268982 0.264755994 0.927268982 0.264755994 0.951713979 0.246573001 0.951713979 0.193621993 0.927268982 0.193621993 0.951713979 0.176312998 0.927268982 0.176312998 0.951713979 0.851185977 0.0489879996 0.885057986 0.02881 0.875814021 0.0581020005 0.924742997 0.0166299995 0.889733016 0.00505799986 0.902422011 0.0464010015 0.861570001 0.0116940001 0.846764982 0.0405629985 0.845466971 0.0319610015 0.875814021 0.0581020005 0.885057986 0.02881 0.851185977 0.0489879996 0.889733016 0.00505799986 0.924742997 0.0166299995 0.902422011 0.0464010015 0.861570001 0.0116940001 0.846764982 0.0405629985 0.845466971 0.0319610015 0.875814021 0.0581020005 0.885057986 0.02881 0.851185977 0.0489879996 0.889733016 0.00505799986 0.924742997 0.0166299995 0.902422011 0.0464010015 0.861570001 0.0116940001 0.846764982 0.0405629985 0.845466971 0.0319610015 0.851185977 0.0489879996 0.885057986 0.02881 0.875814021 0.0581020005 0.924742997 0.0166299995 0.889733016 0.00505799986 0.902422011 0.0464010015 0.861570001 0.0116940001 0.846764982 0.0405629985 0.845466971 0.0319610015 0.86658901 0.128180996 0.850857973 0.128180996 0.850857973 0.175272003 0.86658901 0.175272003 0.835563004 0.0647260025 0.820430994 0.0647260025 0.820430994 0.128180996 0.835563004 0.128180996 0.850857973 0.0647260025 0.835563004 0.0647260025 0.820430994 0.175272003 0.835563004 0.175272003 0.804269016 0.0647260025 0.804269016 0.128180996 0.804269016 0.175272003 0.86658901 0.0647260025 0.835563004 0.175272003 0.835388005 0.183353007 0.820222974 0.183353007 0.64851898 0.146438003 0.630414009 0.137018993 0.648330986 0.126898006 0.663278997 0.144759998 0.281636 0.699904978 0.281636 0.722024024 0.267960012 0.722024024 0.267960012 0.699904978 0.254581988 0.722024024 0.254581988 0.699904978 0.267960012 0.699904978 0.267960012 0.722024024 0.653985023 0.0830340013 0.660356998 0.0654829964 0.660356998 0.119263001 0.653985023 0.101712003 0.672333002 0.133570999 0.672333002 0.0511749983 0.688467979 0.041836001 0.688467979 0.142910004 0.707587004 0.146154001 0.707587004 0.0385930017 0.640377998 0.104992002 0.620030999 0.108419001 0.640377998 0.0816830024 0.620030999 0.0779879987 0.683417022 0.156422004 0.663285017 0.167665005 0.648330986 0.0597830005 0.630415022 0.0493960008 0.663278997 0.0419330001 0.649928987 0.0260920003 0.707280993 0.160478994 0.707376003 0.180858999 0.676221013 0.175562993 0.683417022 0.0302859992 0.676221013 0.0108869998 0.731145024 0.156441003 0.738530993 0.175586998 0.707280993 0.0262480006 0.707376003 0.00561500015 0.751284003 0.144795001 0.76482302 0.160382003 0.731145024 0.030305 0.738530993 0.010911 0.766231 0.126945004 0.784337997 0.137078002 0.751284003 0.0419679992 0.76482302 0.0261369999 0.774185002 0.105044998 0.794721007 0.108487003 0.766231 0.0598290004 0.784337997 0.0494560003 0.774185002 0.0817359984 0.794721007 0.0780560002 0.240725994 0.699904978 0.240725994 0.722024024 0.226612002 0.699904978 0.226612002 0.722024024 0.213211998 0.699904978 0.213211998 0.722024024 0.295706987 0.699904978 0.295706987 0.722024024 0.199035004 0.699904978 0.199035004 0.722024024 0.309334993 0.699904978 0.309334993 0.722024024 0.184428006 0.699904978 0.184429005 0.722024024 0.322838992 0.699904978 0.322838992 0.722024024 0.169907004 0.699904978 0.169907004 0.722024024 0.336701989 0.699904978 0.336701989 0.722024024 0.420235991 0.699904978 0.434206992 0.699904978 0.434206992 0.722024024 0.420235991 0.722024024 0.351294994 0.699904978 0.351294994 0.722024024 0.406367004 0.699904978 0.406367004 0.722024024 0.364968985 0.699904978 0.364968985 0.722024024 0.392302006 0.699904978 0.392302006 0.722024024 0.378986001 0.699904978 0.378986001 0.722024024 0.640377998 0.104992002 0.640377998 0.0816830024 0.648836017 0.0835329965 0.648836017 0.103808001 0.648330986 0.0597830005 0.65575403 0.0644840002 0.663278997 0.0419330001 0.668756008 0.0489579998 0.683417022 0.0302859992 0.686272979 0.0388269983 0.707280993 0.0262480006 0.707029998 0.0353149995 0.731145024 0.030305 0.727787971 0.0388440005 0.751284003 0.0419679992 0.745305002 0.0489879996 0.766231 0.0598290004 0.75830698 0.0645250008 0.774185002 0.0817359984 0.765224993 0.0835800022 0.774185002 0.105044998 0.765224993 0.103854999 0.766231 0.126945004 0.75830698 0.122904003 0.751284003 0.144795001 0.745305002 0.138429999 0.731145024 0.156441003 0.727787971 0.148561001 0.707280993 0.160478994 0.707029998 0.152072996 0.683417022 0.156422004 0.686272979 0.148543999 0.663278997 0.144759998 0.668756008 0.138399005 0.648330986 0.126898006 0.65575403 0.122863002 0.726706982 0.142910004 0.726706982 0.041836001 0.742842019 0.0511749983 0.743716002 0.126194 0.735754013 0.137457997 0.754817009 0.119263001 0.754817009 0.0654829964 0.761189997 0.0830340013 0.761189997 0.101712003 </float_array>
                    <technique_common>
                        <accessor count="213" offset="0" source="#spe03_kart_root.polymsh3_1-tex1-array" stride="2">
                            <param name="S" type="float"/>
                            <param name="T" type="float"/>
                        </accessor>
                    </technique_common>
                </source>
                <source id="spe03_kart_root.polymsh3_1-tex2" name="spe03_kart_root.polymsh3_1-tex2">
                    <float_array id="spe03_kart_root.polymsh3_1-tex2-array" count="426"> 0.796891987 0.011558 0.834514022 0.011558 0.834514022 0.049180001 0.796891987 0.049180001 0.790786982 0.00545400009 0.840618014 0.00545400009 0.834514022 0.011558 0.796891987 0.011558 0.796891987 0.049180001 0.790786982 0.0552849993 0.840618014 0.0552849993 0.834514022 0.049180001 0.210036993 0.927268982 0.227347001 0.927268982 0.227347001 0.951713979 0.210036993 0.951713979 0.246573001 0.927268982 0.264755994 0.927268982 0.264755994 0.951713979 0.246573001 0.951713979 0.193621993 0.927268982 0.193621993 0.951713979 0.176312998 0.927268982 0.176312998 0.951713979 0.851185977 0.0489879996 0.885057986 0.02881 0.875814021 0.0581020005 0.924742997 0.0166299995 0.889733016 0.00505799986 0.902422011 0.0464010015 0.861570001 0.0116940001 0.846764982 0.0405629985 0.845466971 0.0319610015 0.875814021 0.0581020005 0.885057986 0.02881 0.851185977 0.0489879996 0.889733016 0.00505799986 0.924742997 0.0166299995 0.902422011 0.0464010015 0.861570001 0.0116940001 0.846764982 0.0405629985 0.845466971 0.0319610015 0.875814021 0.0581020005 0.885057986 0.02881 0.851185977 0.0489879996 0.889733016 0.00505799986 0.924742997 0.0166299995 0.902422011 0.0464010015 0.861570001 0.0116940001 0.846764982 0.0405629985 0.845466971 0.0319610015 0.851185977 0.0489879996 0.885057986 0.02881 0.875814021 0.0581020005 0.924742997 0.0166299995 0.889733016 0.00505799986 0.902422011 0.0464010015 0.861570001 0.0116940001 0.846764982 0.0405629985 0.845466971 0.0319610015 0.86658901 0.128180996 0.850857973 0.128180996 0.850857973 0.175272003 0.86658901 0.175272003 0.835563004 0.0647260025 0.820430994 0.0647260025 0.820430994 0.128180996 0.835563004 0.128180996 0.850857973 0.0647260025 0.835563004 0.0647260025 0.820430994 0.175272003 0.835563004 0.175272003 0.804269016 0.0647260025 0.804269016 0.128180996 0.804269016 0.175272003 0.86658901 0.0647260025 0.835563004 0.175272003 0.835388005 0.183353007 0.820222974 0.183353007 0.64851898 0.146438003 0.630414009 0.137018993 0.648330986 0.126898006 0.663278997 0.144759998 0.281636 0.699904978 0.281636 0.722024024 0.267960012 0.722024024 0.267960012 0.699904978 0.254581988 0.722024024 0.254581988 0.699904978 0.267960012 0.699904978 0.267960012 0.722024024 0.653985023 0.0830340013 0.660356998 0.0654829964 0.660356998 0.119263001 0.653985023 0.101712003 0.672333002 0.133570999 0.672333002 0.0511749983 0.688467979 0.041836001 0.688467979 0.142910004 0.707587004 0.146154001 0.707587004 0.0385930017 0.640377998 0.104992002 0.620030999 0.108419001 0.640377998 0.0816830024 0.620030999 0.0779879987 0.683417022 0.156422004 0.663285017 0.167665005 0.648330986 0.0597830005 0.630415022 0.0493960008 0.663278997 0.0419330001 0.649928987 0.0260920003 0.707280993 0.160478994 0.707376003 0.180858999 0.676221013 0.175562993 0.683417022 0.0302859992 0.676221013 0.0108869998 0.731145024 0.156441003 0.738530993 0.175586998 0.707280993 0.0262480006 0.707376003 0.00561500015 0.751284003 0.144795001 0.76482302 0.160382003 0.731145024 0.030305 0.738530993 0.010911 0.766231 0.126945004 0.784337997 0.137078002 0.751284003 0.0419679992 0.76482302 0.0261369999 0.774185002 0.105044998 0.794721007 0.108487003 0.766231 0.0598290004 0.784337997 0.0494560003 0.774185002 0.0817359984 0.794721007 0.0780560002 0.240725994 0.699904978 0.240725994 0.722024024 0.226612002 0.699904978 0.226612002 0.722024024 0.213211998 0.699904978 0.213211998 0.722024024 0.295706987 0.699904978 0.295706987 0.722024024 0.199035004 0.699904978 0.199035004 0.722024024 0.309334993 0.699904978 0.309334993 0.722024024 0.184428006 0.699904978 0.184429005 0.722024024 0.322838992 0.699904978 0.322838992 0.722024024 0.169907004 0.699904978 0.169907004 0.722024024 0.336701989 0.699904978 0.336701989 0.722024024 0.420235991 0.699904978 0.434206992 0.699904978 0.434206992 0.722024024 0.420235991 0.722024024 0.351294994 0.699904978 0.351294994 0.722024024 0.406367004 0.699904978 0.406367004 0.722024024 0.364968985 0.699904978 0.364968985 0.722024024 0.392302006 0.699904978 0.392302006 0.722024024 0.378986001 0.699904978 0.378986001 0.722024024 0.640377998 0.104992002 0.640377998 0.0816830024 0.648836017 0.0835329965 0.648836017 0.103808001 0.648330986 0.0597830005 0.65575403 0.0644840002 0.663278997 0.0419330001 0.668756008 0.0489579998 0.683417022 0.0302859992 0.686272979 0.0388269983 0.707280993 0.0262480006 0.707029998 0.0353149995 0.731145024 0.030305 0.727787971 0.0388440005 0.751284003 0.0419679992 0.745305002 0.0489879996 0.766231 0.0598290004 0.75830698 0.0645250008 0.774185002 0.0817359984 0.765224993 0.0835800022 0.774185002 0.105044998 0.765224993 0.103854999 0.766231 0.126945004 0.75830698 0.122904003 0.751284003 0.144795001 0.745305002 0.138429999 0.731145024 0.156441003 0.727787971 0.148561001 0.707280993 0.160478994 0.707029998 0.152072996 0.683417022 0.156422004 0.686272979 0.148543999 0.663278997 0.144759998 0.668756008 0.138399005 0.648330986 0.126898006 0.65575403 0.122863002 0.726706982 0.142910004 0.726706982 0.041836001 0.742842019 0.0511749983 0.743716002 0.126194 0.735754013 0.137457997 0.754817009 0.119263001 0.754817009 0.0654829964 0.761189997 0.0830340013 0.761189997 0.101712003 </float_array>
                    <technique_common>
                        <accessor count="213" offset="0" source="#spe03_kart_root.polymsh3_1-tex2-array" stride="2">
                            <param name="S" type="float"/>
                            <param name="T" type="float"/>
                        </accessor>
                    </technique_common>
                </source>
                <source id="spe03_kart_root.polymsh3_1-color0" name="spe03_kart_root.polymsh3_1-color0">
                    <float_array id="spe03_kart_root.polymsh3_1-color0-array" count="639"> 1 1 1 1 1 1 1 1 1 1 1 1 1 1 1 1 1 1 1 1 1 1 1 1 1 1 1 1 1 1 1 1 1 1 1 1 1 1 1 1 1 1 1 1 1 1 1 1 1 1 1 1 1 1 1 1 1 1 1 1 1 1 1 1 1 1 1 1 1 1 1 1 1 1 1 1 1 1 1 1 1 1 1 1 1 1 1 1 1 1 1 1 1 1 1 1 1 1 1 1 1 1 1 1 1 1 1 1 1 1 1 1 1 1 1 1 1 1 1 1 1 1 1 1 1 1 1 1 1 1 1 1 1 1 1 1 1 1 1 1 1 1 1 1 1 1 1 1 1 1 1 1 1 1 1 1 1 1 1 1 1 1 1 1 1 1 1 1 1 1 1 1 1 1 1 1 1 1 1 1 1 1 1 1 1 1 1 1 1 1 1 1 1 1 1 1 1 1 1 1 1 1 1 1 1 1 1 1 1 1 1 1 1 1 1 1 1 1 1 1 1 1 1 1 1 1 1 1 1 1 1 1 1 1 1 1 1 1 1 1 1 1 1 1 1 1 1 1 1 1 1 1 1 1 1 1 1 1 1 1 1 1 1 1 1 1 1 1 1 1 1 1 1 1 1 1 1 1 1 1 1 1 1 1 1 1 1 1 1 1 1 1 1 1 1 1 1 1 1 1 1 1 1 1 1 1 1 1 1 1 1 1 1 1 1 1 1 1 1 1 1 1 1 1 1 1 1 1 1 1 1 1 1 1 1 1 1 1 1 1 1 1 1 1 1 1 1 1 1 1 1 1 1 1 1 1 1 1 1 1 1 1 1 1 1 1 1 1 1 1 1 1 1 1 1 1 1 1 1 1 1 1 1 1 1 1 1 1 1 1 1 1 1 1 1 1 1 1 1 1 1 1 1 1 1 1 1 1 1 1 1 1 1 1 1 1 1 1 1 1 1 1 1 1 1 1 1 1 1 1 1 1 1 1 1 1 1 1 1 1 1 1 1 1 1 1 1 1 1 1 1 1 1 1 1 1 1 1 1 1 1 1 1 1 1 1 1 1 1 1 1 1 1 1 1 1 1 1 1 1 1 1 1 1 1 1 1 1 1 1 1 1 1 1 1 1 1 1 1 1 1 1 1 1 1 1 1 1 1 1 1 1 1 1 1 1 1 1 1 1 1 1 1 1 1 1 1 1 1 1 1 1 1 1 1 1 1 1 1 1 1 1 1 1 1 1 1 1 1 1 1 1 1 1 1 1 1 1 1 1 1 1 1 1 1 1 1 1 1 1 1 1 1 1 1 1 1 1 1 1 1 1 1 1 1 1 1 1 1 1 1 1 1 1 1 1 1 1 1 1 1 1 1 1 1 1 1 1 1 1 1 1 1 1 1 1 1 1 1 1 1 1 1 1 1 1 1 1 1 1 1 1 1 1 1 1 1 1 1 </float_array>
                    <technique_common>
                        <accessor count="213" offset="0" source="#spe03_kart_root.polymsh3_1-color0-array" stride="3">
                            <param name="R" type="float"/>
                            <param name="G" type="float"/>
                            <param name="B" type="float"/>
                        </accessor>
                    </technique_common>
                </source>
                <vertices id="spe03_kart_root.polymsh3_1-vertices">
                    <input semantic="POSITION" source="#spe03_kart_root.polymsh3_1-positions"/>
                </vertices>
                <triangles count="198" material="defaultMaterial">
                    <input offset="0" semantic="VERTEX" source="#spe03_kart_root.polymsh3_1-vertices"/>
                    <input offset="0" semantic="NORMAL" source="#spe03_kart_root.polymsh3_1-normals"/>
                    <input offset="1" semantic="TEXCOORD" source="#spe03_kart_root.polymsh3_1-tex0" set="0"/>
                    <input offset="1" semantic="TEXCOORD" source="#spe03_kart_root.polymsh3_1-tex1" set="1"/>
                    <input offset="1" semantic="TEXCOORD" source="#spe03_kart_root.polymsh3_1-tex2" set="2"/>
                    <input offset="0" semantic="COLOR" source="#spe03_kart_root.polymsh3_1-color0" set="0"/>
                    <p>0 0 1 1 2 2 0 0 2 2 3 3 4 4 5 5 6 6 4 4 6 6 7 7 4 4 7 7 8 8 4 4 8 8 9 9 5 5 10 10 11 11 5 5 11 11 6 6 9 9 8 8 11 11 9 9 11 11 10 10 12 12 13 13 14 14 12 12 14 14 15 15 16 16 17 17 18 18 16 16 18 18 19 19 13 13 16 16 19 19 13 13 19 19 14 14 20 20 12 12 15 15 20 20 15 15 21 21 17 22 20 20 21 21 17 22 21 21 18 23 24 24 25 25 26 26 27 27 25 25 28 28 29 29 25 25 27 27 26 26 25 25 29 29 28 28 25 25 30 30 25 25 24 24 31 31 25 25 32 32 30 30 31 31 32 32 25 25 33 33 34 34 35 35 36 36 34 34 37 37 37 37 34 34 38 38 38 38 34 34 33 33 39 39 34 34 36 36 40 40 35 35 34 34 39 39 41 41 34 34 34 34 41 41 40 40 42 42 43 43 44 44 45 45 43 43 46 46 46 46 43 43 47 47 47 47 43 43 42 42 48 48 43 43 45 45 49 49 44 44 43 43 48 48 50 50 43 43 43 43 50 50 49 49 51 51 52 52 53 53 54 54 52 52 55 55 56 56 52 52 54 54 53 53 52 52 56 56 55 55 52 52 57 57 52 52 51 51 58 58 52 52 59 59 57 57 58 58 59 59 52 52 60 60 61 61 62 62 60 60 62 62 63 63 64 64 65 65 66 66 64 64 66 66 67 67 68 68 69 69 67 67 68 68 67 67 61 61 67 67 66 66 70 70 67 67 70 70 71 71 65 65 72 72 60 73 65 65 60 73 66 66 66 66 60 73 63 74 66 66 63 74 70 70 61 61 67 67 71 71 61 61 71 71 62 62 72 75 68 68 61 61 72 75 61 61 60 60 63 76 62 77 71 78 63 76 71 78 70 70 79 79 80 80 81 81 82 82 79 79 81 81 83 83 84 84 85 85 83 83 85 85 86 86 87 87 88 88 89 89 87 87 89 89 90 90 91 91 92 92 93 93 91 91 93 93 94 94 95 95 93 93 92 92 95 95 92 92 96 96 96 96 97 97 98 98 96 96 98 98 95 95 99 99 98 98 97 97 99 99 97 97 100 100 101 101 81 81 80 80 101 101 80 80 102 102 103 103 101 101 102 102 103 103 102 102 104 104 105 105 106 106 82 82 107 107 103 103 104 104 107 107 104 104 108 108 82 82 106 106 79 79 109 109 107 107 108 108 109 109 108 108 110 110 105 105 111 111 112 112 105 105 112 112 113 113 114 114 109 109 110 110 114 114 110 110 115 115 111 111 116 116 117 117 111 111 117 117 112 112 118 118 114 114 115 115 118 118 115 115 119 119 116 116 120 120 121 121 116 116 121 121 117 117 122 122 118 118 119 119 122 122 119 119 123 123 120 120 124 124 125 125 120 120 125 125 121 121 126 126 122 122 123 123 126 126 123 123 127 127 124 124 128 128 129 129 124 124 129 129 125 125 130 130 126 126 127 127 130 130 127 127 131 131 128 128 132 132 133 133 128 128 133 133 129 129 132 132 130 130 131 131 132 132 131 131 133 133 134 134 88 88 87 87 134 134 87 87 135 135 136 136 134 134 135 135 136 136 135 135 137 137 113 113 106 106 105 105 138 138 136 136 137 137 138 138 137 137 139 139 83 83 140 140 141 141 83 83 141 141 84 84 142 142 138 138 139 139 142 142 139 139 143 143 140 140 144 144 145 145 140 140 145 145 141 141 146 146 142 142 143 143 146 146 143 143 147 147 144 144 148 148 149 149 144 144 149 149 145 145 150 150 146 146 147 147 150 150 147 147 151 151 148 148 152 152 153 153 148 148 153 153 149 149 154 154 150 155 151 156 154 154 151 156 157 157 152 152 158 158 159 159 152 152 159 159 153 153 160 160 154 154 157 157 160 160 157 157 161 161 158 158 162 162 163 163 158 158 163 163 159 159 164 164 160 160 161 161 164 164 161 161 165 165 162 162 166 166 167 167 162 162 167 167 163 163 166 166 164 164 165 165 166 166 165 165 167 167 168 168 169 169 170 170 168 168 170 170 171 171 169 169 172 172 173 173 169 169 173 173 170 170 172 172 174 174 175 175 172 172 175 175 173 173 174 174 176 176 177 177 174 174 177 177 175 175 176 176 178 178 179 179 176 176 179 179 177 177 178 178 180 180 181 181 178 178 181 181 179 179 180 180 182 182 183 183 180 180 183 183 181 181 182 182 184 184 185 185 182 182 185 185 183 183 184 184 186 186 187 187 184 184 187 187 185 185 186 186 188 188 189 189 186 186 189 189 187 187 188 188 190 190 191 191 188 188 191 191 189 189 190 190 192 192 193 193 190 190 193 193 191 191 192 192 194 194 195 195 192 192 195 195 193 193 194 194 196 196 197 197 194 194 197 197 195 195 196 196 198 198 199 199 196 196 199 199 197 197 198 198 200 200 201 201 198 198 201 201 199 199 200 200 202 202 203 203 200 200 203 203 201 201 202 202 168 168 171 171 202 202 171 171 203 203 204 204 99 99 100 100 204 204 100 100 205 205 205 205 206 206 207 207 205 205 207 207 208 208 205 205 208 208 204 204 209 209 207 207 206 206 209 209 206 206 210 210 210 210 211 211 212 212 210 210 212 212 209 209</p>
                </triangles>
            </mesh>
        </geometry>
        <geometry id="spe03_kart_root.polymsh_detached30_1" name="spe03_kart_root.polymsh_detached30">
            <mesh>
                <source id="spe03_kart_root.polymsh_detached30_1-positions" name="spe03_kart_root.polymsh_detached30_1-positions">
                    <float_array id="spe03_kart_root.polymsh_detached30_1-positions-array" count="54"> 1.074 9.17924595 -9.03208447 1.074 8.80501175 -9.03208447 0.946323991 8.4533453 -9.03208447 0.946323991 9.5309124 -9.03208447 0.706372023 8.16666508 -9.03208447 0.706372023 9.81759262 -9.03208447 0.383085012 7.97954798 -9.03208447 0.383085012 10.0047102 -9.03208447 0 7.91456223 -9.03208447 0 10.0696955 -9.03208447 -0.383085012 7.97954798 -9.03208447 -0.383085012 10.0047102 -9.03208447 -0.706372023 9.81759262 -9.03208447 -0.706372023 8.16666508 -9.03208447 -0.946323991 9.5309124 -9.03208447 -0.946323991 8.4533453 -9.03208447 -1.074 9.17924595 -9.03208447 -1.074 8.80501175 -9.03208447 </float_array>
                    <technique_common>
                        <accessor count="18" offset="0" source="#spe03_kart_root.polymsh_detached30_1-positions-array" stride="3">
                            <param name="X" type="float"/>
                            <param name="Y" type="float"/>
                            <param name="Z" type="float"/>
                        </accessor>
                    </technique_common>
                </source>
                <source id="spe03_kart_root.polymsh_detached30_1-normals" name="spe03_kart_root.polymsh_detached30_1-normals">
                    <float_array id="spe03_kart_root.polymsh_detached30_1-normals-array" count="54"> 0 0 -1 0 0 -1 0 0 -1 0 0 -1 0 0 -1 0 0 -1 0 0 -1 0 0 -1 0 0 -1 0 0 -1 0 0 -1 0 0 -1 0 0 -1 0 0 -1 0 0 -1 0 0 -1 0 0 -1 0 0 -1 </float_array>
                    <technique_common>
                        <accessor count="18" offset="0" source="#spe03_kart_root.polymsh_detached30_1-normals-array" stride="3">
                            <param name="X" type="float"/>
                            <param name="Y" type="float"/>
                            <param name="Z" type="float"/>
                        </accessor>
                    </technique_common>
                </source>
                <source id="spe03_kart_root.polymsh_detached30_1-tex0" name="spe03_kart_root.polymsh_detached30_1-tex0">
                    <float_array id="spe03_kart_root.polymsh_detached30_1-tex0-array" count="36"> 0.00165500003 0.586824 0.00165500003 0.413176 0.0608979985 0.25 0.0608979985 0.75 0.172236994 0.116977997 0.172236994 0.88302201 0.322245002 0.0301539991 0.322245002 0.96984601 0.5 0 0.5 1 0.677754998 0.0301539991 0.677754998 0.96984601 0.827763021 0.88302201 0.827763021 0.116977997 0.939101994 0.75 0.939101994 0.25 0.998345017 0.586824 0.998345017 0.413176 </float_array>
                    <technique_common>
                        <accessor count="18" offset="0" source="#spe03_kart_root.polymsh_detached30_1-tex0-array" stride="2">
                            <param name="S" type="float"/>
                            <param name="T" type="float"/>
                        </accessor>
                    </technique_common>
                </source>
                <source id="spe03_kart_root.polymsh_detached30_1-tex1" name="spe03_kart_root.polymsh_detached30_1-tex1">
                    <float_array id="spe03_kart_root.polymsh_detached30_1-tex1-array" count="36"> 0.00165500003 0.586824 0.00165500003 0.413176 0.0608979985 0.25 0.0608979985 0.75 0.172236994 0.116977997 0.172236994 0.88302201 0.322245002 0.0301539991 0.322245002 0.96984601 0.5 0 0.5 1 0.677754998 0.0301539991 0.677754998 0.96984601 0.827763021 0.88302201 0.827763021 0.116977997 0.939101994 0.75 0.939101994 0.25 0.998345017 0.586824 0.998345017 0.413176 </float_array>
                    <technique_common>
                        <accessor count="18" offset="0" source="#spe03_kart_root.polymsh_detached30_1-tex1-array" stride="2">
                            <param name="S" type="float"/>
                            <param name="T" type="float"/>
                        </accessor>
                    </technique_common>
                </source>
                <source id="spe03_kart_root.polymsh_detached30_1-tex2" name="spe03_kart_root.polymsh_detached30_1-tex2">
                    <float_array id="spe03_kart_root.polymsh_detached30_1-tex2-array" count="36"> 0.00165500003 0.586824 0.00165500003 0.413176 0.0608979985 0.25 0.0608979985 0.75 0.172236994 0.116977997 0.172236994 0.88302201 0.322245002 0.0301539991 0.322245002 0.96984601 0.5 0 0.5 1 0.677754998 0.0301539991 0.677754998 0.96984601 0.827763021 0.88302201 0.827763021 0.116977997 0.939101994 0.75 0.939101994 0.25 0.998345017 0.586824 0.998345017 0.413176 </float_array>
                    <technique_common>
                        <accessor count="18" offset="0" source="#spe03_kart_root.polymsh_detached30_1-tex2-array" stride="2">
                            <param name="S" type="float"/>
                            <param name="T" type="float"/>
                        </accessor>
                    </technique_common>
                </source>
                <source id="spe03_kart_root.polymsh_detached30_1-color0" name="spe03_kart_root.polymsh_detached30_1-color0">
                    <float_array id="spe03_kart_root.polymsh_detached30_1-color0-array" count="54"> 1 1 1 1 1 1 1 1 1 1 1 1 1 1 1 1 1 1 1 1 1 1 1 1 1 1 1 1 1 1 1 1 1 1 1 1 1 1 1 1 1 1 1 1 1 1 1 1 1 1 1 1 1 1 </float_array>
                    <technique_common>
                        <accessor count="18" offset="0" source="#spe03_kart_root.polymsh_detached30_1-color0-array" stride="3">
                            <param name="R" type="float"/>
                            <param name="G" type="float"/>
                            <param name="B" type="float"/>
                        </accessor>
                    </technique_common>
                </source>
                <vertices id="spe03_kart_root.polymsh_detached30_1-vertices">
                    <input semantic="POSITION" source="#spe03_kart_root.polymsh_detached30_1-positions"/>
                </vertices>
                <triangles count="16" material="defaultMaterial">
                    <input offset="0" semantic="VERTEX" source="#spe03_kart_root.polymsh_detached30_1-vertices"/>
                    <input offset="0" semantic="NORMAL" source="#spe03_kart_root.polymsh_detached30_1-normals"/>
                    <input offset="1" semantic="TEXCOORD" source="#spe03_kart_root.polymsh_detached30_1-tex0" set="0"/>
                    <input offset="1" semantic="TEXCOORD" source="#spe03_kart_root.polymsh_detached30_1-tex1" set="1"/>
                    <input offset="1" semantic="TEXCOORD" source="#spe03_kart_root.polymsh_detached30_1-tex2" set="2"/>
                    <input offset="0" semantic="COLOR" source="#spe03_kart_root.polymsh_detached30_1-color0" set="0"/>
                    <p>0 0 1 1 2 2 0 0 2 2 3 3 3 3 2 2 4 4 3 3 4 4 5 5 5 5 4 4 6 6 5 5 6 6 7 7 8 8 9 9 7 7 8 8 7 7 6 6 8 8 10 10 11 11 8 8 11 11 9 9 12 12 11 11 10 10 12 12 10 10 13 13 14 14 12 12 13 13 14 14 13 13 15 15 16 16 14 14 15 15 16 16 15 15 17 17</p>
                </triangles>
            </mesh>
        </geometry>
        <geometry id="spe03_kart_root.polymsh_detached22_1" name="spe03_kart_root.polymsh_detached22">
            <mesh>
                <source id="spe03_kart_root.polymsh_detached22_1-positions" name="spe03_kart_root.polymsh_detached22_1-positions">
                    <float_array id="spe03_kart_root.polymsh_detached22_1-positions-array" count="342"> 3.92091608 6.54594183 -1.87346804 4.03391886 6.54594183 -1.98262703 3.71636605 7.76486397 -2.18972111 3.59571004 7.76486397 -2.09201097 3.82793593 6.43974781 1.90026796 3.70932508 6.54594183 1.78825104 -3.70984006 6.54594183 1.78825104 -3.831249 6.43974781 1.90026796 -3.82565403 5.83462811 1.90026796 3.82793593 5.83462811 1.90026796 -0.970317006 10.7002277 -3.4921999 0.969802022 10.7002277 -3.4921999 1.93241096 10.2137852 -3.40764093 -1.93292701 10.2137852 -3.40764093 -2.742625 9.55629063 -3.30044603 2.74211001 9.55629063 -3.30044603 -3.40107298 8.65420723 -3.153512 3.4005549 8.65420723 -3.153512 4.03391886 5.83462811 -2.63133407 -4.03443384 5.83462811 -2.63133407 -3.92143106 6.54594183 -1.87346804 -3.92111707 6.54594183 1.58008099 3.92060089 6.54594183 1.58008099 3.92091608 6.54594183 -1.87346804 0.978034019 10.8937225 -2.61256599 -0.000257999985 11.0056934 -2.63418794 -0.978550017 10.8937225 -2.61256599 1.93241096 10.2137852 -3.40764093 0.969802022 10.7002277 -3.4921999 1.02256405 10.9002304 -3.41311693 2.04643202 10.4006958 -3.32343411 2.88067508 9.82698345 -2.516155 2.03476501 10.5069561 -2.62616301 1.96260703 10.4048405 -2.52744293 2.78394699 9.74019337 -2.41883612 3.88019896 7.76806593 -2.52872109 4.03391886 6.43974781 1.69787395 4.03391886 6.43974781 -1.85071504 3.92091608 6.54594183 -1.87346804 3.92060089 6.54594183 1.58008099 -1.96312201 10.4048405 -2.52744293 1.96260703 10.4048405 -2.52744293 3.43339705 8.87759781 -2.354527 3.31083798 8.84450817 -2.26810598 -0.000257999985 11.0162086 -3.43465805 -0.000257999985 11.2460136 -3.13443398 1.06481099 11.130558 -3.11220908 1.016222 11.0090342 -2.71573997 -0.000257999985 11.1247101 -2.73868489 0.978034019 10.8937225 -2.61256599 3.54347396 8.75132084 -3.01923299 2.86957693 9.69830799 -3.19120407 2.99709392 9.91753292 -2.8681221 3.60824108 8.90532589 -2.71499705 2.13132095 10.6291847 -3.02492905 -0.000257999985 10.8109055 -3.51355505 4.03391886 5.83462811 -1.71600497 4.03391886 5.83462811 1.69787395 3.92091608 6.54594183 -1.87346804 4.03391886 6.43974781 -1.85071504 4.03391886 6.54594183 -1.98262703 -0.000257999985 10.8109055 -3.51355505 4.03391886 5.83462811 -2.63133407 2.78394699 9.74019337 -2.41883612 -2.78446293 9.74019337 -2.41883612 3.4005549 8.65420723 -3.153512 2.74211001 9.55629063 -3.30044603 -3.31141591 8.84450817 -2.26810598 3.31083798 8.84450817 -2.26810598 3.59571004 7.76486397 -2.09201097 -3.59622598 7.76486397 -2.09201097 4.03391886 6.43974781 -1.85071504 4.03391886 5.83462811 -1.71600497 4.03391886 6.43974781 1.69787395 4.03391886 5.83462811 1.69787395 -3.92143106 6.54594183 -1.87346804 -3.59622598 7.76486397 -2.09201097 -3.71688199 7.76486397 -2.18972111 -4.03443384 6.54594183 -1.98262703 -1.93292701 10.2137852 -3.40764093 -2.046947 10.4006958 -3.32343411 -1.02307999 10.9002304 -3.41311693 -0.970317006 10.7002277 -3.4921999 -2.88119102 9.82698345 -2.516155 -2.78446293 9.74019337 -2.41883612 -1.96312201 10.4048405 -2.52744293 -2.03528094 10.5069561 -2.62616301 -3.88071489 7.76806593 -2.52872109 -4.03443384 6.43974781 1.69787395 -3.92111707 6.54594183 1.58008099 -3.92143106 6.54594183 -1.87346804 -4.03443384 6.43974781 -1.85071504 -3.43391204 8.87759781 -2.354527 -3.31141591 8.84450817 -2.26810598 -1.06532705 11.130558 -3.11220908 -1.01673698 11.0090342 -2.71573997 -0.978550017 10.8937225 -2.61256599 -3.54398894 8.75132084 -3.01923299 -3.60875607 8.90532589 -2.71499705 -2.9976089 9.91753292 -2.8681221 -2.87009311 9.69830799 -3.19120407 -2.13183594 10.6291847 -3.02492905 -4.03443384 5.83462811 -1.71600497 -4.03443384 5.83462811 1.69787395 -4.03443384 6.54594183 -1.98262703 -4.03443384 6.43974781 -1.85071504 -3.92143106 6.54594183 -1.87346804 -4.03443384 5.83462811 -2.63133407 -2.742625 9.55629063 -3.30044603 -3.40107298 8.65420723 -3.153512 -4.03443384 5.83462811 -1.71600497 -4.03443384 6.43974781 -1.85071504 -4.03443384 6.43974781 1.69787395 -4.03443384 5.83462811 1.69787395 </float_array>
                    <technique_common>
                        <accessor count="114" offset="0" source="#spe03_kart_root.polymsh_detached22_1-positions-array" stride="3">
                            <param name="X" type="float"/>
                            <param name="Y" type="float"/>
                            <param name="Z" type="float"/>
                        </accessor>
                    </technique_common>
                </source>
                <source id="spe03_kart_root.polymsh_detached22_1-normals" name="spe03_kart_root.polymsh_detached22_1-normals">
                    <float_array id="spe03_kart_root.polymsh_detached22_1-normals-array" count="342"> 0.451009989 0.703427017 0.54934603 0.888402998 0.296698987 0.350299001 0.744940996 0.28984499 0.600876987 0.315465987 0.237163007 0.918823004 0.320804 0.463131011 0.826192975 0.136251003 0.913406014 0.383569002 -0.136124998 0.913874984 0.382495999 -0.321022987 0.463073999 0.826138973 -0.378618985 -0.00175099995 0.925550997 0.378619999 0 0.925552011 -0.0747599974 0.0750129968 -0.994376004 0.0747599974 0.0750129968 -0.994376004 0.151059002 0.0594890006 -0.986733019 -0.151059002 0.0594890006 -0.986733019 -0.231741995 0.0483010001 -0.971576989 0.231740996 0.0483000018 -0.971578002 -0.323466003 -0.0238129999 -0.945940018 0.323464006 -0.0238140002 -0.945940971 0.851767004 0.00803400017 -0.523859024 -0.851768017 0.00803400017 -0.523858011 -0.451009989 0.703427017 0.54934603 -0.284776002 0.953041971 0.103021003 0.284942001 0.952903986 0.103834003 0.451009989 0.703427017 0.54934603 0.0744069964 0.419178993 0.904850006 0 0.51751399 0.855674982 -0.0744069964 0.419178993 0.904850006 0.151059002 0.0594890006 -0.986733019 0.0747599974 0.0750129968 -0.994376004 0.201648995 0.556668997 -0.80588901 0.398512006 0.47052601 -0.78727001 0.544472992 0.571914971 0.613565028 0.386963993 0.711062014 0.587069988 0.142900005 0.378120005 0.91466099 0.200824007 0.325608999 0.923931003 0.973375976 0.207728997 0.0968869999 0.82218802 0.465647012 0.327381998 0.906123996 0.394847989 0.151770994 0.451009989 0.703427017 0.54934603 0.284942001 0.952903986 0.103834003 -0.142900005 0.378120005 0.91466099 0.142900005 0.378120005 0.91466099 0.682390988 0.378773004 0.62519902 0.263630003 0.259297997 0.929120004 0 0.595305979 -0.803498983 0 0.984233975 -0.176870003 0.278230011 0.945456982 -0.169410005 0.201784998 0.801571012 0.562820971 0 0.837309003 0.546729982 0.0744069964 0.419178993 0.904850006 0.748057008 0.205479994 -0.631021976 0.573292017 0.384557992 -0.723499 0.75960499 0.643884003 -0.0917259976 0.927203 0.374242008 -0.015443 0.545547009 0.825186014 -0.146445006 0 0.180282995 -0.983614981 1 0 0 0.922188997 0 0.386738986 0.451009989 0.703427017 0.54934603 0.906123996 0.394847989 0.151770994 0.888402998 0.296698987 0.350299001 0 0.180282995 -0.983614981 0.851767004 0.00803400017 -0.523859024 0.200824007 0.325608999 0.923931003 -0.200840995 0.325621992 0.923923016 0.323464006 -0.0238140002 -0.945940971 0.231740996 0.0483000018 -0.971578002 -0.263675004 0.259312987 0.929103017 0.263630003 0.259297997 0.929120004 0.315465987 0.237163007 0.918823004 -0.315492988 0.237164006 0.91881299 0.906123996 0.394847989 0.151770994 1 0 0 0.82218802 0.465647012 0.327381998 0.922188997 0 0.386738986 -0.451009989 0.703427017 0.54934603 -0.315492988 0.237164006 0.91881299 -0.744958997 0.28984201 0.600854993 -0.888402998 0.296698987 0.350299001 -0.151059002 0.0594890006 -0.986733019 -0.398512006 0.47052601 -0.78727001 -0.201648995 0.556668997 -0.80588901 -0.0747599974 0.0750129968 -0.994376004 -0.544485986 0.571922004 0.613547027 -0.200840995 0.325621992 0.923923016 -0.142900005 0.378120005 0.91466099 -0.386963993 0.711062014 0.587069988 -0.973375976 0.207728997 0.0968869999 -0.82258898 0.465413004 0.326707006 -0.284776002 0.953041971 0.103021003 -0.451009989 0.703427017 0.54934603 -0.906123996 0.394847989 0.151770994 -0.682422996 0.378778011 0.625159979 -0.263675004 0.259312987 0.929103017 -0.278230011 0.945456982 -0.169410005 -0.201784998 0.801571012 0.562820971 -0.0744069964 0.419178993 0.904850006 -0.748058021 0.205480993 -0.63102001 -0.927203 0.374242008 -0.015443 -0.75960499 0.643884003 -0.0917259976 -0.573292971 0.384559005 -0.723497987 -0.545547009 0.825186014 -0.146445006 -1 0 0 -0.922187984 -0.00175699999 0.386738002 -0.888402998 0.296698987 0.350299001 -0.906123996 0.394847989 0.151770994 -0.451009989 0.703427017 0.54934603 -0.851768017 0.00803400017 -0.523858011 -0.231741995 0.0483010001 -0.971576989 -0.323466003 -0.0238129999 -0.945940018 -1 0 0 -0.906123996 0.394847989 0.151770994 -0.82258898 0.465413004 0.326707006 -0.922187984 -0.00175699999 0.386738002 </float_array>
                    <technique_common>
                        <accessor count="114" offset="0" source="#spe03_kart_root.polymsh_detached22_1-normals-array" stride="3">
                            <param name="X" type="float"/>
                            <param name="Y" type="float"/>
                            <param name="Z" type="float"/>
                        </accessor>
                    </technique_common>
                </source>
                <source id="spe03_kart_root.polymsh_detached22_1-tex0" name="spe03_kart_root.polymsh_detached22_1-tex0">
                    <float_array id="spe03_kart_root.polymsh_detached22_1-tex0-array" count="228"> 0.56013602 0.959329009 0.561828017 0.963356018 0.520631015 0.963356018 0.520631015 0.954649985 0.424475998 0.747740984 0.42148 0.750513971 0.240626007 0.750513971 0.237624004 0.747740984 0.237624004 0.73189801 0.424513012 0.73189801 0.307204992 0.951565027 0.354900002 0.951565027 0.379527003 0.939422011 0.282579005 0.939422011 0.261738986 0.921561003 0.400366008 0.921561003 0.247656003 0.899526 0.412795991 0.899526 0.426638007 0.839899004 0.235468 0.839899004 0.235468 0.839899004 0.235476002 0.754832029 0.42662999 0.754832029 0.426638007 0.839899004 0.354900002 0.951565027 0.331052989 0.954649985 0.307204992 0.951565027 0.403966993 0.999634981 0.369520992 0.999634981 0.369520992 0.990545988 0.403966993 0.990545988 0.437215 0.963356018 0.403966993 0.963356018 0.403966993 0.954649985 0.437215 0.954649985 0.520631015 0.977245986 0.706861019 0.990045011 0.60908401 0.990045011 0.60908401 0.999634981 0.706861019 0.999643028 0.282579005 0.939422011 0.379527003 0.939422011 0.477001995 0.963356018 0.477001995 0.954649985 0.331052989 0.990545988 0.331052989 0.977245986 0.369520992 0.977245986 0.369520992 0.963356018 0.331052989 0.963356018 0.369520992 0.954649985 0.477001995 0.990545988 0.437215 0.990545988 0.437215 0.977245986 0.477001995 0.977245986 0.403966993 0.977245986 0.331052989 0.954649985 0.60908401 0.959329009 0.706861019 0.959329009 0.56013602 0.954649985 0.56615901 0.954649985 0.561828017 0.964017987 0.331052989 0.999634981 0.583302021 0.999634981 0.400366008 0.921561003 0.261738986 0.921561003 0.477001995 0.999634981 0.437215 0.999634981 0.247656003 0.899526 0.412795991 0.899526 0.419829011 0.871074021 0.240624994 0.871074021 0.56615901 0.959329009 0.583302021 0.954649985 0.430523992 0.747690976 0.430523992 0.73189801 0.101969004 0.959329009 0.141475007 0.954649985 0.141475007 0.963356018 0.100277998 0.963356018 0.258139014 0.999634981 0.258139014 0.990545988 0.292584002 0.990545988 0.292584002 0.999634981 0.224891007 0.963356018 0.224891007 0.954649985 0.258139014 0.954649985 0.258139014 0.963356018 0.141475007 0.977245986 0.68107897 0.990045011 0.68107897 0.999643028 0.583302021 0.999634981 0.583302021 0.990045011 0.185103998 0.963356018 0.185103998 0.954649985 0.292584002 0.977245986 0.292584002 0.963356018 0.292584002 0.954649985 0.185103998 0.990545988 0.185103998 0.977245986 0.224891007 0.977245986 0.224891007 0.990545988 0.258139014 0.977245986 0.583302021 0.959329009 0.68107897 0.959329009 0.100277998 0.964017987 0.095945999 0.954649985 0.101969004 0.954649985 0.0788040012 0.999634981 0.224891007 0.999634981 0.185103998 0.999634981 0.0788040012 0.954649985 0.095945999 0.959329009 0.231582001 0.747690976 0.231582001 0.73189801 </float_array>
                    <technique_common>
                        <accessor count="114" offset="0" source="#spe03_kart_root.polymsh_detached22_1-tex0-array" stride="2">
                            <param name="S" type="float"/>
                            <param name="T" type="float"/>
                        </accessor>
                    </technique_common>
                </source>
                <source id="spe03_kart_root.polymsh_detached22_1-tex1" name="spe03_kart_root.polymsh_detached22_1-tex1">
                    <float_array id="spe03_kart_root.polymsh_detached22_1-tex1-array" count="228"> 0.56013602 0.959329009 0.561828017 0.963356018 0.520631015 0.963356018 0.520631015 0.954649985 0.424475998 0.747740984 0.42148 0.750513971 0.240626007 0.750513971 0.237624004 0.747740984 0.237624004 0.73189801 0.424513012 0.73189801 0.307204992 0.951565027 0.354900002 0.951565027 0.379527003 0.939422011 0.282579005 0.939422011 0.261738986 0.921561003 0.400366008 0.921561003 0.247656003 0.899526 0.412795991 0.899526 0.426638007 0.839899004 0.235468 0.839899004 0.235468 0.839899004 0.235476002 0.754832029 0.42662999 0.754832029 0.426638007 0.839899004 0.354900002 0.951565027 0.331052989 0.954649985 0.307204992 0.951565027 0.403966993 0.999634981 0.369520992 0.999634981 0.369520992 0.990545988 0.403966993 0.990545988 0.437215 0.963356018 0.403966993 0.963356018 0.403966993 0.954649985 0.437215 0.954649985 0.520631015 0.977245986 0.706861019 0.990045011 0.60908401 0.990045011 0.60908401 0.999634981 0.706861019 0.999643028 0.282579005 0.939422011 0.379527003 0.939422011 0.477001995 0.963356018 0.477001995 0.954649985 0.331052989 0.990545988 0.331052989 0.977245986 0.369520992 0.977245986 0.369520992 0.963356018 0.331052989 0.963356018 0.369520992 0.954649985 0.477001995 0.990545988 0.437215 0.990545988 0.437215 0.977245986 0.477001995 0.977245986 0.403966993 0.977245986 0.331052989 0.954649985 0.60908401 0.959329009 0.706861019 0.959329009 0.56013602 0.954649985 0.56615901 0.954649985 0.561828017 0.964017987 0.331052989 0.999634981 0.583302021 0.999634981 0.400366008 0.921561003 0.261738986 0.921561003 0.477001995 0.999634981 0.437215 0.999634981 0.247656003 0.899526 0.412795991 0.899526 0.419829011 0.871074021 0.240624994 0.871074021 0.56615901 0.959329009 0.583302021 0.954649985 0.430523992 0.747690976 0.430523992 0.73189801 0.101969004 0.959329009 0.141475007 0.954649985 0.141475007 0.963356018 0.100277998 0.963356018 0.258139014 0.999634981 0.258139014 0.990545988 0.292584002 0.990545988 0.292584002 0.999634981 0.224891007 0.963356018 0.224891007 0.954649985 0.258139014 0.954649985 0.258139014 0.963356018 0.141475007 0.977245986 0.68107897 0.990045011 0.68107897 0.999643028 0.583302021 0.999634981 0.583302021 0.990045011 0.185103998 0.963356018 0.185103998 0.954649985 0.292584002 0.977245986 0.292584002 0.963356018 0.292584002 0.954649985 0.185103998 0.990545988 0.185103998 0.977245986 0.224891007 0.977245986 0.224891007 0.990545988 0.258139014 0.977245986 0.583302021 0.959329009 0.68107897 0.959329009 0.100277998 0.964017987 0.095945999 0.954649985 0.101969004 0.954649985 0.0788040012 0.999634981 0.224891007 0.999634981 0.185103998 0.999634981 0.0788040012 0.954649985 0.095945999 0.959329009 0.231582001 0.747690976 0.231582001 0.73189801 </float_array>
                    <technique_common>
                        <accessor count="114" offset="0" source="#spe03_kart_root.polymsh_detached22_1-tex1-array" stride="2">
                            <param name="S" type="float"/>
                            <param name="T" type="float"/>
                        </accessor>
                    </technique_common>
                </source>
                <source id="spe03_kart_root.polymsh_detached22_1-tex2" name="spe03_kart_root.polymsh_detached22_1-tex2">
                    <float_array id="spe03_kart_root.polymsh_detached22_1-tex2-array" count="228"> 0.56013602 0.959329009 0.561828017 0.963356018 0.520631015 0.963356018 0.520631015 0.954649985 0.424475998 0.747740984 0.42148 0.750513971 0.240626007 0.750513971 0.237624004 0.747740984 0.237624004 0.73189801 0.424513012 0.73189801 0.307204992 0.951565027 0.354900002 0.951565027 0.379527003 0.939422011 0.282579005 0.939422011 0.261738986 0.921561003 0.400366008 0.921561003 0.247656003 0.899526 0.412795991 0.899526 0.426638007 0.839899004 0.235468 0.839899004 0.235468 0.839899004 0.235476002 0.754832029 0.42662999 0.754832029 0.426638007 0.839899004 0.354900002 0.951565027 0.331052989 0.954649985 0.307204992 0.951565027 0.403966993 0.999634981 0.369520992 0.999634981 0.369520992 0.990545988 0.403966993 0.990545988 0.437215 0.963356018 0.403966993 0.963356018 0.403966993 0.954649985 0.437215 0.954649985 0.520631015 0.977245986 0.706861019 0.990045011 0.60908401 0.990045011 0.60908401 0.999634981 0.706861019 0.999643028 0.282579005 0.939422011 0.379527003 0.939422011 0.477001995 0.963356018 0.477001995 0.954649985 0.331052989 0.990545988 0.331052989 0.977245986 0.369520992 0.977245986 0.369520992 0.963356018 0.331052989 0.963356018 0.369520992 0.954649985 0.477001995 0.990545988 0.437215 0.990545988 0.437215 0.977245986 0.477001995 0.977245986 0.403966993 0.977245986 0.331052989 0.954649985 0.60908401 0.959329009 0.706861019 0.959329009 0.56013602 0.954649985 0.56615901 0.954649985 0.561828017 0.964017987 0.331052989 0.999634981 0.583302021 0.999634981 0.400366008 0.921561003 0.261738986 0.921561003 0.477001995 0.999634981 0.437215 0.999634981 0.247656003 0.899526 0.412795991 0.899526 0.419829011 0.871074021 0.240624994 0.871074021 0.56615901 0.959329009 0.583302021 0.954649985 0.430523992 0.747690976 0.430523992 0.73189801 0.101969004 0.959329009 0.141475007 0.954649985 0.141475007 0.963356018 0.100277998 0.963356018 0.258139014 0.999634981 0.258139014 0.990545988 0.292584002 0.990545988 0.292584002 0.999634981 0.224891007 0.963356018 0.224891007 0.954649985 0.258139014 0.954649985 0.258139014 0.963356018 0.141475007 0.977245986 0.68107897 0.990045011 0.68107897 0.999643028 0.583302021 0.999634981 0.583302021 0.990045011 0.185103998 0.963356018 0.185103998 0.954649985 0.292584002 0.977245986 0.292584002 0.963356018 0.292584002 0.954649985 0.185103998 0.990545988 0.185103998 0.977245986 0.224891007 0.977245986 0.224891007 0.990545988 0.258139014 0.977245986 0.583302021 0.959329009 0.68107897 0.959329009 0.100277998 0.964017987 0.095945999 0.954649985 0.101969004 0.954649985 0.0788040012 0.999634981 0.224891007 0.999634981 0.185103998 0.999634981 0.0788040012 0.954649985 0.095945999 0.959329009 0.231582001 0.747690976 0.231582001 0.73189801 </float_array>
                    <technique_common>
                        <accessor count="114" offset="0" source="#spe03_kart_root.polymsh_detached22_1-tex2-array" stride="2">
                            <param name="S" type="float"/>
                            <param name="T" type="float"/>
                        </accessor>
                    </technique_common>
                </source>
                <source id="spe03_kart_root.polymsh_detached22_1-color0" name="spe03_kart_root.polymsh_detached22_1-color0">
                    <float_array id="spe03_kart_root.polymsh_detached22_1-color0-array" count="342"> 1 1 1 1 1 1 1 1 1 1 1 1 1 1 1 1 1 1 1 1 1 1 1 1 1 1 1 1 1 1 1 1 1 1 1 1 1 1 1 1 1 1 1 1 1 1 1 1 1 1 1 1 1 1 1 1 1 1 1 1 1 1 1 1 1 1 1 1 1 1 1 1 1 1 1 1 1 1 1 1 1 1 1 1 1 1 1 1 1 1 1 1 1 1 1 1 1 1 1 1 1 1 1 1 1 1 1 1 1 1 1 1 1 1 1 1 1 1 1 1 1 1 1 1 1 1 1 1 1 1 1 1 1 1 1 1 1 1 1 1 1 1 1 1 1 1 1 1 1 1 1 1 1 1 1 1 1 1 1 1 1 1 1 1 1 1 1 1 1 1 1 1 1 1 1 1 1 1 1 1 1 1 1 1 1 1 1 1 1 1 1 1 1 1 1 1 1 1 1 1 1 1 1 1 1 1 1 1 1 1 1 1 1 1 1 1 1 1 1 1 1 1 1 1 1 1 1 1 1 1 1 1 1 1 1 1 1 1 1 1 1 1 1 1 1 1 1 1 1 1 1 1 1 1 1 1 1 1 1 1 1 1 1 1 1 1 1 1 1 1 1 1 1 1 1 1 1 1 1 1 1 1 1 1 1 1 1 1 1 1 1 1 1 1 1 1 1 1 1 1 1 1 1 1 1 1 1 1 1 1 1 1 1 1 1 1 1 1 1 1 1 1 1 1 1 1 1 1 1 1 1 1 1 1 1 1 1 1 1 1 1 1 </float_array>
                    <technique_common>
                        <accessor count="114" offset="0" source="#spe03_kart_root.polymsh_detached22_1-color0-array" stride="3">
                            <param name="R" type="float"/>
                            <param name="G" type="float"/>
                            <param name="B" type="float"/>
                        </accessor>
                    </technique_common>
                </source>
                <vertices id="spe03_kart_root.polymsh_detached22_1-vertices">
                    <input semantic="POSITION" source="#spe03_kart_root.polymsh_detached22_1-positions"/>
                </vertices>
                <triangles count="136" material="defaultMaterial">
                    <input offset="0" semantic="VERTEX" source="#spe03_kart_root.polymsh_detached22_1-vertices"/>
                    <input offset="0" semantic="NORMAL" source="#spe03_kart_root.polymsh_detached22_1-normals"/>
                    <input offset="1" semantic="TEXCOORD" source="#spe03_kart_root.polymsh_detached22_1-tex0" set="0"/>
                    <input offset="1" semantic="TEXCOORD" source="#spe03_kart_root.polymsh_detached22_1-tex1" set="1"/>
                    <input offset="1" semantic="TEXCOORD" source="#spe03_kart_root.polymsh_detached22_1-tex2" set="2"/>
                    <input offset="0" semantic="COLOR" source="#spe03_kart_root.polymsh_detached22_1-color0" set="0"/>
                    <p>0 0 1 1 2 2 0 0 2 2 3 3 4 4 5 5 6 6 4 4 6 6 7 7 8 8 9 9 4 4 8 8 4 4 7 7 10 10 11 11 12 12 10 10 12 12 13 13 14 14 13 13 12 12 14 14 12 12 15 15 16 16 17 17 18 18 16 16 18 18 19 19 20 20 21 21 22 22 20 20 22 22 23 23 24 24 25 25 26 26 12 27 11 28 29 29 12 27 29 29 30 30 31 31 32 32 33 33 31 31 33 33 34 34 1 1 35 35 2 2 36 36 37 37 23 38 36 36 23 38 22 39 15 15 17 17 16 16 15 15 16 16 14 14 40 40 33 41 24 24 40 40 24 24 26 26 42 42 31 31 34 34 42 42 34 34 43 43 44 44 45 45 46 46 44 44 46 46 29 29 47 47 48 48 25 25 47 47 25 25 24 49 50 50 51 51 52 52 50 50 52 52 53 53 30 30 54 54 52 52 30 30 52 52 51 51 32 32 47 47 24 49 32 32 24 49 33 33 10 10 55 55 11 11 56 56 37 37 36 36 56 56 36 36 57 57 23 58 37 59 1 60 44 44 29 29 11 28 44 44 11 28 55 61 18 62 50 50 53 53 18 62 53 53 35 35 32 32 54 54 46 46 32 32 46 46 47 47 35 35 1 1 18 62 34 63 33 41 40 40 34 63 40 40 64 64 54 54 32 32 31 31 54 54 31 31 52 52 30 30 29 29 46 46 30 30 46 46 54 54 50 50 17 65 15 66 50 50 15 66 51 51 42 42 53 53 52 52 42 42 52 52 31 31 18 62 17 65 50 50 48 48 47 47 46 46 48 48 46 46 45 45 64 64 67 67 43 68 64 64 43 68 34 63 23 23 3 69 70 70 23 23 70 70 20 20 1 1 37 71 56 72 1 1 56 72 18 62 30 30 51 51 15 66 30 30 15 66 12 27 42 42 43 43 3 3 42 42 3 3 2 2 53 53 42 42 2 2 53 53 2 2 35 35 43 68 67 67 70 70 43 68 70 70 3 69 36 73 22 22 5 5 36 73 5 5 4 4 57 74 36 73 4 4 57 74 4 4 9 9 20 75 70 76 77 77 20 75 77 77 78 78 13 79 80 80 81 81 13 79 81 81 10 82 83 83 64 84 40 85 83 83 40 85 86 86 77 77 87 87 78 78 88 88 21 89 20 90 88 88 20 90 91 91 92 92 67 93 64 84 92 92 64 84 83 83 44 44 81 81 94 94 44 44 94 94 45 45 95 95 26 96 25 25 95 95 25 25 48 48 97 97 98 98 99 99 97 97 99 99 100 100 80 80 100 100 99 99 80 80 99 99 101 101 86 86 40 85 26 96 86 86 26 96 95 95 102 102 103 103 88 88 102 102 88 88 91 91 78 104 91 105 20 106 44 44 55 61 10 82 44 44 10 82 81 81 19 107 87 87 98 98 19 107 98 98 97 97 86 86 95 95 94 94 86 86 94 94 101 101 19 107 78 78 87 87 101 101 99 99 83 83 101 101 83 83 86 86 80 80 101 101 94 94 80 80 94 94 81 81 97 97 100 100 14 108 97 97 14 108 16 109 92 92 83 83 99 99 92 92 99 99 98 98 97 97 16 109 19 107 48 48 45 45 94 94 48 48 94 94 95 95 78 78 19 107 102 110 78 78 102 110 91 111 80 80 13 79 14 108 80 80 14 108 100 100 92 92 77 77 70 76 92 92 70 76 67 93 98 98 87 87 77 77 98 98 77 77 92 92 88 112 7 7 6 6 88 112 6 6 21 21 103 113 8 8 7 7 103 113 7 7 88 112 6 6 5 5 22 22 6 6 22 22 21 21</p>
                </triangles>
            </mesh>
        </geometry>
        <geometry id="spe03_kart_root.cylinder27_1" name="spe03_kart_root.cylinder27">
            <mesh>
                <source id="spe03_kart_root.cylinder27_1-positions" name="spe03_kart_root.cylinder27_1-positions">
                    <float_array id="spe03_kart_root.cylinder27_1-positions-array" count="48"> -0.121238001 7.9700408 4.90512514 -0.246049002 8.12634945 5.10283995 -0.246049002 9.44484806 3.46178794 -0.121238001 9.24898529 3.37029505 -0.121238001 8.28058624 5.30428314 -0.121238001 9.64071083 3.55328107 0.128382996 7.9700408 4.90512514 -0.121238001 7.9700408 4.90512514 -0.121238001 9.24898529 3.37029505 0.128382996 9.24898529 3.37029505 0.253194004 8.12472916 5.10721302 0.253194004 9.44484806 3.46178794 0.128382996 8.27952099 5.30715609 0.128382996 9.64071083 3.55328107 0.253194004 8.12472916 5.10721302 0.253194004 9.44484806 3.46178794 </float_array>
                    <technique_common>
                        <accessor count="16" offset="0" source="#spe03_kart_root.cylinder27_1-positions-array" stride="3">
                            <param name="X" type="float"/>
                            <param name="Y" type="float"/>
                            <param name="Z" type="float"/>
                        </accessor>
                    </technique_common>
                </source>
                <source id="spe03_kart_root.cylinder27_1-normals" name="spe03_kart_root.cylinder27_1-normals">
                    <float_array id="spe03_kart_root.cylinder27_1-normals-array" count="48"> -0.509701014 -0.662593007 -0.548794985 -0.999988973 0.00271999999 -0.00382800004 -0.999988973 0.00271999999 -0.00382800004 -0.509701014 -0.662593007 -0.548794985 -0.510731995 0.677672982 0.52906698 -0.510731995 0.677672982 0.52906698 0.510300994 -0.662382007 -0.548492014 -0.509701014 -0.662593007 -0.548794985 -0.509701014 -0.662593007 -0.548794985 0.510300994 -0.662382007 -0.548492014 0.999988973 0.00347000011 -0.00328300009 0.999988973 0.00347000011 -0.00328300009 0.508946002 0.678601027 0.529597998 0.508946002 0.678601027 0.529597998 0.999988973 0.00347000011 -0.00328300009 0.999988973 0.00347000011 -0.00328300009 </float_array>
                    <technique_common>
                        <accessor count="16" offset="0" source="#spe03_kart_root.cylinder27_1-normals-array" stride="3">
                            <param name="X" type="float"/>
                            <param name="Y" type="float"/>
                            <param name="Z" type="float"/>
                        </accessor>
                    </technique_common>
                </source>
                <source id="spe03_kart_root.cylinder27_1-tex0" name="spe03_kart_root.cylinder27_1-tex0">
                    <float_array id="spe03_kart_root.cylinder27_1-tex0-array" count="32"> 0.464967012 0.789794981 0.455985993 0.789794981 0.455985993 0.70865202 0.464967012 0.70865202 0.446833014 0.789794981 0.446833014 0.70865202 0.446833014 0.789794981 0.437193006 0.789794981 0.437193006 0.70865202 0.446833014 0.70865202 0.437193006 0.789794981 0.437193006 0.70865202 0.455985993 0.789794981 0.455985993 0.70865202 0.464967012 0.789794981 0.464967012 0.70865202 </float_array>
                    <technique_common>
                        <accessor count="16" offset="0" source="#spe03_kart_root.cylinder27_1-tex0-array" stride="2">
                            <param name="S" type="float"/>
                            <param name="T" type="float"/>
                        </accessor>
                    </technique_common>
                </source>
                <source id="spe03_kart_root.cylinder27_1-tex1" name="spe03_kart_root.cylinder27_1-tex1">
                    <float_array id="spe03_kart_root.cylinder27_1-tex1-array" count="32"> 0.464967012 0.789794981 0.455985993 0.789794981 0.455985993 0.70865202 0.464967012 0.70865202 0.446833014 0.789794981 0.446833014 0.70865202 0.446833014 0.789794981 0.437193006 0.789794981 0.437193006 0.70865202 0.446833014 0.70865202 0.437193006 0.789794981 0.437193006 0.70865202 0.455985993 0.789794981 0.455985993 0.70865202 0.464967012 0.789794981 0.464967012 0.70865202 </float_array>
                    <technique_common>
                        <accessor count="16" offset="0" source="#spe03_kart_root.cylinder27_1-tex1-array" stride="2">
                            <param name="S" type="float"/>
                            <param name="T" type="float"/>
                        </accessor>
                    </technique_common>
                </source>
                <source id="spe03_kart_root.cylinder27_1-tex2" name="spe03_kart_root.cylinder27_1-tex2">
                    <float_array id="spe03_kart_root.cylinder27_1-tex2-array" count="32"> 0.464967012 0.789794981 0.455985993 0.789794981 0.455985993 0.70865202 0.464967012 0.70865202 0.446833014 0.789794981 0.446833014 0.70865202 0.446833014 0.789794981 0.437193006 0.789794981 0.437193006 0.70865202 0.446833014 0.70865202 0.437193006 0.789794981 0.437193006 0.70865202 0.455985993 0.789794981 0.455985993 0.70865202 0.464967012 0.789794981 0.464967012 0.70865202 </float_array>
                    <technique_common>
                        <accessor count="16" offset="0" source="#spe03_kart_root.cylinder27_1-tex2-array" stride="2">
                            <param name="S" type="float"/>
                            <param name="T" type="float"/>
                        </accessor>
                    </technique_common>
                </source>
                <source id="spe03_kart_root.cylinder27_1-color0" name="spe03_kart_root.cylinder27_1-color0">
                    <float_array id="spe03_kart_root.cylinder27_1-color0-array" count="48"> 1 1 1 1 1 1 1 1 1 1 1 1 1 1 1 1 1 1 1 1 1 1 1 1 1 1 1 1 1 1 1 1 1 1 1 1 1 1 1 1 1 1 1 1 1 1 1 1 </float_array>
                    <technique_common>
                        <accessor count="16" offset="0" source="#spe03_kart_root.cylinder27_1-color0-array" stride="3">
                            <param name="R" type="float"/>
                            <param name="G" type="float"/>
                            <param name="B" type="float"/>
                        </accessor>
                    </technique_common>
                </source>
                <vertices id="spe03_kart_root.cylinder27_1-vertices">
                    <input semantic="POSITION" source="#spe03_kart_root.cylinder27_1-positions"/>
                </vertices>
                <triangles count="12" material="defaultMaterial">
                    <input offset="0" semantic="VERTEX" source="#spe03_kart_root.cylinder27_1-vertices"/>
                    <input offset="0" semantic="NORMAL" source="#spe03_kart_root.cylinder27_1-normals"/>
                    <input offset="1" semantic="TEXCOORD" source="#spe03_kart_root.cylinder27_1-tex0" set="0"/>
                    <input offset="1" semantic="TEXCOORD" source="#spe03_kart_root.cylinder27_1-tex1" set="1"/>
                    <input offset="1" semantic="TEXCOORD" source="#spe03_kart_root.cylinder27_1-tex2" set="2"/>
                    <input offset="0" semantic="COLOR" source="#spe03_kart_root.cylinder27_1-color0" set="0"/>
                    <p>0 0 1 1 2 2 0 0 2 2 3 3 1 1 4 4 5 5 1 1 5 5 2 2 6 6 7 7 3 8 6 6 3 8 9 9 10 10 6 6 9 9 10 10 9 9 11 11 4 4 12 12 13 13 4 4 13 13 5 5 12 12 10 14 11 15 12 12 11 15 13 13</p>
                </triangles>
            </mesh>
        </geometry>
        <geometry id="spe03_kart_root.polymsh_detached_1" name="spe03_kart_root.polymsh_detached">
            <mesh>
                <source id="spe03_kart_root.polymsh_detached_1-positions" name="spe03_kart_root.polymsh_detached_1-positions">
                    <float_array id="spe03_kart_root.polymsh_detached_1-positions-array" count="144"> 6.16962099 2.21324992 5.77007389 6.16962099 2.32616806 5.96565199 5.05526686 2.32616806 5.96565199 5.05526686 2.21324992 5.77007389 6.16962099 2.55200195 5.96565199 5.05526686 2.55200195 5.96565199 6.16962099 2.6649189 5.77007389 6.16962099 2.55200195 5.57449484 5.05526686 2.55200195 5.57449484 5.05526686 2.6649189 5.77007389 6.16962099 2.32616806 5.57449484 5.05526686 2.32616806 5.57449484 4.62502813 3.20373511 5.61350012 4.62502813 3.38434196 5.61350012 4.88883781 3.30963397 5.59150219 4.75957298 3.1489861 5.59150219 4.62502813 3.11343193 5.77007389 4.67521715 3.067137 5.77007389 4.62502813 3.4746449 5.77007389 4.62502813 3.38434196 5.92664814 4.88883781 3.30963397 5.94864607 4.95347118 3.3899579 5.77007389 4.62502813 3.20373511 5.92664814 4.75957298 3.1489861 5.94864607 4.74342203 2.33021402 5.77007389 4.819242 2.41388988 5.96565199 4.77266979 2.61510491 5.94864607 4.6816721 2.566643 5.77007389 4.97088003 2.58124304 5.96565199 4.95466709 2.71202898 5.94864607 5.0467 2.6649189 5.77007389 4.97088003 2.58124304 5.57449484 4.95466709 2.71202898 5.59150219 5.04566479 2.76049209 5.77007389 4.819242 2.41388988 5.57449484 4.77266979 2.61510491 5.59150219 4.76886702 3.06687999 5.59150219 4.96030807 3.14348006 5.59150219 4.67314577 3.02857995 5.77007389 5.05602789 3.1817801 5.77007389 4.96030807 3.14348006 5.94864607 4.76886702 3.06687999 5.94864607 3.97935605 3.21121407 5.92292023 3.97935605 3.12306094 5.77007389 3.97935605 3.38752103 5.92292023 3.97935605 3.21121407 5.61722803 3.97935605 3.47567391 5.77007389 3.97935605 3.38752103 5.61722803 </float_array>
                    <technique_common>
                        <accessor count="48" offset="0" source="#spe03_kart_root.polymsh_detached_1-positions-array" stride="3">
                            <param name="X" type="float"/>
                            <param name="Y" type="float"/>
                            <param name="Z" type="float"/>
                        </accessor>
                    </technique_common>
                </source>
                <source id="spe03_kart_root.polymsh_detached_1-normals" name="spe03_kart_root.polymsh_detached_1-normals">
                    <float_array id="spe03_kart_root.polymsh_detached_1-normals-array" count="144"> 0 -1 0 0 -0.5 0.866024971 -0.0896990001 -0.492204994 0.865845978 -0.179286003 -0.983797014 0 0 0.5 0.866024971 0.0768669993 0.496221006 0.864786983 0 1 0 0 0.5 -0.866024971 0.0768669993 0.496221006 -0.864786983 0.153078005 0.988214016 0 0 -0.5 -0.866024971 -0.0896990001 -0.492204994 -0.865845978 -0.168911994 -0.457370013 -0.873086989 0.0318379998 0.508951008 -0.860207021 0.272834003 0.378033996 -0.88467598 -0.42821601 -0.223116994 -0.875699997 -0.283955991 -0.958836973 0 -0.862618983 -0.505854011 0 0.123175003 0.99238503 0 0.0318379998 0.508951008 0.860207021 0.272834003 0.378033996 0.88467598 0.635694027 0.771941006 0 -0.168911994 -0.457370013 0.873086989 -0.42821601 -0.223116994 0.875699997 -0.754822016 -0.655929983 0 -0.376094013 -0.281699985 0.88272202 -0.529775977 -0.0350020006 0.84741497 -0.99296701 -0.118390001 0 0.333478004 0.315246999 0.888487995 0.509339988 0.0513690002 0.859031022 0.776390016 0.630253017 0 0.333478004 0.315246999 -0.888487995 0.509339988 0.0513690002 -0.859031022 0.998887002 0.0471710004 0 -0.376094013 -0.281699985 -0.88272202 -0.529775977 -0.0350020006 -0.84741497 -0.516927004 -0.0189539995 -0.85582 0.49417001 0.103684999 -0.863160014 -0.999328017 -0.0366420001 0 0.978690028 0.205345005 0 0.49417001 0.103684999 0.863160014 -0.516927004 -0.0189539995 0.85582 -0.0107930005 -0.500150025 0.865871012 -0.0149119999 -0.999889016 0 -0.00253699999 0.50019902 0.865907013 -0.0107930005 -0.500150025 -0.865871012 0.00159300002 0.999998987 0 -0.00253699999 0.50019902 -0.865907013 </float_array>
                    <technique_common>
                        <accessor count="48" offset="0" source="#spe03_kart_root.polymsh_detached_1-normals-array" stride="3">
                            <param name="X" type="float"/>
                            <param name="Y" type="float"/>
                            <param name="Z" type="float"/>
                        </accessor>
                    </technique_common>
                </source>
                <source id="spe03_kart_root.polymsh_detached_1-tex0" name="spe03_kart_root.polymsh_detached_1-tex0">
                    <float_array id="spe03_kart_root.polymsh_detached_1-tex0-array" count="96"> 0.77206701 0.882135987 0.754547 0.882135987 0.754547 0.919822991 0.77206701 0.919822991 0.733967006 0.882135987 0.733967006 0.919822991 0.716181993 0.882135987 0.733967006 0.882135987 0.733967006 0.919822991 0.716181993 0.919822991 0.754547 0.882135987 0.754547 0.919822991 0.754547 0.963808 0.733967006 0.963808 0.733967006 0.948432982 0.754547 0.948424995 0.77206701 0.963808 0.77206701 0.948422015 0.716181993 0.963808 0.733967006 0.963808 0.733967006 0.948432982 0.716181993 0.948436022 0.754547 0.963808 0.754547 0.948424995 0.77206701 0.922972023 0.754547 0.922972023 0.754547 0.933180988 0.77206701 0.933180988 0.733967006 0.922972023 0.733967006 0.933180988 0.716181993 0.922972023 0.733967006 0.922972023 0.733967006 0.933180988 0.716181993 0.933180988 0.754547 0.922972023 0.754547 0.933180988 0.754547 0.945141017 0.733967006 0.945149004 0.77206701 0.945137978 0.716181993 0.945151985 0.733967006 0.945149004 0.754547 0.945141017 0.754547 0.963808 0.77206701 0.963808 0.733967006 0.963808 0.754547 0.963808 0.716181993 0.963808 0.733967006 0.963808 </float_array>
                    <technique_common>
                        <accessor count="48" offset="0" source="#spe03_kart_root.polymsh_detached_1-tex0-array" stride="2">
                            <param name="S" type="float"/>
                            <param name="T" type="float"/>
                        </accessor>
                    </technique_common>
                </source>
                <source id="spe03_kart_root.polymsh_detached_1-tex1" name="spe03_kart_root.polymsh_detached_1-tex1">
                    <float_array id="spe03_kart_root.polymsh_detached_1-tex1-array" count="96"> 0.77206701 0.882135987 0.754547 0.882135987 0.754547 0.919822991 0.77206701 0.919822991 0.733967006 0.882135987 0.733967006 0.919822991 0.716181993 0.882135987 0.733967006 0.882135987 0.733967006 0.919822991 0.716181993 0.919822991 0.754547 0.882135987 0.754547 0.919822991 0.754547 0.963808 0.733967006 0.963808 0.733967006 0.948432982 0.754547 0.948424995 0.77206701 0.963808 0.77206701 0.948422015 0.716181993 0.963808 0.733967006 0.963808 0.733967006 0.948432982 0.716181993 0.948436022 0.754547 0.963808 0.754547 0.948424995 0.77206701 0.922972023 0.754547 0.922972023 0.754547 0.933180988 0.77206701 0.933180988 0.733967006 0.922972023 0.733967006 0.933180988 0.716181993 0.922972023 0.733967006 0.922972023 0.733967006 0.933180988 0.716181993 0.933180988 0.754547 0.922972023 0.754547 0.933180988 0.754547 0.945141017 0.733967006 0.945149004 0.77206701 0.945137978 0.716181993 0.945151985 0.733967006 0.945149004 0.754547 0.945141017 0.754547 0.963808 0.77206701 0.963808 0.733967006 0.963808 0.754547 0.963808 0.716181993 0.963808 0.733967006 0.963808 </float_array>
                    <technique_common>
                        <accessor count="48" offset="0" source="#spe03_kart_root.polymsh_detached_1-tex1-array" stride="2">
                            <param name="S" type="float"/>
                            <param name="T" type="float"/>
                        </accessor>
                    </technique_common>
                </source>
                <source id="spe03_kart_root.polymsh_detached_1-tex2" name="spe03_kart_root.polymsh_detached_1-tex2">
                    <float_array id="spe03_kart_root.polymsh_detached_1-tex2-array" count="96"> 0.77206701 0.882135987 0.754547 0.882135987 0.754547 0.919822991 0.77206701 0.919822991 0.733967006 0.882135987 0.733967006 0.919822991 0.716181993 0.882135987 0.733967006 0.882135987 0.733967006 0.919822991 0.716181993 0.919822991 0.754547 0.882135987 0.754547 0.919822991 0.754547 0.963808 0.733967006 0.963808 0.733967006 0.948432982 0.754547 0.948424995 0.77206701 0.963808 0.77206701 0.948422015 0.716181993 0.963808 0.733967006 0.963808 0.733967006 0.948432982 0.716181993 0.948436022 0.754547 0.963808 0.754547 0.948424995 0.77206701 0.922972023 0.754547 0.922972023 0.754547 0.933180988 0.77206701 0.933180988 0.733967006 0.922972023 0.733967006 0.933180988 0.716181993 0.922972023 0.733967006 0.922972023 0.733967006 0.933180988 0.716181993 0.933180988 0.754547 0.922972023 0.754547 0.933180988 0.754547 0.945141017 0.733967006 0.945149004 0.77206701 0.945137978 0.716181993 0.945151985 0.733967006 0.945149004 0.754547 0.945141017 0.754547 0.963808 0.77206701 0.963808 0.733967006 0.963808 0.754547 0.963808 0.716181993 0.963808 0.733967006 0.963808 </float_array>
                    <technique_common>
                        <accessor count="48" offset="0" source="#spe03_kart_root.polymsh_detached_1-tex2-array" stride="2">
                            <param name="S" type="float"/>
                            <param name="T" type="float"/>
                        </accessor>
                    </technique_common>
                </source>
                <source id="spe03_kart_root.polymsh_detached_1-color0" name="spe03_kart_root.polymsh_detached_1-color0">
                    <float_array id="spe03_kart_root.polymsh_detached_1-color0-array" count="144"> 1 1 1 1 1 1 1 1 1 1 1 1 1 1 1 1 1 1 1 1 1 1 1 1 1 1 1 1 1 1 1 1 1 1 1 1 1 1 1 1 1 1 1 1 1 1 1 1 1 1 1 1 1 1 1 1 1 1 1 1 1 1 1 1 1 1 1 1 1 1 1 1 1 1 1 1 1 1 1 1 1 1 1 1 1 1 1 1 1 1 1 1 1 1 1 1 1 1 1 1 1 1 1 1 1 1 1 1 1 1 1 1 1 1 1 1 1 1 1 1 1 1 1 1 1 1 1 1 1 1 1 1 1 1 1 1 1 1 1 1 1 1 1 1 </float_array>
                    <technique_common>
                        <accessor count="48" offset="0" source="#spe03_kart_root.polymsh_detached_1-color0-array" stride="3">
                            <param name="R" type="float"/>
                            <param name="G" type="float"/>
                            <param name="B" type="float"/>
                        </accessor>
                    </technique_common>
                </source>
                <vertices id="spe03_kart_root.polymsh_detached_1-vertices">
                    <input semantic="POSITION" source="#spe03_kart_root.polymsh_detached_1-positions"/>
                </vertices>
                <triangles count="84" material="defaultMaterial">
                    <input offset="0" semantic="VERTEX" source="#spe03_kart_root.polymsh_detached_1-vertices"/>
                    <input offset="0" semantic="NORMAL" source="#spe03_kart_root.polymsh_detached_1-normals"/>
                    <input offset="1" semantic="TEXCOORD" source="#spe03_kart_root.polymsh_detached_1-tex0" set="0"/>
                    <input offset="1" semantic="TEXCOORD" source="#spe03_kart_root.polymsh_detached_1-tex1" set="1"/>
                    <input offset="1" semantic="TEXCOORD" source="#spe03_kart_root.polymsh_detached_1-tex2" set="2"/>
                    <input offset="0" semantic="COLOR" source="#spe03_kart_root.polymsh_detached_1-color0" set="0"/>
                    <p>0 0 1 1 2 2 0 0 2 2 3 3 1 1 4 4 5 5 1 1 5 5 2 2 6 6 7 7 8 8 6 6 8 8 9 9 4 4 6 6 9 9 4 4 9 9 5 5 10 10 0 0 3 3 10 10 3 3 11 11 7 7 10 10 11 11 7 7 11 11 8 8 12 12 13 13 14 14 12 12 14 14 15 15 16 16 12 12 15 15 16 16 15 15 17 17 18 18 19 19 20 20 18 18 20 20 21 21 13 13 18 18 21 21 13 13 21 21 14 14 19 19 22 22 23 23 19 19 23 23 20 20 22 22 16 16 17 17 22 22 17 17 23 23 24 24 25 25 26 26 24 24 26 26 27 27 25 25 28 28 29 29 25 25 29 29 26 26 30 30 31 31 32 32 30 30 32 32 33 33 28 28 30 30 33 33 28 28 33 33 29 29 34 34 24 24 27 27 34 34 27 27 35 35 31 31 34 34 35 35 31 31 35 35 32 32 32 32 35 35 36 36 32 32 36 36 37 37 38 38 36 36 35 35 38 38 35 35 27 27 29 29 33 33 39 39 29 29 39 39 40 40 33 33 32 32 37 37 33 33 37 37 39 39 26 26 29 29 40 40 26 26 40 40 41 41 27 27 26 26 41 41 27 27 41 41 38 38 25 25 24 24 3 3 25 25 3 3 2 2 28 28 25 25 2 2 28 28 2 2 5 5 24 24 34 34 11 11 24 24 11 11 3 3 31 31 30 30 9 9 31 31 9 9 8 8 34 34 31 31 8 8 34 34 8 8 11 11 30 30 28 28 5 5 30 30 5 5 9 9 38 38 41 41 23 23 38 38 23 23 17 17 41 41 40 40 20 20 41 41 20 20 23 23 39 39 37 37 14 14 39 39 14 14 21 21 40 40 39 39 21 21 40 40 21 21 20 20 36 36 38 38 17 17 36 36 17 17 15 15 37 37 36 36 15 15 37 37 15 15 14 14 16 16 22 22 42 42 16 16 42 42 43 43 22 22 19 19 44 44 22 22 44 44 42 42 12 12 16 16 43 43 12 12 43 43 45 45 19 19 18 18 46 46 19 19 46 46 44 44 13 13 12 12 45 45 13 13 45 45 47 47 18 18 13 13 47 47 18 18 47 47 46 46</p>
                </triangles>
            </mesh>
        </geometry>
        <geometry id="spe03_kart_root.polymsh_detached27_1" name="spe03_kart_root.polymsh_detached27">
            <mesh>
                <source id="spe03_kart_root.polymsh_detached27_1-positions" name="spe03_kart_root.polymsh_detached27_1-positions">
                    <float_array id="spe03_kart_root.polymsh_detached27_1-positions-array" count="144"> 4.62502813 3.4746449 -3.452631 3.97935605 3.47567391 -3.452631 3.97935605 3.38752103 -3.2997849 4.62502813 3.38434196 -3.29605699 3.97935605 3.21121407 -3.2997849 4.62502813 3.20373511 -3.29605699 4.62502813 3.38434196 -3.60920501 3.97935605 3.38752103 -3.60547709 3.97935605 3.12306094 -3.452631 4.62502813 3.11343193 -3.452631 4.62502813 3.20373511 -3.60920501 3.97935605 3.21121407 -3.60547709 4.96030807 3.14348006 -3.27406001 4.88883781 3.30963397 -3.27406001 4.75957298 3.1489861 -3.27406001 4.76886702 3.06687999 -3.27406001 4.67521715 3.067137 -3.452631 4.67314577 3.02857995 -3.452631 4.96030807 3.14348006 -3.63120294 4.88883781 3.30963397 -3.63120294 4.95347118 3.3899579 -3.452631 5.05602789 3.1817801 -3.452631 4.76886702 3.06687999 -3.63120294 4.75957298 3.1489861 -3.63120294 5.0467 2.6649189 -3.452631 5.05526686 2.6649189 -3.452631 5.05526686 2.55200195 -3.6482091 4.97088003 2.58124304 -3.6482091 4.819242 2.41388988 -3.2570529 5.05526686 2.32616806 -3.2570529 5.05526686 2.55200195 -3.2570529 4.97088003 2.58124304 -3.2570529 4.74342203 2.33021402 -3.452631 5.05526686 2.21324992 -3.452631 5.05526686 2.32616806 -3.6482091 4.819242 2.41388988 -3.6482091 4.6816721 2.566643 -3.452631 4.77266979 2.61510491 -3.63120294 4.95466709 2.71202898 -3.63120294 5.04566479 2.76049209 -3.452631 4.95466709 2.71202898 -3.27406001 4.77266979 2.61510491 -3.27406001 6.16962099 2.55200195 -3.2570529 6.16962099 2.32616806 -3.2570529 6.16962099 2.21324992 -3.452631 6.16962099 2.55200195 -3.6482091 6.16962099 2.6649189 -3.452631 6.16962099 2.32616806 -3.6482091 </float_array>
                    <technique_common>
                        <accessor count="48" offset="0" source="#spe03_kart_root.polymsh_detached27_1-positions-array" stride="3">
                            <param name="X" type="float"/>
                            <param name="Y" type="float"/>
                            <param name="Z" type="float"/>
                        </accessor>
                    </technique_common>
                </source>
                <source id="spe03_kart_root.polymsh_detached27_1-normals" name="spe03_kart_root.polymsh_detached27_1-normals">
                    <float_array id="spe03_kart_root.polymsh_detached27_1-normals-array" count="144"> 0.123175003 0.99238503 0 0.00159300002 0.999998987 0 -0.00253699999 0.50019902 0.865907013 0.0318379998 0.508951008 0.860207021 -0.0107930005 -0.500150025 0.865871012 -0.168911994 -0.457370013 0.873086989 0.0318379998 0.508951008 -0.860207021 -0.00253699999 0.50019902 -0.865907013 -0.0149119999 -0.999889016 0 -0.283955991 -0.958836973 0 -0.168911994 -0.457370013 -0.873086989 -0.0107930005 -0.500150025 -0.865871012 0.49417001 0.103684999 0.863160014 0.272834003 0.378033996 0.88467598 -0.42821601 -0.223116994 0.875699997 -0.516927004 -0.0189539995 0.85582 -0.862618983 -0.505852997 0 -0.999328017 -0.0366420001 0 0.49417001 0.103684999 -0.863160014 0.272834003 0.378033996 -0.88467598 0.635694027 0.771941006 0 0.978690028 0.205344006 0 -0.516927004 -0.0189539995 -0.85582 -0.42821601 -0.223116994 -0.875699997 0.776390016 0.630253017 0 0.153078005 0.988214016 0 0.0768669993 0.496221006 -0.864786983 0.333478004 0.315246999 -0.888487995 -0.376094013 -0.281699985 0.88272202 -0.0896990001 -0.492204994 0.865845978 0.0768669993 0.496221006 0.864786983 0.333478004 0.315246999 0.888487995 -0.754822016 -0.655929983 0 -0.179286003 -0.983797014 0 -0.0896990001 -0.492204994 -0.865845978 -0.376094013 -0.281699985 -0.88272202 -0.99296701 -0.118390001 0 -0.529775977 -0.0350020006 -0.84741497 0.509339988 0.0513690002 -0.859031022 0.998887002 0.0471710004 0 0.509339988 0.0513690002 0.859031022 -0.529775977 -0.0350020006 0.84741497 0 0.5 0.866024971 0 -0.5 0.866024971 0 -1 0 0 0.5 -0.866024971 0 1 0 0 -0.5 -0.866024971 </float_array>
                    <technique_common>
                        <accessor count="48" offset="0" source="#spe03_kart_root.polymsh_detached27_1-normals-array" stride="3">
                            <param name="X" type="float"/>
                            <param name="Y" type="float"/>
                            <param name="Z" type="float"/>
                        </accessor>
                    </technique_common>
                </source>
                <source id="spe03_kart_root.polymsh_detached27_1-tex0" name="spe03_kart_root.polymsh_detached27_1-tex0">
                    <float_array id="spe03_kart_root.polymsh_detached27_1-tex0-array" count="96"> 0.716181993 0.963808 0.716181993 0.963808 0.733967006 0.963808 0.733967006 0.963808 0.754547 0.963808 0.754547 0.963808 0.733967006 0.963808 0.733967006 0.963808 0.77206701 0.963808 0.77206701 0.963808 0.754547 0.963808 0.754547 0.963808 0.733967006 0.945149004 0.733967006 0.948432982 0.754547 0.948424995 0.754547 0.945141017 0.77206701 0.948422015 0.77206701 0.945137978 0.733967006 0.945149004 0.733967006 0.948432982 0.716181993 0.948436022 0.716181993 0.945151985 0.754547 0.945141017 0.754547 0.948424995 0.716181993 0.922972023 0.716181993 0.919822991 0.733967006 0.919822991 0.733967006 0.922972023 0.754547 0.922972023 0.754547 0.919822991 0.733967006 0.919822991 0.733967006 0.922972023 0.77206701 0.922972023 0.77206701 0.919822991 0.754547 0.919822991 0.754547 0.922972023 0.77206701 0.933180988 0.754547 0.933180988 0.733967006 0.933180988 0.716181993 0.933180988 0.733967006 0.933180988 0.754547 0.933180988 0.733967006 0.882135987 0.754547 0.882135987 0.77206701 0.882135987 0.733967006 0.882135987 0.716181993 0.882135987 0.754547 0.882135987 </float_array>
                    <technique_common>
                        <accessor count="48" offset="0" source="#spe03_kart_root.polymsh_detached27_1-tex0-array" stride="2">
                            <param name="S" type="float"/>
                            <param name="T" type="float"/>
                        </accessor>
                    </technique_common>
                </source>
                <source id="spe03_kart_root.polymsh_detached27_1-tex1" name="spe03_kart_root.polymsh_detached27_1-tex1">
                    <float_array id="spe03_kart_root.polymsh_detached27_1-tex1-array" count="96"> 0.716181993 0.963808 0.716181993 0.963808 0.733967006 0.963808 0.733967006 0.963808 0.754547 0.963808 0.754547 0.963808 0.733967006 0.963808 0.733967006 0.963808 0.77206701 0.963808 0.77206701 0.963808 0.754547 0.963808 0.754547 0.963808 0.733967006 0.945149004 0.733967006 0.948432982 0.754547 0.948424995 0.754547 0.945141017 0.77206701 0.948422015 0.77206701 0.945137978 0.733967006 0.945149004 0.733967006 0.948432982 0.716181993 0.948436022 0.716181993 0.945151985 0.754547 0.945141017 0.754547 0.948424995 0.716181993 0.922972023 0.716181993 0.919822991 0.733967006 0.919822991 0.733967006 0.922972023 0.754547 0.922972023 0.754547 0.919822991 0.733967006 0.919822991 0.733967006 0.922972023 0.77206701 0.922972023 0.77206701 0.919822991 0.754547 0.919822991 0.754547 0.922972023 0.77206701 0.933180988 0.754547 0.933180988 0.733967006 0.933180988 0.716181993 0.933180988 0.733967006 0.933180988 0.754547 0.933180988 0.733967006 0.882135987 0.754547 0.882135987 0.77206701 0.882135987 0.733967006 0.882135987 0.716181993 0.882135987 0.754547 0.882135987 </float_array>
                    <technique_common>
                        <accessor count="48" offset="0" source="#spe03_kart_root.polymsh_detached27_1-tex1-array" stride="2">
                            <param name="S" type="float"/>
                            <param name="T" type="float"/>
                        </accessor>
                    </technique_common>
                </source>
                <source id="spe03_kart_root.polymsh_detached27_1-tex2" name="spe03_kart_root.polymsh_detached27_1-tex2">
                    <float_array id="spe03_kart_root.polymsh_detached27_1-tex2-array" count="96"> 0.716181993 0.963808 0.716181993 0.963808 0.733967006 0.963808 0.733967006 0.963808 0.754547 0.963808 0.754547 0.963808 0.733967006 0.963808 0.733967006 0.963808 0.77206701 0.963808 0.77206701 0.963808 0.754547 0.963808 0.754547 0.963808 0.733967006 0.945149004 0.733967006 0.948432982 0.754547 0.948424995 0.754547 0.945141017 0.77206701 0.948422015 0.77206701 0.945137978 0.733967006 0.945149004 0.733967006 0.948432982 0.716181993 0.948436022 0.716181993 0.945151985 0.754547 0.945141017 0.754547 0.948424995 0.716181993 0.922972023 0.716181993 0.919822991 0.733967006 0.919822991 0.733967006 0.922972023 0.754547 0.922972023 0.754547 0.919822991 0.733967006 0.919822991 0.733967006 0.922972023 0.77206701 0.922972023 0.77206701 0.919822991 0.754547 0.919822991 0.754547 0.922972023 0.77206701 0.933180988 0.754547 0.933180988 0.733967006 0.933180988 0.716181993 0.933180988 0.733967006 0.933180988 0.754547 0.933180988 0.733967006 0.882135987 0.754547 0.882135987 0.77206701 0.882135987 0.733967006 0.882135987 0.716181993 0.882135987 0.754547 0.882135987 </float_array>
                    <technique_common>
                        <accessor count="48" offset="0" source="#spe03_kart_root.polymsh_detached27_1-tex2-array" stride="2">
                            <param name="S" type="float"/>
                            <param name="T" type="float"/>
                        </accessor>
                    </technique_common>
                </source>
                <source id="spe03_kart_root.polymsh_detached27_1-color0" name="spe03_kart_root.polymsh_detached27_1-color0">
                    <float_array id="spe03_kart_root.polymsh_detached27_1-color0-array" count="144"> 1 1 1 1 1 1 1 1 1 1 1 1 1 1 1 1 1 1 1 1 1 1 1 1 1 1 1 1 1 1 1 1 1 1 1 1 1 1 1 1 1 1 1 1 1 1 1 1 1 1 1 1 1 1 1 1 1 1 1 1 1 1 1 1 1 1 1 1 1 1 1 1 1 1 1 1 1 1 1 1 1 1 1 1 1 1 1 1 1 1 1 1 1 1 1 1 1 1 1 1 1 1 1 1 1 1 1 1 1 1 1 1 1 1 1 1 1 1 1 1 1 1 1 1 1 1 1 1 1 1 1 1 1 1 1 1 1 1 1 1 1 1 1 1 </float_array>
                    <technique_common>
                        <accessor count="48" offset="0" source="#spe03_kart_root.polymsh_detached27_1-color0-array" stride="3">
                            <param name="R" type="float"/>
                            <param name="G" type="float"/>
                            <param name="B" type="float"/>
                        </accessor>
                    </technique_common>
                </source>
                <vertices id="spe03_kart_root.polymsh_detached27_1-vertices">
                    <input semantic="POSITION" source="#spe03_kart_root.polymsh_detached27_1-positions"/>
                </vertices>
                <triangles count="84" material="defaultMaterial">
                    <input offset="0" semantic="VERTEX" source="#spe03_kart_root.polymsh_detached27_1-vertices"/>
                    <input offset="0" semantic="NORMAL" source="#spe03_kart_root.polymsh_detached27_1-normals"/>
                    <input offset="1" semantic="TEXCOORD" source="#spe03_kart_root.polymsh_detached27_1-tex0" set="0"/>
                    <input offset="1" semantic="TEXCOORD" source="#spe03_kart_root.polymsh_detached27_1-tex1" set="1"/>
                    <input offset="1" semantic="TEXCOORD" source="#spe03_kart_root.polymsh_detached27_1-tex2" set="2"/>
                    <input offset="0" semantic="COLOR" source="#spe03_kart_root.polymsh_detached27_1-color0" set="0"/>
                    <p>0 0 1 1 2 2 0 0 2 2 3 3 3 3 2 2 4 4 3 3 4 4 5 5 6 6 7 7 1 1 6 6 1 1 0 0 5 5 4 4 8 8 5 5 8 8 9 9 10 10 11 11 7 7 10 10 7 7 6 6 9 9 8 8 11 11 9 9 11 11 10 10 12 12 13 13 14 14 12 12 14 14 15 15 15 15 14 14 16 16 15 15 16 16 17 17 18 18 19 19 20 20 18 18 20 20 21 21 21 21 20 20 13 13 21 21 13 13 12 12 22 22 23 23 19 19 22 22 19 19 18 18 17 17 16 16 23 23 17 17 23 23 22 22 24 24 25 25 26 26 24 24 26 26 27 27 28 28 29 29 30 30 28 28 30 30 31 31 31 31 30 30 25 25 31 31 25 25 24 24 32 32 33 33 29 29 32 32 29 29 28 28 27 27 26 26 34 34 27 27 34 34 35 35 35 35 34 34 33 33 35 35 33 33 32 32 36 36 17 17 22 22 36 36 22 22 37 37 37 37 22 22 18 18 37 37 18 18 38 38 39 39 21 21 12 12 39 39 12 12 40 40 38 38 18 18 21 21 38 38 21 21 39 39 17 17 36 36 41 41 17 17 41 41 15 15 40 40 12 12 15 15 40 40 15 15 41 41 31 31 40 40 41 41 31 31 41 41 28 28 28 28 41 41 36 36 28 28 36 36 32 32 27 27 38 38 39 39 27 27 39 39 24 24 24 24 39 39 40 40 24 24 40 40 31 31 35 35 37 37 38 38 35 35 38 38 27 27 32 32 36 36 37 37 32 32 37 37 35 35 10 10 23 23 16 16 10 10 16 16 9 9 6 6 19 19 23 23 6 6 23 23 10 10 3 3 13 13 20 20 3 3 20 20 0 0 0 0 20 20 19 19 0 0 19 19 6 6 9 9 16 16 14 14 9 9 14 14 5 5 5 5 14 14 13 13 5 5 13 13 3 3 42 42 30 30 29 29 42 42 29 29 43 43 43 43 29 29 33 33 43 43 33 33 44 44 45 45 26 26 25 25 45 45 25 25 46 46 46 46 25 25 30 30 46 46 30 30 42 42 47 47 34 34 26 26 47 47 26 26 45 45 44 44 33 33 34 34 44 44 34 34 47 47</p>
                </triangles>
            </mesh>
        </geometry>
        <geometry id="spe03_kart_root.polymsh_detached26_1" name="spe03_kart_root.polymsh_detached26">
            <mesh>
                <source id="spe03_kart_root.polymsh_detached26_1-positions" name="spe03_kart_root.polymsh_detached26_1-positions">
                    <float_array id="spe03_kart_root.polymsh_detached26_1-positions-array" count="144"> -4.62502813 3.4746449 5.77007389 -3.97935605 3.47567391 5.77007389 -3.97935605 3.38752103 5.61722803 -4.62502813 3.38434196 5.61350012 -3.97935605 3.21121407 5.61722803 -4.62502813 3.20373511 5.61350012 -4.62502813 3.38434196 5.92664814 -3.97935605 3.38752103 5.92292023 -3.97935605 3.12306094 5.77007389 -4.62502813 3.11343193 5.77007389 -4.62502813 3.20373511 5.92664814 -3.97935605 3.21121407 5.92292023 -4.96030807 3.14348006 5.59150219 -4.88883781 3.30963397 5.59150219 -4.75957298 3.1489861 5.59150219 -4.76886702 3.06687999 5.59150219 -4.67521715 3.067137 5.77007389 -4.67314577 3.02857995 5.77007389 -4.96030807 3.14348006 5.94864607 -4.88883781 3.30963397 5.94864607 -4.95347118 3.3899579 5.77007389 -5.05602789 3.1817801 5.77007389 -4.76886702 3.06687999 5.94864607 -4.75957298 3.1489861 5.94864607 -5.0467 2.6649189 5.77007389 -5.05526686 2.6649189 5.77007389 -5.05526686 2.55200195 5.96565199 -4.97088003 2.58124304 5.96565199 -4.819242 2.41388988 5.57449484 -5.05526686 2.32616806 5.57449484 -5.05526686 2.55200195 5.57449484 -4.97088003 2.58124304 5.57449484 -4.74342203 2.33021402 5.77007389 -5.05526686 2.21324992 5.77007389 -5.05526686 2.32616806 5.96565199 -4.819242 2.41388988 5.96565199 -4.6816721 2.566643 5.77007389 -4.77266979 2.61510491 5.94864607 -4.95466709 2.71202898 5.94864607 -5.04566479 2.76049209 5.77007389 -4.95466709 2.71202898 5.59150219 -4.77266979 2.61510491 5.59150219 -6.16962099 2.55200195 5.57449484 -6.16962099 2.32616806 5.57449484 -6.16962099 2.21324992 5.77007389 -6.16962099 2.55200195 5.96565199 -6.16962099 2.6649189 5.77007389 -6.16962099 2.32616806 5.96565199 </float_array>
                    <technique_common>
                        <accessor count="48" offset="0" source="#spe03_kart_root.polymsh_detached26_1-positions-array" stride="3">
                            <param name="X" type="float"/>
                            <param name="Y" type="float"/>
                            <param name="Z" type="float"/>
                        </accessor>
                    </technique_common>
                </source>
                <source id="spe03_kart_root.polymsh_detached26_1-normals" name="spe03_kart_root.polymsh_detached26_1-normals">
                    <float_array id="spe03_kart_root.polymsh_detached26_1-normals-array" count="144"> -0.123175003 0.99238503 0 -0.00159300002 0.999998987 0 0.00253699999 0.50019902 -0.865907013 -0.0318379998 0.508951008 -0.860207021 0.0107930005 -0.500150025 -0.865871012 0.168911994 -0.457370013 -0.873086989 -0.0318379998 0.508951008 0.860207021 0.00253699999 0.50019902 0.865907013 0.0149119999 -0.999889016 0 0.283955991 -0.958836973 0 0.168911994 -0.457370013 0.873086989 0.0107930005 -0.500150025 0.865871012 -0.49417001 0.103684999 -0.863160014 -0.272834003 0.378033996 -0.88467598 0.42821601 -0.223116994 -0.875699997 0.516927004 -0.0189539995 -0.85582 0.862618983 -0.505852997 0 0.999328017 -0.0366420001 0 -0.49417001 0.103684999 0.863160014 -0.272834003 0.378033996 0.88467598 -0.635694027 0.771941006 0 -0.978690028 0.205344006 0 0.516927004 -0.0189539995 0.85582 0.42821601 -0.223116994 0.875699997 -0.776390016 0.630253017 0 -0.153078005 0.988214016 0 -0.0768669993 0.496221006 0.864786983 -0.333478004 0.315246999 0.888487995 0.376094013 -0.281699985 -0.88272202 0.0896990001 -0.492204994 -0.865845978 -0.0768669993 0.496221006 -0.864786983 -0.333478004 0.315246999 -0.888487995 0.754822016 -0.655929983 0 0.179286003 -0.983797014 0 0.0896990001 -0.492204994 0.865845978 0.376094013 -0.281699985 0.88272202 0.99296701 -0.118390001 0 0.529775977 -0.0350020006 0.84741497 -0.509339988 0.0513690002 0.859031022 -0.998887002 0.0471710004 0 -0.509339988 0.0513690002 -0.859031022 0.529775977 -0.0350020006 -0.84741497 0 0.5 -0.866024971 0 -0.5 -0.866024971 0 -1 0 0 0.5 0.866024971 0 1 0 0 -0.5 0.866024971 </float_array>
                    <technique_common>
                        <accessor count="48" offset="0" source="#spe03_kart_root.polymsh_detached26_1-normals-array" stride="3">
                            <param name="X" type="float"/>
                            <param name="Y" type="float"/>
                            <param name="Z" type="float"/>
                        </accessor>
                    </technique_common>
                </source>
                <source id="spe03_kart_root.polymsh_detached26_1-tex0" name="spe03_kart_root.polymsh_detached26_1-tex0">
                    <float_array id="spe03_kart_root.polymsh_detached26_1-tex0-array" count="96"> 0.716181993 0.963808 0.716181993 0.963808 0.733967006 0.963808 0.733967006 0.963808 0.754547 0.963808 0.754547 0.963808 0.733967006 0.963808 0.733967006 0.963808 0.77206701 0.963808 0.77206701 0.963808 0.754547 0.963808 0.754547 0.963808 0.733967006 0.945149004 0.733967006 0.948432982 0.754547 0.948424995 0.754547 0.945141017 0.77206701 0.948422015 0.77206701 0.945137978 0.733967006 0.945149004 0.733967006 0.948432982 0.716181993 0.948436022 0.716181993 0.945151985 0.754547 0.945141017 0.754547 0.948424995 0.716181993 0.922972023 0.716181993 0.919822991 0.733967006 0.919822991 0.733967006 0.922972023 0.754547 0.922972023 0.754547 0.919822991 0.733967006 0.919822991 0.733967006 0.922972023 0.77206701 0.922972023 0.77206701 0.919822991 0.754547 0.919822991 0.754547 0.922972023 0.77206701 0.933180988 0.754547 0.933180988 0.733967006 0.933180988 0.716181993 0.933180988 0.733967006 0.933180988 0.754547 0.933180988 0.733967006 0.882135987 0.754547 0.882135987 0.77206701 0.882135987 0.733967006 0.882135987 0.716181993 0.882135987 0.754547 0.882135987 </float_array>
                    <technique_common>
                        <accessor count="48" offset="0" source="#spe03_kart_root.polymsh_detached26_1-tex0-array" stride="2">
                            <param name="S" type="float"/>
                            <param name="T" type="float"/>
                        </accessor>
                    </technique_common>
                </source>
                <source id="spe03_kart_root.polymsh_detached26_1-tex1" name="spe03_kart_root.polymsh_detached26_1-tex1">
                    <float_array id="spe03_kart_root.polymsh_detached26_1-tex1-array" count="96"> 0.716181993 0.963808 0.716181993 0.963808 0.733967006 0.963808 0.733967006 0.963808 0.754547 0.963808 0.754547 0.963808 0.733967006 0.963808 0.733967006 0.963808 0.77206701 0.963808 0.77206701 0.963808 0.754547 0.963808 0.754547 0.963808 0.733967006 0.945149004 0.733967006 0.948432982 0.754547 0.948424995 0.754547 0.945141017 0.77206701 0.948422015 0.77206701 0.945137978 0.733967006 0.945149004 0.733967006 0.948432982 0.716181993 0.948436022 0.716181993 0.945151985 0.754547 0.945141017 0.754547 0.948424995 0.716181993 0.922972023 0.716181993 0.919822991 0.733967006 0.919822991 0.733967006 0.922972023 0.754547 0.922972023 0.754547 0.919822991 0.733967006 0.919822991 0.733967006 0.922972023 0.77206701 0.922972023 0.77206701 0.919822991 0.754547 0.919822991 0.754547 0.922972023 0.77206701 0.933180988 0.754547 0.933180988 0.733967006 0.933180988 0.716181993 0.933180988 0.733967006 0.933180988 0.754547 0.933180988 0.733967006 0.882135987 0.754547 0.882135987 0.77206701 0.882135987 0.733967006 0.882135987 0.716181993 0.882135987 0.754547 0.882135987 </float_array>
                    <technique_common>
                        <accessor count="48" offset="0" source="#spe03_kart_root.polymsh_detached26_1-tex1-array" stride="2">
                            <param name="S" type="float"/>
                            <param name="T" type="float"/>
                        </accessor>
                    </technique_common>
                </source>
                <source id="spe03_kart_root.polymsh_detached26_1-tex2" name="spe03_kart_root.polymsh_detached26_1-tex2">
                    <float_array id="spe03_kart_root.polymsh_detached26_1-tex2-array" count="96"> 0.716181993 0.963808 0.716181993 0.963808 0.733967006 0.963808 0.733967006 0.963808 0.754547 0.963808 0.754547 0.963808 0.733967006 0.963808 0.733967006 0.963808 0.77206701 0.963808 0.77206701 0.963808 0.754547 0.963808 0.754547 0.963808 0.733967006 0.945149004 0.733967006 0.948432982 0.754547 0.948424995 0.754547 0.945141017 0.77206701 0.948422015 0.77206701 0.945137978 0.733967006 0.945149004 0.733967006 0.948432982 0.716181993 0.948436022 0.716181993 0.945151985 0.754547 0.945141017 0.754547 0.948424995 0.716181993 0.922972023 0.716181993 0.919822991 0.733967006 0.919822991 0.733967006 0.922972023 0.754547 0.922972023 0.754547 0.919822991 0.733967006 0.919822991 0.733967006 0.922972023 0.77206701 0.922972023 0.77206701 0.919822991 0.754547 0.919822991 0.754547 0.922972023 0.77206701 0.933180988 0.754547 0.933180988 0.733967006 0.933180988 0.716181993 0.933180988 0.733967006 0.933180988 0.754547 0.933180988 0.733967006 0.882135987 0.754547 0.882135987 0.77206701 0.882135987 0.733967006 0.882135987 0.716181993 0.882135987 0.754547 0.882135987 </float_array>
                    <technique_common>
                        <accessor count="48" offset="0" source="#spe03_kart_root.polymsh_detached26_1-tex2-array" stride="2">
                            <param name="S" type="float"/>
                            <param name="T" type="float"/>
                        </accessor>
                    </technique_common>
                </source>
                <source id="spe03_kart_root.polymsh_detached26_1-color0" name="spe03_kart_root.polymsh_detached26_1-color0">
                    <float_array id="spe03_kart_root.polymsh_detached26_1-color0-array" count="144"> 1 1 1 1 1 1 1 1 1 1 1 1 1 1 1 1 1 1 1 1 1 1 1 1 1 1 1 1 1 1 1 1 1 1 1 1 1 1 1 1 1 1 1 1 1 1 1 1 1 1 1 1 1 1 1 1 1 1 1 1 1 1 1 1 1 1 1 1 1 1 1 1 1 1 1 1 1 1 1 1 1 1 1 1 1 1 1 1 1 1 1 1 1 1 1 1 1 1 1 1 1 1 1 1 1 1 1 1 1 1 1 1 1 1 1 1 1 1 1 1 1 1 1 1 1 1 1 1 1 1 1 1 1 1 1 1 1 1 1 1 1 1 1 1 </float_array>
                    <technique_common>
                        <accessor count="48" offset="0" source="#spe03_kart_root.polymsh_detached26_1-color0-array" stride="3">
                            <param name="R" type="float"/>
                            <param name="G" type="float"/>
                            <param name="B" type="float"/>
                        </accessor>
                    </technique_common>
                </source>
                <vertices id="spe03_kart_root.polymsh_detached26_1-vertices">
                    <input semantic="POSITION" source="#spe03_kart_root.polymsh_detached26_1-positions"/>
                </vertices>
                <triangles count="84" material="defaultMaterial">
                    <input offset="0" semantic="VERTEX" source="#spe03_kart_root.polymsh_detached26_1-vertices"/>
                    <input offset="0" semantic="NORMAL" source="#spe03_kart_root.polymsh_detached26_1-normals"/>
                    <input offset="1" semantic="TEXCOORD" source="#spe03_kart_root.polymsh_detached26_1-tex0" set="0"/>
                    <input offset="1" semantic="TEXCOORD" source="#spe03_kart_root.polymsh_detached26_1-tex1" set="1"/>
                    <input offset="1" semantic="TEXCOORD" source="#spe03_kart_root.polymsh_detached26_1-tex2" set="2"/>
                    <input offset="0" semantic="COLOR" source="#spe03_kart_root.polymsh_detached26_1-color0" set="0"/>
                    <p>0 0 1 1 2 2 0 0 2 2 3 3 3 3 2 2 4 4 3 3 4 4 5 5 6 6 7 7 1 1 6 6 1 1 0 0 5 5 4 4 8 8 5 5 8 8 9 9 10 10 11 11 7 7 10 10 7 7 6 6 9 9 8 8 11 11 9 9 11 11 10 10 12 12 13 13 14 14 12 12 14 14 15 15 15 15 14 14 16 16 15 15 16 16 17 17 18 18 19 19 20 20 18 18 20 20 21 21 21 21 20 20 13 13 21 21 13 13 12 12 22 22 23 23 19 19 22 22 19 19 18 18 17 17 16 16 23 23 17 17 23 23 22 22 24 24 25 25 26 26 24 24 26 26 27 27 28 28 29 29 30 30 28 28 30 30 31 31 31 31 30 30 25 25 31 31 25 25 24 24 32 32 33 33 29 29 32 32 29 29 28 28 27 27 26 26 34 34 27 27 34 34 35 35 35 35 34 34 33 33 35 35 33 33 32 32 36 36 17 17 22 22 36 36 22 22 37 37 37 37 22 22 18 18 37 37 18 18 38 38 39 39 21 21 12 12 39 39 12 12 40 40 38 38 18 18 21 21 38 38 21 21 39 39 17 17 36 36 41 41 17 17 41 41 15 15 40 40 12 12 15 15 40 40 15 15 41 41 31 31 40 40 41 41 31 31 41 41 28 28 28 28 41 41 36 36 28 28 36 36 32 32 27 27 38 38 39 39 27 27 39 39 24 24 24 24 39 39 40 40 24 24 40 40 31 31 35 35 37 37 38 38 35 35 38 38 27 27 32 32 36 36 37 37 32 32 37 37 35 35 10 10 23 23 16 16 10 10 16 16 9 9 6 6 19 19 23 23 6 6 23 23 10 10 3 3 13 13 20 20 3 3 20 20 0 0 0 0 20 20 19 19 0 0 19 19 6 6 9 9 16 16 14 14 9 9 14 14 5 5 5 5 14 14 13 13 5 5 13 13 3 3 42 42 30 30 29 29 42 42 29 29 43 43 43 43 29 29 33 33 43 43 33 33 44 44 45 45 26 26 25 25 45 45 25 25 46 46 46 46 25 25 30 30 46 46 30 30 42 42 47 47 34 34 26 26 47 47 26 26 45 45 44 44 33 33 34 34 44 44 34 34 47 47</p>
                </triangles>
            </mesh>
        </geometry>
        <geometry id="spe03_kart_root.polymsh_detached28_1" name="spe03_kart_root.polymsh_detached28">
            <mesh>
                <source id="spe03_kart_root.polymsh_detached28_1-positions" name="spe03_kart_root.polymsh_detached28_1-positions">
                    <float_array id="spe03_kart_root.polymsh_detached28_1-positions-array" count="144"> -6.16962099 2.21324992 -3.452631 -6.16962099 2.32616806 -3.6482091 -5.05526686 2.32616806 -3.6482091 -5.05526686 2.21324992 -3.452631 -6.16962099 2.55200195 -3.6482091 -5.05526686 2.55200195 -3.6482091 -6.16962099 2.6649189 -3.452631 -6.16962099 2.55200195 -3.2570529 -5.05526686 2.55200195 -3.2570529 -5.05526686 2.6649189 -3.452631 -6.16962099 2.32616806 -3.2570529 -5.05526686 2.32616806 -3.2570529 -4.62502813 3.20373511 -3.29605699 -4.62502813 3.38434196 -3.29605699 -4.88883781 3.30963397 -3.27406001 -4.75957298 3.1489861 -3.27406001 -4.62502813 3.11343193 -3.452631 -4.67521715 3.067137 -3.452631 -4.62502813 3.4746449 -3.452631 -4.62502813 3.38434196 -3.60920501 -4.88883781 3.30963397 -3.63120294 -4.95347118 3.3899579 -3.452631 -4.62502813 3.20373511 -3.60920501 -4.75957298 3.1489861 -3.63120294 -4.74342203 2.33021402 -3.452631 -4.819242 2.41388988 -3.6482091 -4.77266979 2.61510491 -3.63120294 -4.6816721 2.566643 -3.452631 -4.97088003 2.58124304 -3.6482091 -4.95466709 2.71202898 -3.63120294 -5.0467 2.6649189 -3.452631 -4.97088003 2.58124304 -3.2570529 -4.95466709 2.71202898 -3.27406001 -5.04566479 2.76049209 -3.452631 -4.819242 2.41388988 -3.2570529 -4.77266979 2.61510491 -3.27406001 -4.76886702 3.06687999 -3.27406001 -4.96030807 3.14348006 -3.27406001 -4.67314577 3.02857995 -3.452631 -5.05602789 3.1817801 -3.452631 -4.96030807 3.14348006 -3.63120294 -4.76886702 3.06687999 -3.63120294 -3.97935605 3.21121407 -3.60547709 -3.97935605 3.12306094 -3.452631 -3.97935605 3.38752103 -3.60547709 -3.97935605 3.21121407 -3.2997849 -3.97935605 3.47567391 -3.452631 -3.97935605 3.38752103 -3.2997849 </float_array>
                    <technique_common>
                        <accessor count="48" offset="0" source="#spe03_kart_root.polymsh_detached28_1-positions-array" stride="3">
                            <param name="X" type="float"/>
                            <param name="Y" type="float"/>
                            <param name="Z" type="float"/>
                        </accessor>
                    </technique_common>
                </source>
                <source id="spe03_kart_root.polymsh_detached28_1-normals" name="spe03_kart_root.polymsh_detached28_1-normals">
                    <float_array id="spe03_kart_root.polymsh_detached28_1-normals-array" count="144"> 0 -1 0 0 -0.5 -0.866024971 0.0896990001 -0.492204994 -0.865845978 0.179286003 -0.983797014 0 0 0.5 -0.866024971 -0.0768669993 0.496221006 -0.864786983 0 1 0 0 0.5 0.866024971 -0.0768669993 0.496221006 0.864786983 -0.153078005 0.988214016 0 0 -0.5 0.866024971 0.0896990001 -0.492204994 0.865845978 0.168911994 -0.457370013 0.873086989 -0.0318379998 0.508951008 0.860207021 -0.272834003 0.378033996 0.88467598 0.42821601 -0.223116994 0.875699997 0.283955991 -0.958836973 0 0.862618983 -0.505854011 0 -0.123175003 0.99238503 0 -0.0318379998 0.508951008 -0.860207021 -0.272834003 0.378033996 -0.88467598 -0.635694027 0.771941006 0 0.168911994 -0.457370013 -0.873086989 0.42821601 -0.223116994 -0.875699997 0.754822016 -0.655929983 0 0.376094013 -0.281699985 -0.88272202 0.529775977 -0.0350020006 -0.84741497 0.99296701 -0.118390001 0 -0.333478004 0.315246999 -0.888487995 -0.509339988 0.0513690002 -0.859031022 -0.776390016 0.630253017 0 -0.333478004 0.315246999 0.888487995 -0.509339988 0.0513690002 0.859031022 -0.998887002 0.0471710004 0 0.376094013 -0.281699985 0.88272202 0.529775977 -0.0350020006 0.84741497 0.516927004 -0.0189539995 0.85582 -0.49417001 0.103684999 0.863160014 0.999328017 -0.0366420001 0 -0.978690028 0.205345005 0 -0.49417001 0.103684999 -0.863160014 0.516927004 -0.0189539995 -0.85582 0.0107930005 -0.500150025 -0.865871012 0.0149119999 -0.999889016 0 0.00253699999 0.50019902 -0.865907013 0.0107930005 -0.500150025 0.865871012 -0.00159300002 0.999998987 0 0.00253699999 0.50019902 0.865907013 </float_array>
                    <technique_common>
                        <accessor count="48" offset="0" source="#spe03_kart_root.polymsh_detached28_1-normals-array" stride="3">
                            <param name="X" type="float"/>
                            <param name="Y" type="float"/>
                            <param name="Z" type="float"/>
                        </accessor>
                    </technique_common>
                </source>
                <source id="spe03_kart_root.polymsh_detached28_1-tex0" name="spe03_kart_root.polymsh_detached28_1-tex0">
                    <float_array id="spe03_kart_root.polymsh_detached28_1-tex0-array" count="96"> 0.77206701 0.882135987 0.754547 0.882135987 0.754547 0.919822991 0.77206701 0.919822991 0.733967006 0.882135987 0.733967006 0.919822991 0.716181993 0.882135987 0.733967006 0.882135987 0.733967006 0.919822991 0.716181993 0.919822991 0.754547 0.882135987 0.754547 0.919822991 0.754547 0.963808 0.733967006 0.963808 0.733967006 0.948432982 0.754547 0.948424995 0.77206701 0.963808 0.77206701 0.948422015 0.716181993 0.963808 0.733967006 0.963808 0.733967006 0.948432982 0.716181993 0.948436022 0.754547 0.963808 0.754547 0.948424995 0.77206701 0.922972023 0.754547 0.922972023 0.754547 0.933180988 0.77206701 0.933180988 0.733967006 0.922972023 0.733967006 0.933180988 0.716181993 0.922972023 0.733967006 0.922972023 0.733967006 0.933180988 0.716181993 0.933180988 0.754547 0.922972023 0.754547 0.933180988 0.754547 0.945141017 0.733967006 0.945149004 0.77206701 0.945137978 0.716181993 0.945151985 0.733967006 0.945149004 0.754547 0.945141017 0.754547 0.963808 0.77206701 0.963808 0.733967006 0.963808 0.754547 0.963808 0.716181993 0.963808 0.733967006 0.963808 </float_array>
                    <technique_common>
                        <accessor count="48" offset="0" source="#spe03_kart_root.polymsh_detached28_1-tex0-array" stride="2">
                            <param name="S" type="float"/>
                            <param name="T" type="float"/>
                        </accessor>
                    </technique_common>
                </source>
                <source id="spe03_kart_root.polymsh_detached28_1-tex1" name="spe03_kart_root.polymsh_detached28_1-tex1">
                    <float_array id="spe03_kart_root.polymsh_detached28_1-tex1-array" count="96"> 0.77206701 0.882135987 0.754547 0.882135987 0.754547 0.919822991 0.77206701 0.919822991 0.733967006 0.882135987 0.733967006 0.919822991 0.716181993 0.882135987 0.733967006 0.882135987 0.733967006 0.919822991 0.716181993 0.919822991 0.754547 0.882135987 0.754547 0.919822991 0.754547 0.963808 0.733967006 0.963808 0.733967006 0.948432982 0.754547 0.948424995 0.77206701 0.963808 0.77206701 0.948422015 0.716181993 0.963808 0.733967006 0.963808 0.733967006 0.948432982 0.716181993 0.948436022 0.754547 0.963808 0.754547 0.948424995 0.77206701 0.922972023 0.754547 0.922972023 0.754547 0.933180988 0.77206701 0.933180988 0.733967006 0.922972023 0.733967006 0.933180988 0.716181993 0.922972023 0.733967006 0.922972023 0.733967006 0.933180988 0.716181993 0.933180988 0.754547 0.922972023 0.754547 0.933180988 0.754547 0.945141017 0.733967006 0.945149004 0.77206701 0.945137978 0.716181993 0.945151985 0.733967006 0.945149004 0.754547 0.945141017 0.754547 0.963808 0.77206701 0.963808 0.733967006 0.963808 0.754547 0.963808 0.716181993 0.963808 0.733967006 0.963808 </float_array>
                    <technique_common>
                        <accessor count="48" offset="0" source="#spe03_kart_root.polymsh_detached28_1-tex1-array" stride="2">
                            <param name="S" type="float"/>
                            <param name="T" type="float"/>
                        </accessor>
                    </technique_common>
                </source>
                <source id="spe03_kart_root.polymsh_detached28_1-tex2" name="spe03_kart_root.polymsh_detached28_1-tex2">
                    <float_array id="spe03_kart_root.polymsh_detached28_1-tex2-array" count="96"> 0.77206701 0.882135987 0.754547 0.882135987 0.754547 0.919822991 0.77206701 0.919822991 0.733967006 0.882135987 0.733967006 0.919822991 0.716181993 0.882135987 0.733967006 0.882135987 0.733967006 0.919822991 0.716181993 0.919822991 0.754547 0.882135987 0.754547 0.919822991 0.754547 0.963808 0.733967006 0.963808 0.733967006 0.948432982 0.754547 0.948424995 0.77206701 0.963808 0.77206701 0.948422015 0.716181993 0.963808 0.733967006 0.963808 0.733967006 0.948432982 0.716181993 0.948436022 0.754547 0.963808 0.754547 0.948424995 0.77206701 0.922972023 0.754547 0.922972023 0.754547 0.933180988 0.77206701 0.933180988 0.733967006 0.922972023 0.733967006 0.933180988 0.716181993 0.922972023 0.733967006 0.922972023 0.733967006 0.933180988 0.716181993 0.933180988 0.754547 0.922972023 0.754547 0.933180988 0.754547 0.945141017 0.733967006 0.945149004 0.77206701 0.945137978 0.716181993 0.945151985 0.733967006 0.945149004 0.754547 0.945141017 0.754547 0.963808 0.77206701 0.963808 0.733967006 0.963808 0.754547 0.963808 0.716181993 0.963808 0.733967006 0.963808 </float_array>
                    <technique_common>
                        <accessor count="48" offset="0" source="#spe03_kart_root.polymsh_detached28_1-tex2-array" stride="2">
                            <param name="S" type="float"/>
                            <param name="T" type="float"/>
                        </accessor>
                    </technique_common>
                </source>
                <source id="spe03_kart_root.polymsh_detached28_1-color0" name="spe03_kart_root.polymsh_detached28_1-color0">
                    <float_array id="spe03_kart_root.polymsh_detached28_1-color0-array" count="144"> 1 1 1 1 1 1 1 1 1 1 1 1 1 1 1 1 1 1 1 1 1 1 1 1 1 1 1 1 1 1 1 1 1 1 1 1 1 1 1 1 1 1 1 1 1 1 1 1 1 1 1 1 1 1 1 1 1 1 1 1 1 1 1 1 1 1 1 1 1 1 1 1 1 1 1 1 1 1 1 1 1 1 1 1 1 1 1 1 1 1 1 1 1 1 1 1 1 1 1 1 1 1 1 1 1 1 1 1 1 1 1 1 1 1 1 1 1 1 1 1 1 1 1 1 1 1 1 1 1 1 1 1 1 1 1 1 1 1 1 1 1 1 1 1 </float_array>
                    <technique_common>
                        <accessor count="48" offset="0" source="#spe03_kart_root.polymsh_detached28_1-color0-array" stride="3">
                            <param name="R" type="float"/>
                            <param name="G" type="float"/>
                            <param name="B" type="float"/>
                        </accessor>
                    </technique_common>
                </source>
                <vertices id="spe03_kart_root.polymsh_detached28_1-vertices">
                    <input semantic="POSITION" source="#spe03_kart_root.polymsh_detached28_1-positions"/>
                </vertices>
                <triangles count="84" material="defaultMaterial">
                    <input offset="0" semantic="VERTEX" source="#spe03_kart_root.polymsh_detached28_1-vertices"/>
                    <input offset="0" semantic="NORMAL" source="#spe03_kart_root.polymsh_detached28_1-normals"/>
                    <input offset="1" semantic="TEXCOORD" source="#spe03_kart_root.polymsh_detached28_1-tex0" set="0"/>
                    <input offset="1" semantic="TEXCOORD" source="#spe03_kart_root.polymsh_detached28_1-tex1" set="1"/>
                    <input offset="1" semantic="TEXCOORD" source="#spe03_kart_root.polymsh_detached28_1-tex2" set="2"/>
                    <input offset="0" semantic="COLOR" source="#spe03_kart_root.polymsh_detached28_1-color0" set="0"/>
                    <p>0 0 1 1 2 2 0 0 2 2 3 3 1 1 4 4 5 5 1 1 5 5 2 2 6 6 7 7 8 8 6 6 8 8 9 9 4 4 6 6 9 9 4 4 9 9 5 5 10 10 0 0 3 3 10 10 3 3 11 11 7 7 10 10 11 11 7 7 11 11 8 8 12 12 13 13 14 14 12 12 14 14 15 15 16 16 12 12 15 15 16 16 15 15 17 17 18 18 19 19 20 20 18 18 20 20 21 21 13 13 18 18 21 21 13 13 21 21 14 14 19 19 22 22 23 23 19 19 23 23 20 20 22 22 16 16 17 17 22 22 17 17 23 23 24 24 25 25 26 26 24 24 26 26 27 27 25 25 28 28 29 29 25 25 29 29 26 26 30 30 31 31 32 32 30 30 32 32 33 33 28 28 30 30 33 33 28 28 33 33 29 29 34 34 24 24 27 27 34 34 27 27 35 35 31 31 34 34 35 35 31 31 35 35 32 32 32 32 35 35 36 36 32 32 36 36 37 37 38 38 36 36 35 35 38 38 35 35 27 27 29 29 33 33 39 39 29 29 39 39 40 40 33 33 32 32 37 37 33 33 37 37 39 39 26 26 29 29 40 40 26 26 40 40 41 41 27 27 26 26 41 41 27 27 41 41 38 38 25 25 24 24 3 3 25 25 3 3 2 2 28 28 25 25 2 2 28 28 2 2 5 5 24 24 34 34 11 11 24 24 11 11 3 3 31 31 30 30 9 9 31 31 9 9 8 8 34 34 31 31 8 8 34 34 8 8 11 11 30 30 28 28 5 5 30 30 5 5 9 9 38 38 41 41 23 23 38 38 23 23 17 17 41 41 40 40 20 20 41 41 20 20 23 23 39 39 37 37 14 14 39 39 14 14 21 21 40 40 39 39 21 21 40 40 21 21 20 20 36 36 38 38 17 17 36 36 17 17 15 15 37 37 36 36 15 15 37 37 15 15 14 14 16 16 22 22 42 42 16 16 42 42 43 43 22 22 19 19 44 44 22 22 44 44 42 42 12 12 16 16 43 43 12 12 43 43 45 45 19 19 18 18 46 46 19 19 46 46 44 44 13 13 12 12 45 45 13 13 45 45 47 47 18 18 13 13 47 47 18 18 47 47 46 46</p>
                </triangles>
            </mesh>
        </geometry>
    </library_geometries>
    <library_controllers/>
    <library_visual_scenes>
        <visual_scene id="Scene" name="Scene">
            <node id="Armature" name="Armature" type="NODE">
                <matrix sid="matrix">1 0 0 0 0 1 0 0 0 0 1 0 0 0 0 1</matrix>
                <node id="spe03_kart_root.spe03_kart" name="spe03_kart_root.spe03_kart" type="NODE">
                    <matrix sid="matrix">1 0 0 0 0 1 0 0 0 0 1 0 0 0 0 1</matrix>
                    <node id="spe03_kart_root.ground_fl" name="spe03_kart_root.ground_fl" type="NODE">
                        <matrix sid="matrix">1 0 0 6.14463091 0 1 0 0 0 0 1 5.05415916 0 0 0 1</matrix>
                    </node>
                    <node id="spe03_kart_root.ground_rl" name="spe03_kart_root.ground_rl" type="NODE">
                        <matrix sid="matrix">1 0 0 6.14463091 0 1 0 0 0 0 1 -3.37431002 0 0 0 1</matrix>
                    </node>
                    <node id="spe03_kart_root.ground_fr" name="spe03_kart_root.ground_fr" type="NODE">
                        <matrix sid="matrix">1 0 0 -6.14463091 0 1 0 0 0 0 1 5.05415916 0 0 0 1</matrix>
                    </node>
                    <node id="spe03_kart_root.ground_rr" name="spe03_kart_root.ground_rr" type="NODE">
                        <matrix sid="matrix">1 0 0 -6.14463091 0 1 0 0 0 0 1 -3.37431002 0 0 0 1</matrix>
                    </node>
                    <node id="spe03_kart_root.engine" name="spe03_kart_root.engine" type="NODE">
                        <matrix sid="matrix">1 0 0 0 0 1 0 2.67862892 0 0 1 -3.69124889 0 0 0 1</matrix>
                    </node>
                    <node id="spe03_kart_root.info_null" name="spe03_kart_root.info_null" type="NODE">
                        <matrix sid="matrix">1 0 0 0 0 1 0 13.8038092 0 0 1 0 0 0 0 1</matrix>
                    </node>
                    <node id="spe03_kart_root.muffler_l" name="spe03_kart_root.muffler_l" type="NODE">
                        <matrix sid="matrix">1 0 0 5.76766396 0 -4.37113883e-08 1 9.87965584 0 -1 -4.37113883e-08 -7.53862476 0 0 0 1</matrix>
                    </node>
                    <node id="spe03_kart_root.steering" name="spe03_kart_root.steering" type="NODE">
                        <matrix sid="matrix">1 0 0 0 0 0.42261824 0.906307817 9.49499989 0 -0.906307817 0.42261824 3.38743591 0 0 0 1</matrix>
                        <node id="spe03_kart_root.polymsh2" name="spe03_kart_root.polymsh2" type="NODE">
                            <matrix sid="matrix">1 0 0 0 0 1 0 0 0 0 1 0 0 0 0 1</matrix>
                            <instance_geometry url="#spe03_kart_root.polymsh2_1">
                                <bind_material>
                                    <technique_common>
                                        <instance_material symbol="defaultMaterial" target="#material_2">
                                            <bind_vertex_input semantic="CHANNEL0" input_semantic="TEXCOORD" input_set="0"/>
                                            <bind_vertex_input semantic="CHANNEL1" input_semantic="TEXCOORD" input_set="1"/>
                                            <bind_vertex_input semantic="CHANNEL2" input_semantic="TEXCOORD" input_set="2"/>
                                        </instance_material>
                                    </technique_common>
                                </bind_material>
                            </instance_geometry>
                        </node>
                    </node>
                    <node id="spe03_kart_root.tire_fl" name="spe03_kart_root.tire_fl" type="NODE">
                        <matrix sid="matrix">1 0 0 6.50022793 0 1 0 2.43908501 0 0 1 5.05415916 0 0 0 1</matrix>
                        <node id="spe03_kart_root.polymsh_detached1" name="spe03_kart_root.polymsh_detached1" type="NODE">
                            <matrix sid="matrix">1 0 0 0 0 1 0 -0.0195640009 0 0 1 -0.287939996 0 0 0 1</matrix>
                            <instance_geometry url="#spe03_kart_root.polymsh_detached1_1">
                                <bind_material>
                                    <technique_common>
                                        <instance_material symbol="defaultMaterial" target="#material_2">
                                            <bind_vertex_input semantic="CHANNEL0" input_semantic="TEXCOORD" input_set="0"/>
                                            <bind_vertex_input semantic="CHANNEL1" input_semantic="TEXCOORD" input_set="1"/>
                                            <bind_vertex_input semantic="CHANNEL2" input_semantic="TEXCOORD" input_set="2"/>
                                        </instance_material>
                                    </technique_common>
                                </bind_material>
                            </instance_geometry>
                        </node>
                    </node>
                    <node id="spe03_kart_root.tire_rl" name="spe03_kart_root.tire_rl" type="NODE">
                        <matrix sid="matrix">1 0 0 6.50022793 0 1 0 2.44395709 0 0 1 -3.37431002 0 0 0 1</matrix>
                        <node id="spe03_kart_root.polymsh_detached2" name="spe03_kart_root.polymsh_detached2" type="NODE">
                            <matrix sid="matrix">1 0 0 0 0 1 0 -0.0244350005 0 0 1 0 0 0 0 1</matrix>
                            <instance_geometry url="#spe03_kart_root.polymsh_detached2_1">
                                <bind_material>
                                    <technique_common>
                                        <instance_material symbol="defaultMaterial" target="#material_2">
                                            <bind_vertex_input semantic="CHANNEL0" input_semantic="TEXCOORD" input_set="0"/>
                                            <bind_vertex_input semantic="CHANNEL1" input_semantic="TEXCOORD" input_set="1"/>
                                            <bind_vertex_input semantic="CHANNEL2" input_semantic="TEXCOORD" input_set="2"/>
                                        </instance_material>
                                    </technique_common>
                                </bind_material>
                            </instance_geometry>
                        </node>
                    </node>
                    <node id="spe03_kart_root.tire_fr" name="spe03_kart_root.tire_fr" type="NODE">
                        <matrix sid="matrix">1 0 0 -6.50022793 0 1 0 2.43908501 0 0 1 5.05415916 0 0 0 1</matrix>
                        <node id="spe03_kart_root.polymsh_detached24" name="spe03_kart_root.polymsh_detached24" type="NODE">
                            <matrix sid="matrix">1 0 0 0 0 1 0 -0.0195640009 0 0 1 -0.287939996 0 0 0 1</matrix>
                            <instance_geometry url="#spe03_kart_root.polymsh_detached24_1">
                                <bind_material>
                                    <technique_common>
                                        <instance_material symbol="defaultMaterial" target="#material_2">
                                            <bind_vertex_input semantic="CHANNEL0" input_semantic="TEXCOORD" input_set="0"/>
                                            <bind_vertex_input semantic="CHANNEL1" input_semantic="TEXCOORD" input_set="1"/>
                                            <bind_vertex_input semantic="CHANNEL2" input_semantic="TEXCOORD" input_set="2"/>
                                        </instance_material>
                                    </technique_common>
                                </bind_material>
                            </instance_geometry>
                        </node>
                    </node>
                    <node id="spe03_kart_root.tire_rr" name="spe03_kart_root.tire_rr" type="NODE">
                        <matrix sid="matrix">1 0 0 -6.50022793 0 1 0 2.44395709 0 0 1 -3.37431002 0 0 0 1</matrix>
                        <node id="spe03_kart_root.polymsh_detached25" name="spe03_kart_root.polymsh_detached25" type="NODE">
                            <matrix sid="matrix">1 0 0 0 0 1 0 -0.0244350005 0 0 1 0 0 0 0 1</matrix>
                            <instance_geometry url="#spe03_kart_root.polymsh_detached25_1">
                                <bind_material>
                                    <technique_common>
                                        <instance_material symbol="defaultMaterial" target="#material_2">
                                            <bind_vertex_input semantic="CHANNEL0" input_semantic="TEXCOORD" input_set="0"/>
                                            <bind_vertex_input semantic="CHANNEL1" input_semantic="TEXCOORD" input_set="1"/>
                                            <bind_vertex_input semantic="CHANNEL2" input_semantic="TEXCOORD" input_set="2"/>
                                        </instance_material>
                                    </technique_common>
                                </bind_material>
                            </instance_geometry>
                        </node>
                    </node>
                    <node id="spe03_kart_root.teresa_null" name="spe03_kart_root.teresa_null" type="NODE">
                        <matrix sid="matrix">1 0 0 0 0 1 0 12.7811251 0 0 1 -5.73951483 0 0 0 1</matrix>
                    </node>
                    <node id="spe03_kart_root.body" name="spe03_kart_root.body" type="NODE">
                        <matrix sid="matrix">1 0 0 0 0 1 0 0 0 0 1 0 0 0 0 1</matrix>
                        <node id="spe03_kart_root.polymsh" name="spe03_kart_root.polymsh" type="NODE">
                            <matrix sid="matrix">1 0 0 0 0 1 0 0 0 0 1 0 0 0 0 1</matrix>
                            <instance_geometry url="#spe03_kart_root.polymsh_1">
                                <bind_material>
                                    <technique_common>
                                        <instance_material symbol="defaultMaterial" target="#material_2">
                                            <bind_vertex_input semantic="CHANNEL0" input_semantic="TEXCOORD" input_set="0"/>
                                            <bind_vertex_input semantic="CHANNEL1" input_semantic="TEXCOORD" input_set="1"/>
                                            <bind_vertex_input semantic="CHANNEL2" input_semantic="TEXCOORD" input_set="2"/>
                                        </instance_material>
                                    </technique_common>
                                </bind_material>
                            </instance_geometry>
                            <node id="spe03_kart_root.polymsh3" name="spe03_kart_root.polymsh3" type="NODE">
                                <matrix sid="matrix">1 0 0 0 0 1 0 0 0 0 1 0 0 0 0 1</matrix>
                                <instance_geometry url="#spe03_kart_root.polymsh3_1">
                                    <bind_material>
                                        <technique_common>
                                            <instance_material symbol="defaultMaterial" target="#material_2">
                                                <bind_vertex_input semantic="CHANNEL0" input_semantic="TEXCOORD" input_set="0"/>
                                                <bind_vertex_input semantic="CHANNEL1" input_semantic="TEXCOORD" input_set="1"/>
                                                <bind_vertex_input semantic="CHANNEL2" input_semantic="TEXCOORD" input_set="2"/>
                                            </instance_material>
                                        </technique_common>
                                    </bind_material>
                                </instance_geometry>
                                <node id="spe03_kart_root.polymsh_detached30" name="spe03_kart_root.polymsh_detached30" type="NODE">
                                    <matrix sid="matrix">1 0 0 0 0 1 0 0 0 0 1 0 0 0 0 1</matrix>
                                    <instance_geometry url="#spe03_kart_root.polymsh_detached30_1">
                                        <bind_material>
                                            <technique_common>
                                                <instance_material symbol="defaultMaterial" target="#material_1">
                                                    <bind_vertex_input semantic="CHANNEL0" input_semantic="TEXCOORD" input_set="0"/>
                                                    <bind_vertex_input semantic="CHANNEL1" input_semantic="TEXCOORD" input_set="1"/>
                                                    <bind_vertex_input semantic="CHANNEL2" input_semantic="TEXCOORD" input_set="2"/>
                                                </instance_material>
                                            </technique_common>
                                        </bind_material>
                                    </instance_geometry>
                                </node>
                            </node>
                        </node>
                    </node>
                    <node id="spe03_kart_root.polymsh_detached22" name="spe03_kart_root.polymsh_detached22" type="NODE">
                        <matrix sid="matrix">1 0 0 0 0 1 0 0.00935399998 0 0 1 0 0 0 0 1</matrix>
                        <instance_geometry url="#spe03_kart_root.polymsh_detached22_1">
                            <bind_material>
                                <technique_common>
                                    <instance_material symbol="defaultMaterial" target="#material_2">
                                        <bind_vertex_input semantic="CHANNEL0" input_semantic="TEXCOORD" input_set="0"/>
                                        <bind_vertex_input semantic="CHANNEL1" input_semantic="TEXCOORD" input_set="1"/>
                                        <bind_vertex_input semantic="CHANNEL2" input_semantic="TEXCOORD" input_set="2"/>
                                    </instance_material>
                                </technique_common>
                            </bind_material>
                        </instance_geometry>
                    </node>
                    <node id="spe03_kart_root.polymsh_detached23" name="spe03_kart_root.polymsh_detached23" type="NODE">
                        <matrix sid="matrix">1 0 0 0 0 1 0 0 0 0 1 0 0 0 0 1</matrix>
                    </node>
                    <node id="spe03_kart_root.cylinder27" name="spe03_kart_root.cylinder27" type="NODE">
                        <matrix sid="matrix">1 0 0 0 0 1 0 0 0 0 1 0 0 0 0 1</matrix>
                        <instance_geometry url="#spe03_kart_root.cylinder27_1">
                            <bind_material>
                                <technique_common>
                                    <instance_material symbol="defaultMaterial" target="#material_2">
                                        <bind_vertex_input semantic="CHANNEL0" input_semantic="TEXCOORD" input_set="0"/>
                                        <bind_vertex_input semantic="CHANNEL1" input_semantic="TEXCOORD" input_set="1"/>
                                        <bind_vertex_input semantic="CHANNEL2" input_semantic="TEXCOORD" input_set="2"/>
                                    </instance_material>
                                </technique_common>
                            </bind_material>
                        </instance_geometry>
                    </node>
                    <node id="spe03_kart_root.polymsh_detached4" name="spe03_kart_root.polymsh_detached4" type="NODE">
                        <matrix sid="matrix">1 0 0 0 0 1 0 0 0 0 1 0 0 0 0 1</matrix>
                    </node>
                    <node id="spe03_kart_root.polymsh_detached5" name="spe03_kart_root.polymsh_detached5" type="NODE">
                        <matrix sid="matrix">1 0 0 0 0 1 0 0 0 0 1 0 0 0 0 1</matrix>
                    </node>
                    <node id="spe03_kart_root.polymsh_detached3" name="spe03_kart_root.polymsh_detached3" type="NODE">
                        <matrix sid="matrix">1 0 0 0 0 1 0 0 0 0 1 0 0 0 0 1</matrix>
                    </node>
                    <node id="spe03_kart_root.polymsh_detached6" name="spe03_kart_root.polymsh_detached6" type="NODE">
                        <matrix sid="matrix">1 0 0 0 0 1 0 0 0 0 1 0 0 0 0 1</matrix>
                    </node>
                    <node id="spe03_kart_root.kyte_null" name="spe03_kart_root.kyte_null" type="NODE">
                        <matrix sid="matrix">1 0 0 0 0 1 0 8.99212837 0 0 1 -9.03208447 0 0 0 1</matrix>
                    </node>
                    <node id="spe03_kart_root.brake_lamp" name="spe03_kart_root.brake_lamp" type="NODE">
                        <matrix sid="matrix">1 0 0 0 0 1 0 0 0 0 1 0 0 0 0 1</matrix>
                    </node>
                    <node id="spe03_kart_root.muffler_r" name="spe03_kart_root.muffler_r" type="NODE">
                        <matrix sid="matrix">1 0 0 -5.7677002 0 -4.37113883e-08 1 9.87965584 0 -1 -4.37113883e-08 -7.53862476 0 0 0 1</matrix>
                    </node>
                    <node id="spe03_kart_root.cover_fl" name="spe03_kart_root.cover_fl" type="NODE">
                        <matrix sid="matrix">1 0 0 6.50022793 0 1 0 2.43908501 0 0 1 5.05415916 0 0 0 1</matrix>
                        <node id="spe03_kart_root.polymsh_detached" name="spe03_kart_root.polymsh_detached" type="NODE">
                            <matrix sid="matrix">1 0 0 -6.50022793 0 1 0 -2.43908501 0 0 1 -5.77007389 0 0 0 1</matrix>
                            <instance_geometry url="#spe03_kart_root.polymsh_detached_1">
                                <bind_material>
                                    <technique_common>
                                        <instance_material symbol="defaultMaterial" target="#material_2">
                                            <bind_vertex_input semantic="CHANNEL0" input_semantic="TEXCOORD" input_set="0"/>
                                            <bind_vertex_input semantic="CHANNEL1" input_semantic="TEXCOORD" input_set="1"/>
                                            <bind_vertex_input semantic="CHANNEL2" input_semantic="TEXCOORD" input_set="2"/>
                                        </instance_material>
                                    </technique_common>
                                </bind_material>
                            </instance_geometry>
                        </node>
                    </node>
                    <node id="spe03_kart_root.cover_rl" name="spe03_kart_root.cover_rl" type="NODE">
                        <matrix sid="matrix">1 0 0 6.50022793 0 1 0 2.44395709 0 0 1 -3.37431002 0 0 0 1</matrix>
                        <node id="spe03_kart_root.polymsh_detached27" name="spe03_kart_root.polymsh_detached27" type="NODE">
                            <matrix sid="matrix">1 0 0 -6.50022793 0 1 0 -2.44395709 0 0 1 3.452631 0 0 0 1</matrix>
                            <instance_geometry url="#spe03_kart_root.polymsh_detached27_1">
                                <bind_material>
                                    <technique_common>
                                        <instance_material symbol="defaultMaterial" target="#material_2">
                                            <bind_vertex_input semantic="CHANNEL0" input_semantic="TEXCOORD" input_set="0"/>
                                            <bind_vertex_input semantic="CHANNEL1" input_semantic="TEXCOORD" input_set="1"/>
                                            <bind_vertex_input semantic="CHANNEL2" input_semantic="TEXCOORD" input_set="2"/>
                                        </instance_material>
                                    </technique_common>
                                </bind_material>
                            </instance_geometry>
                        </node>
                    </node>
                    <node id="spe03_kart_root.cover_fr" name="spe03_kart_root.cover_fr" type="NODE">
                        <matrix sid="matrix">1 0 0 -6.50022793 0 1 0 2.43908501 0 0 1 5.05415916 0 0 0 1</matrix>
                        <node id="spe03_kart_root.polymsh_detached26" name="spe03_kart_root.polymsh_detached26" type="NODE">
                            <matrix sid="matrix">1 0 0 6.50022793 0 1 0 -2.43908501 0 0 1 -5.77007389 0 0 0 1</matrix>
                            <instance_geometry url="#spe03_kart_root.polymsh_detached26_1">
                                <bind_material>
                                    <technique_common>
                                        <instance_material symbol="defaultMaterial" target="#material_2">
                                            <bind_vertex_input semantic="CHANNEL0" input_semantic="TEXCOORD" input_set="0"/>
                                            <bind_vertex_input semantic="CHANNEL1" input_semantic="TEXCOORD" input_set="1"/>
                                            <bind_vertex_input semantic="CHANNEL2" input_semantic="TEXCOORD" input_set="2"/>
                                        </instance_material>
                                    </technique_common>
                                </bind_material>
                            </instance_geometry>
                        </node>
                    </node>
                    <node id="spe03_kart_root.cover_rr" name="spe03_kart_root.cover_rr" type="NODE">
                        <matrix sid="matrix">1 0 0 -6.50022793 0 1 0 2.44395709 0 0 1 -3.37431002 0 0 0 1</matrix>
                        <node id="spe03_kart_root.polymsh_detached28" name="spe03_kart_root.polymsh_detached28" type="NODE">
                            <matrix sid="matrix">1 0 0 6.50022793 0 1 0 -2.44395709 0 0 1 3.452631 0 0 0 1</matrix>
                            <instance_geometry url="#spe03_kart_root.polymsh_detached28_1">
                                <bind_material>
                                    <technique_common>
                                        <instance_material symbol="defaultMaterial" target="#material_2">
                                            <bind_vertex_input semantic="CHANNEL0" input_semantic="TEXCOORD" input_set="0"/>
                                            <bind_vertex_input semantic="CHANNEL1" input_semantic="TEXCOORD" input_set="1"/>
                                            <bind_vertex_input semantic="CHANNEL2" input_semantic="TEXCOORD" input_set="2"/>
                                        </instance_material>
                                    </technique_common>
                                </bind_material>
                            </instance_geometry>
                        </node>
                    </node>
                    <node id="spe03_kart_root.eff_tire_rl" name="spe03_kart_root.eff_tire_rl" type="NODE">
                        <matrix sid="matrix">1 0 0 6.14463091 0 1 0 0.349999994 0 0 1 -3.37431002 0 0 0 1</matrix>
                    </node>
                    <node id="spe03_kart_root.eff_tire_rr" name="spe03_kart_root.eff_tire_rr" type="NODE">
                        <matrix sid="matrix">1 0 0 -6.14463091 0 1 0 0.349999994 0 0 1 -3.37431002 0 0 0 1</matrix>
                    </node>
                    <node id="spe03_kart_root.ef_top" name="spe03_kart_root.ef_top" type="NODE">
                        <matrix sid="matrix">1 0 0 0 0 1 0 5.75813818 0 0 1 11.7194977 0 0 0 1</matrix>
                    </node>
                    <node id="spe03_kart_root.ef_rground_center" name="spe03_kart_root.ef_rground_center" type="NODE">
                        <matrix sid="matrix">1 0 0 0 0 1 0 0 0 0 1 -8 0 0 0 1</matrix>
                    </node>
                    <node id="spe03_kart_root.chara_pos" name="spe03_kart_root.chara_pos" type="NODE">
                        <matrix sid="matrix">1 0 0 0 0 1 0 4.5 0 0 1 0 0 0 0 1</matrix>
                    </node>
                    <node id="spe03_kart_root.sha01" name="spe03_kart_root.sha01" type="NODE">
                        <matrix sid="matrix">1 0 0 -11 0 1 0 0 0 0 1 12 0 0 0 1</matrix>
                    </node>
                    <node id="spe03_kart_root.sha02" name="spe03_kart_root.sha02" type="NODE">
                        <matrix sid="matrix">1 0 0 -11 0 1 0 0 0 0 1 -10 0 0 0 1</matrix>
                    </node>
                    <node id="spe03_kart_root.sha00" name="spe03_kart_root.sha00" type="NODE">
                        <matrix sid="matrix">1 0 0 11 0 1 0 0 0 0 1 12 0 0 0 1</matrix>
                    </node>
                    <node id="spe03_kart_root.sha03" name="spe03_kart_root.sha03" type="NODE">
                        <matrix sid="matrix">1 0 0 11 0 1 0 0 0 0 1 -10 0 0 0 1</matrix>
                    </node>
                    <node id="spe03_kart_root.put_item" name="spe03_kart_root.put_item" type="NODE">
                        <matrix sid="matrix">1 0 0 0 0 1 0 0 0 0 1 -10 0 0 0 1</matrix>
                    </node>
                </node>
            </node>
        </visual_scene>
    </library_visual_scenes>
    <scene>
        <instance_visual_scene url="#Scene"/>
    </scene>
</COLLADA>
